kommun_kod,kommun,year,window,fitted,residual,std_residual,cooks_distance
0114,Upplands Väsby,2024,1,93.95298296747066,-6.994733260577192,-1.6721879576817213,0.013350728398106623
0115,Vallentuna,2024,1,72.07492761543044,-3.6789026716677995,-0.8707076168383915,0.0020408048287690926
0117,Österåker,2024,1,63.5714130848467,2.9519765550191295,0.6958121745614965,0.000898552804356848
0120,Värmdö,2024,1,69.76907268811772,-4.882185157293236,-1.1545849169159141,0.003372768816084833
0123,Järfälla,2024,1,96.63296887996394,16.734091266185587,4.011442561192564,0.08605293915873907
0125,Ekerö,2024,1,60.41822699430252,-0.5081612730987857,-0.1223457697989519,9.382366003424688e-05
0126,Huddinge,2024,1,98.58966410194184,3.0253274994019534,0.7273803044995475,0.0031616402728680327
0127,Botkyrka,2024,1,84.90226331011444,4.258885743636668,1.0355105323983638,0.008984642342735282
0128,Salem,2024,1,77.97047716453274,2.454495703462925,0.5800704442887489,0.0008047801839527033
0136,Haninge,2024,1,84.2977464714077,-0.20041756511899678,-0.04814560714575983,1.3435445331208122e-05
0138,Tyresö,2024,1,64.28117361529289,0.4822416635863078,0.11413039631080525,3.4956355937073274e-05
0139,Upplands-Bro,2024,1,97.58979849432504,2.7509584729379526,0.6585109658550727,0.0021888100798554124
0140,Nykvarn,2024,1,77.93746145175436,0.4939110972652543,0.1239077409960271,0.00023611813604777868
0160,Täby,2024,1,86.30313983716847,0.01863419040921599,0.004518974937873137,1.5963001556452666e-07
0162,Danderyd,2024,1,90.64073017418832,4.008460265287397,1.10889545357263,0.04955343436821783
0163,Sollentuna,2024,1,100.341006855789,2.2690106645655277,0.5425598459313569,0.001419303322626891
0180,Stockholm,2024,1,74.42053037962117,-2.121535026186862,-0.5110293315685734,0.0016635398524510524
0181,Södertälje,2024,1,68.221523045701,0.44946450665005955,0.11274926188990934,0.00019529416616867983
0182,Nacka,2024,1,83.48156983380184,-0.4663707471741816,-0.11253415266450582,8.53764990457307e-05
0183,Sundbyberg,2024,1,143.92521679289436,-8.249771649488878,-2.0853720490633716,0.07454514393440079
0184,Solna,2024,1,138.19166453765746,-0.7614578678046939,-0.20172036253370804,0.0011661132604133002
0186,Lidingö,2024,1,77.32301622757728,2.260256815397682,0.5661145027303968,0.004809252412713597
0187,Vaxholm,2024,1,67.23331276045558,-2.608037849273032,-0.6375662081728891,0.003885929916538032
0188,Norrtälje,2024,1,53.53385759727878,4.497230485622772,1.0766748307688423,0.00588518172817348
0191,Sigtuna,2024,1,93.19600242845907,-0.31598271917106047,-0.07558686848874155,2.8021200348448808e-05
0192,Nynäshamn,2024,1,70.51827907332262,5.5796966616589,1.3206510812978625,0.004714320155238214
0305,Håbo,2024,1,65.16233913502282,-0.7388855155564897,-0.1765824340279852,0.00014671815123503933
0319,Älvkarleby,2024,1,53.02401303566719,5.916522977733145,1.391113987130339,0.002610987994159163
0330,Knivsta,2024,1,83.14414104841012,5.2812824404777245,1.262899747649485,0.007703990588924308
0331,Heby,2024,1,57.07426508250623,6.013918953743335,1.4182192661439212,0.003927994554562353
0360,Tierp,2024,1,52.6771754974545,1.104098194736558,0.25923375221240486,7.149137717746191e-05
0380,Uppsala,2024,1,68.49792813475938,-0.006379202432427178,-0.0015404982811855052,1.639800121319443e-08
0381,Enköping,2024,1,57.3867567860583,-0.5861146918433207,-0.13857101193021118,4.747799451876118e-05
0382,Östhammar,2024,1,45.29540262125732,-2.021394129071936,-0.4780529093046164,0.0005796501692777203
0428,Vingåker,2024,1,58.803762284124915,-7.375190855553484,-1.7554754892735116,0.01191209704947525
0461,Gnesta,2024,1,58.41459082911277,-3.9548247268261534,-0.9295368724678633,0.0011025668270030025
0480,Nyköping,2024,1,51.4962148671269,-0.7797744448041257,-0.1852555325323091,0.00011923599814450828
0481,Oxelösund,2024,1,60.921468268567615,-2.405966647754717,-0.591974887354665,0.003848725012333176
0482,Flen,2024,1,61.607792906302535,-0.027269536949589224,-0.006593163469963082,3.1153875509546504e-07
0483,Katrineholm,2024,1,49.30464185336201,2.16809926041676,0.5100032409454899,0.0003749346368423534
0484,Eskilstuna,2024,1,43.061160332404015,-1.1127073973182462,-0.2663073316380175,0.0003553359756953294
0486,Strängnäs,2024,1,61.21071245099627,0.8043970547651824,0.18969560713420805,7.029140977733328e-05
0488,Trosa,2024,1,61.56870536026682,-0.8063284593490181,-0.19075588290941917,9.471649343714438e-05
0509,Ödeshög,2024,1,55.86669333033148,-3.7376117951013867,-0.8795515018740929,0.00117780527942039
0512,Ydre,2024,1,51.79062711704587,5.572858817868635,1.3283970392790783,0.007352234600936227
0513,Kinda,2024,1,43.64620895670564,3.7576275402311836,0.883436955966407,0.0010405013639217958
0560,Boxholm,2024,1,49.26873040863004,4.202358951529469,1.001751407823152,0.004189195398406683
0561,Åtvidaberg,2024,1,44.48593364251409,4.785889850989008,1.1235491345772695,0.0013109324274055286
0562,Finspång,2024,1,48.06573560723753,3.6847153015170377,0.8774211898844485,0.0030431731332340515
0563,Valdemarsvik,2024,1,57.74090427732122,10.033182101416315,2.3662684245563788,0.011038693836846258
0580,Linköping,2024,1,59.270243731953066,-0.4551159311972697,-0.10882893460159125,5.716847376343576e-05
0581,Norrköping,2024,1,44.33344890275669,-2.155217422552525,-0.5106942464430574,0.0007657653991110776
0582,Söderköping,2024,1,55.56415678480303,-0.8613371215397976,-0.20289022771657572,7.077990799671927e-05
0583,Motala,2024,1,39.3183000340009,-3.6442395811793844,-0.8579732337606805,0.0011894952164748186
0584,Vadstena,2024,1,59.84800898915833,6.240108500828313,1.4828788534516786,0.007756398314705815
0586,Mjölby,2024,1,46.75515835074426,2.382322046537496,0.5625074124404124,0.0006985475323241443
0604,Aneby,2024,1,50.06271244114627,-4.601479544280004,-1.0824158998344438,0.001690460258704446
0617,Gnosjö,2024,1,49.438062885351755,-6.3978701353791365,-1.5847019755007827,0.031325880076489544
0642,Mullsjö,2024,1,55.396998358786064,-2.197103705112113,-0.5199518261979129,0.0007224467518834795
0643,Habo,2024,1,46.784399822764414,1.8927702129074078,0.44890564932985866,0.0006287066225118376
0662,Gislaved,2024,1,42.38725565565188,-1.3656908229175642,-0.3256465609058259,0.00044917172549326757
0665,Vaggeryd,2024,1,44.763549403087644,2.5214421652091517,0.5950578907093911,0.0007454881736891322
0680,Jönköping,2024,1,50.73086772850721,2.176605147269946,0.5151577156714988,0.0007152102805451337
0682,Nässjö,2024,1,51.8358513412098,-0.13736778784924297,-0.03231161057648033,1.4951769566165923e-06
0683,Värnamo,2024,1,43.62494406135772,-4.599988934266065,-1.0820574852694536,0.0016876340414093843
0684,Sävsjö,2024,1,44.839855016060696,3.071586651326662,0.7262510320472805,0.0013126463430028956
0685,Vetlanda,2024,1,39.769764093122305,1.5699627304754884,0.36894430129364225,0.00016938631365746108
0686,Eksjö,2024,1,51.41764430273439,4.843596704459856,1.1378209143603997,0.001511156049922376
0687,Tranås,2024,1,46.620708287090785,-1.2541204565167163,-0.2954359242060845,0.00015155262699536665
0760,Uppvidinge,2024,1,54.43956944718119,-5.548718547721968,-1.3249731933398352,0.007959370947055872
0761,Lessebo,2024,1,64.8992052039595,0.8505836728652127,0.2038190978104148,0.0002187169280798923
0763,Tingsryd,2024,1,54.36863405540532,1.2054926368895096,0.2835215595919032,0.00011316030737780915
0764,Alvesta,2024,1,54.018734868132164,-4.850807485378759,-1.146075911852956,0.0030677852771491708
0765,Älmhult,2024,1,53.50098886830156,-5.4071804504689,-1.2815526766518834,0.004896758286928428
0767,Markaryd,2024,1,59.483990478801594,-7.96457007228117,-1.9180413448794438,0.02325443659220944
0780,Växjö,2024,1,56.71436162095619,3.4784506311641366,0.8263277093504229,0.0023606800454884836
0781,Ljungby,2024,1,41.91641054219751,-4.504812239510102,-1.0572823817250427,0.0011010198290078552
0821,Högsby,2024,1,63.59655228113911,-0.6384616966625103,-0.15429232574687463,0.00016818718094221052
0834,Torsås,2024,1,53.525103856050244,0.7417919056908815,0.1758160927620151,9.232254722148492e-05
0840,Mörbylånga,2024,1,62.350365179043344,-6.198984508431906,-1.492841062082846,0.014084108832120938
0860,Hultsfred,2024,1,48.24007870963441,-2.5295543184985974,-0.5952067769492293,0.0005322111194836313
0861,Mönsterås,2024,1,48.07070462435394,1.2062102122823788,0.28375745552344067,0.0001172133233721002
0862,Emmaboda,2024,1,47.46871479039243,0.7213807015018574,0.1732508426895139,0.00017236707142296236
0880,Kalmar,2024,1,59.26371716166643,0.017752908756108354,0.004186757281931698,3.441738724585234e-08
0881,Nybro,2024,1,49.41536347994091,-0.8463694445542131,-0.19851977918310798,3.386242510584312e-05
0882,Oskarshamn,2024,1,40.190605344415616,3.118089823284862,0.7339158307417666,0.0008428637290102722
0883,Västervik,2024,1,39.53064162513012,-1.2284494008043865,-0.28915500842880343,0.00013145410297349424
0884,Vimmerby,2024,1,41.96863785661287,-0.6269841904662243,-0.14722406257224105,2.3445364862516065e-05
0885,Borgholm,2024,1,60.920144782727036,-5.041652376951674,-1.19798176626683,0.0050375340358763815
0980,Gotland,2024,1,47.11768115066336,-3.687197806122512,-0.8741653053602612,0.0023260442288813915
1060,Olofström,2024,1,47.58989970281141,2.2562541433424386,0.5437636652694581,0.0019163137117207496
1080,Karlskrona,2024,1,46.629315157174624,-3.6586208991694633,-0.8679778991404146,0.002398456872876682
1081,Ronneby,2024,1,43.44279500340057,-3.743410848360732,-0.8956701227040044,0.003972329074984016
1082,Karlshamn,2024,1,40.095718635296436,-1.356781278992699,-0.31975775787615834,0.00018650413044067984
1083,Sölvesborg,2024,1,48.77835196988032,-2.9378470932308645,-0.6905656500143763,0.0006166266381716066
1214,Svalöv,2024,1,73.27208672953115,2.915769971287105,0.6901288651907302,0.0012872416265459767
1230,Staffanstorp,2024,1,70.56921225749454,-3.1407245455214934,-0.7424526252622673,0.0013497317635416276
1231,Burlöv,2024,1,98.27853723927227,7.188852442833095,1.7508321151668287,0.026798298616331682
1233,Vellinge,2024,1,55.40650715197091,-0.7206598915520388,-0.17445741651973573,0.00022629032041377294
1256,Östra Göinge,2024,1,60.97390142314373,-3.8841890179355474,-0.9295370223722902,0.0043142242568944295
1257,Örkelljunga,2024,1,60.604212108238414,-1.832196928711312,-0.43038691690764097,0.0002145699700600658
1260,Bjuv,2024,1,89.3294001263493,-2.685671630884798,-0.6463644186743147,0.002585435354717678
1261,Kävlinge,2024,1,50.38811364128798,1.5255483348797725,0.36058749215325947,0.00031504416512895527
1262,Lomma,2024,1,59.447250056521554,0.7591023610386287,0.18531312133784694,0.00031781151810777856
1263,Svedala,2024,1,57.37629958961057,2.4176022805391284,0.5688424588410228,0.00048358013302156165
1264,Skurup,2024,1,65.66901716363651,4.6859743563354215,1.1068305009511064,0.0027930946261504014
1265,Sjöbo,2024,1,61.89106025279385,-2.109294725566258,-0.4966561369328318,0.00040456126825358477
1266,Hörby,2024,1,64.8179691644581,-3.5790538579422346,-0.8428685173714869,0.0011894766543811075
1267,Höör,2024,1,67.08338176394332,0.7325789621669685,0.17396187980724614,0.00010222186921310946
1270,Tomelilla,2024,1,62.560319862618954,8.632582842857985,2.036703917551782,0.00849332543571918
1272,Bromölla,2024,1,52.532792128775085,2.8000065881455214,0.6592105422497786,0.000701853015060452
1273,Osby,2024,1,54.416983390036535,-5.1391584112769735,-1.2086235388592963,0.00204104605567853
1275,Perstorp,2024,1,82.8090718965178,-7.895457521949737,-1.9143411949983853,0.02848769283830021
1276,Klippan,2024,1,70.41489464221794,-2.0508887711555133,-0.48332027908528574,0.00042409614414892023
1277,Åstorp,2024,1,82.23573179308694,4.213292463706779,1.0122250507792883,0.005955988287967454
1278,Båstad,2024,1,77.68514410314728,-4.741178047986921,-1.1348127563420753,0.006474695668843079
1280,Malmö,2024,1,65.8676635923282,-0.2820119749079737,-0.06887640303088,4.4374020017295193e-05
1281,Lund,2024,1,96.15624358081664,0.04407559237282044,0.011062033258321792,1.894098741851205e-06
1282,Landskrona,2024,1,60.13802868631416,2.619586143845005,0.6194165592679274,0.0009595934340291216
1283,Helsingborg,2024,1,60.119778921204485,2.2376255274479675,0.5319790741268976,0.0010243810286876594
1284,Höganäs,2024,1,55.31975834749075,5.179714040831449,1.233983050600178,0.0061643580364241475
1285,Eslöv,2024,1,69.28803118850506,3.789112159527704,0.8902822488748429,0.0009563013914244332
1286,Ystad,2024,1,59.07923836232024,-1.7379314414954692,-0.41171839857338316,0.0004894940147945649
1287,Trelleborg,2024,1,52.83134952455544,4.140450175036257,0.9778758911245621,0.0021598908991659104
1290,Kristianstad,2024,1,46.18778308834327,-0.8642669559499794,-0.20522119611020942,0.00014175099233253467
1291,Simrishamn,2024,1,61.53913034859415,-1.77205782344857,-0.42593517671110803,0.0010731840194843443
1292,Ängelholm,2024,1,59.05591426273217,-6.4068342361305355,-1.513426441623477,0.0052616197946820575
1293,Hässleholm,2024,1,50.211473597496685,-0.5703023191453767,-0.13443444524938047,3.376434499290998e-05
1315,Hylte,2024,1,53.861430715814066,-1.6841062748568305,-0.3980686645874136,0.00038422734276340995
1380,Halmstad,2024,1,52.635912149439065,-2.223031790478238,-0.5255475047300653,0.0006798630477633633
1381,Laholm,2024,1,55.44260153324601,-3.4027444172467654,-0.7983219332474436,0.0005786708266060155
1382,Falkenberg,2024,1,43.39420911454754,-1.101710646119038,-0.2590459328438726,9.094780267747777e-05
1383,Varberg,2024,1,42.961237919020476,-1.076193760919999,-0.2538912035848861,0.0001310752772049241
1384,Kungsbacka,2024,1,47.88380187260482,-2.6464837077409626,-0.6292184549263803,0.0014378358029682704
1401,Härryda,2024,1,64.77487757375563,-3.7294559803751355,-0.8897041149727904,0.003431137930453505
1402,Partille,2024,1,87.37182778924333,-2.0576534102857096,-0.49042321672455047,0.0009961968914140064
1407,Öckerö,2024,1,48.148219141451094,-1.1667768111715517,-0.27597099237866385,0.00019499335833248827
1415,Stenungsund,2024,1,53.09528719370898,-0.2067015055828776,-0.04865604529397076,3.7439246434723792e-06
1419,Tjörn,2024,1,54.86757683264695,-6.9555708669497065,-1.6551520241595716,0.010436994225165152
1421,Orust,2024,1,52.48447640368226,3.859973830814873,0.9131779475521542,0.002172614429636524
1427,Sotenäs,2024,1,56.096364015437985,2.4493301849135065,0.5891494915481368,0.0021061860105519507
1430,Munkedal,2024,1,52.559020036613425,-6.683030081040698,-1.5692504355441288,0.0026598334244657303
1435,Tanum,2024,1,56.07661765130119,-7.536728823304635,-1.779317425468955,0.006904221394588107
1438,Dals-Ed,2024,1,46.517778579509255,-1.3592896520233637,-0.31919353747554424,0.00011114908843494238
1439,Färgelanda,2024,1,54.69569499444191,0.5113313543661206,0.12030721962675228,2.1509592944297435e-05
1440,Ale,2024,1,61.94192812032102,-3.2791088668829076,-0.7704941372945359,0.000722705366029407
1441,Lerum,2024,1,54.204119706148184,-7.130445159441734,-1.6846559625407365,0.006622207274105551
1442,Vårgårda,2024,1,51.628918343184694,8.73664202237567,2.0649581146529368,0.010295558735311584
1443,Bollebygd,2024,1,65.14022281157114,-1.8878253416670319,-0.44637125464909694,0.0004968482410354091
1444,Grästorp,2024,1,54.30503752473337,6.541047083727477,1.5540415955721518,0.008405709885984762
1445,Essunga,2024,1,53.66625768993818,-6.364099416556883,-1.5012787537572596,0.00454824685933524
1446,Karlsborg,2024,1,54.063038962742745,-8.213686834022823,-1.9347441966416055,0.006431802777954634
1447,Gullspång,2024,1,65.00315628501372,-2.5901171277885098,-0.6120390549219838,0.0008855578719433031
1452,Tranemo,2024,1,49.88536619445109,2.314988565241457,0.5506089746176788,0.0011244922709825974
1460,Bengtsfors,2024,1,49.8829098403438,2.56310161844862,0.6026725875034863,0.0004933497832724612
1461,Mellerud,2024,1,55.00479282009252,-10.263299227516292,-2.4294274307594717,0.01606340855527743
1462,Lilla Edet,2024,1,68.31444803473497,-1.3569629218697088,-0.32059928493817813,0.00023983052471645633
1463,Mark,2024,1,46.95630130326571,-6.1655176309573605,-1.4460255825038164,0.0017603499429202278
1465,Svenljunga,2024,1,61.587278332057174,-0.45393879544230487,-0.10701238416676324,2.1562910525725548e-05
1466,Herrljunga,2024,1,54.71226493529867,1.5160176802641416,0.3576413626357775,0.0002592644383404533
1470,Vara,2024,1,49.18875390514218,1.1593316244450946,0.27266719041133736,0.00010478921860557065
1471,Götene,2024,1,46.81948736739093,3.308466870152351,0.7933922466950796,0.0034159140655063013
1472,Tibro,2024,1,51.783530807058156,2.2824420276569626,0.5356891751293292,0.0002824851437168015
1473,Töreboda,2024,1,50.78540732695694,0.7461640542218717,0.17509434599103424,2.910601092420651e-05
1480,Göteborg,2024,1,64.87173945424588,-1.9777488829256882,-0.4741676580366655,0.001209143468738587
1481,Mölndal,2024,1,83.84257776808161,4.1719839793280755,0.9928457808194949,0.003771509494305585
1482,Kungälv,2024,1,60.61394961029957,-3.133775500228616,-0.7401187660563691,0.0012365963822529513
1484,Lysekil,2024,1,45.953524347059776,2.439371316994297,0.5778473600562323,0.000959085411786631
1485,Uddevalla,2024,1,47.60091721901303,-1.766853019749739,-0.4159626469378601,0.00027854630017126904
1486,Strömstad,2024,1,60.72702594360097,-3.3171461038145864,-0.7976419101111116,0.003818778737106226
1487,Vänersborg,2024,1,55.10620548862181,-0.7369339919059428,-0.17315213217404385,3.629965672613675e-05
1488,Trollhättan,2024,1,53.91755864736315,1.8592662598449579,0.4389116428061718,0.0004169338819696255
1489,Alingsås,2024,1,49.46027866185178,0.9118949255270863,0.21426799257409251,5.5868974491482545e-05
1490,Borås,2024,1,50.10904521654904,-0.7671690413279251,-0.18080901720834874,5.990538120550498e-05
1491,Ulricehamn,2024,1,46.75658953337243,-4.451206303434468,-1.0445867949775778,0.0010506395151914142
1492,Åmål,2024,1,46.64048813244788,1.0665503355514474,0.25072814910604013,8.263425082526527e-05
1493,Mariestad,2024,1,43.00928236710402,-0.8663380559947171,-0.206192380202883,0.00016360237527327664
1494,Lidköping,2024,1,39.539648825554096,-3.052326623946179,-0.7204251109415836,0.0011043227941127328
1495,Skara,2024,1,61.07015003087116,0.35070847129380667,0.08245001261821626,9.007943814380801e-06
1496,Skövde,2024,1,56.020207394555676,0.0880778024440616,0.02075497327581031,7.745440550099975e-07
1497,Hjo,2024,1,50.92678937201676,2.7630502001757478,0.6491236153158199,0.0004982505664111208
1498,Tidaholm,2024,1,40.18314388300552,0.3478986784938911,0.08282369552882263,2.6779579696585e-05
1499,Falköping,2024,1,45.7672604865929,-0.7450084595246835,-0.17503706075406467,3.66595205599838e-05
1715,Kil,2024,1,45.84167549470332,0.7547924598609796,0.1771240849175922,2.996365754232173e-05
1730,Eda,2024,1,49.92700533419127,-3.0891546447000664,-0.7384700287969139,0.002598308371205016
1737,Torsby,2024,1,43.59256516844201,-2.253460849035598,-0.5324626118238881,0.0006674929025286918
1760,Storfors,2024,1,55.32946964497368,13.308333945311439,3.1794858608074312,0.04689839423425149
1761,Hammarö,2024,1,57.6355659326066,-2.96277873863297,-0.704182251403411,0.0017662184474458767
1762,Munkfors,2024,1,65.08188330528351,2.7801856602337267,0.6604649140994993,0.0015100767579199982
1763,Forshaga,2024,1,57.68200093257221,-1.5188064881277654,-0.35840804641885826,0.00026833644899785017
1764,Grums,2024,1,55.468605477616016,-2.492150568686654,-0.5894905270329301,0.0008941225816019403
1765,Årjäng,2024,1,38.340738146603734,1.7610430238797292,0.4185664804074446,0.0006247473380454438
1766,Sunne,2024,1,48.46791866544821,1.846546743356825,0.43335743067339494,0.00018249523362412937
1780,Karlstad,2024,1,61.686816487670285,1.5752853841946504,0.37317548808785395,0.0004012276192395986
1781,Kristinehamn,2024,1,44.714920352722245,1.8417390175421104,0.4363994914876783,0.0005579285918781438
1782,Filipstad,2024,1,46.96858064659415,-0.9374840835826888,-0.22453333610561454,0.0002602806888517117
1783,Hagfors,2024,1,44.51571356500246,-1.9513415208616252,-0.46119817776638483,0.000512328696999822
1784,Arvika,2024,1,36.62121651479081,-1.235456934409548,-0.29080264212260726,0.00013284926736396185
1785,Säffle,2024,1,41.288768174989,3.882048658355515,0.9136044950162887,0.0012825455402546988
1814,Lekeberg,2024,1,46.556469686413195,9.218570982887293,2.214197746429225,0.028253956050686924
1860,Laxå,2024,1,60.35782939219079,3.444494045021088,0.8192512447258115,0.0024885680842730022
1861,Hallsberg,2024,1,60.6425418069033,1.5783018655532715,0.3715280655015162,0.00021883317859774915
1862,Degerfors,2024,1,52.2518323834812,0.9924012875685975,0.2342401045628508,0.00011716109560707704
1863,Hällefors,2024,1,60.691386603200094,-12.5977305361221,-2.9876063050274837,0.027736666417216862
1864,Ljusnarsberg,2024,1,57.419156811615665,5.066537855356181,1.2095697013500946,0.006566504446726086
1880,Örebro,2024,1,54.82560464731868,1.112949118136548,0.2634168192173655,0.00018724999454563872
1881,Kumla,2024,1,57.247776998067145,3.9488192719385893,0.9286918915943518,0.0012072305581746624
1882,Askersund,2024,1,49.921702082222374,0.439890668496453,0.10392130867685931,2.5022661867855955e-05
1883,Karlskoga,2024,1,46.516341817698844,-3.110112526777705,-0.742424562099186,0.002462367270269399
1884,Nora,2024,1,54.05151630128024,-2.7309034617276495,-0.6420293667146602,0.0005469867455465849
1885,Lindesberg,2024,1,46.05665330959701,1.1323186449425506,0.2661572068048765,9.139331801486972e-05
1904,Skinnskatteberg,2024,1,67.0873193850801,-6.701981039215433,-1.6002905216863332,0.01158767878611308
1907,Surahammar,2024,1,55.329724327564385,4.1928759771588275,0.9933612832685216,0.0028623465002481875
1960,Kungsör,2024,1,58.5443124198886,9.318581529961875,2.201678262520039,0.011332286604877919
1961,Hallstahammar,2024,1,59.57967295645348,-3.493682444233457,-0.8200716562667467,0.0006793084213967077
1962,Norberg,2024,1,63.72779099574765,-4.483476982541482,-1.0637620833295112,0.0036230956662023977
1980,Västerås,2024,1,49.6453291481156,2.149434102503818,0.5097487626369719,0.0008075803616941264
1981,Sala,2024,1,44.294151514877655,3.422873394284892,0.8050416713109635,0.0009141596141862532
1982,Fagersta,2024,1,57.81943804505189,-3.0458762335463803,-0.7438656277607085,0.005170032907025661
1983,Köping,2024,1,47.50135268780466,-3.0379067707460905,-0.7167548731417257,0.0010540623788356726
1984,Arboga,2024,1,57.674440235613204,-1.880448819304192,-0.4404231715567731,0.00010952576181366618
2021,Vansbro,2024,1,39.36095731262143,2.5525497963833104,0.6033603945173952,0.0008851433682327247
2023,Malung-Sälen,2024,1,51.89478030631271,0.7675953519669818,0.1836430408775414,0.00016636616114592854
2026,Gagnef,2024,1,45.31780990553335,0.9071515736654163,0.21418261932149688,0.00010077081299072104
2029,Leksand,2024,1,54.14353378332244,3.240118692354578,0.7631571397160135,0.000991894447430827
2031,Rättvik,2024,1,54.176897658009,-4.349656341405975,-1.0363740867912772,0.004378081779092375
2034,Orsa,2024,1,59.36019428982519,-7.251013148385979,-1.7091056788493428,0.005409037514296133
2039,Älvdalen,2024,1,43.75913927721949,1.721825558584058,0.40722055715708166,0.0004218238922045027
2061,Smedjebacken,2024,1,46.33786583352812,-1.987870453319303,-0.46841307358846584,0.00039299151413401464
2062,Mora,2024,1,45.15676861895453,0.7049645845508223,0.1658457545912449,4.0203952950906724e-05
2080,Falun,2024,1,47.04207740912384,-0.7496426772863245,-0.17687441676095744,6.440145023581287e-05
2081,Borlänge,2024,1,50.87457842175633,-1.4628137158739776,-0.3455580991505399,0.00027510843297958506
2082,Säter,2024,1,53.304985820915235,-0.19975549034408857,-0.04696240295291363,2.9297577178143948e-06
2083,Hedemora,2024,1,50.70675379010766,-4.309266714654484,-1.0104052109400747,0.0008053417042055102
2084,Avesta,2024,1,39.99756364196549,-0.2509427738743142,-0.0597797552201426,1.4425928689493171e-05
2085,Ludvika,2024,1,49.06643562780959,8.829486877259122,2.092527875907232,0.012993138678048508
2101,Ockelbo,2024,1,50.457613065676995,-2.163649811083822,-0.5128796374882459,0.0007921181097948937
2104,Hofors,2024,1,43.50761162043854,2.715855678343921,0.6434694089940007,0.0012061595004978511
2121,Ovanåker,2024,1,34.226578400372155,-3.1887510482868002,-0.7554216102219558,0.001648192659223062
2132,Nordanstig,2024,1,52.202892400103835,-1.0260407481927984,-0.2415608971425355,9.415973303360718e-05
2161,Ljusdal,2024,1,36.25568298973614,-0.25676729442575663,-0.060565555970168446,7.3362676669119595e-06
2180,Gävle,2024,1,45.70128767236226,1.9883827758358947,0.4711208219052431,0.0006477335019902218
2181,Sandviken,2024,1,41.10296372991053,5.42988298541794,1.2966794192725963,0.007645532003896093
2182,Söderhamn,2024,1,35.937409322984614,-2.284934277150434,-0.5445856393000803,0.0012274882009113066
2183,Bollnäs,2024,1,38.807585063247885,-1.9977691123276387,-0.47491211198238914,0.0008121749137839076
2184,Hudiksvall,2024,1,39.58041374416675,-4.5399106531413835,-1.068597473778764,0.0017917863561980178
2260,Ånge,2024,1,43.156493430470086,1.0717241723605184,0.25230118281076275,0.00010195151015923659
2262,Timrå,2024,1,50.1239378394192,2.898149940958632,0.6843687392447282,0.0010431550073561463
2280,Härnösand,2024,1,50.94689105034026,-1.8341029614151125,-0.4352469572660572,0.0006139704132057906
2281,Sundsvall,2024,1,40.62117045531704,-2.3871828937307384,-0.5684613398485109,0.0012790680041539547
2282,Kramfors,2024,1,48.37783590416877,4.678021393870225,1.0985424328245808,0.0013235851846056293
2283,Sollefteå,2024,1,42.328808231817916,-2.320110688873797,-0.5466181347365934,0.0005259852965294279
2284,Örnsköldsvik,2024,1,31.673227619440567,-0.2355348538975761,-0.055684764027399664,7.654356369485123e-06
2303,Ragunda,2024,1,47.588464260646816,7.6000316585137,1.7889648585143918,0.005051123139268021
2305,Bräcke,2024,1,58.485822890424004,-1.6506944728597972,-0.3891036981067046,0.00028237749424712527
2309,Krokom,2024,1,54.811447174882,4.244675274097595,1.0004352098083495,0.001841283975072363
2313,Strömsund,2024,1,43.992717691472365,-2.8061078756327547,-0.6650542703529048,0.0013160113136987629
2321,Åre,2024,1,84.69746111700026,7.873247147397436,1.8831962933289843,0.017322651301470086
2326,Berg,2024,1,59.1412340794542,3.604967383685924,0.8513407040206432,0.0016254407362113238
2361,Härjedalen,2024,1,58.32513047876138,2.80509065145975,0.663403458107116,0.0011174894199776594
2380,Östersund,2024,1,54.00477700944243,-3.29608650943473,-0.7840529741549483,0.0022955131632612902
2401,Nordmaling,2024,1,51.30853863821092,-6.652819825188736,-1.5667859747708774,0.004124285553771074
2403,Bjurholm,2024,1,53.57810955074496,7.4647052012686,1.7594119269631816,0.005709853460214213
2404,Vindeln,2024,1,48.83725589901158,1.5596427533790447,0.3693889488276156,0.0003869800184517578
2409,Robertsfors,2024,1,48.4397312773939,2.830821786881131,0.6672998064276848,0.0008325521433330893
2417,Norsjö,2024,1,44.74550275208815,15.48635208662153,3.6530199765327747,0.02679475860076796
2418,Malå,2024,1,46.89584321469317,2.0575666435107465,0.48945027065881497,0.0008954523282958912
2421,Storuman,2024,1,50.019437072696064,-3.2200825810338785,-0.7682853120344464,0.0025742549121474285
2422,Sorsele,2024,1,54.13460490722452,-9.16218233615961,-2.205096330135225,0.030100578520300163
2425,Dorotea,2024,1,46.300823282574726,-1.8370046252076833,-0.4397460811064191,0.0009772742299149584
2460,Vännäs,2024,1,66.28953891818739,-12.85108074911161,-3.05260212811274,0.0320566272927138
2462,Vilhelmina,2024,1,40.83292326681808,1.710021026005812,0.4064943667218863,0.0005938485103993579
2463,Åsele,2024,1,44.63294057468409,11.046346730438401,2.630455401448681,0.027377745177366863
2480,Umeå,2024,1,56.89697778289873,1.561558221093847,0.37786184129586875,0.0010485724308684746
2481,Lycksele,2024,1,43.879535308994946,-6.16704149813507,-1.4501601043387518,0.0028794710297111786
2482,Skellefteå,2024,1,53.09587203159459,10.282246970324799,2.4990228186397703,0.0517783421331704
2505,Arvidsjaur,2024,1,49.28530059515241,-0.6730489939042528,-0.15967647053067327,8.1206376082932e-05
2506,Arjeplog,2024,1,43.17668098410379,2.6101601086241857,0.6283709279423128,0.0024675204980600294
2510,Jokkmokk,2024,1,47.519972942864214,3.958435906316808,0.9438847567237805,0.003774147684803146
2513,Överkalix,2024,1,49.36198943668343,7.182840304022598,1.7133920326071517,0.012669251737212835
2514,Kalix,2024,1,41.19509359972731,-2.8610022476384245,-0.6715409017524736,0.00045256239434610286
2518,Övertorneå,2024,1,51.92053785807303,4.525111636627486,1.098619990545813,0.009727988277669545
2521,Pajala,2024,1,52.77343532887143,-5.991806508656303,-1.4412234219243074,0.012599288966954838
2523,Gällivare,2024,1,39.33189569064187,-1.6135645817229403,-0.3919531784191985,0.0012557812595213635
2560,Älvsbyn,2024,1,49.818325124538575,-1.0660740311503574,-0.2532556226533071,0.0002219041122212402
2580,Luleå,2024,1,49.860487946874784,1.8816176466966894,0.4449174126324225,0.0004948894300281757
2581,Piteå,2024,1,35.36392891925185,0.9166091635337423,0.21632747221368956,9.89049410947482e-05
2582,Boden,2024,1,50.19103236627104,3.857240299421143,0.9104731007288467,0.0017765188414814567
2583,Haparanda,2024,1,49.13468666059472,-1.708175896743775,-0.4358782515811301,0.0036800026268234477
2584,Kiruna,2024,1,48.111012404676764,0.3595128784767212,0.08649328828514928,4.572341854431193e-05
0114,Upplands Väsby,2023,2,98.18168162651517,0.5211720952968477,0.11846484899485138,3.6972077613704856e-05
0114,Upplands Väsby,2024,2,95.0039749637099,-8.045725256816425,-1.830324861686996,0.009113947133635116
0115,Vallentuna,2023,2,73.03252039991872,-2.5569815699495138,-0.5730624190495558,0.00038372088102593514
0115,Vallentuna,2024,2,72.1113148229451,-3.715289879182464,-0.8317131669943588,0.0007279304102063293
0117,Österåker,2023,2,66.83220604818173,-7.114662117334767,-1.5995611138093273,0.0038195446345912097
0117,Österåker,2024,2,62.05321375086509,4.4701758890007355,1.0056342932312445,0.0015742248459414293
0120,Värmdö,2023,2,69.34064780876413,-3.0199153431252626,-0.6864593834777526,0.0012427760523962942
0120,Värmdö,2024,2,66.70946400680762,-1.8225764759831407,-0.4139389741974213,0.00043655838029562987
0123,Järfälla,2023,2,103.03126658091033,-3.3787703455344484,-0.7737443726280538,0.0020495052039694907
0123,Järfälla,2024,2,97.6855393258759,15.681520820273633,3.5323746400566858,0.021093587895464744
0125,Ekerö,2023,2,53.026212511509925,1.0212742977097378,0.23028909927896482,9.536989822475297e-05
0125,Ekerö,2024,2,58.64116323084653,1.2689024903572061,0.2879430661044085,0.00020378227188151256
0126,Huddinge,2023,2,97.59927829258902,-0.18881480944294537,-0.043124950425363816,5.843562648641364e-06
0126,Huddinge,2024,2,97.02446350373786,4.590528097605926,1.0470425247889956,0.0032863661368143023
0127,Botkyrka,2023,2,84.77968295714962,1.4827657833307626,0.3420052249117437,0.0004908947458648401
0127,Botkyrka,2024,2,85.91509118505239,3.2460578686987134,0.7443095773536706,0.0019727588061234733
0128,Salem,2023,2,72.20491690609738,4.925333509351589,1.1203549345002197,0.0034016691862979506
0128,Salem,2024,2,79.72782218389098,0.6971506841046846,0.15753017936447636,5.0001518822125206e-05
0136,Haninge,2023,2,81.15218494402198,8.731625744592662,1.986522053091044,0.01076968353593447
0136,Haninge,2024,2,86.26342867195282,-2.1660997656641143,-0.49402177326783836,0.0007295825548539615
0138,Tyresö,2023,2,65.86260463442129,-5.199232458633766,-1.165328033597077,0.0015978296900157798
0138,Tyresö,2024,2,63.97541828349337,0.787996995385825,0.1765548385566121,3.554677269555121e-05
0139,Upplands-Bro,2023,2,101.21620960150287,3.119290968552292,0.7069308528928182,0.0011611083038296673
0139,Upplands-Bro,2024,2,97.90611926711115,2.434637700151839,0.5509656458344251,0.0006592115831404406
0140,Nykvarn,2023,2,68.3039922283476,20.32242224261961,4.626035650624334,0.05962588606708808
0140,Nykvarn,2024,2,82.34013335372545,-3.9087608047058353,-0.9398727168556751,0.007861698858470769
0160,Täby,2023,2,83.30974939673143,4.638854945315529,1.049539793227283,0.002365064133140465
0160,Täby,2024,2,86.50057895958832,-0.1788049320106353,-0.0407096622807165,4.651602281951634e-06
0162,Danderyd,2023,2,84.87232124035123,-1.772904231806848,-0.4345238125384164,0.002113586944956766
0162,Danderyd,2024,2,89.28166774691896,5.367522692556761,1.3259865702665554,0.021398600404106734
0163,Sollentuna,2023,2,100.26299999696761,0.687644618216666,0.15529570143775026,4.7197464995128e-05
0163,Sollentuna,2024,2,99.74916410941017,2.860853410944358,0.6453252117637721,0.000764006114573211
0180,Stockholm,2023,2,73.45774087384834,-4.373880631144758,-1.0037971548561158,0.00368299678502238
0180,Stockholm,2024,2,73.93730997017683,-1.6383146167425195,-0.37428526166429466,0.0004440460608047815
0181,Södertälje,2023,2,69.00191804808861,0.26329132773440733,0.061285595909335897,1.9510886780419466e-05
0181,Södertälje,2024,2,70.12166768292482,-1.4506801305737582,-0.33545670234023917,0.0005033797175532536
0182,Nacka,2023,2,84.94689088742068,-4.103019709743137,-0.9298781189620619,0.0020092451306957786
0182,Nacka,2024,2,82.82537316339287,0.18982592323479253,0.04290033534742921,3.7383263120975134e-06
0183,Sundbyberg,2023,2,140.29924706761702,14.300838781574583,3.3906924136152363,0.08355170834010968
0183,Sundbyberg,2024,2,146.55449053910885,-10.879045395703372,-2.5889527741807585,0.051561186962075706
0184,Solna,2023,2,144.28496772217196,-7.722328712971006,-1.8691055616759877,0.033815654389509064
0184,Solna,2024,2,138.54914406164377,-1.1189373917910075,-0.269811229808907,0.000672128693742855
0186,Lidingö,2023,2,79.36087437462018,-8.091939683783323,-1.8656730919561995,0.014454166019930105
0186,Lidingö,2024,2,76.11521488130735,3.4680581616676136,0.8048066565821564,0.003148560116856339
0187,Vaxholm,2023,2,65.17688881644014,-7.20955362138217,-1.658570675486889,0.010767976837223796
0187,Vaxholm,2024,2,66.27596835953024,-1.6506934483476954,-0.37923792657494537,0.0005422826922332541
0188,Norrtälje,2023,2,54.639170433555776,-4.053797163067713,-0.9220719452295384,0.0023005999401793688
0188,Norrtälje,2024,2,50.86970615562211,7.161381927279443,1.627895007952646,0.006995103604984065
0191,Sigtuna,2023,2,100.89337607828386,-3.4234071087622624,-0.7785620230071145,0.001630182547454221
0191,Sigtuna,2024,2,94.86095119740757,-1.980931488119566,-0.4475809604209607,0.00040196682099841364
0192,Nynäshamn,2023,2,69.73208759415905,3.607624061675466,0.8101843093696565,0.000904637224922804
0192,Nynäshamn,2024,2,69.60834191564095,6.489633819340568,1.457210379562126,0.0028961317551887814
0305,Håbo,2023,2,64.95213770573301,2.776599127208584,0.6281575330106183,0.0008440918544237509
0305,Håbo,2024,2,65.85239813643679,-1.4289445169704607,-0.3218457463210533,0.00017397225108262027
0319,Älvkarleby,2023,2,57.32811643335049,-4.047715263271087,-0.9021452836280276,0.0004917498625499373
0319,Älvkarleby,2024,2,54.36817058491238,4.572365428487956,1.0205359840439538,0.0007801911995950129
0330,Knivsta,2023,2,80.52743921114576,8.301372220736056,1.8701420153119537,0.005950832927868103
0330,Knivsta,2024,2,84.8501771756363,3.57524631325154,0.8072119046118622,0.0012574531944777795
0331,Heby,2023,2,62.65561529318194,-5.624310824102942,-1.2645017081254886,0.0023883254629227754
0331,Heby,2024,2,56.81604495318966,6.272139083059905,1.4074815339096656,0.0025730400533114615
0360,Tierp,2023,2,54.313867227563435,-3.0233467726962644,-0.6776737996275716,0.000542923617444094
0360,Tierp,2024,2,52.95763698056632,0.8236367116247365,0.1842597577055844,3.3445605266104275e-05
0380,Uppsala,2023,2,69.7475565223575,-0.921612585847754,-0.21250001862871415,0.00018782822701777832
0380,Uppsala,2024,2,71.68842266558704,-3.196873733260091,-0.738966099754146,0.002420008603014549
0381,Enköping,2023,2,56.94392456130226,2.07206152334944,0.46625101491233467,0.00034364616711001796
0381,Enköping,2024,2,57.4782894011049,-0.6776473068899236,-0.15186192759444198,2.6788592814798093e-05
0382,Östhammar,2023,2,43.78427205633021,-1.8394768190940525,-0.41423689588201296,0.0002850094036762991
0382,Östhammar,2024,2,44.09357025368169,-0.8195617614963098,-0.18460622011521616,5.749850184850591e-05
0428,Vingåker,2023,2,54.52775818898003,5.318673608671283,1.2013122949495039,0.002844057914128646
0428,Vingåker,2024,2,58.2087699825623,-6.780198553990871,-1.527146246585393,0.003920153611687026
0461,Gnesta,2023,2,59.73259902118257,-4.35065457673813,-0.9727666147387587,0.0008787110869120807
0461,Gnesta,2024,2,57.850824717312605,-3.3910586150259903,-0.7585382430303681,0.0005596969188625386
0480,Nyköping,2023,2,48.853054641333195,2.0747804102131937,0.4662144027081578,0.00031247157076253135
0480,Nyköping,2024,2,50.779960027899484,-0.06351960557670822,-0.01431718978316823,3.597749793041991e-07
0481,Oxelösund,2023,2,60.25714741481589,3.6780913097834826,0.8416480989280898,0.0023674139922763857
0481,Oxelösund,2024,2,61.53037699811401,-3.0148753773011094,-0.6919448274787343,0.0017527868662442906
0482,Flen,2023,2,62.86030717382633,-3.3121836098743245,-0.7517243636284213,0.0013978885107455209
0482,Flen,2024,2,59.82642035012548,1.7541030192274647,0.39786007544409,0.00038129427513409954
0483,Katrineholm,2023,2,48.26195766323633,-0.19063730430380588,-0.04255399204117078,1.3755752205658014e-06
0483,Katrineholm,2024,2,49.77414002299703,1.698601090781736,0.37860394856565927,8.751775779119702e-05
0484,Eskilstuna,2023,2,41.561998155508476,0.5249486565658188,0.11840106015089721,2.5570690471256997e-05
0484,Eskilstuna,2024,2,43.790213058908016,-1.8417601238222474,-0.4136592243801101,0.00023773318354173466
0486,Strängnäs,2023,2,58.17903332216817,4.081675365551845,0.9123757817826755,0.0007498136564493478
0486,Strängnäs,2024,2,62.1662360373109,-0.15112653154945122,-0.034429597344889436,3.4059544344492694e-06
0488,Trosa,2023,2,58.54444363268117,2.590927546358131,0.5808943955790274,0.00040761171600668536
0488,Trosa,2024,2,60.66043900712739,0.10193789379041363,0.02288427899971842,7.018020962133788e-07
0509,Ödeshög,2023,2,57.192486772477295,-2.6366996915907635,-0.589582782137837,0.00032524040479451304
0509,Ödeshög,2024,2,56.29412325956466,-4.165041724334564,-0.9305552480539508,0.0007368834198988368
0512,Ydre,2023,2,50.649963106040275,-3.6331910411516333,-0.8196734244713583,0.0012437604671124295
0512,Ydre,2024,2,50.773813321148,6.58967261376651,1.4864145608944546,0.004049753159826674
0513,Kinda,2023,2,43.309508776421225,-1.876362259207454,-0.4212953199624284,0.00024072507578367812
0513,Kinda,2024,2,42.77155015714704,4.632286339789786,1.0367129631125893,0.0011012495316943915
0560,Boxholm,2023,2,53.6556668997185,-2.77752096453834,-0.6253901277976609,0.0006439713578328529
0560,Boxholm,2024,2,50.01785959563307,3.4532297645264407,0.7793170803502664,0.0011440466857885233
0561,Åtvidaberg,2023,2,44.864043635731974,-2.3684066374771717,-0.5299150788933922,0.00028026499561819337
0561,Åtvidaberg,2024,2,44.49426360503128,4.777559888471821,1.0678644642426502,0.001020399376912389
0562,Finspång,2023,2,47.34356507443255,1.333488488764651,0.3007456729010773,0.0001643612087482191
0562,Finspång,2024,2,48.14815480610077,3.6022961026537956,0.8132698748558648,0.0012722360851390013
0563,Valdemarsvik,2023,2,54.0383728571128,3.7788927575271742,0.8485483704737984,0.000983733687841232
0563,Valdemarsvik,2024,2,54.932810485354054,12.841275893383482,2.8800244446621583,0.01030529836244258
0580,Linköping,2023,2,59.396914384317654,-0.8738205514343278,-0.19877990311972377,0.00010737427757889828
0580,Linköping,2024,2,61.178222519973254,-2.3630947192174574,-0.5368350520083908,0.0007418785164662753
0581,Norrköping,2023,2,43.63884091189674,-1.1211194539494684,-0.25318314668979525,0.00012525819614788702
0581,Norrköping,2024,2,46.32876139995202,-4.150529919747854,-0.9358482938173368,0.001568907704940024
0582,Söderköping,2023,2,53.53443260532634,2.630227379875791,0.5885622496247321,0.00034972824391570767
0582,Söderköping,2024,2,53.55737867373095,1.1454409895322826,0.25602157954729166,5.8558749457105456e-05
0583,Motala,2023,2,36.76123769430908,1.429395309715801,0.3198474843830038,0.00010307890258398882
0583,Motala,2024,2,38.720848235093044,-3.0467877822715295,-0.6820474000683888,0.0004885897576182025
0584,Vadstena,2023,2,59.76947703057824,-2.868750638326418,-0.6442705713889224,0.0005733334301261201
0584,Vadstena,2024,2,58.592002175484424,7.4961153145022195,1.6885739034986234,0.0048236647895642595
0586,Mjölby,2023,2,49.06710098274446,-1.2297549581084084,-0.2746993433792,6.273403460796111e-05
0586,Mjölby,2024,2,48.868260701157226,0.2692196961245301,0.06021932045371156,3.5163158957267825e-06
0604,Aneby,2023,2,54.789602553249104,-5.023111017930951,-1.128856963236587,0.0018478415148363114
0604,Aneby,2024,2,51.64319673499759,-6.181963838131324,-1.3857303213157597,0.0022789898135659415
0617,Gnosjö,2023,2,45.65137111240624,0.7470714573536554,0.17153139165638787,0.00010901899838987912
0617,Gnosjö,2024,2,51.22110273070787,-8.180909980735251,-1.8810691868138003,0.013655495292742507
0642,Mullsjö,2023,2,58.14470740665316,-0.6021443869883853,-0.13545948143569042,2.8533931301356534e-05
0642,Mullsjö,2024,2,56.204034382577106,-3.004139728903155,-0.6724308053836127,0.000470138731657687
0643,Habo,2023,2,56.80027816595502,-10.924571951265754,-2.477711924084752,0.014744926579237044
0643,Habo,2024,2,47.32053752987582,1.356632505796,0.30741599133638287,0.000218275841130973
0662,Gislaved,2023,2,39.480324453496024,0.4659083996093756,0.10492150951107673,1.8309781383483965e-05
0662,Gislaved,2024,2,43.08358788140198,-2.062023048667669,-0.4643569029572819,0.0003583520723099303
0665,Vaggeryd,2023,2,47.71844952523378,-3.7646314170709303,-0.8429526177242254,0.0007644183557495329
0665,Vaggeryd,2024,2,46.12242749575101,1.1625640725457842,0.2599997507566788,6.439048664618061e-05
0680,Jönköping,2023,2,51.79843552999754,-1.6482586702333109,-0.37047341076451695,0.00020115345644379832
0680,Jönköping,2024,2,52.58703078262292,0.32044209315423444,0.07191839679794988,6.795511705264067e-06
0682,Nässjö,2023,2,50.95764881003009,0.5463956793531253,0.12169322076417598,7.887825485191012e-06
0682,Nässjö,2024,2,52.14508739575261,-0.44660384239205086,-0.09952275065797568,5.830878388441366e-06
0683,Värnamo,2023,2,38.03368945612625,3.7281093358161854,0.8334582229421658,0.0006354666245919719
0683,Värnamo,2024,2,44.77089112000379,-5.7459359929121305,-1.2833909360135214,0.0013535722605425974
0684,Sävsjö,2023,2,46.37976254927703,-1.299200327816628,-0.29052342131743253,7.938664019760949e-05
0684,Sävsjö,2024,2,46.27935843770214,1.6320832296852146,0.3659097268881856,0.00016140944756688449
0685,Vetlanda,2023,2,38.693529842685486,-0.03617294400194737,-0.00809703359747969,6.839353329335034e-08
0685,Vetlanda,2024,2,39.64378120286263,1.6959456207351664,0.3785679116266985,0.00010884756455914315
0686,Eksjö,2023,2,51.98204607830434,-1.841201007881807,-0.4112318665366882,0.00013847536104219938
0686,Eksjö,2024,2,52.44653045538016,3.8147105518140805,0.8511936537439275,0.000522335630847489
0687,Tranås,2023,2,45.56608670675198,1.941244671547139,0.4334588916681155,0.00014866550840694526
0687,Tranås,2024,2,48.27016908116477,-2.9035812505906975,-0.6501122840680033,0.0004520598551146156
0760,Uppvidinge,2023,2,55.76948902974648,-0.7117323634396655,-0.16156645534434697,6.514347706318607e-05
0760,Uppvidinge,2024,2,55.38285527388121,-6.492004374421988,-1.4701668288373082,0.00484829952007554
0761,Lessebo,2023,2,67.50343216483112,-1.6918761830521731,-0.38372669570210244,0.000353909962234044
0761,Lessebo,2024,2,64.77386987536376,0.9759190014609516,0.22012975363648243,8.869021907566952e-05
0763,Tingsryd,2023,2,52.230105220306456,1.3281012790765132,0.29692122021426537,8.095750121835696e-05
0763,Tingsryd,2024,2,53.26231349027806,2.311813202016772,0.5166215674721129,0.00023318534286509906
0764,Alvesta,2023,2,46.75898770960792,7.582329655661539,1.698027706993576,0.003143456389574526
0764,Alvesta,2024,2,54.485431243704745,-5.317503860951341,-1.192255455587726,0.0017236474773954379
0765,Älmhult,2023,2,57.45524249367622,-7.37716977451494,-1.6543822177608163,0.0033734040871947297
0765,Älmhult,2024,2,53.427137018538765,-5.333328600706103,-1.1983760054469235,0.0020581596635302715
0767,Markaryd,2023,2,61.52997618111667,1.9872925763267588,0.4492765563768173,0.0004171010748350227
0767,Markaryd,2024,2,60.03599976678531,-8.516579360264885,-1.9255409329638185,0.007693257795345134
0780,Växjö,2023,2,57.81401436858938,-0.8623674134578962,-0.19476898898407252,7.453150968825773e-05
0780,Växjö,2024,2,59.4584521833462,0.734360068774123,0.1661132948358855,5.863063393539894e-05
0781,Ljungby,2023,2,40.34348397009385,-1.2324042640452362,-0.27663665526834935,0.00010174072446232007
0781,Ljungby,2024,2,41.75880678934311,-4.347208486655703,-0.9722270272190052,0.0009006129641601451
0821,Högsby,2023,2,71.54541480564023,-13.251924551870466,-2.9960776151129447,0.01859666888412949
0821,Högsby,2024,2,62.32498724883899,0.6331033356376139,0.1438809699506169,5.413896602489345e-05
0834,Torsås,2023,2,53.18570107693005,-1.4861866524798941,-0.3329012284860478,0.0001234289853089531
0834,Torsås,2024,2,52.76523316789067,1.5016625938504546,0.33650842820651117,0.00013095933316302288
0840,Mörbylånga,2023,2,57.57194629711587,4.8041686681963185,1.0863225246470982,0.0024636208781280804
0840,Mörbylånga,2024,2,59.347305269585604,-3.195924598974166,-0.7232704246020527,0.001137757260642652
0860,Hultsfred,2023,2,49.03737164347629,-2.289550567340008,-0.5159716674553738,0.0004625506917543884
0860,Hultsfred,2024,2,46.894623914423136,-1.1840995232873226,-0.2645976104299265,6.080634851598659e-05
0861,Mönsterås,2023,2,46.76189081019443,-1.3073453556489767,-0.2915471182778705,5.635064159705024e-05
0861,Mönsterås,2024,2,47.69911268455905,1.5778021520772683,0.3526045311824299,0.00010907855085549681
0862,Emmaboda,2023,2,48.00917470076144,-7.262708269666035,-1.6233921862308354,0.002367399869235643
0862,Emmaboda,2024,2,48.33546636152568,-0.14537086963139245,-0.032843965881282015,2.1583171252110466e-06
0880,Kalmar,2023,2,59.141140243891016,-0.5551698964690175,-0.1248880204772756,2.420260901784101e-05
0880,Kalmar,2024,2,60.12859632902938,-0.847126258606842,-0.19001625326415303,4.532436351986549e-05
0881,Nybro,2023,2,49.15380918098985,-0.010101064831999906,-0.002258777756425174,4.800368494098016e-09
0881,Nybro,2024,2,48.88412357342401,-0.31512953803731847,-0.07061369387716127,5.73871863833646e-06
0882,Oskarshamn,2023,2,37.933874444199354,0.1447346649469452,0.0324012231312888,1.106721643205435e-06
0882,Oskarshamn,2024,2,40.90590678350176,2.4027883841987148,0.5376555357750986,0.0002911325473252723
0883,Västervik,2023,2,34.873954466842314,0.8344497709575407,0.18784621393911954,5.733194080171205e-05
0883,Västervik,2024,2,37.56310357698423,0.7390886473415037,0.1663824441701891,4.503608862445171e-05
0884,Vimmerby,2023,2,40.54080223486068,0.07752775673107237,0.017282367100237124,1.8600013579923793e-07
0884,Vimmerby,2024,2,42.381612478710174,-1.0399588125635262,-0.23195011961849782,3.6421032536220445e-05
0885,Borgholm,2023,2,55.714260595460885,2.063930695942169,0.4677398400485487,0.0005076869291027723
0885,Borgholm,2024,2,56.09282574871076,-0.2143333429353973,-0.04870463892463975,6.175920758515827e-06
0980,Gotland,2023,2,45.049515504304786,-1.4636792625180917,-0.33581726411214013,0.0004088103009709666
0980,Gotland,2024,2,45.223026623445875,-1.792543278905029,-0.410792222235986,0.0005907292947715927
1060,Olofström,2023,2,45.02186221880742,4.361799062870858,0.9862113877104827,0.0020220286639863238
1060,Olofström,2024,2,49.01135778809969,0.8347960580541596,0.18925602466133895,8.449833630092113e-05
1080,Karlskrona,2023,2,43.33851333697823,0.7295384546507933,0.16456014173583947,4.963840681822322e-05
1080,Karlskrona,2024,2,47.31481573540856,-4.344121477403398,-0.9779244789658877,0.001554078304770417
1081,Ronneby,2023,2,39.64073322580268,5.2233307278860295,1.177269499675349,0.0024254382804890337
1081,Ronneby,2024,2,42.493267992853085,-2.7938838378132473,-0.629147083346428,0.0006564551675182275
1082,Karlshamn,2023,2,40.44330013032671,-4.0637526868962865,-0.911785605408795,0.0010677188527982854
1082,Karlshamn,2024,2,40.803723650771076,-2.064786294467339,-0.4619715854523118,0.00021250971351369428
1083,Sölvesborg,2023,2,45.45220996238197,1.9297642865450655,0.4316561023405988,0.00018087361847277553
1083,Sölvesborg,2024,2,48.124927498256746,-2.284422621607291,-0.5096354567732831,0.0001821748728820889
1214,Svalöv,2023,2,74.87635675427252,0.893720253428242,0.20047895090635742,5.068623832771009e-05
1214,Svalöv,2024,2,73.21823036652748,2.96962633429078,0.6658734256294149,0.0005406091004141062
1230,Staffanstorp,2023,2,68.28001774402306,4.053512014374121,0.9125479529591088,0.0013573692424411756
1230,Staffanstorp,2024,2,71.03607416868991,-3.6075864567168594,-0.811763647707354,0.0010410003668817635
1231,Burlöv,2023,2,101.60477732862607,-0.8690385662797695,-0.19804039845804822,0.00011386910623055315
1231,Burlöv,2024,2,98.75704756099734,6.710342121108027,1.5259268290358252,0.006236287296560112
1233,Vellinge,2023,2,52.299528202303165,-2.0848904366558045,-0.471655685707158,0.0004751618789595749
1233,Vellinge,2024,2,52.5100118007108,2.1758354597080682,0.49310791193415304,0.0005646401860335462
1256,Östra Göinge,2023,2,57.80829348094917,4.294839587224722,0.9755135488811115,0.002432823612948253
1256,Östra Göinge,2024,2,60.5481977085644,-3.4584853033562197,-0.7803336024009635,0.0011333097578032107
1257,Örkelljunga,2023,2,63.99996660513217,-1.697656627177608,-0.3789852036469981,0.00011044838472341148
1257,Örkelljunga,2024,2,60.5774702323758,-1.8054550528487,-0.4027275629264943,0.0001115451559514956
1260,Bjuv,2023,2,86.51027583335966,8.241728174656373,1.8645794644658436,0.007443311599490844
1260,Bjuv,2024,2,90.19186237495302,-3.5481338794885176,-0.8049115874928127,0.0015720192068688905
1261,Kävlinge,2023,2,51.07222022749001,-4.9729294473481644,-1.1133064778518866,0.0013105686546408364
1261,Kävlinge,2024,2,49.45664355080806,2.457018425359692,0.5498794033721217,0.0003095250464116829
1262,Lomma,2023,2,56.11132534056533,-4.0140337500346135,-0.9254252284685107,0.003551525334997663
1262,Lomma,2024,2,57.59067507207678,2.6156773454834052,0.6031245308175053,0.0015141737185590475
1263,Svedala,2023,2,55.16056141233021,1.4223103388414984,0.3194846731135911,0.00014292081925948926
1263,Svedala,2024,2,56.777241886064765,3.0166599840849315,0.6774584941986048,0.0006318412103421815
1264,Skurup,2023,2,71.3282434072853,-2.8862767386416834,-0.64847616433991,0.0005988161111506785
1264,Skurup,2024,2,66.36399356376305,3.9909979562088864,0.893945636123424,0.0008876984613712512
1265,Sjöbo,2023,2,56.27899460630314,4.532859074820493,1.018865318993456,0.0015245833674717778
1265,Sjöbo,2024,2,61.11753471263647,-1.3357691854088785,-0.299502103420756,0.00010891717898498042
1266,Hörby,2023,2,64.58683737839571,-1.3208765185946234,-0.2953943563939744,8.278634491774946e-05
1266,Hörby,2024,2,64.21042224910471,-2.9715069425888387,-0.664563284790107,0.0004210457703147552
1267,Höör,2023,2,68.65631218059083,-2.875925440259337,-0.6473641656967589,0.0006777993465084682
1267,Höör,2024,2,66.70222940280642,1.1137313233038668,0.24972176806042137,7.583026365535152e-05
1270,Tomelilla,2023,2,61.090313902196044,-1.0610313253292816,-0.23704017117193,4.743201386050793e-05
1270,Tomelilla,2024,2,61.331048724396,9.861853981080941,2.2101183089971164,0.005687456912697062
1272,Bromölla,2023,2,54.20142181113709,-2.273113281772389,-0.5076396694014659,0.0002079329708399241
1272,Bromölla,2024,2,52.916597464238,2.4162012526826047,0.5398480415936229,0.0002490693149613988
1273,Osby,2023,2,51.68177303293532,3.0259944018273828,0.6744591366476929,0.00027707992984554546
1273,Osby,2024,2,54.66679561041169,-5.388970631652128,-1.202820981912404,0.0010864266043703642
1275,Perstorp,2023,2,78.64777588775641,8.474988006822315,1.9199205993635855,0.008407139212985129
1275,Perstorp,2024,2,84.36457193685072,-9.450957562282653,-2.1436859275205817,0.011080523144634239
1276,Klippan,2023,2,71.5629324816762,-1.0331124737768533,-0.2308305657533665,4.562785139250392e-05
1276,Klippan,2024,2,70.98730358376693,-2.623297712704499,-0.5861465583646995,0.00029524918318706163
1277,Åstorp,2023,2,79.88852074485064,10.03735117154261,2.274319858494545,0.011907281407714606
1277,Åstorp,2024,2,82.73051050815782,3.7185137486358997,0.8401890464421083,0.001417374994338401
1278,Båstad,2023,2,75.35345117463946,3.015075723299205,0.6830498801019891,0.0010652355554790884
1278,Båstad,2024,2,73.99310786721102,-1.0491418120506637,-0.23692245029655284,0.00010953926718907887
1280,Malmö,2023,2,64.98853188703556,1.2826999531999235,0.29390055375071905,0.0003007308776162142
1280,Malmö,2024,2,68.36141445784776,-2.7757628404275323,-0.6358161445541196,0.001394918948725027
1281,Lund,2023,2,88.83476188194084,11.527512464123262,2.7636590102560863,0.06532845859261904
1281,Lund,2024,2,100.35742932937383,-4.157110156184373,-1.0129931764781075,0.010764371006035197
1282,Landskrona,2023,2,62.808470954416336,-1.6636498062006098,-0.3762143799992353,0.0002965977347115603
1282,Landskrona,2024,2,61.23042658211421,1.5271882480449506,0.34165604620900264,0.00011503662031321102
1283,Helsingborg,2023,2,59.80559774212304,-0.40279811752124317,-0.09037183487128138,1.0450908196445122e-05
1283,Helsingborg,2024,2,60.909057048555816,1.4483474000966368,0.32597416711643096,0.0001703279054149055
1284,Höganäs,2023,2,57.64314371641904,-4.083749540559786,-0.9210237547758529,0.0015418225479443433
1284,Höganäs,2024,2,54.38528637351691,6.114186014805284,1.3762436714072048,0.0030568765095647017
1285,Eslöv,2023,2,64.29442695966665,6.589828971318255,1.4707702691479265,0.0016120063291889053
1285,Eslöv,2024,2,70.29928616514846,2.777857182884304,0.6191941509438957,0.00023616069612906928
1286,Ystad,2023,2,54.359601956823134,3.2694287849273564,0.7360912174933736,0.0008877581443355843
1286,Ystad,2024,2,57.51191944493954,-0.17061252411476602,-0.03838461721471777,2.304302311145663e-06
1287,Trelleborg,2023,2,52.458767079882335,1.0396136939373335,0.23225408335019398,4.550589585464822e-05
1287,Trelleborg,2024,2,52.59544071307977,4.3763589865119314,0.978997715975007,0.0009382867282533585
1290,Kristianstad,2023,2,44.15820613209695,1.0358788956294802,0.23341048580565735,9.382233370672027e-05
1290,Kristianstad,2024,2,45.295180480006195,0.028335652387092125,0.006399962337334324,8.063790346312636e-08
1291,Simrishamn,2023,2,55.46492550573892,2.7040440122444167,0.6137919801275092,0.0009377182973564689
1291,Simrishamn,2024,2,58.813929817749084,0.9531427073964949,0.2155251731277458,9.696815093184378e-05
1292,Ängelholm,2023,2,54.59274583147397,6.165957863974697,1.3807844504255917,0.0020710693897993075
1292,Ängelholm,2024,2,58.120209246845334,-5.4711292202436965,-1.2242730723898552,0.0015140018484882441
1293,Hässleholm,2023,2,47.659769258744646,2.6264044362458776,0.5857807803183975,0.00023189537628591703
1293,Hässleholm,2024,2,50.41181455225441,-0.7706432739031044,-0.17209398440489027,2.374335631825127e-05
1315,Hylte,2023,2,52.60891250995471,1.1827177454098887,0.2674065524465489,0.0001484288095500253
1315,Hylte,2024,2,54.48790576638178,-2.3105813254245433,-0.5201378947241888,0.0004392484771660961
1380,Halmstad,2023,2,50.24732159917296,2.911588000433831,0.6578216057865997,0.0008658064148223401
1380,Halmstad,2024,2,53.20772944120884,-2.794849082248014,-0.6282393355722862,0.0005817297042459395
1381,Laholm,2023,2,52.845272943479166,2.2271908246367786,0.4974967897524662,0.00020540524819914922
1381,Laholm,2024,2,53.710526916752634,-1.6706698007533873,-0.37267957611952696,9.617916182567154e-05
1382,Falkenberg,2023,2,41.97335385342453,-0.55788302044499,-0.1247504675071309,1.4615717921782668e-05
1382,Falkenberg,2024,2,43.145939780505344,-0.8534413120768392,-0.19084571168340422,3.4288795218804835e-05
1383,Varberg,2023,2,43.138500515034735,-3.2555879647237234,-0.7295782503054655,0.0006179506395470295
1383,Varberg,2024,2,41.962806631444465,-0.07776247334398789,-0.017431182812851206,3.6093538469985005e-07
1384,Kungsbacka,2023,2,43.224725310649184,-1.159648780930432,-0.26151340377858123,0.00012358056395615226
1384,Kungsbacka,2024,2,45.539424368441665,-0.30210620357780726,-0.06815472824756925,8.580933020694763e-06
1401,Härryda,2023,2,68.61553270625153,-6.446253709386326,-1.4546909568640944,0.003973350424527729
1401,Härryda,2024,2,63.2705123635292,-2.2250907701487037,-0.49980696379209655,0.00034971959185094734
1402,Partille,2023,2,80.25386394109678,11.766759677857308,2.655781722264197,0.013365014695697206
1402,Partille,2024,2,86.84441236081196,-1.5302379818543415,-0.34550739181636014,0.00023085182112796704
1407,Öckerö,2023,2,45.21374971301841,0.9676996980120904,0.21736550679128158,6.60940740402462e-05
1407,Öckerö,2024,2,47.93858969641198,-0.957147366132439,-0.21479031390773357,6.001913366001321e-05
1415,Stenungsund,2023,2,55.69557521970323,-5.447926091858854,-1.2179738868079135,0.0013610923727336243
1415,Stenungsund,2024,2,52.616333733155535,0.27225195497056376,0.060993825421014454,4.2071946402613285e-06
1419,Tjörn,2023,2,52.364271844891846,-4.117027945474035,-0.9288371521041637,0.0015977552313961808
1419,Tjörn,2024,2,55.152002860688725,-7.239996894991485,-1.6708344255287229,0.011880003214991176
1421,Orust,2023,2,51.61547703954636,-3.0926830657643265,-0.6946396764878447,0.0006720422080584272
1421,Orust,2024,2,49.21375659168569,7.130693642811444,1.6012612026531954,0.0035142091106828417
1427,Sotenäs,2023,2,60.32806215716398,-9.400090438206838,-2.136909243618951,0.01208062095904849
1427,Sotenäs,2024,2,53.558179245406954,4.987514954944537,1.132574688199161,0.003247081552672712
1430,Munkedal,2023,2,51.879852181541416,-0.36585484770024124,-0.08148179930055233,3.524944263047955e-06
1430,Munkedal,2024,2,52.757691968165695,-6.881702012592967,-1.531363142896719,0.0010436011771330195
1435,Tanum,2023,2,52.10072937584068,-0.6432867019191875,-0.14469852226310914,3.23142287729885e-05
1435,Tanum,2024,2,53.131233945804155,-4.591345117807599,-1.0317081176526428,0.0015310639897593318
1438,Dals-Ed,2023,2,48.02735332632651,-3.7372968782153535,-0.8384122488029263,0.0008919266130747091
1438,Dals-Ed,2024,2,47.5153476409306,-2.3568587134447085,-0.5273612020561756,0.0002791781606224631
1439,Färgelanda,2023,2,60.79633921182101,-5.620709743372139,-1.2577745315612316,0.001601827562649254
1439,Färgelanda,2024,2,55.57959995196459,-0.3725736031565603,-0.08314016864068907,5.0349960948441154e-06
1440,Ale,2023,2,61.78700427666075,-0.9474554879040511,-0.21183387523717895,4.1485897032454684e-05
1440,Ale,2024,2,62.31153294500708,-3.6487136915689646,-0.8147088370816765,0.000524417313327383
1441,Lerum,2023,2,51.98974321464343,-1.1500415718483907,-0.25861694895654325,0.00010138141146414425
1441,Lerum,2024,2,52.10568991893358,-5.032015372227129,-1.13027976814424,0.0017852950207768279
1442,Vårgårda,2023,2,53.39984711102849,1.4289642584805549,0.3206040319663554,0.0001315775217908957
1442,Vårgårda,2024,2,54.19166675768842,6.173893607871946,1.3869128831372477,0.002709011084618323
1443,Bollebygd,2023,2,59.88197137447044,6.695651146848789,1.4946543559578276,0.0017051258160937154
1443,Bollebygd,2024,2,65.7595619665051,-2.507164496601,-0.5607708323854377,0.0003029697793805831
1444,Grästorp,2023,2,44.65316212608983,6.0389104965957685,1.3664481019035208,0.004029778987819631
1444,Grästorp,2024,2,55.24147910961755,5.6046054988432985,1.2618212350075804,0.002606078192901193
1445,Essunga,2023,2,55.307333840497094,-1.205495085192993,-0.27023706441915807,8.713964164397368e-05
1445,Essunga,2024,2,54.98479073193652,-7.682632458555226,-1.720690148879157,0.003263110113578556
1446,Karlsborg,2023,2,56.53197971469994,-1.7238788791242428,-0.3872338907737283,0.00021035136933270204
1446,Karlsborg,2024,2,53.94426203005473,-8.094909901334809,-1.8155457394006436,0.004100854316391948
1447,Gullspång,2023,2,64.28055863538107,1.747962560164936,0.3932791077516873,0.00024271929100280908
1447,Gullspång,2024,2,62.85934191394893,-0.44630275672372477,-0.10009107537145401,1.2394328248693226e-05
1452,Tranemo,2023,2,50.87279678743026,-0.8854198624113252,-0.1995192771199799,6.878409414158911e-05
1452,Tranemo,2024,2,49.912174740264,2.2881800194285447,0.5135835841293681,0.0003484504969372872
1460,Bengtsfors,2023,2,46.315906981331814,3.0384375141814246,0.6797711628249367,0.0004571139828252481
1460,Bengtsfors,2024,2,49.06246451321352,3.3835469455788996,0.7556533682243298,0.0004628717602859258
1461,Mellerud,2023,2,51.59286638819318,1.871399842030499,0.41829389534545125,0.00015676998650549713
1461,Mellerud,2024,2,54.57457812930073,-9.833084536724506,-2.205737201725833,0.006131983279460653
1462,Lilla Edet,2023,2,70.42671791033453,-1.1074332853518598,-0.2488095725316479,8.805769309583969e-05
1462,Lilla Edet,2024,2,68.38596384234746,-1.428478729482208,-0.31935163239776126,9.33000728631896e-05
1463,Mark,2023,2,45.80551733443403,-0.944803757195956,-0.21168334216589133,5.099379462631117e-05
1463,Mark,2024,2,46.744496862429976,-5.953713190121626,-1.3317316289018477,0.0017195980327693989
1465,Svenljunga,2023,2,65.63764657045174,-3.178310200900661,-0.7140305527132264,0.000721713961384316
1465,Svenljunga,2024,2,60.46214342227219,0.6711961143426777,0.15023313492190368,2.3407966532152322e-05
1466,Herrljunga,2023,2,53.43570791838555,0.6899143673892567,0.15483719042998065,3.144010317758025e-05
1466,Herrljunga,2024,2,57.36077387584631,-1.1324912602835013,-0.254885684048772,0.00010414048618794348
1470,Vara,2023,2,49.98270513921555,-1.4952160317837055,-0.3351142384643643,0.00013160568055676616
1470,Vara,2024,2,49.524305246703605,0.8237802828836678,0.18432971119556635,3.418236587627676e-05
1471,Götene,2023,2,45.565039761684154,1.492003663947557,0.3368367512569133,0.00021808691595174944
1471,Götene,2024,2,46.95440340313008,3.1735508344131986,0.7180542454278541,0.0011099625356424615
1472,Tibro,2023,2,53.644207792999595,-2.461715735110431,-0.5526342710616328,0.00040915529119533956
1472,Tibro,2024,2,53.60677455331525,0.4591982813998712,0.10265532361573376,9.605720220497635e-06
1473,Töreboda,2023,2,47.57523638455394,3.403868746175739,0.75810168649818,0.00030551334776240626
1473,Töreboda,2024,2,51.24610925375134,0.285462127427472,0.06358287714360368,2.1839260703049114e-06
1480,Göteborg,2023,2,64.26215863284128,0.30444231718320225,0.06917740179849587,1.2434418537598503e-05
1480,Göteborg,2024,2,66.54904788854411,-3.655057317223914,-0.8298767052572705,0.0017328205630189324
1481,Mölndal,2023,2,83.55376515923237,-1.0403673652606642,-0.2360666547630062,0.00013655914690402168
1481,Mölndal,2024,2,84.7889094089557,3.2256523384539832,0.7271794175520745,0.0009374400378958843
1482,Kungälv,2023,2,61.52492455111911,0.03980378070774293,0.008883340751094976,5.846220549935828e-08
1482,Kungälv,2024,2,61.267215821215984,-3.7870417111450294,-0.8468554996538639,0.0006752396633183001
1484,Lysekil,2023,2,45.17301185206028,-5.1558309514947425,-1.1625562018277678,0.0024254238301236767
1484,Lysekil,2024,2,43.42295697363661,4.9699386904174645,1.1251760886197566,0.0028038224275015334
1485,Uddevalla,2023,2,44.826563883462065,-0.3879627790707971,-0.08692253293767595,8.59331135897485e-06
1485,Uddevalla,2024,2,47.63187076212987,-1.7978065628665831,-0.4023299388547912,0.00016495383584498683
1486,Strömstad,2023,2,55.68647355009957,7.462828913539489,1.7094031656625408,0.010076774257531123
1486,Strömstad,2024,2,59.9783239861824,-2.5684441463960184,-0.584056044250648,0.0009132397678766309
1487,Vänersborg,2023,2,53.66835194563655,1.2151829938815908,0.2728988127427225,0.00010259281338490326
1487,Vänersborg,2024,2,55.355147454126914,-0.9858759574110465,-0.2212531524884443,6.40474137297513e-05
1488,Trollhättan,2023,2,51.2108088321178,1.3682035762582814,0.3092036931438341,0.0001939412766956609
1488,Trollhättan,2024,2,55.38376941348126,0.3930554937268482,0.08861583202972347,1.3983993580261453e-05
1489,Alingsås,2023,2,47.44291724405632,0.07725641457234644,0.01724554562047286,2.2661470891627841e-07
1489,Alingsås,2024,2,49.174376569537536,1.1977970178413315,0.26733205868953774,5.3209141435155856e-05
1490,Borås,2023,2,50.53353532446631,-1.6557777148600508,-0.372518781026768,0.00021702533710832452
1490,Borås,2024,2,51.23791484093548,-1.8960386657143644,-0.4256239039530921,0.0002417938050139505
1491,Ulricehamn,2023,2,49.99280444085774,-4.271913142575762,-0.9539930475063003,0.0007318627681037003
1491,Ulricehamn,2024,2,47.28242018549588,-4.977036955557921,-1.1094230868288557,0.0007608356407004036
1492,Åmål,2023,2,43.19579136196381,1.0320946950077001,0.23102609809627822,5.567083211888048e-05
1492,Åmål,2024,2,46.81853556572985,0.8885029022694724,0.1983801174686167,3.087850796192071e-05
1493,Mariestad,2023,2,42.980101369325965,-3.705544628140423,-0.8329363661629143,0.0010214245644659845
1493,Mariestad,2024,2,44.47284665188637,-2.3299023407770676,-0.5233524593681889,0.00038357416118647944
1494,Lidköping,2023,2,36.2806412022876,0.44942120675061403,0.10068905431540584,1.1498327335735788e-05
1494,Lidköping,2024,2,40.26382700902248,-3.776504807414561,-0.845314527945007,0.0007431010463821904
1495,Skara,2023,2,56.581424866056004,3.2448858447834965,0.7248888102957812,0.00044089972849943864
1495,Skara,2024,2,63.05882244309714,-1.637963940932174,-0.36707678986892583,0.0001567534283399133
1496,Skövde,2023,2,53.69144138807274,2.5037008309948305,0.5792727582329269,0.0015208935698322686
1496,Skövde,2024,2,57.70897537530811,-1.6006901783083691,-0.36436535696266786,0.0003697861071246714
1497,Hjo,2023,2,45.78961563515802,4.329200523839603,0.967353743407135,0.0008083273182112279
1497,Hjo,2024,2,51.70494689053395,1.9848926816585646,0.4431930533557328,0.00015487894113677976
1498,Tidaholm,2023,2,40.113210439322025,0.31049857228324385,0.0698073763360798,7.269053238984219e-06
1498,Tidaholm,2024,2,42.59026393580456,-2.059221374305146,-0.4624464240347006,0.0002945228476490663
1499,Falköping,2023,2,44.61492880658149,-0.7241707210430093,-0.16159708753532226,1.898334512339005e-05
1499,Falköping,2024,2,46.57015694363561,-1.54790491656739,-0.3455119579056917,9.030386417864547e-05
1715,Kil,2023,2,47.128692812847696,-3.1899257462361916,-0.7124972639675535,0.0004177140932150572
1715,Kil,2024,2,45.92220048226158,0.6742674723027164,0.15055449468657794,1.790255594525419e-05
1730,Eda,2023,2,46.23216670589884,3.538394536600279,0.7973559700689233,0.0011001314402552971
1730,Eda,2024,2,50.20527346057762,-3.3674227710864173,-0.7600117763543979,0.0010927549113050681
1737,Torsby,2023,2,39.574845579454305,3.1932232709891863,0.7222385623204703,0.0011028478280704918
1737,Torsby,2024,2,41.49207541463755,-0.1529710952311376,-0.03454522896255212,2.3307143362295645e-06
1760,Storfors,2023,2,59.51370783928535,-9.00068495057186,-2.025281771011798,0.006476933094477299
1760,Storfors,2024,2,54.957389941566134,13.680413648718982,3.0809653929459864,0.015841325886578852
1761,Hammarö,2023,2,51.875878709516506,3.67311774857086,0.8381324269200864,0.0021359858023838295
1761,Hammarö,2024,2,56.89592051148956,-2.2231333175159236,-0.5076124219694322,0.0008016951396651838
1762,Munkfors,2023,2,68.74753155446788,0.20858727900173335,0.04751536560281931,6.46226806144284e-06
1762,Munkfors,2024,2,65.86431867872,1.9977502867972419,0.4513668661870261,0.000408128508505129
1763,Forshaga,2023,2,51.7013496207579,6.974330739789856,1.558582464821048,0.00212658597071105
1763,Forshaga,2024,2,57.980670310139445,-1.8174758656950019,-0.4060694531333442,0.00014066074731633915
1764,Grums,2023,2,51.57481994587134,6.6122177045647845,1.4823599894794781,0.002636027975057895
1764,Grums,2024,2,55.74588148277412,-2.769426573844754,-0.6198476479698213,0.0003965622181549162
1765,Årjäng,2023,2,39.56973104416748,-2.9782016799705744,-0.6705555601465881,0.000738953313038032
1765,Årjäng,2024,2,38.999683720368004,1.1020974501154583,0.24847408218426523,0.00010999752479285374
1766,Sunne,2023,2,46.3162497904022,0.14492034277152044,0.0323539958619232,8.113589072039443e-07
1766,Sunne,2024,2,49.118296237967314,1.1961691708377202,0.2671504482509036,5.806838677279152e-05
1780,Karlstad,2023,2,60.758738076150316,1.3806590421120006,0.3096087039031806,0.00011770935411613505
1780,Karlstad,2024,2,64.19239279945496,-0.9302909275900291,-0.20902126020479928,6.237544669071545e-05
1781,Kristinehamn,2023,2,44.79019100919957,-3.7270848245415493,-0.8332478828235487,0.000636732671347166
1781,Kristinehamn,2024,2,44.895485670802856,1.6611736994615,0.371807997274762,0.00014296386727773248
1782,Filipstad,2023,2,48.249064375095756,-4.896463219026394,-1.1017396325642148,0.0019128417652301169
1782,Filipstad,2024,2,48.234540167699286,-2.203443604687827,-0.4976934618766857,0.0004885863350268199
1783,Hagfors,2023,2,44.61751114060867,-0.06133915725222039,-0.013772703097265094,2.577813948077093e-07
1783,Hagfors,2024,2,43.79679506339241,-1.232423019251577,-0.2775004235647905,0.00012697831656218004
1784,Arvika,2023,2,35.285838167380255,-1.760411798717378,-0.39393240569036264,0.00015697487791795057
1784,Arvika,2024,2,36.67819215446592,-1.292432574084657,-0.2886602036654799,6.810209404892301e-05
1785,Säffle,2023,2,44.28771056825839,-5.982467746327806,-1.3362472963067424,0.0014708260537970599
1785,Säffle,2024,2,40.63653796266068,4.534278870683835,1.0126646113072064,0.0008329562356180157
1814,Lekeberg,2023,2,59.83128351548698,-19.045785026060997,-4.274233656561872,0.02386855880348957
1814,Lekeberg,2024,2,47.178073393568475,8.596967275732013,1.945022108614208,0.008114545036314862
1860,Laxå,2023,2,57.60317970766584,5.52216138747697,1.2407894890646227,0.002204327245504694
1860,Laxå,2024,2,60.23042401001713,3.5718994271947437,0.8080911697169991,0.0013978271388387451
1861,Hallsberg,2023,2,64.97996318592523,-2.3875531317113285,-0.5364160461928342,0.0004092409169251345
1861,Hallsberg,2024,2,60.084367736393254,2.13647593606332,0.47723252758909396,0.00018896887793865924
1862,Degerfors,2023,2,53.10348680159597,-0.3087876458836689,-0.06923334301350703,5.8052816336274345e-06
1862,Degerfors,2024,2,52.231005160968955,1.0132285100808431,0.22652100554570884,4.701068247353351e-05
1863,Hällefors,2023,2,62.14295593578069,-1.9428019711925444,-0.4427912803980679,0.0005719062912003471
1863,Hällefors,2024,2,61.367378989093815,-13.273722922015821,-3.0019518202985473,0.018965520802263262
1864,Ljusnarsberg,2023,2,57.827970790092735,-4.27680219467635,-0.9742912956117764,0.0027224382641011387
1864,Ljusnarsberg,2024,2,56.2798807844342,6.205813882537647,1.4091518966528453,0.005015283647778984
1880,Örebro,2023,2,53.99573220370191,1.7815602631003031,0.39997446663049097,0.00021553143113433546
1880,Örebro,2024,2,56.78228441972196,-0.8437306542667358,-0.1896118429383981,5.209520869306983e-05
1881,Kumla,2023,2,61.63352290595666,-3.2750222841765932,-0.7333967541178948,0.000584202452208683
1881,Kumla,2024,2,57.37409192387556,3.8225043461301738,0.853560434037473,0.0005796562997937934
1882,Askersund,2023,2,45.33021232158489,3.807268075696868,0.8538650551353938,0.0009037286292544789
1882,Askersund,2024,2,48.55380815625072,1.8077845944681101,0.4054585798537419,0.00020470803261930174
1883,Karlskoga,2023,2,42.437322021741565,4.55385474042756,1.0320155029028983,0.002470929036854498
1883,Karlskoga,2024,2,47.79167826762489,-4.385448976703749,-0.9929418645564272,0.002193074076417241
1884,Nora,2023,2,50.12624420940316,1.816919430382292,0.4044475221232786,7.827598320238322e-05
1884,Nora,2024,2,53.368610976076134,-2.047998136523546,-0.45601996949014023,0.00010569077369589221
1885,Lindesberg,2023,2,46.405711523981886,0.00507329484003094,0.001131891400566538,9.080414664257739e-10
1885,Lindesberg,2024,2,45.43376088843076,1.7552110661087994,0.3921168249759766,0.00012952097739950223
1904,Skinnskatteberg,2023,2,56.25069142168097,10.906622285770737,2.459167785022198,0.010827558210601529
1904,Skinnskatteberg,2024,2,66.68830182023983,-6.302963474375169,-1.4173964061717321,0.003046752540447765
1907,Surahammar,2023,2,55.489042929834184,-0.12363121249977382,-0.027649487347903862,7.287228305823697e-07
1907,Surahammar,2024,2,56.49887058429154,3.0237297204316747,0.6774886587845422,0.0005238457891576856
1960,Kungsör,2023,2,62.183198820257914,-4.217214786936154,-0.944845799350518,0.0010138627123813038
1960,Kungsör,2024,2,59.27040484495062,8.592489104899855,1.9223091337831928,0.0036483842651883988
1961,Hallstahammar,2023,2,59.19726958499279,2.1093234256953366,0.471603034885182,0.00020545294209813552
1961,Hallstahammar,2024,2,61.04819861807558,-4.962208105855559,-1.1066885078516369,0.0008211005172634436
1962,Norberg,2023,2,63.22416193707959,-1.0526919352670134,-0.23595582868878384,6.577659118636069e-05
1962,Norberg,2024,2,63.80416116299561,-4.559847149789448,-1.022655351732855,0.0012971341907900768
1980,Västerås,2023,2,49.976894055830215,-1.0923755104030022,-0.24484945511475303,7.079705350791733e-05
1980,Västerås,2024,2,51.314844171344944,0.47991907927447386,0.10740675966759095,1.1821658401342685e-05
1981,Sala,2023,2,45.14623493471069,-3.2698948480699883,-0.7294120158869318,0.0003677046799339422
1981,Sala,2024,2,44.64290222876808,3.074122680394467,0.6854707691787741,0.00030594563797820153
1982,Fagersta,2023,2,56.63958868289759,2.6555255207024686,0.6093008643496199,0.001348016654580834
1982,Fagersta,2024,2,59.32900676903367,-4.5554449575281595,-1.0404696696349849,0.003403176808637549
1983,Köping,2023,2,46.65658058662924,0.34472821312439805,0.07724120679968954,6.827716103785575e-06
1983,Köping,2024,2,48.46329858989946,-3.9998526728408876,-0.8947919729976072,0.0007855766569229215
1984,Arboga,2023,2,55.26145933503133,2.58741939657844,0.5775487809365025,0.0002525603439886007
1984,Arboga,2024,2,58.41182386719964,-2.6178324508906243,-0.5834012152535811,0.0002023933376063565
2021,Vansbro,2023,2,35.31442619703139,-0.8316675763417294,-0.18868467918216683,8.671684598852704e-05
2021,Vansbro,2024,2,40.7305262463862,1.1829808626185425,0.2704844208930767,0.000238341956165307
2023,Malung-Sälen,2023,2,45.24211764068889,6.219870663404677,1.4290915587335042,0.00771743442807692
2023,Malung-Sälen,2024,2,50.40733774086444,2.255037917415251,0.5185046901391839,0.0010372485505351424
2026,Gagnef,2023,2,43.34064608188685,-2.4010487664506073,-0.5379854914176615,0.0003310415403509511
2026,Gagnef,2024,2,45.45913049108187,0.7658309881168961,0.17174086971035363,3.631606299627225e-05
2029,Leksand,2023,2,51.440601180890724,0.42002339057346916,0.09388372090996581,7.901215709758957e-06
2029,Leksand,2024,2,52.818916446823025,4.564736028853993,1.0226910294626648,0.00118622228657404
2031,Rättvik,2023,2,46.225592682464175,3.674787683411573,0.821159625993166,0.0005852668541868996
2031,Rättvik,2024,2,52.447061316482014,-2.6198199998789917,-0.5883140595680124,0.00047497844644096344
2034,Orsa,2023,2,60.69630036211825,-1.05530441538982,-0.23661688956247556,6.797487698014977e-05
2034,Orsa,2024,2,59.3253579011769,-7.216176759737692,-1.614482880220153,0.002586972420787371
2039,Älvdalen,2023,2,40.48203136496978,-1.3710485391651872,-0.3087267570505193,0.00015756200490295256
2039,Älvdalen,2024,2,43.608690587944444,1.872274247859103,0.4211761580694115,0.0002752397078725941
2061,Smedjebacken,2023,2,45.90188347930548,-0.08496787406402717,-0.018989223725765305,3.178033766093367e-07
2061,Smedjebacken,2024,2,44.648113677232814,-0.29811829702399706,-0.06659265403091055,3.6853258272249036e-06
2062,Mora,2023,2,43.79722191961563,-1.9682386706869224,-0.4389915943911969,0.00013045866068118694
2062,Mora,2024,2,43.99585638255319,1.8658768209521597,0.4165476449508626,0.00013380493859788795
2080,Falun,2023,2,43.488719062274384,0.7549377909913773,0.1690623550006044,3.111824267040376e-05
2080,Falun,2024,2,46.60321837570223,-0.3107836438647098,-0.069400748993989,3.854256522887541e-06
2081,Borlänge,2023,2,47.1013142478118,1.1445541198309925,0.2563302863726084,7.196582973602867e-05
2081,Borlänge,2024,2,52.03243896725047,-2.6206742613681158,-0.587349006342993,0.0004038124609444843
2082,Säter,2023,2,49.61047468312337,1.7992913935465538,0.4009968688238646,9.614324782374149e-05
2082,Säter,2024,2,52.941659842399766,0.16357048817138065,0.03651428003150216,1.020721021632265e-06
2083,Hedemora,2023,2,48.41461879154042,1.243250221167301,0.2779337160452488,7.043900879068741e-05
2083,Hedemora,2024,2,50.40928986274709,-4.0118027872939095,-0.8959069263361135,0.0006455517463314533
2084,Avesta,2023,2,43.80550686135036,-5.217188837353525,-1.1711448344895001,0.0018291413238635313
2084,Avesta,2024,2,40.834670646845346,-1.0880497787541685,-0.24379369094500866,6.803840430720755e-05
2085,Ludvika,2023,2,44.934760998684574,6.500736312125213,1.4573042849583973,0.0025382318865147533
2085,Ludvika,2024,2,48.421461263377275,9.474461241691436,2.128433130034747,0.00639673884628474
2101,Ockelbo,2023,2,52.23731246163023,-4.4776736981706975,-1.0103149848259798,0.0019022050680848057
2101,Ockelbo,2024,2,49.984687498396596,-1.6907242438034231,-0.3788598278480263,0.0001653954744586886
2104,Hofors,2023,2,47.50134558818242,-5.363517553192018,-1.2106715362496188,0.0027918022819621436
2104,Hofors,2024,2,45.90698465054383,0.31648264823862604,0.0710287782702997,6.621283341934722e-06
2121,Ovanåker,2023,2,29.297530154296705,4.975788717720651,1.1152931228371656,0.0014688818094953668
2121,Ovanåker,2024,2,34.664646062288,-3.6268187102026452,-0.8136968652278543,0.0008458657554729979
2132,Nordanstig,2023,2,51.55068560515661,-1.7107709840253378,-0.38293563189269075,0.00015269095463384263
2132,Nordanstig,2024,2,51.48990092530832,-0.31304927339728295,-0.07003393445200079,4.832827131652147e-06
2161,Ljusdal,2023,2,37.04627996090111,-5.327647961764203,-1.199738877267762,0.002389643213848446
2161,Ljusdal,2024,2,35.140464119351655,0.8584515759587248,0.19303099621668382,5.6195921917885016e-05
2180,Gävle,2023,2,44.09220410142065,0.2902090655229017,0.06498786221105686,4.583797801423442e-06
2180,Gävle,2024,2,46.44078100651984,1.2488894416783154,0.27984177201511706,8.9920619888128e-05
2181,Sandviken,2023,2,39.90162152701096,-0.16360765106605157,-0.036970806332611676,2.7600209541917808e-06
2181,Sandviken,2024,2,41.1704820880924,5.362364627236069,1.2070983986028823,0.0023619170996652186
2182,Söderhamn,2023,2,34.348889245425205,-3.413174385018092,-0.7675404283115353,0.0008928981052028722
2182,Söderhamn,2024,2,35.35766935562894,-1.7051943097947628,-0.38308135478315203,0.00020761963067723066
2183,Bollnäs,2023,2,36.300038985919805,0.5743458100217396,0.12867402338354053,1.873414544478146e-05
2183,Bollnäs,2024,2,38.24901059957945,-1.4391946486592033,-0.3222414540252164,0.00011124900162026634
2184,Hudiksvall,2023,2,37.93814454067626,-0.8283025961949235,-0.18518528463199102,3.155066181220978e-05
2184,Hudiksvall,2024,2,38.98808244113119,-3.9475793501058263,-0.8802442861379551,0.0005053451912412851
2260,Ånge,2023,2,41.77111898496339,0.3849903574452185,0.08612811433982917,7.307985239652848e-06
2260,Ånge,2024,2,43.566321931317326,0.6618956715132782,0.14817541175835078,2.3133990768865896e-05
2262,Timrå,2023,2,49.41744596202913,-2.7241734420747363,-0.609462493220503,0.0003674282604246353
2262,Timrå,2024,2,51.247740675079385,1.774347105298446,0.39675375628500636,0.00014722323193068482
2280,Härnösand,2023,2,46.96174195679026,0.6978670316091851,0.15724280042943053,4.250187199128407e-05
2280,Härnösand,2024,2,50.27584731169807,-1.1630592227729224,-0.2619445128789644,0.00011483284358143519
2281,Sundsvall,2023,2,38.7798262001221,-2.252355001791237,-0.5063158697612027,0.00037893520740292773
2281,Sundsvall,2024,2,40.87715379204412,-2.6431662304578154,-0.5935079364453429,0.00048042555960566994
2282,Kramfors,2023,2,44.35931257085401,1.5824944735564017,0.3579948184784721,0.00027351963560547494
2282,Kramfors,2024,2,45.91568035512435,7.140176942914643,1.6111231862741293,0.004846841005009182
2283,Sollefteå,2023,2,39.542144061606464,-0.23965526389550718,-0.054040952663033805,5.255343238795221e-06
2283,Sollefteå,2024,2,40.51985152369253,-0.5111539807484107,-0.11510370274193046,2.195264984183599e-05
2284,Örnsköldsvik,2023,2,27.9232345303336,1.2775297365830163,0.2874540273830911,0.00013023180597481124
2284,Örnsköldsvik,2024,2,30.327034019817205,1.110658745725786,0.2500855122298341,0.00010318880284299701
2303,Ragunda,2023,2,45.0939535185499,0.08618280082692564,0.01925421689451439,3.1395229479050174e-07
2303,Ragunda,2024,2,46.900030866810866,8.28846505234965,1.8544631343146645,0.003427582074736553
2305,Bräcke,2023,2,65.42418612972634,-8.857535859190186,-1.9946986251277803,0.0066180832490645705
2305,Bräcke,2024,2,56.09772979766734,0.7373986198968652,0.16539495739732296,3.4193238066240626e-05
2309,Krokom,2023,2,57.28108506384619,-3.738282883660233,-0.8422008383202279,0.0012100447196637066
2309,Krokom,2024,2,53.533480969106165,5.522641479873428,1.2393403209391107,0.002001058364340883
2313,Strömsund,2023,2,39.00275442879723,-2.288995767769606,-0.5106495141061342,0.00018258092206826452
2313,Strömsund,2024,2,42.79924926265843,-1.612639446818818,-0.36140169559594953,0.00015195380865158116
2321,Åre,2023,2,81.34984894990835,5.139239625187926,1.1742570522875937,0.0043905643585695755
2321,Åre,2024,2,85.00852947504134,7.562178789356352,1.7290734425768999,0.00974107805099561
2326,Berg,2023,2,54.5284725313483,4.575168925234337,1.0677741389428503,0.00625696458294887
2326,Berg,2024,2,56.78959839092654,5.956603072213582,1.3467557587967502,0.00376455872045272
2361,Härjedalen,2023,2,59.74552597434678,-2.475935042853436,-0.5742620696339539,0.0015835469509357307
2361,Härjedalen,2024,2,56.15518168906923,4.9750394411519,1.1344601896938171,0.0038238219922428623
2380,Östersund,2023,2,53.89138958822544,-2.7516106082467076,-0.6189698486468589,0.0005933869779241037
2380,Östersund,2024,2,54.991053753870276,-4.282363253862577,-0.963626388610395,0.0014696484732690618
2401,Nordmaling,2023,2,44.85369131867025,7.1866897420435265,1.608780659209249,0.0027156875844024262
2401,Nordmaling,2024,2,51.32067388483417,-6.664955071811988,-1.4928700427438388,0.0024731069598258972
2403,Bjurholm,2023,2,52.232892584397575,-0.2737784447042202,-0.061958093309571874,8.344217707813855e-06
2403,Bjurholm,2024,2,55.44798680083867,5.594827951174892,1.2683735317299125,0.0037918253485973255
2404,Vindeln,2023,2,49.35405839747593,-3.39178042640836,-0.7605059716033341,0.0007031452541549208
2404,Vindeln,2024,2,48.75180784542255,1.6450908069680779,0.3696351468738165,0.00019544382182459861
2409,Robertsfors,2023,2,50.05964882480005,-3.4721117328119178,-0.7774374823247481,0.0006489452550484535
2409,Robertsfors,2024,2,48.06186837827115,3.2086846860038847,0.7187231321647288,0.0005744131296465223
2417,Norsjö,2023,2,43.54190542733018,0.5457602199684999,0.12272828402447489,2.282910425098049e-05
2417,Norsjö,2024,2,45.05121102427447,15.180643814435207,3.399546441881642,0.01256890459207379
2418,Malå,2023,2,46.75563371245675,-5.284061806102237,-1.190179514172027,0.0023831862936208995
2418,Malå,2024,2,48.17943586670117,0.7739739915027499,0.17426606430774222,4.995017419358075e-05
2421,Storuman,2023,2,50.54613570726521,-6.247968121426389,-1.4221103578431407,0.005615688090036369
2421,Storuman,2024,2,48.576449754141194,-1.7770952624790084,-0.4051398679796035,0.0004837320350162361
2422,Sorsele,2023,2,47.269797644807255,-0.3489765304377528,-0.07866869494598289,1.0944460419432642e-05
2422,Sorsele,2024,2,52.6496472531408,-7.677224682075888,-1.7376503249670043,0.0066062373411386035
2425,Dorotea,2023,2,45.597250230998824,-7.119268187390446,-1.6154599686178894,0.006403195132949478
2425,Dorotea,2024,2,45.898821127066675,-1.4350024696996329,-0.3251511860374218,0.0002433842416506927
2460,Vännäs,2023,2,58.403239719893634,10.809697690416556,2.430875549241775,0.008965186026035705
2460,Vännäs,2024,2,66.95662756950456,-13.518169400428782,-3.0452531994913086,0.01573651298102145
2462,Vilhelmina,2023,2,34.77002175782055,-0.44142523858057103,-0.10045825292173025,2.7860605430576157e-05
2462,Vilhelmina,2024,2,41.0441664398555,1.498777852968388,0.33993185856104996,0.00027776868185553364
2463,Åsele,2023,2,47.5914958473913,-10.799737201328021,-2.4598331152634496,0.017239973238335645
2463,Åsele,2024,2,45.05912759396612,10.620159711156376,2.4339226137198233,0.0207713565593447
2480,Umeå,2023,2,56.437171138277634,-1.2343399926704919,-0.28384956010069085,0.0003119431095407457
2480,Umeå,2024,2,59.95455507464619,-1.4960190706536096,-0.3443634058427184,0.0004716852133502215
2481,Lycksele,2023,2,41.213690671793735,1.2001306661248776,0.2689202304353113,8.314772693767143e-05
2481,Lycksele,2024,2,44.75197917407029,-7.039485363210417,-1.5750763271055348,0.0024822767589670527
2482,Skellefteå,2023,2,36.94325344484481,23.258988461559518,5.239123297714268,0.0463312762125913
2482,Skellefteå,2024,2,52.202810013827765,11.175308988091622,2.558586308416217,0.022252356029302818
2505,Arvidsjaur,2023,2,42.6520361196336,6.914461508372291,1.5732826268479763,0.006785186273523339
2505,Arvidsjaur,2024,2,45.68834245271398,2.9239091485341717,0.6876799949038528,0.003003230127842234
2506,Arjeplog,2023,2,41.50987015067908,-4.330874366853855,-1.004623987937219,0.004860922458100041
2506,Arjeplog,2024,2,44.179615284112515,1.6072258086154605,0.37072835340409765,0.0005774544447924602
2510,Jokkmokk,2023,2,50.807720681776466,-7.872018482114875,-1.7795363470199232,0.00652008183497982
2510,Jokkmokk,2024,2,46.192053726552274,5.286355122628748,1.1989987969577782,0.003458417963419035
2513,Överkalix,2023,2,46.91057182586534,3.374058155159325,0.7704582418441331,0.0018512262873024256
2513,Överkalix,2024,2,48.69160011778519,7.853229622920836,1.7909717698220857,0.00956741864142106
2514,Kalix,2023,2,38.277959827311356,-0.00691075031900823,-0.0015420244665555868,1.7138527239742463e-09
2514,Kalix,2024,2,40.799650274399966,-2.4655589223110823,-0.5500037378807643,0.0002098524856581963
2518,Övertorneå,2023,2,48.78493016929609,-0.595106294540706,-0.13700092189274057,7.488510942688797e-05
2518,Övertorneå,2024,2,50.96223639741754,5.483413097282977,1.2677783701738792,0.0071604763055659005
2521,Pajala,2023,2,44.18621952399606,6.742072078797335,1.5257769326838926,0.005059608982966168
2521,Pajala,2024,2,50.7595186390305,-3.9778898188153775,-0.9035047193831052,0.0020852000830991787
2523,Gällivare,2023,2,32.76287515248138,3.647973087564786,0.8366239733557573,0.0025064992073752465
2523,Gällivare,2024,2,38.747757321548384,-1.0294262126294527,-0.2366855803333845,0.00021582367294525204
2560,Älvsbyn,2023,2,45.45089177555518,1.1892212913855928,0.26677091882891757,8.989391501874025e-05
2560,Älvsbyn,2024,2,50.5890464684391,-1.8367953750508832,-0.41252542638793027,0.00023563829563231497
2580,Luleå,2023,2,48.03963947205588,-0.30297246933383093,-0.0685666346054025,1.0231444743329105e-05
2580,Luleå,2024,2,50.5423526225767,1.1997529709947727,0.2716054859319471,0.00016297167720007033
2581,Piteå,2023,2,31.471921794206565,1.472533146280874,0.33056223072289914,0.00014608872649593977
2581,Piteå,2024,2,35.24229401881031,1.0382440639752772,0.23316038381299134,7.482996770302535e-05
2582,Boden,2023,2,45.92868990385711,2.5986693632222995,0.5830974563804615,0.0004386505715311489
2582,Boden,2024,2,51.14801852297349,2.900254142718694,0.652219486257599,0.0006462503716698221
2583,Haparanda,2023,2,45.132563708769496,-3.6157281415906795,-0.8606140788731491,0.00571320954827126
2583,Haparanda,2024,2,49.17962929274332,-1.7531185288923794,-0.4123885494516425,0.0010832265589762191
2584,Kiruna,2023,2,45.22029304559803,1.3628656937591686,0.3096703312925002,0.00024887552437412335
2584,Kiruna,2024,2,50.40824596566749,-1.937720682514005,-0.4419915893139251,0.0005866281489966331
0114,Upplands Väsby,2022,3,98.57989240357377,11.789154732149512,2.4931164461667583,0.009760643283089423
0114,Upplands Väsby,2023,3,97.5245867565012,1.1782669653108258,0.25008753174362747,0.00014485480925365837
0114,Upplands Väsby,2024,3,93.57616051941042,-6.6179108125169535,-1.4011875398278826,0.003557019870390014
0115,Vallentuna,2022,3,74.75228543683838,4.126369408072819,0.8730229776961956,0.0012673670247910235
0115,Vallentuna,2023,3,71.96172345009414,-1.4861846201249307,-0.3137356743277728,0.0001192372724303904
0115,Vallentuna,2024,3,70.73317411483829,-2.3371491710756516,-0.4928410799928545,0.00024100974008817858
0117,Österåker,2022,3,79.22569718789968,-3.9479081040948927,-0.8366072915136359,0.0013926169430559729
0117,Österåker,2023,3,66.96609416107685,-7.248550230229888,-1.5287697118277697,0.002395610823236038
0117,Österåker,2024,3,61.2152648357156,5.308124804150225,1.1177196967212732,0.0008748545587210752
0120,Värmdö,2022,3,77.98587378779095,-4.563138785530796,-0.9613332418833298,0.000740861050846073
0120,Värmdö,2023,3,69.66904910288895,-3.348316637250079,-0.7060077763008811,0.000485890148259764
0120,Värmdö,2024,3,67.14771367102811,-2.2608261402036334,-0.4763201909333658,0.0001841498372751416
0123,Järfälla,2022,3,99.3792693775475,13.45714531938674,2.850555215020815,0.01548825090728957
0123,Järfälla,2023,3,102.91669866398696,-3.2642024286110853,-0.6978163197898327,0.0018478210270424873
0123,Järfälla,2024,3,97.19080012540728,16.176260020742248,3.4231469079146977,0.019978095424844015
0125,Ekerö,2022,3,68.11047398481728,-12.827707786280037,-2.7152657764141788,0.012969997791275978
0125,Ekerö,2023,3,53.01939716904967,1.0280896401699948,0.21745187819769124,7.585299263664289e-05
0125,Ekerö,2024,3,58.38244891784265,1.5276168033610844,0.3236807090103264,0.00020589029892341913
0126,Huddinge,2022,3,110.68387812261727,-5.412446556907781,-1.148172349994476,0.002907437984303885
0126,Huddinge,2023,3,98.31660741067257,-0.9061439275265002,-0.19179104307637343,6.415590643205046e-05
0126,Huddinge,2024,3,97.60685293464094,4.008138666702848,0.8485949835582782,0.0012986981985341891
0127,Botkyrka,2022,3,95.85264865603452,-7.241470563502304,-1.5316351469356178,0.003759217456280625
0127,Botkyrka,2023,3,84.05599039630768,2.2064583441727024,0.46631698022369755,0.0003135803394441505
0127,Botkyrka,2024,3,85.56515056970683,3.595998484044273,0.7589592411325442,0.0006730387244801204
0128,Salem,2022,3,91.87146556534094,-18.220013283183263,-3.8495753236653876,0.020530405548578354
0128,Salem,2023,3,69.51027228514215,7.619978130306819,1.6084252719105225,0.0030808822981079316
0128,Salem,2024,3,76.9708493661359,3.454123501859769,0.7284941857679628,0.0005433178570851423
0136,Haninge,2022,3,90.42262798867321,-0.8164529121501687,-0.17286962834880162,5.431254139394803e-05
0136,Haninge,2023,3,81.329657226993,8.554153461621638,1.8114383732640351,0.0060543605016054654
0136,Haninge,2024,3,86.73930252383339,-2.6419736175446786,-0.5623088267802402,0.0009113049822494193
0138,Tyresö,2022,3,73.2726090071734,-3.7598687300164926,-0.7926098036765444,0.0005843053003472525
0138,Tyresö,2023,3,65.48307757661763,-4.8197054008301095,-1.0159806440653139,0.000949579026731714
0138,Tyresö,2024,3,63.31693676535594,1.4464785135232532,0.3049856811588416,9.000258075604456e-05
0139,Upplands-Bro,2022,3,109.22249676084279,5.837309222895001,1.2397041217846592,0.0037456868338233956
0139,Upplands-Bro,2023,3,102.34122965917935,1.9942709108758123,0.42316474479282323,0.0004043559095289587
0139,Upplands-Bro,2024,3,98.66078899575317,1.679967971509825,0.35562931897996675,0.00022446179865995346
0140,Nykvarn,2022,3,72.6005009109453,0.5305004607968158,0.11185771045589761,1.2180631284118877e-05
0140,Nykvarn,2023,3,67.78383213714008,20.842582333827124,4.429525979209995,0.05060226211687387
0140,Nykvarn,2024,3,82.25046626428039,-3.8190937152607773,-0.8396420650828957,0.00689339622517562
0160,Täby,2022,3,89.40873676991323,-1.0767565205021583,-0.22871969274720252,0.0001294897136563403
0160,Täby,2023,3,81.5414480140089,6.407156328038056,1.3603092732702746,0.004393869236201776
0160,Täby,2024,3,84.84713534731938,1.474638680258309,0.3136701823491007,0.0002715126959365895
0162,Danderyd,2022,3,95.34288915149305,-10.826799588297163,-2.318104106174168,0.022111724513602507
0162,Danderyd,2023,3,81.45399843046744,1.6454185780769421,0.35194650980714803,0.0004840298355547474
0162,Danderyd,2024,3,85.68470331952734,8.964487119948373,1.9183314462391046,0.014728941371079565
0163,Sollentuna,2022,3,103.72865366939,5.181717934949106,1.099772077033942,0.0027901991973306724
0163,Sollentuna,2023,3,100.07475448978323,0.8758901254010425,0.18550408542847593,6.441860938936715e-05
0163,Sollentuna,2024,3,99.49023792821187,3.119779592142663,0.6606893402486683,0.0008109071666945664
0180,Stockholm,2022,3,78.33687911229877,-5.035892463937969,-1.070510141481212,0.003014353308216146
0180,Stockholm,2023,3,72.27666985197516,-3.1928096092715776,-0.6774193499835072,0.0010274344286777246
0180,Stockholm,2024,3,73.0654869633735,-0.7664916099391945,-0.16249674593909672,5.4804715869073004e-05
0181,Södertälje,2022,3,77.35977922019372,-1.7149234218612577,-0.3626429147993032,0.00020495080047064102
0181,Södertälje,2023,3,68.5784039079042,0.6868054679188162,0.14522636179535192,3.2644262366349195e-05
0181,Södertälje,2024,3,69.67307886487214,-1.002091312521074,-0.21197933763179552,7.321973607444316e-05
0182,Nacka,2022,3,93.62475949098,-5.805312255717041,-1.2338509120512278,0.003948840908690968
0182,Nacka,2023,3,83.17757889897317,-2.3337077212956245,-0.4954388580622739,0.0005795183778085338
0182,Nacka,2024,3,81.16537542621715,1.8498236604105074,0.3926236796199839,0.00035686929690965274
0183,Sundbyberg,2022,3,149.70850591205567,-4.082465593949507,-0.8817178294469294,0.004618162612650127
0183,Sundbyberg,2023,3,136.8983817107763,17.701704138415295,3.8054337526135127,0.07183249730498664
0183,Sundbyberg,2024,3,144.32130171506236,-8.645856571656878,-1.8641274502891119,0.01939084702598788
0184,Solna,2022,3,154.623772776153,-2.5699401254800875,-0.5565356554997538,0.0020161042730302424
0184,Solna,2023,3,141.68264952358933,-5.120010514388383,-1.106097157056078,0.007336551905483306
0184,Solna,2024,3,135.63910793534714,1.7910987345056242,0.3868116366098338,0.000886833139637454
0186,Lidingö,2022,3,83.91116125335498,-2.4773984519013936,-0.5269075327833636,0.000759701534878262
0186,Lidingö,2023,3,76.67066151089784,-5.401726820060986,-1.1471236996458851,0.003189924967618481
0186,Lidingö,2024,3,73.35390512876884,6.229367914206122,1.3227140238843733,0.004195304470692316
0187,Vaxholm,2022,3,76.78704861760514,-15.26927401469733,-3.244633515535997,0.026860330857362447
0187,Vaxholm,2023,3,61.66802005199587,-3.7006848569378974,-0.7900085683658258,0.002185313060686833
0187,Vaxholm,2024,3,62.252337373025625,2.3729375381569184,0.5051489957901345,0.0007459413256938646
0188,Norrtälje,2022,3,61.203469107659004,0.6533012889134895,0.13835457707565654,3.561967496310784e-05
0188,Norrtälje,2023,3,55.29642207727703,-4.711048806788966,-0.9953607347215807,0.001371995242225621
0188,Norrtälje,2024,3,51.21728717367401,6.813800909227545,1.438971479828746,0.002674036650538722
0191,Sigtuna,2022,3,102.23889775941264,12.631177034326285,2.673003291888388,0.012209153316322316
0191,Sigtuna,2023,3,101.44633708934883,-3.976368119827228,-0.8448965104419515,0.0018110998245788022
0191,Sigtuna,2024,3,94.78717936910571,-1.907159659817708,-0.40412997674687373,0.00032338060193962484
0192,Nynäshamn,2022,3,80.51937215955938,-0.3675897143974538,-0.0779323036718903,1.2653854576334951e-05
0192,Nynäshamn,2023,3,70.486290276291,2.8534213795435193,0.6029638407530239,0.0005140739656137346
0192,Nynäshamn,2024,3,70.79242884603823,5.305546888943283,1.1193901877222174,0.0013779383456391636
0305,Håbo,2022,3,74.29079223211251,-0.3615148325957023,-0.07632930511975247,7.2588700658557746e-06
0305,Håbo,2023,3,65.82682863167803,1.9019082012635664,0.40100893663911225,0.00015537649561121338
0305,Håbo,2024,3,66.45112986828664,-2.0276762488203133,-0.42709037413591294,0.0001386832291573159
0319,Älvkarleby,2022,3,62.28362181999968,1.4046898683120048,0.2957757691055408,6.087163326297694e-05
0319,Älvkarleby,2023,3,58.13923555378384,-4.8588343837044405,-1.0222297110014622,0.0005500116894663551
0319,Älvkarleby,2024,3,54.27199640265555,4.66853961074478,0.981876576652381,0.0004447349989136087
0330,Knivsta,2022,3,88.7179136387955,-4.676787130078466,-0.9981804867564242,0.003446846089201737
0330,Knivsta,2023,3,78.82970639996839,9.99910503191343,2.1148207704740476,0.007133216244314234
0330,Knivsta,2024,3,83.54704390121238,4.878379587675468,1.0328479828154835,0.0019254368291090967
0331,Heby,2022,3,68.46681282478076,4.274328566246211,0.9025742326822045,0.0010339005416206465
0331,Heby,2023,3,64.61281627027938,-7.581511801200385,-1.5985569946914995,0.0024783499627455924
0331,Heby,2024,3,57.87401240065711,5.214171635592457,1.0982379591992748,0.0009113970025418178
0360,Tierp,2022,3,59.38798754178094,-0.24569098941244505,-0.05169648445635739,1.4752087513465171e-06
0360,Tierp,2023,3,55.22032078640155,-3.9298003315343806,-0.8266879870241685,0.000345396320653858
0360,Tierp,2024,3,53.595360078214014,0.18591361397704276,0.03911497331108938,8.162436825399176e-07
0380,Uppsala,2022,3,69.81267910202973,2.286106724351697,0.48522693219877233,0.000545310418068663
0380,Uppsala,2023,3,67.5720396340826,1.253904302427145,0.2660716592507182,0.00016015761052745869
0380,Uppsala,2024,3,69.9952188018717,-1.5036698695447512,-0.3191624113546772,0.00023644735848105716
0381,Enköping,2022,3,65.41554989737216,-4.848755047012688,-1.024693658869071,0.0015035291350475213
0381,Enköping,2023,3,57.529056779125895,1.4869293055258055,0.31448140021762994,0.0001573744461250133
0381,Enköping,2024,3,58.492101794480874,-1.691459700265895,-0.3565015419431806,0.00011306885304143206
0382,Östhammar,2022,3,46.86600296339126,0.08172349561339587,0.017217243554940687,2.385196492202617e-07
0382,Östhammar,2023,3,43.46071604923122,-1.5159208119950662,-0.3192255392614255,7.274811739603942e-05
0382,Östhammar,2024,3,44.068144470423995,-0.7941359782386144,-0.16726102898374373,2.0994118949223222e-05
0428,Vingåker,2022,3,63.911366912216735,-4.897894025010409,-1.0323510555073796,0.0009571896915257949
0428,Vingåker,2023,3,55.99846093619068,3.847970861460631,0.8108748875232137,0.0005612354031741271
0428,Vingåker,2024,3,60.89291793068083,-9.4643465021094,-1.994105843368368,0.0032750633337472546
0461,Gnesta,2022,3,64.50674978033774,1.1150208018186447,0.23480034510281708,3.922031302731971e-05
0461,Gnesta,2023,3,58.924850444660926,-3.542906000216483,-0.7461336310803345,0.00040669233355868946
0461,Gnesta,2024,3,57.33194143286517,-2.872175330578557,-0.604620616288412,0.00023569799824875432
0480,Nyköping,2022,3,54.466961973840064,-0.7450337064885915,-0.15717547539208634,2.6678149345611596e-05
0480,Nyköping,2023,3,50.60461178252109,0.3232232690252985,0.06818875376390658,5.024004362031417e-06
0480,Nyköping,2024,3,52.679409831237294,-1.9629694089145175,-0.4141327019988601,0.00018657818689188138
0481,Oxelösund,2022,3,62.278793055586064,3.417053378304388,0.7290869435238977,0.001805012652098178
0481,Oxelösund,2023,3,61.05675419559185,2.8784845290075225,0.6135951415657084,0.0012051042702141477
0481,Oxelösund,2024,3,61.447479955993735,-2.931978335180837,-0.6252381670993883,0.0012822571898838387
0482,Flen,2022,3,75.97193999096419,-5.602030911377696,-1.1820643305561027,0.001565362727448529
0482,Flen,2023,3,67.05957381561579,-7.511450251663788,-1.5858150410852145,0.00309048795700467
0482,Flen,2024,3,63.34249572420516,-1.7619723548522117,-0.37222149727538306,0.00018794884181380227
0483,Katrineholm,2022,3,51.66430635957161,-0.9765246002374326,-0.2055205597696771,2.5277663756153724e-05
0483,Katrineholm,2023,3,48.984496741825986,-0.9131763828934609,-0.19226806678924346,2.5213660433416686e-05
0483,Katrineholm,2024,3,50.663929510664545,0.8088116031142221,0.1701345053894292,1.4279345575533992e-05
0484,Eskilstuna,2022,3,46.97689407595072,-2.5635431984326047,-0.540396381786011,0.00026957884790448694
0484,Eskilstuna,2023,3,43.55250645403162,-1.4655596419573271,-0.30912269198659,9.95692115133274e-05
0484,Eskilstuna,2024,3,46.07070617758654,-4.1222532425007685,-0.8678494845176843,0.0004987747582486261
0486,Strängnäs,2022,3,66.5916217602036,-2.2973789112184875,-0.4843902612348072,0.00022652019040151356
0486,Strängnäs,2023,3,58.76479942010239,3.495909267617627,0.7369048455643784,0.000496102092773908
0486,Strängnäs,2024,3,62.82239887013785,-0.8072893643764019,-0.1726500207539749,0.00011558368497260608
0488,Trosa,2022,3,70.91362110859401,-6.889230864691569,-1.4539479519407075,0.002449506042575974
0488,Trosa,2023,3,57.62727071938142,3.508100459657882,0.7383128934152509,0.0003252946262002929
0488,Trosa,2024,3,59.53119054740728,1.2311863535105232,0.259290997946212,4.9321982269589144e-05
0509,Ödeshög,2022,3,61.51447667600968,-0.013630334087544327,-0.0028708724467247527,6.21364315433828e-09
0509,Ödeshög,2023,3,55.805352705636366,-1.2495656247498346,-0.2629901578450946,4.1658200221405434e-05
0509,Ödeshög,2024,3,54.96042229346494,-2.8313407582348447,-0.595867336359541,0.0002100744363111465
0512,Ydre,2022,3,49.840065270684,5.006527181121591,1.0559416357743,0.0011493523042260228
0512,Ydre,2023,3,49.52340690050217,-2.506634835613525,-0.5278614820958298,0.00019992099079709996
0512,Ydre,2024,3,49.100897893341916,8.262588041572592,1.7405300741075858,0.002365510524470712
0513,Kinda,2022,3,51.60581325320917,-2.1421660541626864,-0.45101875983393797,0.0001377040265768413
0513,Kinda,2023,3,44.5884627140256,-3.1553161968118317,-0.6641604192989868,0.0002758385338222068
0513,Kinda,2024,3,43.31247963174508,4.091356865191749,0.8610837053621433,0.00044576290254986914
0560,Boxholm,2022,3,59.923070182055234,0.46252457967630534,0.09753393525178106,9.441181509691636e-06
0560,Boxholm,2023,3,54.30647358844476,-3.4283276532646028,-0.722655506509783,0.0004765518297108226
0560,Boxholm,2024,3,48.8442945230712,4.626794837088312,0.9762636362708597,0.0010638642698327953
0561,Åtvidaberg,2022,3,49.589774016754106,0.9056196908766978,0.1904461121039161,1.5899234340452867e-05
0561,Åtvidaberg,2023,3,45.40313558951698,-2.9074985912621756,-0.6115495622930751,0.00017880495760232607
0561,Åtvidaberg,2024,3,44.27160117454724,5.000222318955856,1.0516496073772126,0.0005132051218917857
0562,Finspång,2022,3,51.18808361568492,3.735899400340287,0.7892011060904089,0.0008420498791471004
0562,Finspång,2023,3,49.426560814220174,-0.7495072510229761,-0.1583616777396516,3.486191290619731e-05
0562,Finspång,2024,3,50.90033421003389,0.8501166987206759,0.17965449161732094,4.61524076231097e-05
0563,Valdemarsvik,2022,3,59.47609746833652,1.4675460441143358,0.30914933360166835,7.51218812768952e-05
0563,Valdemarsvik,2023,3,54.873251736432465,2.9440138782075067,0.61966001225628,0.00023717996329701734
0563,Valdemarsvik,2024,3,57.31793912063922,10.45614725809832,2.202784206796232,0.003867282021536761
0580,Linköping,2022,3,61.72296181578807,-0.6632820836178936,-0.14071055839659044,4.380602012522055e-05
0580,Linköping,2023,3,58.5454505899185,-0.022356757035176145,-0.004739492377487051,4.647177604024935e-08
0580,Linköping,2024,3,60.74270834496648,-1.9275805442106844,-0.4088435913980379,0.00036323483183314066
0581,Norrköping,2022,3,47.44249897889786,-1.7561704232197997,-0.37029177599658913,0.00013330755523247687
0581,Norrköping,2023,3,44.057800789980824,-1.5400793320335495,-0.32462796474959255,9.586393162191535e-05
0581,Norrköping,2024,3,46.78038841970258,-4.602156939498414,-0.9705843095329115,0.0009572433151302695
0582,Söderköping,2022,3,58.09281501335776,5.207710805706554,1.0963820536668425,0.0007990115517469208
0582,Söderköping,2023,3,55.1724244783723,0.9922355068298288,0.2092266354398507,4.306472507135574e-05
0582,Söderköping,2024,3,55.18410617533735,-0.48128651207411366,-0.1013664820180225,7.666854159966204e-06
0583,Motala,2022,3,41.266583003090425,-0.6747425347406235,-0.14202478153856968,1.2575580426778828e-05
0583,Motala,2023,3,38.15132568149284,0.03930732253203928,0.008271642320581621,3.924070313921944e-08
0583,Motala,2024,3,40.34157560951745,-4.667515156695934,-0.9822365701765972,0.0005587290041135303
0584,Vadstena,2022,3,68.56717665897219,-3.4689277617659258,-0.732571600066616,0.0006910640237799893
0584,Vadstena,2023,3,59.11578699464206,-2.2150606023902384,-0.46645898810748687,0.00015600942916397647
0584,Vadstena,2024,3,57.01395364331324,9.0741638466734,1.9106904919444605,0.0025428953051461786
0586,Mjölby,2022,3,52.72788594264464,0.9407593455433414,0.19819470864375774,3.1548957993226004e-05
0586,Mjölby,2023,3,49.104926462603764,-1.267580437967709,-0.26711955600269166,6.117217826652324e-05
0586,Mjölby,2024,3,48.578678836050834,0.5588015612309221,0.11783277064873898,1.3699527595382097e-05
0604,Aneby,2022,3,61.19642949443677,-6.3898644299584575,-1.3442382125568417,0.0009244943058869994
0604,Aneby,2023,3,53.33484792409894,-3.568356388780785,-0.7518590691520728,0.00046837622988703075
0604,Aneby,2024,3,49.84497384386856,-4.383740947002295,-0.9221220768915228,0.0004188822741033489
0617,Gnosjö,2022,3,47.46679592948125,-2.1182051263449893,-0.4509074408307513,0.0005930177148325924
0617,Gnosjö,2023,3,43.853822382565966,2.544620187193928,0.5419030238919158,0.0008814709104607841
0617,Gnosjö,2024,3,50.32661201740248,-7.286419267429864,-1.5536646108968508,0.007869928865338296
0642,Mullsjö,2022,3,57.867657215527956,8.91407406434459,1.879388696565229,0.0033731739766333325
0642,Mullsjö,2023,3,57.27721499149093,0.26534802817384673,0.05607340032844289,4.468882924818306e-06
0642,Mullsjö,2024,3,55.84112245971374,-2.6412278060397867,-0.5567077259563659,0.0002788388345594863
0643,Habo,2022,3,55.11000468678886,9.256235410712655,1.955476030294602,0.005215405994969683
0643,Habo,2023,3,55.183928160593574,-9.308221945904307,-1.9683762065216508,0.006050723958946616
0643,Habo,2024,3,45.32204631435421,3.355123721317611,0.7088719230669196,0.000695008515174446
0662,Gislaved,2022,3,43.62966291346706,-0.3475490095967686,-0.07336154432872091,6.422453265513515e-06
0662,Gislaved,2023,3,40.45647590811046,-0.5102430550050627,-0.1076199559031622,1.2005421128408417e-05
0662,Gislaved,2024,3,44.225715327049805,-3.204150494315492,-0.6763952727446674,0.000553481079530496
0665,Vaggeryd,2022,3,54.948959806363725,-2.5724955543104073,-0.5425465376781872,0.0003005500430590523
0665,Vaggeryd,2023,3,47.15219072711023,-3.1983726189473813,-0.6742225580473529,0.0004201438705591846
0665,Vaggeryd,2024,3,45.66450482118941,1.6204867471073854,0.3413175609200469,8.813956642795981e-05
0680,Jönköping,2022,3,54.140175106676736,-0.5822826910586727,-0.12290635594240136,1.7942448434821406e-05
0680,Jönköping,2023,3,50.843674900473815,-0.693498040709585,-0.1464410933216127,2.7243879566050232e-05
0680,Jönköping,2024,3,52.025793480027346,0.8816793957498064,0.18621540168226605,4.5463051559196835e-05
0682,Nässjö,2022,3,56.47881224347767,1.4663417760565167,0.3083835031642651,4.299374361160358e-05
0682,Nässjö,2023,3,53.09974788645502,-1.5957033970718015,-0.33556697090989673,4.94025540232819e-05
0682,Nässjö,2024,3,54.16709194477242,-2.4686083914118626,-0.5193213416867564,0.00013790472131593195
0683,Värnamo,2022,3,42.59960301500425,-2.7345044331986443,-0.5756046552347679,0.00020957406749797804
0683,Värnamo,2023,3,37.89500357314242,3.8667952188000143,0.8139729953453679,0.0004231318336971908
0683,Värnamo,2024,3,44.81542420442312,-5.790469077331458,-1.2189096117151172,0.0009481164805127657
0684,Sävsjö,2022,3,52.187868983164954,0.39899704351077503,0.08411268863917147,6.596980608419434e-06
0684,Sävsjö,2023,3,47.163593361256055,-2.0830311397956507,-0.43914733584434834,0.00018185258183332512
0684,Sävsjö,2024,3,47.51114466689449,0.40029700049286987,0.0843348307091577,5.749090410221552e-06
0685,Vetlanda,2022,3,42.09223374091238,1.7772419212854302,0.3743040899873353,0.00010371595409426526
0685,Vetlanda,2023,3,39.58487646333282,-0.9275195646492804,-0.19531623258732037,2.7129899708218813e-05
0685,Vetlanda,2024,3,40.98720890448722,0.35251791911057495,0.07419971212490904,3.4196451468421463e-06
0686,Eksjö,2022,3,56.559542763611724,0.33372635947036855,0.07021074810868465,2.587107766518164e-06
0686,Eksjö,2023,3,52.38672854955779,-2.2458834791352515,-0.4725723216514662,0.0001242326905058794
0686,Eksjö,2024,3,52.528802054863746,3.7324389523304973,0.7853341733347411,0.0003375844723640439
0687,Tranås,2022,3,52.266325653420985,-3.446925525788565,-0.7258195866024271,0.00037013862686873737
0687,Tranås,2023,3,46.166113035740445,1.3412183425586761,0.28233336372560663,5.105117261767946e-05
0687,Tranås,2024,3,48.69253329846734,-3.32594546789327,-0.7007418507941351,0.0004010880166827519
0760,Uppvidinge,2022,3,57.62097251888024,5.449743132001053,1.1535105837473696,0.0023297090176571016
0760,Uppvidinge,2023,3,57.59420668279504,-2.5364500164882244,-0.5368405989670303,0.0005010228842770389
0760,Uppvidinge,2024,3,57.18270772751635,-8.291856828057128,-1.754547301063257,0.005199265926901017
0761,Lessebo,2022,3,69.41117917011508,3.894654654280913,0.8231032072382439,0.000976951102264489
0761,Lessebo,2023,3,70.55138633517565,-4.739830353396698,-1.0045377243175566,0.002030953692433741
0761,Lessebo,2024,3,67.43754145128153,-1.6877525744568231,-0.35618546457965755,0.00014637251639012473
0763,Tingsryd,2022,3,59.095186314888686,1.6513372274387095,0.34765579129847407,8.026298459849251e-05
0763,Tingsryd,2023,3,54.049534902336276,-0.4913284029533074,-0.1034622181042742,7.586098935540275e-06
0763,Tingsryd,2024,3,54.39412902602653,1.1799976662682994,0.24835975205823968,3.7713507944500544e-05
0764,Alvesta,2022,3,55.49005937383422,-3.2118345626578346,-0.6766677505702655,0.0003696192577395398
0764,Alvesta,2023,3,48.596496525190574,5.744820840078887,1.209538757906278,0.000991607896453786
0764,Alvesta,2024,3,56.56551982957462,-7.397592446821214,-1.5589279941058105,0.00208971261740232
0765,Älmhult,2022,3,60.8213777118887,3.18481286958378,0.6704513086776901,0.00029217574262527355
0765,Älmhult,2023,3,58.71312463442413,-8.635051915262856,-1.8173566753365356,0.00198133703016199
0765,Älmhult,2024,3,54.160472737910354,-6.066664320077692,-1.2789587320184852,0.00153642820095089
0767,Markaryd,2022,3,76.1206138500808,-9.32934884909713,-1.976946998453774,0.007756357694315318
0767,Markaryd,2023,3,63.24213462454213,0.2751341329013002,0.05836510905122814,7.505389301911933e-06
0767,Markaryd,2024,3,62.553417767362994,-11.03399736084257,-2.337782325191436,0.01066010195546292
0780,Växjö,2022,3,59.82380515611386,2.6858461610979063,0.5674094265704659,0.00043870826704856843
0780,Växjö,2023,3,58.62203243510014,-1.670385479968651,-0.3528623098645323,0.0001681051484424456
0780,Växjö,2024,3,60.433196601265344,-0.2403843491450175,-0.05094143721803623,5.1760104595299445e-06
0781,Ljungby,2022,3,41.55544135781477,1.136690791186389,0.23925383023622074,3.543605530707397e-05
0781,Ljungby,2023,3,40.39478688783247,-1.2837071817838535,-0.27087530847743135,8.24677214166438e-05
0781,Ljungby,2024,3,41.96547305277107,-4.553874750083658,-0.9579882659670167,0.0004672096099984463
0821,Högsby,2022,3,68.2068224495735,10.410656060455153,2.2035871392747337,0.008516928709575988
0821,Högsby,2023,3,73.79333219034399,-15.49984193657422,-3.2844587433292354,0.02137271803403716
0821,Högsby,2024,3,62.76626325177357,0.19182733270302776,0.0407123334134838,3.8132077862180054e-06
0834,Torsås,2022,3,56.49748749496965,0.4465624908298409,0.09399907653106694,5.571334905308508e-06
0834,Torsås,2023,3,52.81368526011157,-1.1141708356614117,-0.2347593821305896,4.5738899264447475e-05
0834,Torsås,2024,3,52.0003140404941,2.2665817212470216,0.47690774748789594,0.0001246199537440637
0840,Mörbylånga,2022,3,61.275317864274,5.787553577702852,1.2225873970658125,0.0020154776581671192
0840,Mörbylånga,2023,3,57.905929280679544,4.470185684632646,0.9457330349844315,0.0014811621478362056
0840,Mörbylånga,2024,3,59.44913645700613,-3.2977557863946885,-0.6972870347646958,0.0007483242773343339
0860,Hultsfred,2022,3,57.11786117715902,3.3912400742630524,0.7136916961793989,0.0003001090257174405
0860,Hultsfred,2023,3,52.903244789826516,-6.155423713690233,-1.3000026647402076,0.0022010463748353784
0860,Hultsfred,2024,3,48.72158160220862,-3.01105721107281,-0.6337629438958851,0.00024702252934505423
0861,Mönsterås,2022,3,53.13519180763544,-1.7642969597896965,-0.371207565820457,7.436132076537947e-05
0861,Mönsterås,2023,3,46.684294981315354,-1.2297495267699006,-0.25865985389001195,3.1993779171620437e-05
0861,Mönsterås,2024,3,47.07878319424493,2.198131642391388,0.4624654263911339,0.00011348067965480695
0862,Emmaboda,2022,3,54.3174082806304,1.7433598802768415,0.3682580380637527,0.00018161464589331783
0862,Emmaboda,2023,3,49.29341460649266,-8.546948175397254,-1.8026343468331572,0.0033393390340684835
0862,Emmaboda,2024,3,47.657075845393315,0.5330196465009749,0.11304557964834351,2.7564098215941953e-05
0880,Kalmar,2022,3,63.09862300309276,-0.7253274380951211,-0.15294323375082164,2.2945916610389245e-05
0880,Kalmar,2023,3,58.98418274922061,-0.3982124017986095,-0.08399718607573375,7.425874145826463e-06
0880,Kalmar,2024,3,60.19702308520893,-0.9155530147863971,-0.19299242382820436,3.4122665143537745e-05
0881,Nybro,2022,3,53.110819940327254,1.9549338891560737,0.41102828221858745,6.729093276181938e-05
0881,Nybro,2023,3,50.04226522802454,-0.8985571118666869,-0.18897900160567452,1.634262145352947e-05
0881,Nybro,2024,3,50.28625367565159,-1.717259640264892,-0.3611394796105175,5.794100230512097e-05
0882,Oskarshamn,2022,3,45.14097046479035,-6.477362354682313,-1.3642991218576865,0.0014067220499794197
0882,Oskarshamn,2023,3,37.60711592319707,0.4714931859492282,0.09933548332360878,7.99607568872516e-06
0882,Oskarshamn,2024,3,41.09361386045193,2.2150813072485462,0.4664018973045719,0.00015019911664412806
0883,Västervik,2022,3,37.838980613744376,-0.4583530557634745,-0.09658800212169888,7.967357132447848e-06
0883,Västervik,2023,3,35.354685545758876,0.35371869204097806,0.07451671875521515,4.413842874166896e-06
0883,Västervik,2024,3,38.7775114316666,-0.47531920734086697,-0.10010002027767961,7.281789301517241e-06
0884,Vimmerby,2022,3,42.99485967392322,1.1010457062914725,0.23187440109446553,3.9039365687710944e-05
0884,Vimmerby,2023,3,40.653263304834205,-0.034933313242454744,-0.007352760564649368,3.331979961117408e-08
0884,Vimmerby,2024,3,42.391376956134046,-1.0497232899873978,-0.22088504888644983,2.7376963533214292e-05
0885,Borgholm,2022,3,59.72246101859344,1.8967708134043448,0.40110311550968136,0.0002512333183777775
0885,Borgholm,2023,3,55.810257911185786,1.9679333802172678,0.41554070931741627,0.00021819559506537238
0885,Borgholm,2024,3,57.59983331114544,-1.7213409053700772,-0.3637111618607546,0.0001848490736334612
0980,Gotland,2022,3,50.74924091646367,-1.9858976114107847,-0.41853192595328625,0.0001535592112052397
0980,Gotland,2023,3,46.23417266450317,-2.6483364227164756,-0.5576999310109875,0.00022295040455783675
0980,Gotland,2024,3,46.495074074383055,-3.064590729842209,-0.645263810471856,0.0002863671239371896
1060,Olofström,2022,3,48.537189002553184,1.1626362121287812,0.24603053736606914,0.00010313656004245564
1060,Olofström,2023,3,45.176129645698005,4.207531635980274,0.889628961083081,0.0012138201548841409
1060,Olofström,2024,3,48.85279893858276,0.9933549075710886,0.21021402751348758,7.554365045933598e-05
1080,Karlskrona,2022,3,47.39881252444233,-2.184211882589956,-0.46090234067075514,0.00023981935201243139
1080,Karlskrona,2023,3,43.98009806866596,0.08795372296306425,0.01856068844326605,3.9303924609543213e-07
1080,Karlskrona,2024,3,48.04148193400231,-5.070787675997153,-1.0698720523828213,0.0012614301343502443
1081,Ronneby,2022,3,46.642711550788015,-0.6006806275475896,-0.12659447917129368,1.404463930832729e-05
1081,Ronneby,2023,3,43.01456573376214,1.8494982199265664,0.3890754715780224,7.712327405576108e-05
1081,Ronneby,2024,3,46.187512704252285,-6.488128549212448,-1.3648920308923451,0.0009481715805806372
1082,Karlshamn,2022,3,42.498241961593706,0.18241361327592642,0.03842370233326481,1.1367367760113327e-06
1082,Karlshamn,2023,3,39.98977085951152,-3.610223416081098,-0.7598749134585203,0.0003551650924883877
1082,Karlshamn,2024,3,40.347029217180776,-1.608091860877039,-0.33848359263023253,7.1467641951581e-05
1083,Sölvesborg,2022,3,50.42915827623333,-2.296236042591673,-0.48288107408752906,0.00010193408462279728
1083,Sölvesborg,2023,3,44.3756328174364,3.0063414314906396,0.6321247121146926,0.0001637430519553181
1083,Sölvesborg,2024,3,47.759973074217335,-1.9194681975678805,-0.4037120679075493,7.63129465495685e-05
1214,Svalöv,2022,3,77.48893897475705,3.7360022667748183,0.788932258142246,0.0007950327579300338
1214,Svalöv,2023,3,75.1138875914056,0.6561894162951631,0.13862539479543737,2.6169459088324823e-05
1214,Svalöv,2024,3,72.97138693535636,3.216469765461895,0.6788466799771935,0.0005370068614327635
1230,Staffanstorp,2022,3,72.29924224823618,6.011311191154363,1.268295406620636,0.0017688203832479763
1230,Staffanstorp,2023,3,68.86213888017278,3.4713908782243976,0.7338690443691345,0.0008092514567872222
1230,Staffanstorp,2024,3,70.90581048751139,-3.4773227755383402,-0.7357763587766358,0.0009111719429158678
1231,Burlöv,2022,3,113.3778068184249,-2.775251743482741,-0.5891310183569027,0.0008138499125645725
1231,Burlöv,2023,3,101.09911308689911,-0.36337432455280805,-0.07690091147589956,1.0165080790940298e-05
1231,Burlöv,2024,3,98.07913427542354,7.388255406681822,1.5634721418371653,0.0041685224550992404
1233,Vellinge,2022,3,65.08013615349843,-7.94256707811703,-1.6838840342561734,0.005903781896546973
1233,Vellinge,2023,3,52.530737872571024,-2.3161001069236633,-0.4909179693655248,0.0004905007549611502
1233,Vellinge,2024,3,52.754174808977886,1.9316724514409813,0.40951614058837627,0.000348094874858335
1256,Östra Göinge,2022,3,63.181356149759274,-2.7436803591302024,-0.578631706036258,0.00033973299165396937
1256,Östra Göinge,2023,3,60.116931659244614,1.9862014089292757,0.4208536225981031,0.00034851687749057184
1256,Östra Göinge,2024,3,63.950552741281186,-6.860840336073004,-1.4482714655702966,0.0025228140385777716
1257,Örkelljunga,2022,3,71.52873208805327,-1.4187368704540404,-0.29883988952920404,6.854280362604845e-05
1257,Örkelljunga,2023,3,64.31025524755185,-2.007945269597286,-0.42277506875666315,0.00012232540633530514
1257,Örkelljunga,2024,3,61.182557548454305,-2.410542368927203,-0.5073075123502964,0.00015216180010980133
1260,Bjuv,2022,3,88.18588157246829,12.237477909538939,2.5876952187441598,0.010394067819902217
1260,Bjuv,2023,3,88.83250403212824,5.919499975887788,1.2536109913236813,0.0029226869081851996
1260,Bjuv,2024,3,92.57582274869627,-5.932094253231767,-1.2585155770188212,0.0035207717550411115
1261,Kävlinge,2022,3,56.78743465737906,-3.1379120210994174,-0.6621093350518908,0.0004897648527205316
1261,Kävlinge,2023,3,50.87200742015822,-4.772716640016377,-1.0065317288907816,0.0010247395092922995
1261,Kävlinge,2024,3,49.0331257420946,2.880536234073155,0.6074992066876802,0.0003751049453281084
1262,Lomma,2022,3,57.28575056152249,0.07438859142439469,0.016010312104751505,1.334052456803772e-06
1262,Lomma,2023,3,54.57762779231196,-2.480336201781242,-0.5312979700231973,0.001187908997033023
1262,Lomma,2024,3,56.03551674607475,4.170835671485435,0.8934374936287032,0.0033643627667520343
1263,Svedala,2022,3,68.03009141539897,-9.845618725601653,-2.0758922614345843,0.004158353807250456
1263,Svedala,2023,3,55.329029417115926,1.2538423340557827,0.26400271411693416,4.79570013667189e-05
1263,Svedala,2024,3,56.28127389041598,3.5126279797337148,0.739816718105399,0.00040872198407918014
1264,Skurup,2022,3,73.54970229234712,8.752610779196715,1.8505728308385812,0.005231545219775006
1264,Skurup,2023,3,72.32833209622913,-3.886365427585517,-0.8207534289758711,0.0008719257765835331
1264,Skurup,2024,3,66.68531309310141,3.6696784268705187,0.77332120955543,0.0005131869362757167
1265,Sjöbo,2022,3,65.20322939677887,-3.4034647270085685,-0.7170829464807063,0.0004212561619003028
1265,Sjöbo,2023,3,56.04371508295758,4.768138598166047,1.0044220904518635,0.0007886753121338768
1265,Sjöbo,2024,3,61.367029919586265,-1.585264392358674,-0.3338852850034932,8.343375697153107e-05
1266,Hörby,2022,3,67.93703056417466,2.6190198239154228,0.5517169921031719,0.0002393964857765882
1266,Hörby,2023,3,64.78043803479585,-1.5144771749947594,-0.3189956530869649,7.740743994670721e-05
1266,Hörby,2024,3,64.1944980175701,-2.9555827110542268,-0.6225700322072618,0.00029899006706510446
1267,Höör,2022,3,69.58499796350998,8.694472464888008,1.83691285401015,0.004645007280161582
1267,Höör,2023,3,68.15543604773207,-2.375049307400573,-0.5022845701493305,0.00039822333501625433
1267,Höör,2024,3,65.21466029727777,2.6013004288325163,0.5488070261874145,0.00032810078166147356
1270,Tomelilla,2022,3,69.03677940079787,0.17839580916448483,0.0375504873780717,8.822794587780409e-07
1270,Tomelilla,2023,3,61.42696578743521,-1.3976832105684451,-0.2943138677645956,6.106817450633062e-05
1270,Tomelilla,2024,3,61.59756455771847,9.595338147758468,2.0205720099954614,0.0029011956610424656
1272,Bromölla,2022,3,52.57910868628275,7.739105514619645,1.6301130134332416,0.0020274420982497295
1272,Bromölla,2023,3,55.12011019037569,-3.1918016610109916,-0.6716002474749875,0.00024963557260473436
1272,Bromölla,2024,3,53.410327970109016,1.922470746811591,0.40447841070757085,8.756680179621174e-05
1273,Osby,2022,3,57.10352819480199,-0.5239844570772547,-0.11016041839857033,4.651423232556533e-06
1273,Osby,2023,3,52.3838467034825,2.3239207312802037,0.4886065496293922,9.490644199451067e-05
1273,Osby,2024,3,56.47919643073878,-7.20137145197922,-1.5144735943551335,0.0010269100450217444
1275,Perstorp,2022,3,92.2321836173119,-6.905658489658052,-1.4656208440397187,0.00494280284075974
1275,Perstorp,2023,3,80.41933956669125,6.703424327887475,1.423153846315309,0.004792808048848662
1275,Perstorp,2024,3,87.35645443268024,-12.442840058112168,-2.6398837770844414,0.015539732189698612
1276,Klippan,2022,3,72.390048800567,7.039002416897318,1.4827929409770906,0.001720857346683073
1276,Klippan,2023,3,72.2150297024078,-1.6852096945084583,-0.3550609383188148,0.00010332654950584715
1276,Klippan,2024,3,71.24305936494781,-2.8790534938853796,-0.6066103524229657,0.0003034987114134045
1277,Åstorp,2022,3,88.56237971613115,1.3953952058442525,0.29519165916219503,0.0001428282699330516
1277,Åstorp,2023,3,82.16862242808557,7.757249488307679,1.6378748074124883,0.0033520190081668686
1277,Åstorp,2024,3,85.22789500036832,1.2211292564253995,0.2580082417168412,9.246570604960079e-05
1278,Båstad,2022,3,75.5181989910393,11.375127601478397,2.4019644116306265,0.007309531562520047
1278,Båstad,2023,3,76.37558742831,1.9929394696286664,0.4212919785261788,0.0002645393099208467
1278,Båstad,2024,3,74.63609137328119,-1.69212531812083,-0.3572180324126686,0.00015515662103777867
1280,Malmö,2022,3,68.83859997293204,-1.9204714979602358,-0.4064886511444915,0.00028891810898317767
1280,Malmö,2023,3,63.9280802837456,2.343151556489886,0.4957386376391413,0.0004080587641729985
1280,Malmö,2024,3,67.92281396144408,-2.3371623440238523,-0.49451430774240485,0.0004103498530757626
1281,Lund,2022,3,93.28946103880318,-2.6862706100893234,-0.5745281402992469,0.0012837410862946447
1281,Lund,2023,3,85.75870141811686,14.60357292794724,3.121818534616803,0.03690998172066366
1281,Lund,2024,3,97.57697616286399,-1.3766569896745295,-0.294768243162342,0.00035845580930139183
1282,Landskrona,2022,3,57.60648314450787,10.43027968418756,2.1941863575606324,0.002447514821864886
1282,Landskrona,2023,3,62.69504041542079,-1.5502192672050654,-0.3283109455017032,0.00020119118047465484
1282,Landskrona,2024,3,61.35540899235653,1.402205837802633,0.2949404032936105,4.20063075245245e-05
1283,Helsingborg,2022,3,61.95375154809582,0.9043375395014621,0.19057370084985006,3.117441272235846e-05
1283,Helsingborg,2023,3,59.98551568338802,-0.5827160587862252,-0.12268929574704834,1.0247241323608668e-05
1283,Helsingborg,2024,3,61.53281164806455,0.8245928005879009,0.173603939287026,2.010265832405313e-05
1284,Höganäs,2022,3,63.68045802904186,4.78198370315755,1.0113429529247255,0.0016207413871435039
1284,Höganäs,2023,3,58.41163008215448,-4.852235906295228,-1.0284322399658659,0.0021437893366617186
1284,Höganäs,2024,3,53.965253031105426,6.53421935721677,1.383404867429313,0.0034495710480061123
1285,Eslöv,2022,3,66.74840801787205,2.1545054428351307,0.45342218155718755,0.00012142450689160707
1285,Eslöv,2023,3,64.14329591738696,6.740960013597942,1.4181762302152638,0.0010512042014323916
1285,Eslöv,2024,3,70.73753887607451,2.3396044719582534,0.49229149270885236,0.00013468513050760993
1286,Ystad,2022,3,64.86986313966537,-6.346813382460347,-1.3398624661515794,0.0021858982408263787
1286,Ystad,2023,3,53.03641225351082,4.592618488239673,0.9680327008337192,0.0008467008840176686
1286,Ystad,2024,3,56.40024012688871,0.9410667939360593,0.19842692563015413,3.8329918048690594e-05
1287,Trelleborg,2022,3,55.025373179730295,1.974776877076927,0.4159180341263843,0.00012899808298327725
1287,Trelleborg,2023,3,52.58533414123644,0.9130466325832316,0.1922360407086317,2.502305018504824e-05
1287,Trelleborg,2024,3,52.83864181403612,4.133157885555576,0.8708896213356243,0.0006329604294696176
1290,Kristianstad,2022,3,49.91875055678685,-1.4048350872118078,-0.29577565181311755,5.904346706457102e-05
1290,Kristianstad,2023,3,46.2719410992784,-1.0778560715519703,-0.22689660654500776,3.307900701734069e-05
1290,Kristianstad,2024,3,48.08790226784521,-2.7643861354519217,-0.5819124245459567,0.00021627308579390657
1291,Simrishamn,2022,3,64.36984606134217,-6.123017918320258,-1.2889429716156375,0.001068217147137944
1291,Simrishamn,2023,3,53.86237057394934,4.306598944033993,0.9066221284987942,0.0005375339796918627
1291,Simrishamn,2024,3,57.9698772501484,1.7971952749971791,0.37837213782420265,9.574835313875818e-05
1292,Ängelholm,2022,3,58.04489097714368,2.676171641452143,0.5641151111949697,0.0002910970001523144
1292,Ängelholm,2023,3,54.07353780116514,6.685165894283529,1.4077384544906582,0.0014043076465791178
1292,Ängelholm,2024,3,58.23499283677187,-5.585912810170235,-1.1772704389710111,0.001221648522614792
1293,Hässleholm,2022,3,50.833719670482054,1.3918336148585126,0.29274699394287673,4.069479819960237e-05
1293,Hässleholm,2023,3,48.8179214497048,1.4682522452857256,0.30878247121218433,4.293018226340894e-05
1293,Hässleholm,2024,3,52.340950659857455,-2.699779381506147,-0.5678372789812347,0.00015169230682260789
1315,Hylte,2022,3,59.15610462782837,-1.9122208357794435,-0.403015346246955,0.0001432745403760952
1315,Hylte,2023,3,54.59266209967056,-0.8010318443059603,-0.16912932139661638,3.569140101954971e-05
1315,Hylte,2024,3,55.752529752991634,-3.5752053120343987,-0.7542732753358093,0.000619387389678854
1380,Halmstad,2022,3,52.41829267597287,1.3250024889375425,0.27940125715138603,7.714028162253462e-05
1380,Halmstad,2023,3,50.58608369596793,2.572825903638865,0.5424021106447818,0.00027694128277807803
1380,Halmstad,2024,3,54.15903990709586,-3.746159548135033,-0.7898240271645942,0.0005968257546863583
1381,Laholm,2022,3,57.11779589919765,3.9170112503790193,0.8259970675217585,0.0006780043657030477
1381,Laholm,2023,3,54.2034130654759,0.8690507026400454,0.18293746791718069,2.1353000556301757e-05
1381,Laholm,2024,3,55.0384860256393,-2.998628909640054,-0.6307932780475405,0.00019984444959165177
1382,Falkenberg,2022,3,49.8012327464172,-5.179074803545468,-1.091949720668045,0.001144294828486302
1382,Falkenberg,2023,3,41.77130417084176,-0.35583333786222227,-0.07488710364033764,3.325781919771745e-06
1382,Falkenberg,2024,3,43.166447946677195,-0.8739494782486901,-0.18393647819712752,2.039524410988735e-05
1383,Varberg,2022,3,47.036637211155615,0.5149852077234414,0.10863267017137551,1.2506963833479508e-05
1383,Varberg,2023,3,42.45025864076563,-2.5673460904546204,-0.5413695954814917,0.0002893067732048054
1383,Varberg,2024,3,41.176327984638206,0.7087161734622711,0.14931752641565676,1.8165013039629055e-05
1384,Kungsbacka,2022,3,49.38853652752051,-3.0720600295775924,-0.6486105524110545,0.0005220153516610365
1384,Kungsbacka,2023,3,43.45795476492773,-1.3928782352089755,-0.2940591064384262,0.00010597273751514639
1384,Kungsbacka,2024,3,45.60688090962564,-0.3695627447617795,-0.07802142469927159,7.472188261511676e-06
1401,Härryda,2022,3,69.6106766883595,6.919678927555182,1.465803108402974,0.004108674228345572
1401,Härryda,2023,3,68.59791205308852,-6.428633056223319,-1.362891342139674,0.0038598929059714985
1401,Härryda,2024,3,62.95214594660163,-1.9067243532211364,-0.40333389302119294,0.00026435819988193784
1402,Partille,2022,3,82.09270099287149,2.0185104896137034,0.42670882717223974,0.0002723674091169121
1402,Partille,2023,3,78.95077119252129,13.069852426432803,2.758254105104675,0.008764045549932334
1402,Partille,2024,3,86.25406481021783,-0.9398904312602099,-0.19884548308938996,6.539504690755436e-05
1407,Öckerö,2022,3,47.40691969222588,-2.719419692225877,-0.5733992398233192,0.0003201845348444408
1407,Öckerö,2023,3,42.75593509052341,3.425514320507091,0.7225204570600502,0.0005432199493999884
1407,Öckerö,2024,3,46.54872628638678,0.43271604389276064,0.09124742248420213,8.250482618196433e-06
1415,Stenungsund,2022,3,60.6068519985796,0.031827585202243824,0.006705475030058552,3.6370403793437044e-08
1415,Stenungsund,2023,3,55.07143418822183,-4.823785060377453,-1.0155756359974049,0.000690003672509236
1415,Stenungsund,2024,3,51.449189745579275,1.439395942546824,0.30325094607673847,7.421688557557374e-05
1419,Tjörn,2022,3,57.099333294488,-2.9672288398028996,-0.625361148621257,0.0003443059550280263
1419,Tjörn,2023,3,50.88356966914137,-2.6363257697235625,-0.5553602637758687,0.00024230433448753597
1419,Tjörn,2024,3,53.22974046435499,-5.3177344986577495,-1.1416940526328643,0.006109508813744004
1421,Orust,2022,3,58.91604480030653,-0.7908420756876495,-0.16652074766952518,1.9248442650415447e-05
1421,Orust,2023,3,51.260380533901554,-2.7375865601195173,-0.5766651018149384,0.00025817748719851325
1421,Orust,2024,3,48.861966980822245,7.482483253674886,1.575724417392722,0.001787931998416768
1427,Sotenäs,2022,3,63.2717082056796,3.8680297855867707,0.8150115916013861,0.0005521387771736323
1427,Sotenäs,2023,3,59.436368982572894,-8.508397263615755,-1.7945992415655723,0.0033443242213327187
1427,Sotenäs,2024,3,51.59035601966482,6.955338180686674,1.4647232645851334,0.0015477079889214705
1430,Munkedal,2022,3,56.68354626719464,-0.24565630689968998,-0.05169627055929335,1.5488565655665323e-06
1430,Munkedal,2023,3,51.269470539784045,0.24452679405712985,0.05146027291082921,1.5523326040641901e-06
1430,Munkedal,2024,3,52.424735505120395,-6.548745549547668,-1.3777161612537447,0.0009860912872468501
1435,Tanum,2022,3,56.02639841192992,2.760968067744251,0.5810026317568389,0.0001933566283018916
1435,Tanum,2023,3,52.07241146335232,-0.6149687894308258,-0.12949236963108945,1.1737186275838094e-05
1435,Tanum,2024,3,52.82319545630001,-4.283306628303457,-0.9016881578064162,0.0005261652228893398
1438,Dals-Ed,2022,3,48.87536345202015,-3.2839656025577852,-0.6910640547857959,0.0002742128056586018
1438,Dals-Ed,2023,3,45.86450086962776,-1.5744444215166027,-0.3323436918311775,0.0001322032463206191
1438,Dals-Ed,2024,3,45.4356885605404,-0.2771996330545079,-0.05833298472026965,1.956701920385678e-06
1439,Färgelanda,2022,3,65.52937977832646,-1.033065282011961,-0.21778713505667005,4.4505097238572014e-05
1439,Färgelanda,2023,3,60.76033924688012,-5.584709778431254,-1.1773152348206366,0.001292636455026205
1439,Färgelanda,2024,3,55.94739651067612,-0.7403701618680927,-0.15581273604447882,1.4325998536971307e-05
1440,Ale,2022,3,65.54462920228218,0.3008977471529022,0.06327103175191687,1.6802916512788463e-06
1440,Ale,2023,3,61.10644230985176,-0.2668935210950565,-0.05611982933716705,1.3107563121125596e-06
1440,Ale,2024,3,61.313725521386324,-2.6509062679482085,-0.5575358614605408,0.00014376620706871561
1441,Lerum,2022,3,57.27206667091594,-1.8696410920846276,-0.3944912802083706,0.0001731522737038346
1441,Lerum,2023,3,52.24983582564067,-1.4101341828456313,-0.297652384367975,0.00010558237393479664
1441,Lerum,2024,3,52.20819166321343,-5.134517116506977,-1.0845627704114087,0.0015697278904699755
1442,Vårgårda,2022,3,67.65429115180217,-8.883505367648276,-1.8767250641982056,0.004800801695895361
1442,Vårgårda,2023,3,52.502439709480726,2.3263716600283217,0.49016923651152894,0.00019893239283488075
1442,Vårgårda,2024,3,53.55505280922305,6.810507556337313,1.4364816328612307,0.002143602845123511
1443,Bollebygd,2022,3,62.7703920764059,2.2610415008382603,0.47591574493015526,0.00014073565277620344
1443,Bollebygd,2023,3,59.00181053791868,7.575811983400548,1.594686843425832,0.0016092263372141978
1443,Bollebygd,2024,3,65.9976928024274,-2.745295332523291,-0.5781905765284359,0.00024808602416075517
1444,Grästorp,2022,3,52.661697286529794,-10.862193212849313,-2.288125902146402,0.004080720058088746
1444,Grästorp,2023,3,42.18982104866709,8.502251574018509,1.7940012115062405,0.0035953681793827533
1444,Grästorp,2024,3,53.598383242025776,7.247701366435074,1.5270142404363638,0.0019044801767707416
1445,Essunga,2022,3,58.964045051116834,3.656210327578286,0.7700403160800936,0.0004401326663204233
1445,Essunga,2023,3,55.602162806092764,-1.500324050788663,-0.31585780230976895,6.592101717167772e-05
1445,Essunga,2024,3,55.2051356797769,-7.902977406395607,-1.6641251478521981,0.001943735896293339
1446,Karlsborg,2022,3,49.43703677003579,14.754546055527484,3.103641713671121,0.004755004672215489
1446,Karlsborg,2023,3,55.44720656964398,-0.6391057340682806,-0.13473616901071397,1.709316989365665e-05
1446,Karlsborg,2024,3,53.9147109570219,-8.065358828301981,-1.6976260647083004,0.0017864501324988142
1447,Gullspång,2022,3,63.40296569858482,12.453792098873791,2.6329868787275608,0.01052083654278434
1447,Gullspång,2023,3,66.54102203038673,-0.5125008348407221,-0.10814030497151024,1.3086953490177716e-05
1447,Gullspång,2024,3,65.12416819072843,-2.7111290335032194,-0.5719655714977664,0.0003549361859205357
1452,Tranemo,2022,3,55.36102274729527,0.7528801002759167,0.15901778050965143,3.332922065585269e-05
1452,Tranemo,2023,3,50.6838336850326,-0.6964567600136675,-0.14717493331639372,3.0772431596903774e-05
1452,Tranemo,2024,3,49.858257308458654,2.34209745123389,0.4945943951902829,0.00031379564163676565
1460,Bengtsfors,2022,3,50.94367438193239,-0.4844631447632892,-0.10225290371194039,1.2294426145811597e-05
1460,Bengtsfors,2023,3,47.912870241493486,1.4414742540197523,0.30345363613794496,5.99451862726059e-05
1460,Bengtsfors,2024,3,50.39104044928071,2.0549710095117106,0.43231570897334326,9.654890297131123e-05
1461,Mellerud,2022,3,54.35708880213359,3.61549027591888,0.7607054877393502,0.0003134118251317012
1461,Mellerud,2023,3,52.6981647214138,0.7661015088098821,0.16124411517285533,1.58662482343599e-05
1461,Mellerud,2024,3,54.134646391909286,-9.393152799333059,-1.9776370678103274,0.0026362256959836594
1462,Lilla Edet,2022,3,75.93796495539053,-1.291444301107191,-0.2724652654017193,8.108875589316755e-05
1462,Lilla Edet,2023,3,70.59767943713146,-1.2783948121487896,-0.26980774103431837,8.473358328326253e-05
1462,Lilla Edet,2024,3,68.43315630075433,-1.475671187889077,-0.31073845577651904,6.822783477927093e-05
1463,Mark,2022,3,50.18989656714704,-0.6555197096079084,-0.137910587290416,9.970772180442436e-06
1463,Mark,2023,3,45.48154880223429,-0.6208352249962203,-0.13058779297443093,8.264223163684685e-06
1463,Mark,2024,3,46.586767274282145,-5.795983601973795,-1.2191600278325927,0.0007253532590426047
1465,Svenljunga,2022,3,68.53383658924102,4.598559860463126,0.9693333397084574,0.0008584297921863279
1465,Svenljunga,2023,3,67.33448703406943,-4.875150664518351,-1.027791578733498,0.0009973530258817018
1465,Svenljunga,2024,3,61.74510631013102,-0.6117667735161518,-0.1288199465886239,1.1662749707970873e-05
1466,Herrljunga,2022,3,55.560308931418604,2.4411621203834315,0.513725289786021,0.00015332201827904682
1466,Herrljunga,2023,3,52.639844062020494,1.4857782237543162,0.3126811814769545,5.740801328864261e-05
1466,Herrljunga,2024,3,55.85593759558006,0.3723450199827525,0.07856988318337849,6.958808423284843e-06
1470,Vara,2022,3,55.68592829220566,-0.9312416622483468,-0.19607192177133928,2.6230450581194278e-05
1470,Vara,2023,3,49.686792274608415,-1.1993031671765735,-0.2524650833419757,4.110532725944645e-05
1470,Vara,2024,3,49.52199677779146,0.8260887517958153,0.17387430308426516,1.860520569040977e-05
1471,Götene,2022,3,53.03638639504842,-1.5109626662348603,-0.319816092494348,0.0001791342499004282
1471,Götene,2023,3,46.28103874736712,0.7760046782645915,0.16421510120438626,4.599264217594395e-05
1471,Götene,2024,3,47.91721928599713,2.2107349515461507,0.4679335945135808,0.0003835827406960878
1472,Tibro,2022,3,54.33056393931415,5.586972686705671,1.1750165278635845,0.0006315250987798806
1472,Tibro,2023,3,53.20930578979976,-2.026813731910593,-0.42674375230689005,0.00012428116303010326
1472,Tibro,2024,3,53.0005073032915,1.0654655314236194,0.22408605433254009,2.315428169619717e-05
1473,Töreboda,2022,3,61.06660143164032,-8.704310989663398,-1.8328670258913167,0.0023599596150263224
1473,Töreboda,2023,3,47.99425168431563,2.98485344641405,0.6279347426211943,0.0002029954517735802
1473,Töreboda,2024,3,51.61114344716573,-0.07957206598691613,-0.016738671514331428,1.4020517311174953e-07
1480,Göteborg,2022,3,65.77388672433584,0.8418451037389758,0.17855517655242123,6.921552874252483e-05
1480,Göteborg,2023,3,62.88002922669318,1.6865717233312978,0.3575131007217255,0.00026227405335419834
1480,Göteborg,2024,3,65.482313044879,-2.5883224735588115,-0.5489762303200476,0.000653560297998153
1481,Mölndal,2022,3,87.01062481395736,-2.0714586583995924,-0.4384186462361879,0.0003335855448699776
1481,Mölndal,2023,3,81.27876013035734,1.2346376636143646,0.26099247675390436,0.00010150703236038788
1481,Mölndal,2024,3,82.72549700716816,5.289064740241528,1.116153536680553,0.0014243515686167192
1482,Kungälv,2022,3,68.42072429358664,-1.2893963405418845,-0.27198277477338745,7.803008563071489e-05
1482,Kungälv,2023,3,61.12746529682725,0.43726303499960295,0.0920440370329926,5.38733522612921e-06
1482,Kungälv,2024,3,60.754526149634465,-3.27435203956351,-0.6901359510272324,0.0004258377485066943
1484,Lysekil,2022,3,53.48731175795721,-3.8754557240828262,-0.8160179719051673,0.00046172360600450123
1484,Lysekil,2023,3,45.63434652066695,-5.617165620101417,-1.1822909494402296,0.0008592168696501752
1484,Lysekil,2024,3,43.56193207807868,4.830963585975397,1.017575783864214,0.0007929436263130271
1485,Uddevalla,2022,3,50.99354167322242,-4.120178313004544,-0.8673839510554826,0.0004932277937234759
1485,Uddevalla,2023,3,44.84512546053405,-0.40652435614278204,-0.08561323663222793,5.345468553776818e-06
1485,Uddevalla,2024,3,48.09848087185673,-2.264416672593441,-0.47680544740827513,0.00015847450187363803
1486,Strömstad,2022,3,53.93201451894869,1.3727258873718498,0.2893316447379343,7.495578780845026e-05
1486,Strömstad,2023,3,53.501911292543305,9.647391171095755,2.055979928555978,0.01331104325326298
1486,Strömstad,2024,3,59.593078104105224,-2.1831982643188397,-0.46199977194852726,0.0003640202449958037
1487,Vänersborg,2022,3,52.35892243933293,6.331935620009496,1.3335374757318819,0.0013087938620880925
1487,Vänersborg,2023,3,54.63910702868564,0.24442791083249915,0.05141789608475165,1.3268311427927926e-06
1487,Vänersborg,2024,3,56.177581055304664,-1.808309558588796,-0.38033323754018056,6.777663939122772e-05
1488,Trollhättan,2022,3,54.96899391407753,-1.5560303887544507,-0.3281557516944214,0.00010892912521748441
1488,Trollhättan,2023,3,51.416978176144625,1.1620342322314556,0.24485193281255604,5.013040190827263e-05
1488,Trollhättan,2024,3,55.84567164131221,-0.06884673410409903,-0.014505296978098627,1.7189497747615315e-07
1489,Alingsås,2022,3,54.875091308277064,-5.1582733742028,-1.0865578869087913,0.0009125959345963776
1489,Alingsås,2023,3,46.18278464817809,1.337389010450572,0.28151182602284086,4.987949883091864e-05
1489,Alingsås,2024,3,48.56612459714978,1.8060489902290868,0.3804015156119583,0.00010945143464563172
1490,Borås,2022,3,51.33486383571629,0.23575960785922234,0.049699892363119245,2.2965600678141616e-06
1490,Borås,2023,3,50.20295137627337,-1.3251937666671125,-0.2795690018872371,8.443224596768128e-05
1490,Borås,2024,3,51.68398443100568,-2.3421082557845665,-0.4934629520783343,0.00019942541951309436
1491,Ulricehamn,2022,3,51.08679703951902,3.8359367505080613,0.8068935265157108,0.0003211143354966278
1491,Ulricehamn,2023,3,49.786280529009204,-4.065389230727227,-0.8554147776498201,0.00040487091154421234
1491,Ulricehamn,2024,3,47.24646105261094,-4.94107782267298,-1.039395347961928,0.0005399703956853175
1492,Åmål,2022,3,46.35540249712098,-1.0869021696815508,-0.2288704865768611,3.686532391776734e-05
1492,Åmål,2023,3,43.272975112693246,0.954910944278268,0.20092751880289286,2.237403861090724e-05
1492,Åmål,2024,3,47.62277093029315,0.08426753770617523,0.0177325248719601,1.7917437108251274e-07
1493,Mariestad,2022,3,46.84079176021987,-2.9938925354136714,-0.6322637844443529,0.0005161287067580142
1493,Mariestad,2023,3,41.37912349078621,-2.1045667496006715,-0.44414274880071936,0.00022689651802176034
1493,Mariestad,2024,3,43.017906642208715,-0.874962331099411,-0.18458779722910926,3.687093188588101e-05
1494,Lidköping,2022,3,40.92849125249437,-4.667769992885397,-0.9835464231605591,0.0008092393510344939
1494,Lidköping,2023,3,35.309148969371726,1.420913439666485,0.2994009493902004,7.499396063716132e-05
1494,Lidköping,2024,3,39.24662902934551,-2.7593068277375963,-0.5813598699299924,0.00027639958577578723
1495,Skara,2022,3,59.468005513819904,0.622636981514674,0.13098859384031364,8.889462156264771e-06
1495,Skara,2023,3,55.90102992980664,3.9252807810328605,0.8257642249655205,0.0003491047426355378
1495,Skara,2024,3,62.37284545660915,-0.9519869544441804,-0.20064875003183633,3.59240141465419e-05
1496,Skövde,2022,3,58.30765515343375,-0.7227744475882503,-0.15257727001514135,2.8156559182339412e-05
1496,Skövde,2023,3,53.548897333738296,2.646244885329274,0.5589205786665227,0.00041177938410899887
1496,Skövde,2024,3,57.27287943515733,-1.1645942381575907,-0.24584445518349268,7.306481521126864e-05
1497,Hjo,2022,3,48.65662961176676,-0.9448477227696799,-0.19871166070455062,1.7953630433680522e-05
1497,Hjo,2023,3,43.844651730014085,6.274164428983539,1.3200780629595987,0.0009392579080190038
1497,Hjo,2024,3,50.09666625751714,3.5931733146753686,0.7559090096481068,0.0002941305313012416
1498,Tidaholm,2022,3,41.656038481715335,-1.0765540981963682,-0.22691779394737271,4.659770860101141e-05
1498,Tidaholm,2023,3,38.30145932639514,2.1222496852101287,0.44733422869204936,0.0001813639383376516
1498,Tidaholm,2024,3,41.85965773721426,-1.3286151757148517,-0.27996632122460763,6.633949115171423e-05
1499,Falköping,2022,3,46.66099521784595,1.7571450443939156,0.36964887441014876,6.973044047754082e-05
1499,Falköping,2023,3,45.222803975810905,-1.3320458902724255,-0.280164484590582,3.686395373717073e-05
1499,Falköping,2024,3,47.45524969262563,-2.4329976655574086,-0.5119431768449584,0.00014567440222399737
1715,Kil,2022,3,49.38479125662585,1.0485558337579661,0.22053657873707525,2.27336547113138e-05
1715,Kil,2023,3,47.14361180567298,-3.2048447390614783,-0.6741044743111629,0.00021895198605073615
1715,Kil,2024,3,45.71257286488834,0.8838950896759599,0.18591859905870234,1.6685248010267437e-05
1730,Eda,2022,3,55.77870327677544,-4.343436727273385,-0.915350113786431,0.0007274971897140758
1730,Eda,2023,3,45.72432750744279,4.046233735056333,0.8530642677172587,0.0006917309657493984
1730,Eda,2024,3,50.11575880469094,-3.277908115199736,-0.690672178540488,0.0003967877625378809
1737,Torsby,2022,3,40.74202001983787,0.6215765098264896,0.13084160165037745,1.0873176297792929e-05
1737,Torsby,2023,3,39.60972549854243,3.1583433519010597,0.6655987834473962,0.0003845485261088885
1737,Torsby,2024,3,42.157042893326,-0.8179385739195908,-0.17232604886175185,2.4081378075892166e-05
1760,Storfors,2022,3,66.94326436526856,-2.543470444609113,-0.5393613185502562,0.0006196382622475904
1760,Storfors,2023,3,60.436100478585445,-9.923077589871951,-2.0996966110880075,0.007439579085789082
1760,Storfors,2024,3,54.54124590631581,14.096557683969309,2.9831930854110555,0.015259804924314068
1761,Hammarö,2022,3,52.7997331211872,-0.6594239654202596,-0.1396134059210342,3.5195639091313715e-05
1761,Hammarö,2023,3,50.01826535670225,5.530731101385115,1.1717369582116337,0.002662799071653869
1761,Hammarö,2024,3,55.76132778744015,-1.0885405934665187,-0.23066143350194926,0.00010525555036076526
1762,Munkfors,2022,3,62.296480412078445,19.303087272331176,4.073299271444098,0.018772621011225763
1762,Munkfors,2023,3,70.12104717774139,-1.1649283442717717,-0.24676295370111728,0.00011618650489118385
1762,Munkfors,2024,3,66.80409519317811,1.0579737723391247,0.2234942559881798,6.750532812435607e-05
1763,Forshaga,2022,3,59.51996796643202,-4.329088712674896,-0.9113347643355,0.000539120188072545
1763,Forshaga,2023,3,52.04018034598629,6.635500014561465,1.3966943208361529,0.001217703685267864
1763,Forshaga,2024,3,58.880796242803484,-2.7176017983590413,-0.5719272629358001,0.00019316043483652234
1764,Grums,2022,3,52.3431069546122,7.404284588495976,1.561094930875121,0.0023339781479943434
1764,Grums,2023,3,53.218486732091776,4.968550918344349,1.048049509143631,0.0011571360206014056
1764,Grums,2024,3,56.98911358962878,-4.012658680699417,-0.8462009676252603,0.0007174433223950366
1765,Årjäng,2022,3,40.67843642240866,1.1815595428929342,0.248886401947276,4.779732391648709e-05
1765,Årjäng,2023,3,39.12187199591033,-2.530342631713424,-0.532786641395023,0.00019644084013434922
1765,Årjäng,2024,3,37.4533197417385,2.648461428744966,0.5582555354415515,0.00028299790361552794
1766,Sunne,2022,3,46.43549546871001,2.826689655749675,0.5946768610241776,0.00018392996224374296
1766,Sunne,2023,3,44.67772326836752,1.7834468648062014,0.37515054682143995,6.94527015524033e-05
1766,Sunne,2024,3,47.76627576718579,2.5481896416192455,0.5358982032451123,0.00012911969411956274
1780,Karlstad,2022,3,61.80208869153291,2.1375377053323064,0.45131688073573045,0.0002540228762169568
1780,Karlstad,2023,3,60.130279671744205,2.009117446518111,0.424323952367099,0.0002349945955344011
1780,Karlstad,2024,3,63.42408477195694,-0.16198290009200633,-0.03424051397856503,1.7375982683104174e-06
1781,Kristinehamn,2022,3,45.58782356044679,1.932236307345164,0.40736522298516775,0.00015719430065970743
1781,Kristinehamn,2023,3,44.91469483636904,-3.851588651711019,-0.8112662060317267,0.0005011007618020712
1781,Kristinehamn,2024,3,44.712802718369936,1.84385665189442,0.38847814919433976,0.00012302528775884672
1782,Filipstad,2022,3,50.634293569624184,2.007490240361271,0.42375823589175676,0.00021531850678290399
1782,Filipstad,2023,3,48.963469171407745,-5.610868015338383,-1.1857998038886277,0.002024982275667932
1782,Filipstad,2024,3,49.653096001630864,-3.6219994386194045,-0.7671414478427664,0.0011080909015191006
1783,Hagfors,2022,3,46.950039233600904,4.219172950366648,0.8902192921441361,0.0008782520889365496
1783,Hagfors,2023,3,44.81318845526281,-0.25701647190636123,-0.05423303149457833,3.3050536587911154e-06
1783,Hagfors,2024,3,44.43365975226791,-1.8692877081270751,-0.39437652279329494,0.00016984645314773057
1784,Arvika,2022,3,40.66190375908898,-2.7244618266021376,-0.5732691812387608,0.00018233097385355053
1784,Arvika,2023,3,35.1911806073137,-1.6657542386508197,-0.3505515628378888,7.177042290171042e-05
1784,Arvika,2024,3,35.853658588206656,-0.4678990078253946,-0.09849385609239725,6.187339583535328e-06
1785,Säffle,2022,3,52.07666149659829,-4.773158019364331,-1.0039395740089585,0.00047702846918903387
1785,Säffle,2023,3,45.29183290962487,-6.986590087694289,-1.470120241237171,0.001208816560511968
1785,Säffle,2024,3,41.686501607340524,3.484315226003993,0.7339591585240327,0.0004178910266388003
1814,Lekeberg,2022,3,68.73134227378554,-1.4631832970838587,-0.30860866701325235,9.844042786213747e-05
1814,Lekeberg,2023,3,59.79760431988903,-19.01210583046305,-4.007614251221986,0.014706099648091052
1814,Lekeberg,2024,3,46.5822627116636,9.192777957636885,1.9407733136600194,0.004627612157685641
1860,Laxå,2022,3,58.20300694963541,9.04950381076631,1.910518257422376,0.0044817048009872925
1860,Laxå,2023,3,59.3963952433571,3.72894585178571,0.786673257738818,0.0006681465007844722
1860,Laxå,2024,3,63.32426940438107,0.47805403283080494,0.10086248043752158,1.119356990749718e-05
1861,Hallsberg,2022,3,72.04563445121502,2.908325033131206,0.6133294761187376,0.00037858120167760453
1861,Hallsberg,2023,3,67.02240471582495,-4.4299946616110475,-0.9331117095298163,0.0006657345941920454
1861,Hallsberg,2024,3,61.983426953463116,0.23741671899345818,0.04995052831222599,1.3275775765114495e-06
1862,Degerfors,2022,3,54.12686967034319,8.727275135532992,1.8383569863420464,0.002616541962227601
1862,Degerfors,2023,3,56.22296254083932,-3.4282633851270177,-0.7221081610883253,0.00039812087090833467
1862,Degerfors,2024,3,54.04117079185007,-0.7969371208002727,-0.16784452190413582,2.092156590160345e-05
1863,Hällefors,2022,3,65.61775740149317,-1.4651131707239387,-0.3088647161504943,8.918712640365555e-05
1863,Hällefors,2023,3,64.06648029791738,-3.8663263333292335,-0.8199731580207222,0.001447304145835423
1863,Hällefors,2024,3,63.127952516053185,-15.03429644897519,-3.1730273119032253,0.011725175440135249
1864,Ljusnarsberg,2022,3,60.98826891478096,-0.992696632292585,-0.20963398984053416,5.6392008964504864e-05
1864,Ljusnarsberg,2023,3,57.36057513821651,-3.809406542800126,-0.8049711668460227,0.0009155152460386716
1864,Ljusnarsberg,2024,3,55.208966732608246,7.276727934363599,1.542281270342217,0.004814157902590072
1880,Örebro,2022,3,56.13683579899046,0.8742424828951911,0.1849451884416215,5.613347523313368e-05
1880,Örebro,2023,3,54.681207566399536,1.0960849004026798,0.23165883383695332,7.787058014927058e-05
1880,Örebro,2024,3,57.702165351241796,-1.7636115857865704,-0.37303063443007556,0.00022383161997963026
1881,Kumla,2022,3,62.738670214589476,6.036631177821221,1.2704913020810231,0.0009696986904917034
1881,Kumla,2023,3,62.28158357070102,-3.9230829489209498,-0.8270913401337037,0.0006487234393038961
1881,Kumla,2024,3,57.98805310216194,3.208543167843793,0.675101944568441,0.0002494009436847662
1882,Askersund,2022,3,54.79808102507549,-5.654826262963631,-1.1900266885251811,0.000824768619850378
1882,Askersund,2023,3,44.95855851848141,4.178921878800345,0.8790872513663552,0.0003893490468140915
1882,Askersund,2024,3,48.57254854640188,1.7890442043169443,0.3765082539171813,8.360993433020684e-05
1883,Karlskoga,2022,3,47.879067204549095,-4.0848932168352405,-0.8639012175280609,0.00118018136892704
1883,Karlskoga,2023,3,42.68886598154767,4.302310780621454,0.90970134210906,0.0012752232165147012
1883,Karlskoga,2024,3,48.738776023647,-5.332546732725859,-1.1272625630246094,0.0018947651189635322
1884,Nora,2022,3,57.60879193567699,-2.9410038784860717,-0.6185913387348606,0.00018225428167761466
1884,Nora,2023,3,50.477539328533624,1.4656243112518297,0.3083096357647415,4.7745686496654e-05
1884,Nora,2024,3,53.066919299645804,-1.7463064600932157,-0.36734788157349435,6.732250681529607e-05
1885,Lindesberg,2022,3,49.690601300513066,1.5575318336879178,0.3276329885049398,5.3235253418927716e-05
1885,Lindesberg,2023,3,48.009634782555786,-1.5988499637338691,-0.3363242472118303,5.608537144683134e-05
1885,Lindesberg,2024,3,47.775749474502675,-0.586777519963114,-0.12341331804438645,7.115616145196585e-06
1904,Skinnskatteberg,2022,3,64.9026111678789,0.7493652064963783,0.15790838073104577,2.116305100982654e-05
1904,Skinnskatteberg,2023,3,56.21867148003379,10.938642227417915,2.3086703175267393,0.0062265673682315534
1904,Skinnskatteberg,2024,3,65.78560218593464,-5.400263840069975,-1.138263471777359,0.0011695662327570599
1907,Surahammar,2022,3,67.5546002350667,-6.954580300849621,-1.4666387699700305,0.002166139894505264
1907,Surahammar,2023,3,55.742306851114854,-0.3768951337804438,-0.07945350323786922,5.888383697318214e-06
1907,Surahammar,2024,3,57.091657355073636,2.4309429496495767,0.5122900377109132,0.00022633517723649876
1960,Kungsör,2022,3,61.37397802175688,9.043734829190385,1.903656175630901,0.0022839181099474403
1960,Kungsör,2023,3,64.6947549193117,-6.728770885989945,-1.4178200704722115,0.001681592243480209
1960,Kungsör,2024,3,60.22460238357471,7.638291566275761,1.6109561335407752,0.002655963131893702
1961,Hallstahammar,2022,3,69.59007974467093,-3.5258107003288757,-0.7427401641509633,0.0004339572612285668
1961,Hallstahammar,2023,3,58.978744566770295,2.32784844391783,0.4905174647110565,0.0002028821812245704
1961,Hallstahammar,2024,3,60.85822848898594,-4.772237976765915,-1.0041920198399492,0.0005673179101963792
1962,Norberg,2022,3,70.20518645980685,-2.4959275296486823,-0.5260696675610128,0.00024769351553338676
1962,Norberg,2023,3,64.37618544931068,-2.2047154474981028,-0.4652587466631135,0.00024718237711254636
1962,Norberg,2024,3,64.86288283525904,-5.618568822052879,-1.1862514921362448,0.001743969471648209
1980,Västerås,2022,3,52.0010678645527,0.3269687940670494,0.06897150384697,5.036508954592207e-06
1980,Västerås,2023,3,49.9796502932672,-1.0951317478399858,-0.2312680397389305,6.873404518707901e-05
1980,Västerås,2024,3,51.57798619583042,0.21677705478899867,0.04572066910552784,2.1507995296691362e-06
1981,Sala,2022,3,51.432799648270084,-2.0876884694702085,-0.4393600563022349,0.00011398399618666454
1981,Sala,2023,3,46.02316090980182,-4.146820823161114,-0.8726885109114296,0.00044585617293695903
1981,Sala,2024,3,44.99634317694375,2.720681732218793,0.5724987536351865,0.0001847155416540709
1982,Fagersta,2022,3,57.97468044535546,6.413296467919409,1.3677510773542034,0.0061726889401885155
1982,Fagersta,2023,3,58.05224084609682,1.2428733575032354,0.26520978649852683,0.00024001244515184982
1982,Fagersta,2024,3,60.448022321397616,-5.674460509892107,-1.2097392399115576,0.004718503977042285
1983,Köping,2022,3,51.05461488437078,-0.5186271355193242,-0.10924199894975298,9.146546843588551e-06
1983,Köping,2023,3,46.92600226429877,0.07530653545486388,0.015863853918594555,1.9774593727706555e-07
1983,Köping,2024,3,49.30457928609452,-4.841133369035951,-1.0195328359494804,0.0007579805185220624
1984,Arboga,2022,3,58.44685683038128,0.48944935438048986,0.10293065874844191,4.696935119845947e-06
1984,Arboga,2023,3,54.34566384006659,3.5032148915431804,0.7364872177427142,0.00020571446360600752
1984,Arboga,2024,3,58.498865837125535,-2.704874420816523,-0.568752121141524,0.0001342707817754103
2021,Vansbro,2022,3,42.889800011699954,-3.036858835229367,-0.6396654140546233,0.00031244013332628793
2021,Vansbro,2023,3,34.55623362449139,-0.07347500380173244,-0.015502790000685353,2.664093863999207e-07
2021,Vansbro,2024,3,38.31282065928707,3.6006864497176707,0.759773663371276,0.0006475898507511414
2023,Malung-Sälen,2022,3,46.919164869472624,2.603159170301211,0.5496814759671781,0.0003828180699377432
2023,Malung-Sälen,2023,3,45.30142943074351,6.160558873350055,1.3003744620395532,0.002014682644293864
2023,Malung-Sälen,2024,3,51.40494494593833,1.2574307123413604,0.2655350901414788,9.02370704723756e-05
2026,Gagnef,2022,3,51.687814092296826,-5.8739270554361696,-1.2372110633270679,0.0011595757873215339
2026,Gagnef,2023,3,42.98637380392383,-2.0467764884875876,-0.43072870521980355,0.00010770330475059804
2026,Gagnef,2024,3,44.91724947739764,1.3077120018011286,0.2755626555936819,6.432784908634894e-05
2029,Leksand,2022,3,56.152947364504115,2.1850405955281573,0.4609115358220245,0.00022439243056815428
2029,Leksand,2023,3,51.82547643571805,0.03514813574614095,0.007404461647712252,4.3465900517933504e-08
2029,Leksand,2024,3,53.38560008016226,3.9980523955147547,0.8424194919244846,0.0005918594309197503
2031,Rättvik,2022,3,49.74344189121979,0.56308533561036,0.1186488282079622,1.1801420760375852e-05
2031,Rättvik,2023,3,45.68704898191925,4.2133313839565005,0.8868377969469968,0.0004876089370019783
2031,Rättvik,2024,3,50.273637742645214,-0.44639642604219176,-0.09397018747995711,5.68265914178581e-06
2034,Orsa,2022,3,57.2281747052704,11.130636947455308,2.344846387318241,0.004367169244329272
2034,Orsa,2023,3,61.40678555288025,-1.7657896061518201,-0.372379888167887,0.00013932005805113786
2034,Orsa,2024,3,58.998899708730626,-6.889718567291418,-1.452381260391705,0.0019544702233137744
2039,Älvdalen,2022,3,45.773834394990345,-2.8841222262813133,-0.6077326162434089,0.0003112771573701038
2039,Älvdalen,2023,3,40.055826762135304,-0.9448439363307131,-0.19951000950993078,5.032415278919662e-05
2039,Älvdalen,2024,3,43.23809524448928,2.2428695913142676,0.47357475966478857,0.0002814459606623772
2061,Smedjebacken,2022,3,47.631086178299604,5.564299282238757,1.172211534263926,0.00109211876913308
2061,Smedjebacken,2023,3,47.54276269647027,-1.7258470912288146,-0.3633464738174491,8.79736985375303e-05
2061,Smedjebacken,2024,3,45.391493693829176,-1.0414983136203588,-0.2192766822881783,3.238008697241961e-05
2062,Mora,2022,3,47.58839137268649,0.1411893613915609,0.029715114563617563,5.29792467901429e-07
2062,Mora,2023,3,43.702009157042234,-1.8730259081135259,-0.39399151866960036,7.643732732330256e-05
2062,Mora,2024,3,43.97165760797825,1.890075595527101,0.3975174905247382,7.298425767431823e-05
2080,Falun,2022,3,49.701859331151105,-6.253399001484453,-1.317572096650679,0.0014303332683051854
2080,Falun,2023,3,43.11575727945417,1.1278995738115896,0.23779409645942498,5.3745773623990947e-05
2080,Falun,2024,3,46.66739592365796,-0.3749611918204465,-0.07899028746459817,4.935564268668867e-06
2081,Borlänge,2022,3,50.92771460169161,-2.497341647573016,-0.5267454816650472,0.0002885262839375254
2081,Borlänge,2023,3,47.48830058949707,0.7575677781457202,0.15966473687403496,2.2534746764702628e-05
2081,Borlänge,2024,3,52.89450666287846,-3.482741956996108,-0.7340499675281804,0.0004805142760742512
2082,Säter,2022,3,57.64359966108083,-3.4336803992584493,-0.7225655841640983,0.0002992255109513982
2082,Säter,2023,3,49.80893032872916,1.6008357479407636,0.336770845108356,5.818954087387913e-05
2082,Säter,2024,3,53.29277604300181,-0.1875457124306621,-0.03950726506485939,1.221936623883935e-06
2083,Hedemora,2022,3,51.51413103693646,1.972885734416252,0.4150324022162881,8.776789799397244e-05
2083,Hedemora,2023,3,49.047866330956325,0.6100026817513964,0.1283256917615009,8.404420420915562e-06
2083,Hedemora,2024,3,50.91977666205942,-4.522289586606242,-0.9513077417582267,0.0004538274402427636
2084,Avesta,2022,3,45.59118228815382,2.6383659413944116,0.5574684669594276,0.00043360682990163673
2084,Avesta,2023,3,44.80172653186815,-6.213408507871314,-1.3112731120692045,0.0019804436753335353
2084,Avesta,2024,3,42.092561838657595,-2.345940970566417,-0.49530056574055287,0.00030411203675101
2085,Ludvika,2022,3,49.42387200724647,0.17199943054049527,0.03625239951340677,1.1753137424115999e-06
2085,Ludvika,2023,3,47.07567826965783,4.359819041151958,0.91876107354207,0.000725237245656584
2085,Ludvika,2024,3,50.65554558997898,7.240376915089733,1.5274937156762398,0.002529882848513219
2101,Ockelbo,2022,3,53.50828840727623,1.2932920771766092,0.27239599267709685,5.582609148940688e-05
2101,Ockelbo,2023,3,51.21574400817333,-3.4561052447137968,-0.7288326285027544,0.000532114983375697
2101,Ockelbo,2024,3,49.330748722885104,-1.0367854682919315,-0.21817347398123269,2.718416416882214e-05
2104,Hofors,2022,3,48.58289071901279,-0.22985017847224753,-0.048521536755100354,2.8504450043835336e-06
2104,Hofors,2023,3,45.776367028903096,-3.6385389939126966,-0.7675985731128905,0.0006358129056200498
2104,Hofors,2024,3,44.879203487268576,1.3442638115138834,0.2835530424244514,8.461699446581455e-05
2121,Ovanåker,2022,3,36.90600096812222,-5.844221584195186,-1.2333532612987799,0.001750342974754124
2121,Ovanåker,2023,3,29.321325943316996,4.95199292870036,1.0452967617609796,0.001307552514521432
2121,Ovanåker,2024,3,36.396000073764526,-5.358172721679171,-1.1296901930640386,0.0012201281226361254
2132,Nordanstig,2022,3,56.84302192803594,1.5526774500604077,0.3267446602933524,6.167436008755649e-05
2132,Nordanstig,2023,3,52.856705334403436,-3.016790713272165,-0.6349874293403974,0.0002502405614835761
2132,Nordanstig,2024,3,52.048342298739136,-0.8714906468281001,-0.18350825846667138,2.359928194545036e-05
2161,Ljusdal,2022,3,41.637287000437816,-0.19037420943040928,-0.04009703205486026,1.2096646744375872e-06
2161,Ljusdal,2023,3,38.5663499366493,-6.847717937512396,-1.4424784883853017,0.0016228448210610937
2161,Ljusdal,2024,3,35.81349441799364,0.18542127731674185,0.039061586721451096,1.209031136992223e-06
2180,Gävle,2022,3,47.76764169924289,-1.2137684904268298,-0.2559404269110177,6.446657942721303e-05
2180,Gävle,2023,3,44.95070261893604,-0.5682894519924915,-0.11975152015768212,1.2169669481554966e-05
2180,Gävle,2024,3,47.873143550379766,-0.18347310218160828,-0.038656760356639924,1.2276239912830445e-06
2181,Sandviken,2022,3,48.22281775773027,-1.8521594120348368,-0.3903872497544453,0.00013682443490515276
2181,Sandviken,2023,3,43.51023513156565,-3.7722212556207424,-0.7948841974167926,0.0005348077147791782
2181,Sandviken,2024,3,43.76116954042238,2.7716771749060882,0.5843027662430492,0.0003188939951594314
2182,Söderhamn,2022,3,42.06689470893397,-3.584037792313495,-0.7551022611678482,0.0004631522811189464
2182,Söderhamn,2023,3,36.42093254773085,-5.485217687323736,-1.156048788488235,0.001178131791291028
2182,Söderhamn,2024,3,36.41211710288293,-2.759642057048751,-0.5818440975035725,0.00032543551291006983
2183,Bollnäs,2022,3,39.9188556998571,-0.48075473831863746,-0.10128175428857422,8.210824026147785e-06
2183,Bollnäs,2023,3,37.51014311605949,-0.6357583201179438,-0.1338906370362671,1.3105560100075787e-05
2183,Bollnäs,2024,3,39.97784242397593,-3.168026473055683,-0.667290971073169,0.000339634204271206
2184,Hudiksvall,2022,3,40.24636150134767,-1.4807066509974263,-0.3117908718355079,6.819322280456213e-05
2184,Hudiksvall,2023,3,37.633538601195724,-0.5236966567143853,-0.11046519749809475,1.2818749521950683e-05
2184,Hudiksvall,2024,3,39.306018584614485,-4.26551549358912,-0.8977797720370284,0.0004921402868358921
2260,Ånge,2022,3,44.09339246162951,-0.23470275365620097,-0.04941499626603953,1.6519986361891242e-06
2260,Ånge,2023,3,41.07630536084648,1.0798039815621223,0.22745517538410262,4.004845681928659e-05
2260,Ånge,2024,3,42.938629914063156,1.2895876887674476,0.27157638928291916,5.333625216057121e-05
2262,Timrå,2022,3,55.84831604358392,-4.310634394378106,-0.9077892133076605,0.0005969790125772717
2262,Timrå,2023,3,49.4742880024767,-2.7810154825223066,-0.5860481483865393,0.00029440619893595656
2262,Timrå,2024,3,50.98915868543413,2.0329290949437038,0.4283646247075271,0.0001540092963748702
2280,Härnösand,2022,3,50.31918620445682,-1.1210673090028251,-0.23641203806212527,5.591056553088557e-05
2280,Härnösand,2023,3,47.475962726666275,0.18364626173317333,0.03872018183423729,1.4421955885194885e-06
2280,Härnösand,2024,3,51.006134367557,-1.893346278631853,-0.39896230311221476,0.0001343649786291208
2281,Sundsvall,2022,3,42.882012022059314,-3.1078551597088975,-0.6572207003048738,0.0006763848990409308
2281,Sundsvall,2023,3,39.29711722295678,-2.7696460246259136,-0.5851458830479795,0.0004704755357841662
2281,Sundsvall,2024,3,41.27246258326525,-3.0384750216789485,-0.6416264697581273,0.0005247115423926195
2282,Kramfors,2022,3,53.414650820096014,-1.30339076647671,-0.2742028016627629,3.8908074786007784e-05
2282,Kramfors,2023,3,47.156331083914544,-1.2145240395041341,-0.2555649633695878,3.676066551629572e-05
2282,Kramfors,2024,3,48.186738768531605,4.869118529507389,1.0243291602370288,0.0005390551441917028
2283,Sollefteå,2022,3,45.29405028595025,-0.7769880906323081,-0.1636757099802525,2.0973689053212028e-05
2283,Sollefteå,2023,3,41.42634222752127,-2.1238534298103104,-0.4476313189606761,0.00017790592842031094
2283,Sollefteå,2024,3,41.77418900999187,-1.7654914670477524,-0.371936350535467,0.00011043113809566536
2284,Örnsköldsvik,2022,3,34.176792901943976,-4.945552914183658,-1.042218779797385,0.0009382430214230235
2284,Örnsköldsvik,2023,3,28.99384925404951,0.20691501286710334,0.04361629118437344,1.7428209402021137e-06
2284,Örnsköldsvik,2024,3,31.863790221003406,-0.42609745546041466,-0.08983058719434431,7.612378252529262e-06
2303,Ragunda,2022,3,56.052026776971374,-5.220948307701953,-1.0999726705435435,0.0009824378812809819
2303,Ragunda,2023,3,45.05645608878512,0.12368023059170952,0.026049686355127867,5.099595256556777e-07
2303,Ragunda,2024,3,46.074598763280555,9.113897155879961,1.9186899691038828,0.002422491411307099
2305,Bräcke,2022,3,58.685812379750466,16.289844874387803,3.4281327568811455,0.0068620606277933986
2305,Bräcke,2023,3,67.28578787038398,-10.719137599847834,-2.259184647471672,0.00452203334945428
2305,Bräcke,2024,3,56.4327590552298,0.40236936233440446,0.08470796825191118,4.717335992968037e-06
2309,Krokom,2022,3,64.26193927149332,2.1171490622692346,0.4468801942131956,0.00023712665640666927
2309,Krokom,2023,3,58.77254452167914,-5.2297423414931785,-1.1030703935928339,0.0012653336969906698
2309,Krokom,2024,3,54.12545191204615,4.930670536933441,1.039955977166745,0.0011176516268926282
2313,Strömsund,2022,3,42.252981774345386,0.038849409299430704,0.008177108824489727,4.1355848447399e-08
2313,Strömsund,2023,3,38.96440854133059,-2.2506498803029658,-0.47356693341138933,0.0001239637427112613
2313,Strömsund,2024,3,42.357199001579346,-1.1705891857397361,-0.24686794958472902,6.159776294503046e-05
2321,Åre,2022,3,94.62321592036268,-10.681610080946626,-2.256353990593856,0.006830718149240468
2321,Åre,2023,3,79.96353065175249,6.525557923343783,1.3765619858234452,0.0020192283607500324
2321,Åre,2024,3,84.18485699595527,8.385851268442423,1.767522194514796,0.0028054670672124655
2326,Berg,2022,3,56.030294206376546,3.1949008883837635,0.6737092638479718,0.0004492392315923443
2326,Berg,2023,3,55.27404294677547,3.8295985098071696,0.8268171719431248,0.004010668659475217
2326,Berg,2024,3,58.13364264522498,4.6125588179151435,0.9724899173239777,0.0009044219168475701
2361,Härjedalen,2022,3,62.548159005448106,4.413058471233292,0.9318681754328664,0.0011020093980417124
2361,Härjedalen,2023,3,60.65280049245581,-3.383209560962463,-0.7206251478705834,0.001578955663488046
2361,Härjedalen,2024,3,57.36388260131361,3.766338528907518,0.7934523622944863,0.0005021315614853868
2380,Östersund,2022,3,55.21751263445363,-0.23713744515919188,-0.05003140334257304,2.742412983717407e-06
2380,Östersund,2023,3,52.27062048999658,-1.1308415100178522,-0.2384731019911823,5.688334963424069e-05
2380,Östersund,2024,3,53.42947529218958,-2.720784792181881,-0.5740565825506527,0.0003637971405764902
2401,Nordmaling,2022,3,50.59712918441456,-2.054813871649209,-0.43233186946991276,0.00010083457883107941
2401,Nordmaling,2023,3,44.307397903579805,7.732983157133972,1.6272083690396006,0.001491388597510889
2401,Nordmaling,2024,3,51.33181903582448,-6.676100222802297,-1.4054252775958769,0.0012853373185515754
2403,Bjurholm,2022,3,59.63253353252137,-3.983292385809733,-0.8403301058697701,0.0007622114033412759
2403,Bjurholm,2023,3,50.63147458504418,1.3276395546491742,0.2795648444967781,5.5115274252786784e-05
2403,Bjurholm,2024,3,52.35472088516598,8.68809386684758,1.8289382799897704,0.0021606321066175477
2404,Vindeln,2022,3,56.31856707600782,-3.2662414946124656,-0.6879405662954146,0.0003557491835870965
2404,Vindeln,2023,3,48.5391024803998,-2.5768245093322264,-0.5424188707080815,0.00018668902519789819
2404,Vindeln,2024,3,46.49939068765196,3.897507964738665,0.8209458330258815,0.0005143821823043928
2409,Robertsfors,2022,3,49.22590179917419,3.8884642313036935,0.8183696320693139,0.00040058411918858825
2409,Robertsfors,2023,3,48.61948981252652,-2.031952720538385,-0.4275190507975099,9.835762834264103e-05
2409,Robertsfors,2024,3,46.98289126155312,4.287661802721914,0.9023395936734493,0.0004787442646256939
2417,Norsjö,2022,3,47.329878161790454,1.5680189752756704,0.3300916754261034,7.082043738946021e-05
2417,Norsjö,2023,3,43.9874724294287,0.10019321786997892,0.021081747266751456,2.4460557121562557e-07
2417,Norsjö,2024,3,44.66029141684871,15.571563421860972,3.278061443266238,0.006992344286328834
2418,Malå,2022,3,43.40629244917021,6.7091048472359915,1.4115788363672577,0.0010710656098093323
2418,Malå,2023,3,44.79153442917814,-3.31996252282363,-0.6986017482273492,0.00027497940256624185
2418,Malå,2024,3,45.110569908316556,3.842839949887363,0.8093011688372171,0.0004787370391177471
2421,Storuman,2022,3,48.111136265769865,4.264015987579711,0.8983330383819557,0.0006500358925619782
2421,Storuman,2023,3,50.5158981191256,-6.217730533286783,-1.3107555758312455,0.0016003980604669596
2421,Storuman,2024,3,48.25395214083304,-1.4545976491708572,-0.30657898901563957,8.360802310160216e-05
2422,Sorsele,2022,3,48.037528962227235,-1.6500084367756713,-0.34851956025937453,0.0001612960167715955
2422,Sorsele,2023,3,44.56507114303103,2.3557499713384757,0.49634903252865564,0.0002029543122423624
2422,Sorsele,2024,3,48.61966239657818,-3.6472398255132674,-0.7688309077113814,0.0005442101573114347
2425,Dorotea,2022,3,42.94494699320474,6.785678783836289,1.4294739876676854,0.0016121878371581687
2425,Dorotea,2023,3,44.75961663890946,-6.281634595301085,-1.325323260697058,0.0019297805879377589
2425,Dorotea,2024,3,42.799980711682295,1.6638379456847474,0.35078258093104364,0.00011674654019897076
2460,Vännäs,2022,3,61.06636379582475,-3.161644393838806,-0.6655523856034136,0.00028502669718180764
2460,Vännäs,2023,3,55.98492667144128,13.22801073886891,2.790200836644645,0.008161154311147481
2460,Vännäs,2024,3,66.23728686252973,-12.798828693453949,-2.6995789459727337,0.007588363524636704
2462,Vilhelmina,2022,3,36.72921425474334,-4.662891714464912,-0.9838072318980859,0.0010658617920079353
2462,Vilhelmina,2023,3,33.078400232119535,1.2501962871204455,0.2639933208337973,8.844065969039793e-05
2462,Vilhelmina,2024,3,39.78191492093447,2.761029371889421,0.5825137775778251,0.00037059288742535775
2463,Åsele,2022,3,47.78739048352522,2.1766641534266142,0.45809443042416714,0.00012475833654174487
2463,Åsele,2023,3,46.24465094709702,-9.452892301033742,-1.9927267309825556,0.003686448695469455
2463,Åsele,2024,3,41.75237497384319,13.926912331279304,2.9363946249055903,0.008311441235645561
2480,Umeå,2022,3,56.50658776739947,-0.20530595849865563,-0.0436794305453971,5.3442770835638645e-06
2480,Umeå,2023,3,54.27151984154554,0.9313113040616017,0.19791591977768982,0.00010065450495621421
2480,Umeå,2024,3,58.115264274943385,0.34327172904919223,0.07294678785827695,1.3629103487306045e-05
2481,Lycksele,2022,3,41.067984579206055,0.9151894794397037,0.1927429348810163,2.7319050538210925e-05
2481,Lycksele,2023,3,39.19977714105926,3.214044196859355,0.6767421740086201,0.0003163845387202365
2481,Lycksele,2024,3,43.55105445241133,-5.838560641551453,-1.2301166925458125,0.0012342968601856841
2482,Skellefteå,2022,3,37.85206446023952,4.162935136545514,0.877736353118567,0.000744377470208946
2482,Skellefteå,2023,3,37.751229119466245,22.45101278693808,4.741780597147883,0.02948524934733779
2482,Skellefteå,2024,3,53.869030379157714,9.509088622761674,2.0269030727461548,0.013103316247944394
2505,Arvidsjaur,2022,3,44.9399768039147,-0.5937159628085027,-0.12514767448312086,1.4256074514864325e-05
2505,Arvidsjaur,2023,3,41.503853954795616,8.062643673210275,1.6993897673682021,0.0025904154523790123
2505,Arvidsjaur,2024,3,45.97918853398274,2.633063067265411,0.5703669814061371,0.0021372125851804986
2506,Arjeplog,2022,3,46.43575678723056,-10.440256224800862,-2.2018645717049523,0.004943635173716363
2506,Arjeplog,2023,3,38.039308709472486,-0.8603129256472641,-0.1842295352682175,0.00014079986662919556
2506,Arjeplog,2024,3,43.03849194174199,2.7483491509859874,0.5823293875545453,0.0006655175332380129
2510,Jokkmokk,2022,3,52.982414926572424,-1.0916586240514192,-0.23048881997529289,6.613520870706116e-05
2510,Jokkmokk,2023,3,48.3669904346031,-5.431288234941512,-1.1438902772732327,0.0009707669419497954
2510,Jokkmokk,2024,3,44.142209263052905,7.336199586128117,1.5495698851425028,0.003187459396878177
2513,Överkalix,2022,3,39.660361265516954,5.276347595242541,1.1118452454131689,0.0010487880506937545
2513,Överkalix,2023,3,44.09136218784285,6.193267793181818,1.306986823081097,0.0019580500754731154
2513,Överkalix,2024,3,47.51340711351627,9.031422627189755,1.9086631805760437,0.005232408016033554
2514,Kalix,2022,3,43.018310750213324,-1.1211780653636865,-0.23592320944158063,3.1349822880885286e-05
2514,Kalix,2023,3,38.07024516583718,0.2008039111551696,0.042263258147546015,1.0844298363448773e-06
2514,Kalix,2024,3,40.76942916061317,-2.435337808524288,-0.5122867762632524,0.0001305457194470288
2518,Övertorneå,2022,3,49.162628293415736,-2.7921500219906292,-0.5884766222913916,0.00030659567431397076
2518,Övertorneå,2023,3,45.4486653525525,2.7411585222028805,0.5787978161592574,0.0004216908290654982
2518,Övertorneå,2024,3,47.57094881461783,8.87470068008269,1.871528825799204,0.0035118636572963042
2521,Pajala,2022,3,47.57102255888576,-2.525977513840715,-0.5318013916833544,0.00018863354272521376
2521,Pajala,2023,3,41.86580339228417,9.062488210509223,1.9077705138335317,0.0023578750617147563
2521,Pajala,2024,3,49.07803190517117,-2.2964030849560473,-0.4843288878925721,0.0002405890698468943
2523,Gällivare,2022,3,34.45703891653024,0.4453721052837665,0.09594221133057378,4.9661647764977255e-05
2523,Gällivare,2023,3,31.41229879795362,4.998549442092543,1.0582589574947194,0.002014595456034842
2523,Gällivare,2024,3,37.28154919044706,0.43678191847187264,0.09241932223608483,1.4365088070498855e-05
2560,Älvsbyn,2022,3,46.222350937596566,0.42156260051492467,0.0888171865114476,6.414157316721952e-06
2560,Älvsbyn,2023,3,44.67830269569364,1.9618103712471324,0.41355184682145874,0.00015796883169190648
2560,Älvsbyn,2024,3,50.31069351768553,-1.5584424242973114,-0.3285110011690141,9.898945710034104e-05
2580,Luleå,2022,3,53.60536293269802,-2.8759701711009313,-0.6069397327896559,0.0004239415433221032
2580,Luleå,2023,3,48.315332681336045,-0.5786656786139943,-0.12211912024971479,1.7126098074415774e-05
2580,Luleå,2024,3,50.598304947215134,1.1438006463563397,0.24137955044832313,6.675258723268578e-05
2581,Piteå,2022,3,38.571889417350576,-4.886038890935396,-1.0298048194547398,0.0009426083881407839
2581,Piteå,2023,3,31.771744638260525,1.172710302226914,0.24725516390148758,5.878958276931935e-05
2581,Piteå,2024,3,35.48062405023542,0.7999140325501699,0.1686657568057608,2.773994141294501e-05
2582,Boden,2022,3,48.37095098778569,-1.9861820203013778,-0.4184819079199428,0.00014424242227929627
2582,Boden,2023,3,45.22323343458078,3.3041258324986345,0.6962566239863451,0.00041168911690118445
2582,Boden,2024,3,51.020760456210866,3.0275122094813156,0.6377140062662442,0.0003127612503443172
2583,Haparanda,2022,3,47.31149179015858,-7.37573161885237,-1.559604283817828,0.003762095293296681
2583,Haparanda,2023,3,39.89878570667197,1.6180498605068436,0.3423171487418212,0.00019371176977385848
2583,Haparanda,2024,3,45.68120754576518,1.745303218085759,0.3688956781826217,0.00019924242603154059
2584,Kiruna,2022,3,43.12438655616188,1.2050965638488194,0.2544573974157206,8.151754425696399e-05
2584,Kiruna,2023,3,43.377790298666945,3.2053684406902505,0.6760422327246508,0.0004695211499889631
2584,Kiruna,2024,3,48.86384971797036,-0.3933244348168756,-0.08308621462517986,9.286371309952856e-06
0114,Upplands Väsby,2021,4,98.1939554542992,4.691866377570307,0.9825982568808096,0.0008063015725872741
0114,Upplands Väsby,2022,4,100.8245677611474,9.544479374575872,2.0020457440373396,0.003997087822676968
0114,Upplands Väsby,2023,4,100.12694283506964,-1.4240891132576223,-0.2993498792395472,0.00010876830361324124
0114,Upplands Väsby,2024,4,96.05055357950494,-9.092303872611467,-1.9080113298848702,0.003788882270125865
0115,Vallentuna,2021,4,72.32523566489431,1.4936044916203173,0.3130184807515526,8.880315949202343e-05
0115,Vallentuna,2022,4,76.32317052774273,2.555484317168464,0.535790425220284,0.0002727972103516837
0115,Vallentuna,2023,4,73.57785367990898,-3.1023148499397735,-0.6483071080251257,0.000259155481836343
0115,Vallentuna,2024,4,72.19061195698256,-3.7945870132199246,-0.7925625952634717,0.0003542635103899016
0117,Österåker,2021,4,77.56722267677753,10.690023249332683,2.2360252192116694,0.003553118522633733
0117,Österåker,2022,4,79.40241579822705,-4.124626714422263,-0.8654841433511504,0.0007738629019616452
0117,Österåker,2023,4,66.98115308145535,-7.2636091506083815,-1.517983890629037,0.0014314276462546664
0117,Österåker,2024,4,61.692528067381254,4.830861572484572,1.0101295343136063,0.0006904448604899538
0120,Värmdö,2021,4,78.15692167740823,2.934097530067106,0.61701429273494,0.00047815564841332435
0120,Värmdö,2022,4,77.73200246278799,-4.309267460527835,-0.9063491349970707,0.00104558519066322
0120,Värmdö,2023,4,69.52460670071383,-3.203874235074963,-0.673660354219523,0.0005640747331676428
0120,Värmdö,2024,4,66.90031674860668,-2.0134292177822033,-0.42334512447260114,0.00022245322935910788
0123,Järfälla,2021,4,100.69022276583306,4.083133011490503,0.8550184651567547,0.0006022348801937435
0123,Järfälla,2022,4,101.6013905099756,11.23502418695864,2.354493078374808,0.0050101436066244355
0123,Järfälla,2023,4,105.43653165347973,-5.784035418103855,-1.2203285978399105,0.0023730059274398563
0123,Järfälla,2024,4,99.12218804061514,14.244872105534384,2.981566749133498,0.006915659050246216
0125,Ekerö,2021,4,65.12191225658617,3.719165554796831,0.779282607248572,0.0005383160440950778
0125,Ekerö,2022,4,67.66331023617761,-12.38054403764037,-2.5939987480253412,0.005934024664562141
0125,Ekerö,2023,4,52.50497489251283,1.542511916706836,0.32324860715012593,9.40599930900023e-05
0125,Ekerö,2024,4,57.42465833117609,2.485407390027646,0.5211124667718515,0.00025882955250721736
0126,Huddinge,2021,4,108.90096893898664,5.972968104128384,1.2581264940363268,0.0022550475289735195
0126,Huddinge,2022,4,110.94883498825675,-5.677403422547258,-1.1971619030272658,0.002201159961661213
0126,Huddinge,2023,4,98.9565191040222,-1.5460556208761318,-0.32516977911253026,0.00013440746511711544
0126,Huddinge,2024,4,98.06402794352906,3.5509636578147337,0.746693128504537,0.0006970089487250062
0127,Botkyrka,2021,4,97.15580604898915,1.3880156845763878,0.29287722918612624,0.00013760874189576512
0127,Botkyrka,2022,4,96.82533653225315,-8.214158439720933,-1.7344400702219926,0.00504425998817025
0127,Botkyrka,2023,4,85.98444009274074,0.2780086477396395,0.058895081944739726,6.995911603304934e-06
0127,Botkyrka,2024,4,87.4575654092533,1.7035836444977974,0.359860598826813,0.00022252728669565523
0128,Salem,2021,4,91.02506905705235,6.3549448543782034,1.333314973241793,0.001814238894867567
0128,Salem,2022,4,93.74939163602919,-20.09793935387151,-4.218750682999577,0.019047662339289177
0128,Salem,2023,4,71.72220725877585,5.408043156673116,1.135811063660499,0.0014515772948921792
0128,Salem,2024,4,79.60872932178582,0.8162435462098472,0.17102287769661106,2.5824241865287678e-05
0136,Haninge,2021,4,92.96746643081521,2.2362802500687735,0.47001762216903265,0.00026533308013010966
0136,Haninge,2022,4,91.39048928141523,-1.7843142048921834,-0.37486394831573405,0.00016262987346750367
0136,Haninge,2023,4,82.47939919098832,7.404411497626327,1.555507094666867,0.0027883422659759423
0136,Haninge,2024,4,87.94483385818448,-3.847504951895772,-0.8097557544615446,0.0008784063759428505
0138,Tyresö,2021,4,74.32835560098417,0.046924656649025565,0.009814814685986764,6.807393490324218e-08
0138,Tyresö,2022,4,73.7739724021233,-4.261232124966398,-0.8908345524178923,0.0005202147270214123
0138,Tyresö,2023,4,65.55739585816464,-4.894023682377117,-1.0221026134525841,0.0005792990153036787
0138,Tyresö,2024,4,64.0237252760003,0.7396900028788878,0.1545169976973092,1.3784639866163564e-05
0139,Upplands-Bro,2021,4,110.5042929212095,8.728703668456546,1.8479588730767431,0.00666023525771063
0139,Upplands-Bro,2022,4,110.76724550566888,4.292560478068907,0.9026316951384052,0.0010181927784191996
0139,Upplands-Bro,2023,4,103.5173160028821,0.8181845671730628,0.17161261043035544,2.920446229236204e-05
0139,Upplands-Bro,2024,4,100.30125412346142,0.03950284380157143,0.008281436791882287,6.445767989028206e-08
0140,Nykvarn,2021,4,70.21645033723361,8.566158358418562,1.7922136916528937,0.002361895962166527
0140,Nykvarn,2022,4,74.1679612609757,-1.0369598892335858,-0.21704690413304953,3.671042519614833e-05
0140,Nykvarn,2023,4,68.61876224218315,20.007652228784053,4.206971902283449,0.022031754909139892
0140,Nykvarn,2024,4,84.04727051542969,-5.615897966410074,-1.208635334888906,0.0053834589188689105
0160,Täby,2021,4,87.65246278635482,5.525821305322552,1.166667222530465,0.0022673816865780303
0160,Täby,2022,4,90.52385368715339,-2.1918734377423164,-0.46075447907830863,0.00025829096367198736
0160,Täby,2023,4,82.6368476424969,5.31175669955006,1.11602218951308,0.0014509290558389334
0160,Täby,2024,4,86.10336099637206,0.21841303120562827,0.04601193859096005,3.0451363547640904e-06
0162,Danderyd,2021,4,93.79631665495357,3.20700621185739,0.6795435430428635,0.0009420731700584368
0162,Danderyd,2022,4,96.36845208339888,-11.852362520202988,-2.5059174204966275,0.011375970827982028
0162,Danderyd,2023,4,81.91869077700899,1.1807262315353881,0.2497425028044708,0.00011569094910806495
0162,Danderyd,2024,4,86.55038775834558,8.098802681130138,1.7115744170044198,0.005176413576250658
0163,Sollentuna,2021,4,97.50157961164078,9.570902680525165,2.0086908353841126,0.004249737246062782
0163,Sollentuna,2022,4,104.5774789393258,4.332892665013304,0.9094423846183656,0.000878344123311556
0163,Sollentuna,2023,4,100.86718787449769,0.08345674068658582,0.01748853981689071,2.741732853125377e-07
0163,Sollentuna,2024,4,100.1813300841215,2.4286874362330337,0.5089454578854904,0.00023265361215493187
0180,Stockholm,2021,4,77.98114573196949,-3.3037445038975193,-0.6971561686431049,0.0007834544269191551
0180,Stockholm,2022,4,78.70323604834346,-5.402249399982651,-1.1402629261454862,0.0021288649308271366
0180,Stockholm,2023,4,72.67751403033104,-3.59365378762746,-0.7572255904247712,0.0008379250014663681
0180,Stockholm,2024,4,73.26871440947193,-0.9697190560376185,-0.2039881395378322,5.362121744594896e-05
0181,Södertälje,2021,4,78.94852178673946,1.983015922357552,0.4199777500730894,0.0003506490364245543
0181,Södertälje,2022,4,78.2390445463421,-2.5941887480096426,-0.550782953318851,0.0006816383783565809
0181,Södertälje,2023,4,70.24327858479403,-0.9780692089710072,-0.20858641291202942,0.0001181341788671265
0181,Södertälje,2024,4,71.35536820387222,-2.6843806515211526,-0.5706815762758549,0.0007765696948838319
0182,Nacka,2021,4,94.59379319475124,2.3812793332898536,0.4998884322120834,0.0002692238000857188
0182,Nacka,2022,4,95.06225571261977,-7.242808477356817,-1.5220795770402082,0.0027510810735017766
0182,Nacka,2023,4,84.61510997279956,-3.7712387951220165,-0.7910106688571462,0.0006205203770582087
0182,Nacka,2024,4,82.53915091655722,0.47604817007044176,0.09979885147406505,9.354552996652455e-06
0183,Sundbyberg,2021,4,143.90017449397382,11.782746871122129,2.527977717631094,0.021426062280560505
0183,Sundbyberg,2022,4,153.3416806669268,-7.715640348820642,-1.66136739321133,0.010320484645787548
0183,Sundbyberg,2023,4,140.1221994718033,14.477886377388302,3.1030147997701234,0.031223442027847888
0183,Sundbyberg,2024,4,147.67685229589932,-12.00140715249384,-2.580149938546964,0.02377185247918044
0184,Solna,2021,4,148.25252548062332,12.31858407310824,2.6478425313733243,0.024894778002415106
0184,Solna,2022,4,157.19893900469344,-5.145106354020527,-1.1147373551860371,0.005477044363414478
0184,Solna,2023,4,144.09797799936976,-7.53533899016881,-1.6297926123751931,0.011210152772894751
0184,Solna,2024,4,137.99720716946013,-0.5670004996073601,-0.12224462691683109,5.792275064046716e-05
0186,Lidingö,2021,4,87.41415664403728,-2.824646241645354,-0.5942326525662857,0.00045782074670945295
0186,Lidingö,2022,4,85.1867382732035,-3.75297547174992,-0.7882252992179125,0.0007003553159862536
0186,Lidingö,2023,4,77.79728600342939,-6.528351312592534,-1.369925680678796,0.0019472215972370227
0186,Lidingö,2024,4,74.23516710644171,5.348105936533258,1.1225834459838913,0.0013446278643812297
0187,Vaxholm,2021,4,68.99051211854075,9.785746634376892,2.068559178918493,0.007661922296572148
0187,Vaxholm,2022,4,78.98882912735587,-17.471054524448064,-3.6798193265682126,0.019205507446078216
0187,Vaxholm,2023,4,63.616365810869894,-5.649030615811924,-1.19774109034821,0.0030200965107223077
0187,Vaxholm,2024,4,64.49238683114854,0.13288808003400732,0.028076797045718686,1.3716286498627407e-06
0188,Norrtälje,2021,4,60.25573631103537,4.489021417262087,0.946082567516604,0.0013267521920136561
0188,Norrtälje,2022,4,61.94816297266284,-0.09139257609034956,-0.01926798593772149,5.633408273912517e-07
0188,Norrtälje,2023,4,55.7095611368112,-5.12418786632314,-1.0786667989849434,0.0015827491146946612
0188,Norrtälje,2024,4,51.41823886556968,6.612849217331878,1.3914983440726796,0.002556923249031237
0191,Sigtuna,2021,4,103.19505148117962,4.596407154668654,0.9628668884434856,0.0007997331366145731
0191,Sigtuna,2022,4,103.64210491336291,11.227969880376008,2.357177492732577,0.006023200995112199
0191,Sigtuna,2023,4,103.77422288927828,-6.304253919756675,-1.3278439546222114,0.0025032215110169526
0191,Sigtuna,2024,4,96.95084273529974,-4.0708230260117375,-0.8546368371596719,0.0007932156044964288
0192,Nynäshamn,2021,4,74.3365098225107,12.017109434990559,2.512217661361773,0.00413037605988862
0192,Nynäshamn,2022,4,81.2397677328749,-1.0879852877129679,-0.22790734832591814,4.465376084359284e-05
0192,Nynäshamn,2023,4,70.93209518722307,2.407616468611451,0.5034392903709585,0.00017193523055431028
0192,Nynäshamn,2024,4,70.98838839720744,5.109587337774073,1.0683716935412242,0.0007681163918387517
0305,Håbo,2021,4,66.48518985883086,10.940517266124374,2.2892468736691822,0.003916152843549167
0305,Håbo,2022,4,74.66259459204996,-0.7333171925331499,-0.15380955008829708,2.3423433805256412e-05
0305,Håbo,2023,4,66.19796623141154,1.530770601530051,0.3209982468661534,9.96288368492603e-05
0305,Håbo,2024,4,66.87755452221076,-2.454100902744429,-0.513522372275923,0.0001978082047147298
0319,Älvkarleby,2021,4,67.29952085859821,-0.09270669011374366,-0.019420859712440283,3.261984685723456e-07
0319,Älvkarleby,2022,4,62.44684677133476,1.2414649169769234,0.2590261788155112,3.0662833588063924e-05
0319,Älvkarleby,2023,4,57.49642785139593,-4.216026681316528,-0.8785642033350952,0.00025619171371995864
0319,Älvkarleby,2024,4,54.322055836366914,4.618480177033419,0.9626435846451005,0.00032825923924108106
0330,Knivsta,2021,4,83.22015436602953,11.996315509840883,2.525191951899144,0.008650381983795507
0330,Knivsta,2022,4,91.05560151380325,-7.014475005086226,-1.4810662045696714,0.0036693025515626095
0330,Knivsta,2023,4,80.56362061841911,8.26519081346271,1.7330879197405373,0.0028866542683045593
0330,Knivsta,2024,4,85.42802096435484,2.997402524533001,0.6293643274076229,0.0004355368851521993
0331,Heby,2021,4,67.37322990373953,5.828196370468675,1.2186265950169228,0.0009993394017400166
0331,Heby,2022,4,68.19179307548288,4.549348315544094,0.952013370169698,0.0006855470486649615
0331,Heby,2023,4,63.891197121473006,-6.859892652394009,-1.434196231413503,0.0013624657239780533
0331,Heby,2024,4,57.643675851729306,5.444508184520259,1.1375756316379382,0.0007758172405841415
0360,Tierp,2021,4,65.0156436095559,-2.460372490170279,-0.5138367365305202,0.0001461530410405749
0360,Tierp,2022,4,58.38309001929586,0.7592065330726356,0.15865236986012438,1.5471403395414557e-05
0360,Tierp,2023,4,55.25522917882996,-3.9647087239627865,-0.828939329168729,0.0004583881271194385
0360,Tierp,2024,4,53.55050423349592,0.23076945869513565,0.0482037348024806,1.3284699691716477e-06
0380,Uppsala,2021,4,70.68158179347803,-2.1619097451270477,-0.4586665449315289,0.0004565456449399111
0380,Uppsala,2022,4,71.25994531943475,0.8388405069466813,0.17747309551862156,5.924909855154615e-05
0380,Uppsala,2023,4,68.79271940765065,0.033224528859093994,0.007024903349320053,8.96315167937859e-08
0380,Uppsala,2024,4,71.08208669731718,-2.5905377649902306,-0.5490481051145617,0.0006224354669392435
0381,Enköping,2021,4,67.13762501265089,3.7630046068399423,0.7862042111091941,0.00036754349515537706
0381,Enköping,2022,4,65.38311485502477,-4.8163200046653,-1.0075441217867511,0.0007334325116269969
0381,Enköping,2023,4,57.556204355194716,1.459781729456985,0.30552962999890637,7.217011956493117e-05
0381,Enköping,2024,4,58.289213224594604,-1.4885711303796256,-0.31081811995937303,5.150867258756939e-05
0382,Östhammar,2021,4,49.25777953073129,-1.100025998268407,-0.23079356319092514,5.4356766940058146e-05
0382,Östhammar,2022,4,48.197840157576366,-1.2501136985717096,-0.2620372787716954,6.35072067850486e-05
0382,Östhammar,2023,4,43.84174047009496,-1.8969452328588048,-0.3973021471000023,0.00013314358541609473
0382,Östhammar,2024,4,44.030143723992616,-0.7561352318072352,-0.15844676042393172,2.2456808399140753e-05
0428,Vingåker,2021,4,68.46640716147222,-4.138921781355265,-0.8714012239500616,0.0010452736484924713
0428,Vingåker,2022,4,62.3850484795106,-3.371575592304275,-0.7068426844168322,0.0004710485503283384
0428,Vingåker,2023,4,55.07400160614046,4.77243019151085,0.9998108870664653,0.0008694257731518686
0428,Vingåker,2024,4,58.57337664051165,-7.144805211940216,-1.4960846660402418,0.0018353771186156494
0461,Gnesta,2021,4,67.09163553014709,0.5710067003749373,0.11912645992262327,6.346408213485788e-06
0461,Gnesta,2022,4,65.40698172425503,0.21478885790135394,0.04482495637263724,9.644520684961705e-07
0461,Gnesta,2023,4,59.95766945942651,-4.575725014982069,-0.9553504280430765,0.000479412861477568
0461,Gnesta,2024,4,57.48462423494173,-3.024858132655112,-0.6313706383812947,0.00019794486935340212
0480,Nyköping,2021,4,54.673584171558495,0.10406058058003964,0.02179031575773903,3.906278566189634e-07
0480,Nyköping,2022,4,53.251864649554534,0.4700636177969386,0.09846580464297408,8.320344373475006e-06
0480,Nyköping,2023,4,49.240536608899234,1.6872984426471547,0.3531100798474137,9.502270469358688e-05
0480,Nyköping,2024,4,51.115769394117805,-0.399328971795029,-0.08366418865169507,6.138046775539844e-06
0481,Oxelösund,2021,4,62.76677662305491,3.998802011959924,0.8454807329542973,0.0012970221467447794
0481,Oxelösund,2022,4,63.17354698797427,2.5222994459161825,0.5334540801538663,0.0005249358783582518
0481,Oxelösund,2023,4,61.67062772633205,2.2646109982673224,0.47796018441738525,0.00037229029430257005
0481,Oxelösund,2024,4,63.00436809657989,-4.48886647576699,-0.9486507320029582,0.0015890548125186785
0482,Flen,2021,4,73.16469581927501,4.918167627648259,1.03325967781436,0.0012365419881952327
0482,Flen,2022,4,73.6128238815486,-3.242914801962101,-0.6813874920863328,0.0005434865578549781
0482,Flen,2023,4,64.14677823493103,-4.59865467097903,-0.9662733935945723,0.0010952840220993646
0482,Flen,2024,4,60.83886755995134,0.7416558094016068,0.15582322036585347,2.8257631886136003e-05
0483,Katrineholm,2021,4,53.051145535573184,-2.308998486902148,-0.4810927806838834,7.333575360598374e-05
0483,Katrineholm,2022,4,50.75382627118191,-0.06604451184772842,-0.01376533856855784,6.640616077336836e-08
0483,Katrineholm,2023,4,48.162883902141225,-0.09156354320870008,-0.01908975352989874,1.3849552274317068e-07
0483,Katrineholm,2024,4,49.65442706183043,1.8183140519483345,0.3788900397070239,4.6787545540376705e-05
0484,Eskilstuna,2021,4,43.93566876178798,1.0300817981926897,0.21623986781343185,5.0392162530337355e-05
0484,Eskilstuna,2022,4,44.685466683230565,-0.27211580571245264,-0.057077646510403555,3.241595859145339e-06
0484,Eskilstuna,2023,4,41.65582237304842,0.43112443902587216,0.09032905523963691,7.1856071470301544e-06
0484,Eskilstuna,2024,4,43.87179431593022,-1.9233413808444482,-0.40221450367902756,0.00011131425809030545
0486,Strängnäs,2021,4,65.24535862915886,7.088035899939726,1.4806666616259327,0.0012682685562102147
0486,Strängnäs,2022,4,66.1289173146967,-1.8346744657115863,-0.38313367572890983,8.012958236482915e-05
0486,Strängnäs,2023,4,59.01622249889443,3.24448618882559,0.6771233838993934,0.00022154413267616422
0486,Strängnäs,2024,4,63.415988637515014,-1.4008791317535625,-0.2950543646844728,0.00012335071799236675
0488,Trosa,2021,4,78.96935338698574,-1.0596794887731704,-0.22381815823636295,8.54835585417747e-05
0488,Trosa,2022,4,72.4299206676697,-8.40553042376726,-1.7585419166826983,0.0022623533796075294
0488,Trosa,2023,4,58.47985664881689,2.655514530222412,0.5538822543246317,0.00013019580630945938
0488,Trosa,2024,4,61.0348534755136,-0.27247657459579955,-0.05689463022426231,1.7299245936907629e-06
0509,Ödeshög,2021,4,66.52654826382019,-3.8028714885329435,-0.7938793799863444,0.0003222651230132214
0509,Ödeshög,2022,4,61.24154318514061,0.2593031567815274,0.05415250692657251,1.6140509100856398e-06
0509,Ödeshög,2023,4,57.63028361985431,-3.0744965389677787,-0.6425261816175565,0.000256662784539309
0509,Ödeshög,2024,4,55.953990328881055,-3.8249087936509625,-0.797890254049033,0.00027805863848915827
0512,Ydre,2021,4,58.289142313386876,-10.115935276851019,-2.1381359760043037,0.008137275934206175
0512,Ydre,2022,4,51.41720818925517,3.429384262550421,0.7210182441381136,0.0006418248830953491
0512,Ydre,2023,4,50.63710780460855,-3.6203357397199056,-0.7590241072185021,0.000545442627645956
0512,Ydre,2024,4,50.476956838023014,6.886529096891493,1.4436758434947636,0.0019549321191007223
0513,Kinda,2021,4,53.34962221052071,1.188594349988847,0.2485317093852549,4.1733932588520644e-05
0513,Kinda,2022,4,51.656808065554074,-2.19316086650759,-0.4583386765075351,0.00013056405007122427
0513,Kinda,2023,4,43.959204096580564,-2.5260575793667925,-0.5279296589046051,0.00017431327161539567
0513,Kinda,2024,4,42.814086188222184,4.589750308714642,0.9580492435098527,0.00045991711452783004
0560,Boxholm,2021,4,61.81336827339882,3.135833468255754,0.655912233619171,0.00030520358937306705
0560,Boxholm,2022,4,60.09109742973618,0.294497331995359,0.0617033739130414,3.3553722504047293e-06
0560,Boxholm,2023,4,53.435754595956816,-2.5576086607766584,-0.5357773894100443,0.00024778746381167935
0560,Boxholm,2024,4,50.09410091922933,3.376988440930184,0.7076590099474264,0.0004491912684065762
0561,Åtvidaberg,2021,4,50.22303922331715,-0.23176370421053605,-0.048388965867303006,1.2289024561461458e-06
0561,Åtvidaberg,2022,4,49.7086929918833,0.7867007157475072,0.1640880124868844,1.1417441587533471e-05
0561,Åtvidaberg,2023,4,44.721867924865236,-2.226230926610434,-0.4647143111526104,0.00010906915517743235
0561,Åtvidaberg,2024,4,44.52571835668532,4.746105136817782,0.9903219693124369,0.0004550093342199451
0562,Finspång,2021,4,50.15503162594041,3.1594185545155256,0.6605387446769675,0.000288992065497783
0562,Finspång,2022,4,49.90307998040358,5.020903035621622,1.0504228459492728,0.000805844037483524
0562,Finspång,2023,4,47.81024214889847,0.8668114142987307,0.1816311335586384,2.9368645737850673e-05
0562,Finspång,2024,4,48.83465286169735,2.9157980470572156,0.6111701394146225,0.00034470069998714917
0563,Valdemarsvik,2021,4,64.84682212103046,-4.664054497009566,-0.9780274339908118,0.0009237213975989049
0563,Valdemarsvik,2022,4,57.33140870205702,3.6122348103938364,0.7564756177875565,0.00047637193874936395
0563,Valdemarsvik,2023,4,54.6497949563238,3.1674706583161694,0.6628854750986962,0.0003356663711362616
0563,Valdemarsvik,2024,4,55.498868312137674,12.275218066599862,2.5674101218338494,0.004635044653673677
0580,Linköping,2021,4,62.64356460286758,-3.2151934005863794,-0.6773646740887026,0.0006624991526702173
0580,Linköping,2022,4,61.759719810840934,-0.7000400786707601,-0.1473467224579865,2.9304257079780077e-05
0580,Linköping,2023,4,58.41194196328529,0.11115186959803935,0.02339578531077956,7.392214179676594e-07
0580,Linköping,2024,4,60.19722663848913,-1.3820988377333308,-0.2908278462273926,0.0001117487749952027
0581,Norrköping,2021,4,46.38847258124608,-1.1157981706907592,-0.2333221332634146,3.7063583373106076e-05
0581,Norrköping,2022,4,45.518835245097215,0.16749331058084493,0.035015790653306386,8.050599438126427e-07
0581,Norrköping,2023,4,42.35739743850663,0.1603240194406439,0.033511543231595504,7.188743002858609e-07
0581,Norrköping,2024,4,45.24062672295605,-3.062395242751883,-0.6402700304747657,0.0002725616509129793
0582,Söderköping,2021,4,59.95377265061688,-0.32043250204466744,-0.06693222935989777,2.5575183305058666e-06
0582,Söderköping,2022,4,57.2015060565768,6.099019762487515,1.2722512513592792,0.0007034914186580885
0582,Söderköping,2023,4,53.85909163340096,2.3055683518011705,0.4815722043016305,0.00013156744768226186
0582,Söderköping,2024,4,53.760808188377034,0.9420114748862005,0.1966372643054789,1.9472366506829215e-05
0583,Motala,2021,4,39.090667276299726,0.5667948293008607,0.11832892287871957,7.231731825077906e-06
0583,Motala,2022,4,39.3355866872009,1.2562537811488994,0.26260053328677313,4.450236390776782e-05
0583,Motala,2023,4,37.26970264675622,0.9209303572686593,0.19228133454370838,1.9485392806549187e-05
0583,Motala,2024,4,39.463738232850254,-3.7896777800287396,-0.7913969388308911,0.00034199814565601317
0584,Vadstena,2021,4,66.65756514190974,9.059756855964864,1.8999643761787088,0.0035211800307857677
0584,Vadstena,2022,4,70.02133492881553,-4.923086031609273,-1.0322547136099762,0.0010194981799531901
0584,Vadstena,2023,4,59.229776231128106,-2.329049838876287,-0.4885294993591604,0.00023745419720561851
0584,Vadstena,2024,4,58.632307017004614,7.45581047298203,1.560275284386249,0.0018485426973026133
0586,Mjölby,2021,4,54.13271967047762,0.27316663607726355,0.05702182350023535,1.640340848225142e-06
0586,Mjölby,2022,4,52.677988324719486,0.9906569634684956,0.20712795398686076,2.865935356914977e-05
0586,Mjölby,2023,4,49.585451988056136,-1.7481059634200804,-0.3649609553679272,6.921644674945219e-05
0586,Mjölby,2024,4,48.84885852343767,0.288621873844086,0.06028538069584982,2.0612694939110816e-06
0604,Aneby,2021,4,58.55419597281211,5.868322889637113,1.2248369263166303,0.0007396901928366715
0604,Aneby,2022,4,61.890253120134744,-7.083688055656431,-1.478919620927934,0.0011398984798456212
0604,Aneby,2023,4,54.501870324627696,-4.735378789309543,-0.9917685462043385,0.0008272367031754488
0604,Aneby,2024,4,51.85403793519243,-6.392805038326166,-1.3389942053172277,0.0015211582516207508
0617,Gnosjö,2021,4,50.80330664160977,-3.990349483825028,-0.8399864640164505,0.0009596503230199694
0617,Gnosjö,2022,4,49.228611962777535,-3.8800211596412737,-0.8186166733531084,0.001067943547510012
0617,Gnosjö,2023,4,46.186793567455965,0.21164900230392902,0.04475156303667281,3.642444310231054e-06
0617,Gnosjö,2024,4,52.28697311745398,-9.246780367481364,-1.9577549121988134,0.007498313938326215
0642,Mullsjö,2021,4,65.32386418019313,-4.0856407616197785,-0.8555385280986754,0.0006025271373872062
0642,Mullsjö,2022,4,57.84211712737769,8.939614152494855,1.870656925178715,0.002631791279115412
0642,Mullsjö,2023,4,58.53136342698732,-0.9888004073225432,-0.2070437541840328,3.5027755829090784e-05
0642,Mullsjö,2024,4,56.908317071256164,-3.708422417582213,-0.7755105044500507,0.0004134171534763202
0643,Habo,2021,4,54.90769060410919,2.3912945637284366,0.5029508101444813,0.0003219945143552013
0643,Habo,2022,4,56.32442068802877,8.041819409472744,1.687973710546317,0.003035286881557713
0643,Habo,2023,4,57.365380527308126,-11.48967431261886,-2.4147305372066947,0.006966203725797022
0643,Habo,2024,4,47.11100732758725,1.566162708084569,0.3290287186026464,0.00012515310124189835
0662,Gislaved,2021,4,42.838751811391674,-0.7829932513700228,-0.16426917198795768,2.7393236611911366e-05
0662,Gislaved,2022,4,43.10903785952384,0.17307604434645185,0.036327896900280474,1.40337864070558e-06
0662,Gislaved,2023,4,40.37263039620188,-0.4263975430964777,-0.089346002059894,7.096658722879581e-06
0662,Gislaved,2024,4,43.51291785633654,-2.4913530236022297,-0.5219191508274594,0.00023626258176631757
0665,Vaggeryd,2021,4,58.698557913649104,-0.10639732772749966,-0.022280322705165802,4.0995969752145255e-07
0665,Vaggeryd,2022,4,55.192967289377776,-2.816503037324459,-0.5888693658336845,0.0002311065781586815
0665,Vaggeryd,2023,4,47.928503189406065,-3.9746850812432157,-0.8302173231690372,0.0003919371093895757
0665,Vaggeryd,2024,4,45.94963932585445,1.3353522424423474,0.27859358372955684,3.485848048982877e-05
0680,Jönköping,2021,4,54.150389170410904,-1.4825199137647402,-0.3098289025872165,5.9781817310653905e-05
0680,Jönköping,2022,4,53.93241913090425,-0.3745267152861871,-0.07827794076222136,3.866244525099411e-06
0680,Jönköping,2023,4,50.631593435440585,-0.48141657567635576,-0.10063474165430743,6.556124758004597e-06
0680,Jönköping,2024,4,51.55499731144203,1.3524755643351227,0.2826989476364088,5.1137913625442724e-05
0682,Nässjö,2021,4,54.74148056977723,3.4046398757579794,0.709683993997886,0.00018160802530652512
0682,Nässjö,2022,4,54.494095412751435,3.451058606782752,0.7197577983456694,0.00021567726163171857
0682,Nässjö,2023,4,51.80829229325301,-0.3042478038697922,-0.06340089903275244,1.3321232446258756e-06
0682,Nässjö,2024,4,52.524365040039996,-0.8258814866794353,-0.17215939685133325,1.0819057100050748e-05
0683,Värnamo,2021,4,43.153596190467795,-1.4352383819798717,-0.29950546739907785,4.2486062358669734e-05
0683,Värnamo,2022,4,42.29512964342984,-2.430031061624234,-0.5070258142445176,0.00011802565447628939
0683,Värnamo,2023,4,37.61942880931516,4.142369982627272,0.8648298165179689,0.000389209640397348
0683,Värnamo,2024,4,44.59705075262301,-5.572095625531354,-1.162713281693927,0.0006319267105921177
0684,Sävsjö,2021,4,54.22988644635993,-1.364569169051876,-0.28539117268318615,5.687194441821648e-05
0684,Sävsjö,2022,4,51.63012227749034,0.9567437491853923,0.19983923040927862,2.2672059124497882e-05
0684,Sävsjö,2023,4,47.15582194649342,-2.075259725033014,-0.4334031371829771,0.00010377272025063727
0684,Sävsjö,2024,4,46.83158213953055,1.0798595278568044,0.2257245462119604,3.280174510571663e-05
0685,Vetlanda,2021,4,41.74837619179151,0.3572680643903823,0.07457429594523637,2.781723949048324e-06
0685,Vetlanda,2022,4,41.343480084128416,2.5259955780693915,0.5279114963016311,0.0001740230811929829
0685,Vetlanda,2023,4,39.076887881324524,-0.41953098264098543,-0.08762107252459984,4.286033815727556e-06
0685,Vetlanda,2024,4,39.999835415500115,1.339891408097678,0.27949441167573236,3.3782440042047976e-05
0686,Eksjö,2021,4,62.3897900348155,-5.083521110289311,-1.0598197181635463,0.00042417182635305254
0686,Eksjö,2022,4,56.259723259880715,0.6335458632013768,0.13200720880585634,5.579589402716138e-06
0686,Eksjö,2023,4,51.49996864836432,-1.3591235779417872,-0.28340740294877675,3.191389863832462e-05
0686,Eksjö,2024,4,51.934595505943506,4.326645501250738,0.9018525763004642,0.0002914664399059159
0687,Tranås,2021,4,49.9648422368214,1.2166773138832738,0.25416310431998884,3.7455738877571526e-05
0687,Tranås,2022,4,51.75013521741747,-2.9307350897850526,-0.6120877259657035,0.0002085066791895441
0687,Tranås,2023,4,45.619523232925616,1.887808145373505,0.39384289038295833,6.93000948509628e-05
0687,Tranås,2024,4,48.244790016024844,-2.8782021854507747,-0.6016064631227164,0.00023128858938786716
0760,Uppvidinge,2021,4,55.885782475528345,2.321435219465833,0.48734748782098414,0.00025696984223765127
0760,Uppvidinge,2022,4,56.54019012862942,6.530525522251871,1.371729355675134,0.0021412977721155316
0760,Uppvidinge,2023,4,56.46257428444541,-1.404817618138594,-0.29491510146344413,9.39977030455345e-05
0760,Uppvidinge,2024,4,55.75331056858513,-6.862459669125904,-1.438869772363257,0.0019770959619325582
0761,Lessebo,2021,4,71.82092032080098,-2.891599117162073,-0.6115977512970225,0.000692438927692473
0761,Lessebo,2022,4,66.57033860335157,6.735495221044417,1.4198703068182414,0.0030369937871426484
0761,Lessebo,2023,4,69.05452777268172,-3.2429717909027715,-0.6821149997785044,0.0005946766996331571
0761,Lessebo,2024,4,65.54487829265109,0.20491058417361785,0.04292015921202086,1.567112744144651e-06
0763,Tingsryd,2021,4,58.14909321445243,2.57012100748117,0.5368212748742357,0.0001630003350285526
0763,Tingsryd,2022,4,59.10558601138061,1.6409375309467862,0.34271407121201847,6.54427494793011e-05
0763,Tingsryd,2023,4,53.253321765231675,0.3048847341512939,0.06363152865097496,1.9703799127889847e-06
0763,Tingsryd,2024,4,54.012326401012395,1.561800291282438,0.32595724667356146,5.1666341950087125e-05
0764,Alvesta,2021,4,54.80755767047627,1.4846491614850805,0.3099093329530673,4.839433313005758e-05
0764,Alvesta,2022,4,53.71416558917198,-1.4359407779955902,-0.29972173358905396,4.465673016010607e-05
0764,Alvesta,2023,4,47.23892673613179,7.102390629137673,1.4826325301822219,0.0011169044431154585
0764,Alvesta,2024,4,54.777313591882155,-5.6093862091287505,-1.1708780683367657,0.0006861742228960266
0765,Älmhult,2021,4,63.53931673070752,-2.0239796489283037,-0.4234845976323413,0.00013303751607876045
0765,Älmhult,2022,4,59.94682769256026,4.059362888912219,0.8489438776777655,0.0004992221925579818
0765,Älmhult,2023,4,57.536523462629646,-7.458450743468369,-1.5596648141723073,0.001663158731739825
0765,Älmhult,2024,4,52.87015034677719,-4.776341928944525,-1.0010647262358796,0.0009158732927442137
0767,Markaryd,2021,4,65.26992278430964,13.702945432744627,2.869483211443114,0.0067980272479232
0767,Markaryd,2022,4,75.47005582725805,-8.67879082627438,-1.82124877404252,0.0034545079622622667
0767,Markaryd,2023,4,62.555205613379584,0.9620631440638476,0.20191369122832484,4.2959634749045066e-05
0767,Markaryd,2024,4,61.23233104545594,-9.712910638935519,-2.040350387058991,0.0047718803720333955
0780,Växjö,2021,4,59.90092148963597,-0.4290739975790885,-0.08976489632709866,5.869819052350379e-06
0780,Växjö,2022,4,59.059206213896786,3.4504451033149834,0.721597695196375,0.00036055113070961183
0780,Växjö,2023,4,57.95196548310709,-1.000318527975601,-0.20929797214607612,3.244709617175623e-05
0780,Växjö,2024,4,59.491848263358946,0.7009639887613801,0.1470174211341214,2.1307297717940512e-05
0781,Ljungby,2021,4,42.63871286305696,-2.3686041865191356,-0.4947252456037441,0.00013817828685353637
0781,Ljungby,2022,4,40.88588474804785,1.8062474009533105,0.3768784897512343,6.54044467707754e-05
0781,Ljungby,2023,4,39.79917875036075,-0.6880990443121391,-0.14390044061365467,1.4295642557802191e-05
0781,Ljungby,2024,4,41.16705634550241,-3.7554580428150004,-0.7838005606992451,0.0002998162037872271
0821,Högsby,2021,4,79.53246242767625,-11.330513800572618,-2.4016356317382987,0.011960577684368864
0821,Högsby,2022,4,66.39500952778766,12.222468982240983,2.560044361952763,0.0055624861243513506
0821,Högsby,2023,4,73.59478148778629,-15.301291234016524,-3.2184835144057313,0.01326087448403187
0821,Högsby,2024,4,63.04665170567624,-0.0885611211996391,-0.018652508631449932,4.923645255492631e-07
0834,Torsås,2021,4,62.98484222661431,-5.765666070280837,-1.202613156182964,0.0006163664078364687
0834,Torsås,2022,4,56.19478754005126,0.7492624457482293,0.1563074477885056,1.080520702451185e-05
0834,Torsås,2023,4,52.84546483347211,-1.1459504090219497,-0.2394068019032682,3.368089948965009e-05
0834,Torsås,2024,4,52.82677863997831,1.4401171217628175,0.30102242147558467,5.8114309746477504e-05
0840,Mörbylånga,2021,4,66.82984130502834,-0.5532861593725755,-0.11599471386559615,1.2680521960194688e-05
0840,Mörbylånga,2022,4,61.71210555820672,5.35076588377013,1.1209824654426641,0.0010942873022281507
0840,Mörbylånga,2023,4,58.058236784820686,4.317878180491505,0.9053024339795224,0.0007791232809078952
0840,Mörbylånga,2024,4,59.70464241616842,-3.5532617455569806,-0.745184226078841,0.0005426398612049415
0860,Hultsfred,2021,4,58.938167259027814,-0.030939029090419012,-0.0064648631291245855,2.5358539969271883e-08
0860,Hultsfred,2022,4,55.56874312764648,4.940358123775596,1.031065121325406,0.0005151139230519443
0860,Hultsfred,2023,4,50.55186789769333,-3.804046821557044,-0.7963501434450988,0.0005040598649854842
0860,Hultsfred,2024,4,48.0314417254408,-2.320917334304987,-0.48437881671948313,0.00011356484098934282
0861,Mönsterås,2021,4,56.53081926184691,-3.0536733876577387,-0.6373918784984695,0.00020217020902268848
0861,Mönsterås,2022,4,53.44195380229158,-2.0710589544458387,-0.43244917836713626,9.996559255475949e-05
0861,Mönsterås,2023,4,46.91995757306436,-1.4654121185189055,-0.30549855843063994,3.485565494053897e-05
0861,Mönsterås,2024,4,47.257250490220244,2.0196643464160715,0.4216075876200944,9.032654156519124e-05
0862,Emmaboda,2021,4,53.939176469754585,2.0153738571829223,0.42143357478186066,0.00012105217771694582
0862,Emmaboda,2022,4,53.325354846150525,2.7354133147567197,0.5718736190247488,0.00021554527246794844
0862,Emmaboda,2023,4,48.58944110605322,-7.842974674957816,-1.6370500883039443,0.0013318710872820183
0862,Emmaboda,2024,4,47.712306212432715,0.47778927946157523,0.10027021173751183,1.05313003635888e-05
0880,Kalmar,2021,4,65.77470807482804,-1.7325366975288006,-0.36160059836895747,6.393488383756064e-05
0880,Kalmar,2022,4,63.11361696612672,-0.74032140112908,-0.15450998404245495,1.1615244721977346e-05
0880,Kalmar,2023,4,58.827452386582465,-0.2414820391604664,-0.05041142339398633,1.3001986349580423e-06
0880,Kalmar,2024,4,59.64580836523223,-0.3643382948096914,-0.0760272887899721,2.7160979807834835e-06
0881,Nybro,2021,4,55.712396472539574,-1.8275611343419769,-0.38179976466900756,8.542583564028398e-05
0881,Nybro,2022,4,52.248165835501446,2.8175879939818813,0.5889449325221493,0.00022214140907998202
0881,Nybro,2023,4,49.75976640103968,-0.6160582848818237,-0.12860392618979713,8.41673777664249e-06
0881,Nybro,2024,4,49.11870644820511,-0.5497124128184154,-0.11491928698433772,8.643331089300685e-06
0882,Oskarshamn,2021,4,45.86572410947457,-0.6783618758228442,-0.1416647283625789,1.0997086849730464e-05
0882,Oskarshamn,2022,4,43.85572750592177,-5.192119395813734,-1.0844398224067127,0.0006609746940061856
0882,Oskarshamn,2023,4,36.71161241092874,1.3669966982175623,0.2854815415309482,4.48539126069725e-05
0882,Oskarshamn,2024,4,40.32733744546757,2.9813577222329073,0.6228773156527022,0.00022959571408523016
0883,Västervik,2021,4,40.19777054303939,-3.7322087284694945,-0.7822637484628169,0.0005622107502501405
0883,Västervik,2022,4,36.85033648471859,0.5302910732623118,0.11105860761270113,1.0322113292104932e-05
0883,Västervik,2023,4,34.07901533076091,1.629388907038944,0.3411334815112924,9.362254651575644e-05
0883,Västervik,2024,4,36.95968917715226,1.342503047173473,0.28106257584720495,6.333426024549222e-05
0884,Vimmerby,2021,4,45.63657963400527,-4.424614041503027,-0.922892240647301,0.0003628145338052599
0884,Vimmerby,2022,4,43.076441707697214,1.0194636725174817,0.21286447039936915,2.410270041436279e-05
0884,Vimmerby,2023,4,40.414515447043435,0.20381454454831527,0.0424853774759288,6.552415742106886e-07
0884,Vimmerby,2024,4,42.34312487425316,-1.0014712081065085,-0.2087884518953288,1.646880398065758e-05
0885,Borgholm,2021,4,64.30122161562836,-2.0708407069546624,-0.4361107122920562,0.00026717209278091824
0885,Borgholm,2022,4,60.92314645736503,0.6960853746327587,0.1462461168481037,2.4850868570721596e-05
0885,Borgholm,2023,4,55.93762241514293,1.8405688762601216,0.3863412309561558,0.00015927247904589355
0885,Borgholm,2024,4,56.27408394552199,-0.39559153974662564,-0.08305763884792175,7.545703920854948e-06
0980,Gotland,2021,4,48.765210571917954,4.004416155512743,0.8423090553335204,0.000909782424389346
0980,Gotland,2022,4,49.285277284646085,-0.5219339795932001,-0.10997398150607696,1.763193686182005e-05
0980,Gotland,2023,4,44.78579757863722,-1.199961336850528,-0.25276513071709933,9.125997930391483e-05
0980,Gotland,2024,4,44.90227386499603,-1.4717905204551869,-0.30989387165001286,0.00013301535407341512
1060,Olofström,2021,4,47.41298710558762,1.9725214520539396,0.4147269074444316,0.00021276918452636662
1060,Olofström,2022,4,48.56225927501732,1.137565939664647,0.23883251258693652,6.218083952657886e-05
1060,Olofström,2023,4,44.97878725249366,4.404874029184619,0.9244710044193996,0.0009000860407573994
1060,Olofström,2024,4,49.249319594248796,0.5968342519050509,0.12541397508439836,1.853609297148327e-05
1080,Karlskrona,2021,4,46.275466691598886,-0.7636839968696165,-0.1599223314745358,2.1149028338239795e-05
1080,Karlskrona,2022,4,44.76044862693119,0.45415201492117774,0.0952152905567547,8.58053944108214e-06
1080,Karlskrona,2023,4,41.62055815036142,2.447493641267606,0.5122539217500258,0.0002027679171924042
1080,Karlskrona,2024,4,45.70937994224469,-2.7386856842395275,-0.5731264189525865,0.00024956142329522307
1081,Ronneby,2021,4,43.78505039309926,0.22179892196923134,0.046655727610635335,2.798109723614718e-06
1081,Ronneby,2022,4,43.243288750367874,2.798742172872551,0.5880942500469454,0.0004069223113632858
1081,Ronneby,2023,4,39.89629839369443,4.967765559994277,1.0402672157805881,0.0008919353009276287
1081,Ronneby,2024,4,42.62482674709616,-2.9254425920563207,-0.6125017936984133,0.00030324034947658437
1082,Karlshamn,2021,4,43.357728980666884,-4.103710486283468,-0.8583784587971772,0.0005243138668141566
1082,Karlshamn,2022,4,41.28604357837832,1.3946119964913137,0.29156773136398934,5.620717320066645e-05
1082,Karlshamn,2023,4,39.21137077428307,-2.831823330852643,-0.5920701562655658,0.00023348483701384032
1082,Karlshamn,2024,4,39.84968392371392,-1.1107465674101817,-0.2318941939569531,2.789751440356482e-05
1083,Sölvesborg,2021,4,52.87730288257551,-0.8248513432368583,-0.17217997602211374,1.4911311528642293e-05
1083,Sölvesborg,2022,4,50.034540621920016,-1.901618388278358,-0.396576172410136,6.435198003772095e-05
1083,Sölvesborg,2023,4,44.60200001706548,2.7799742318615586,0.5801758309444695,0.0001624098844914878
1083,Sölvesborg,2024,4,47.54836965473021,-1.7078647780807543,-0.3560903868479056,4.904412273889136e-05
1214,Svalöv,2021,4,84.1872537354236,-2.727359203089435,-0.5705653737758811,0.00023629293233734446
1214,Svalöv,2022,4,78.10359562909501,3.121345612436855,0.6525767222708576,0.0002819267442326243
1214,Svalöv,2023,4,76.22188894033391,-0.45181193263314867,-0.09459109803046066,7.1836412398057404e-06
1214,Svalöv,2024,4,74.40790247121713,1.779954229601131,0.3722412937225109,9.580660799663742e-05
1230,Staffanstorp,2021,4,77.23319536217595,-1.8959497254104605,-0.39661262344746306,0.0001133173192282116
1230,Staffanstorp,2022,4,73.16865791799314,5.141895521397402,1.0740515561585215,0.0006594112321913984
1230,Staffanstorp,2023,4,68.41771827100033,3.9158114873968515,0.820322850756688,0.0005828806745652309
1230,Staffanstorp,2024,4,71.37895765027692,-3.9504699383038684,-0.8275228248816507,0.000588054649872536
1231,Burlöv,2021,4,114.18928849665049,9.69062847798628,2.0520689886890544,0.008310963795998855
1231,Burlöv,2022,4,114.5451495947172,-3.9425945197750423,-0.8328971475010054,0.0011984073054776409
1231,Burlöv,2023,4,102.90608785463617,-2.170349092289868,-0.45736751682221893,0.0003080069490010283
1231,Burlöv,2024,4,99.97312212930034,5.494267552805027,1.1565180515226232,0.0018132409525175976
1233,Vellinge,2021,4,62.98425994425933,5.690310172156352,1.1940718260083554,0.0014797309464278559
1233,Vellinge,2022,4,64.060337122553,-6.922768047171594,-1.4523773681668952,0.002142176656082741
1233,Vellinge,2023,4,52.154265923599034,-1.9396281579516739,-0.4065515652941399,0.00015223602972245
1233,Vellinge,2024,4,51.625715136857174,3.0601321235616936,0.6419610411792548,0.00041549722856483
1256,Östra Göinge,2021,4,78.69328743592254,-15.913018377626578,-3.3453043288343185,0.013692231674652047
1256,Östra Göinge,2022,4,61.88956382866745,-1.4518880380383763,-0.30483981158044526,0.0001017750915771689
1256,Östra Göinge,2023,4,57.96070681223107,4.142426255942823,0.8701107169403256,0.0008614657681266689
1256,Östra Göinge,2024,4,61.33867144886947,-4.248959043661287,-0.8899703845736886,0.0006730688333547117
1257,Örkelljunga,2021,4,77.07893726989317,-1.547934317231011,-0.3237749308047066,7.431757318265562e-05
1257,Örkelljunga,2022,4,71.88369064431039,-1.773695426711157,-0.3700184414765137,6.050689850599602e-05
1257,Örkelljunga,2023,4,64.7462130116986,-2.4439030337440357,-0.5099767031921782,0.0001223119294201681
1257,Örkelljunga,2024,4,61.882452518438306,-3.110437338911204,-0.6482787768323723,0.0001463283786897822
1260,Bjuv,2021,4,86.22468477722144,8.712823113196436,1.8264198632083706,0.003107334565623446
1260,Bjuv,2022,4,87.86181509671037,12.561544385296855,2.63338681699778,0.006508384533988668
1260,Bjuv,2023,4,89.20551981376411,5.546484194251917,1.1632288440239102,0.0013257254736014684
1260,Bjuv,2024,4,92.44276442020616,-5.799035924741659,-1.220168976952938,0.0019555216554199804
1261,Kävlinge,2021,4,58.9402421221054,-2.2011184091713574,-0.45984615607971874,0.00012418705469365837
1261,Kävlinge,2022,4,56.76526411857625,-3.115741482296606,-0.6511065643176386,0.00026097804721708553
1261,Kävlinge,2023,4,50.89489770802588,-4.795606927884037,-1.0019217317501898,0.0005944735636841566
1261,Kävlinge,2024,4,48.917259722384834,2.996402253782918,0.6259656154193218,0.00022840355663145535
1262,Lomma,2021,4,63.210938473184044,-10.325152289240542,-2.18194654189258,0.008381495201336884
1262,Lomma,2022,4,56.98706805308941,0.37307109985747644,0.07924030560335481,1.4374067808132991e-05
1262,Lomma,2023,4,54.66026030417788,-2.562968713647166,-0.5425913721638994,0.0005732698376283974
1262,Lomma,2024,4,55.97564973932256,4.23070267823762,0.8960635820944772,0.001601282893635211
1263,Svedala,2021,4,71.18591499433666,2.451153302967626,0.5125126321111653,0.00017661309135455041
1263,Svedala,2022,4,68.22857617859835,-10.044103488801028,-2.1001970344865475,0.0029809403041173308
1263,Svedala,2023,4,55.3817562487736,1.2011155023981104,0.25116758511601545,4.307546555634143e-05
1263,Svedala,2024,4,57.24384570528271,2.5500561648669873,0.5329789889139868,0.0001794867830292803
1264,Skurup,2021,4,72.76776079863139,7.748714017130837,1.6237184616880178,0.002356593809921585
1264,Skurup,2022,4,74.18387881333014,8.118434258213696,1.7000855403076758,0.002392165956995379
1264,Skurup,2023,4,72.89292857006139,-4.45096190141777,-0.9306871906856197,0.0005855854195715111
1264,Skurup,2024,4,67.56603917712431,2.7889523428476224,0.582538391809358,0.00019252339749426304
1265,Sjöbo,2021,4,66.35173985668455,1.7613031755768276,0.3681564265020362,8.683874557463767e-05
1265,Sjöbo,2022,4,66.11359974425626,-4.313835074485965,-0.9024561246761333,0.0005910448803899859
1265,Sjöbo,2023,4,57.00973585055237,3.8021178305712624,0.7949750468444118,0.0004240226579208424
1265,Sjöbo,2024,4,61.75882750666885,-1.9770619794412596,-0.4131678499928009,0.0001057078410204292
1266,Hörby,2021,4,69.97736131902316,0.26716075147541574,0.05576118146563942,1.5294682613603425e-06
1266,Hörby,2022,4,69.03442711725916,1.5216232708309292,0.3175992659690203,4.992337980256443e-05
1266,Hörby,2023,4,65.21968846671207,-1.9537276069109808,-0.407740709118642,8.026236683070181e-05
1266,Hörby,2024,4,64.91347790297348,-3.674562596457612,-0.7670123677156035,0.0002945059399979036
1267,Höör,2021,4,66.28316868801312,4.673537693961634,0.9767260940751812,0.0005953714756392008
1267,Höör,2022,4,70.56956070281313,7.7099097255848505,1.611261797133416,0.0016140349043020983
1267,Höör,2023,4,69.00572877784808,-3.225342037516583,-0.6750422019049558,0.00035120653298600745
1267,Höör,2024,4,66.71619880699868,1.0997619191116144,0.22985493176585434,3.331860112862505e-05
1270,Tomelilla,2021,4,72.34861863425621,-0.1490853787136217,-0.031099480202382825,4.2153312840152984e-07
1270,Tomelilla,2022,4,69.96257780748952,-0.7474025975271701,-0.15602604918925833,1.2445909548197626e-05
1270,Tomelilla,2023,4,62.287741621029085,-2.258459044162322,-0.4713392353238735,0.00010732119854685621
1270,Tomelilla,2024,4,62.530494187173936,8.662408518303003,1.8106135221610673,0.0020918524744502156
1272,Bromölla,2021,4,58.534060678546936,-7.308764235859186,-1.5248897662917658,0.0010547304107934572
1272,Bromölla,2022,4,51.81221227359033,8.506001927312063,1.7754894993093855,0.001575072258507961
1272,Bromölla,2023,4,54.906954302050714,-2.978645772686015,-0.6215976863521943,0.00018388353035198162
1272,Bromölla,2024,4,53.31166051172101,2.0211382051995983,0.42186674586741135,8.83706308316417e-05
1273,Osby,2021,4,63.854870863306424,-4.920512584611721,-1.026021667651806,0.00041680316077177424
1273,Osby,2022,4,56.60254419508202,-0.023000457357284176,-0.0047983485288249856,1.023397594977703e-08
1273,Osby,2023,4,51.99558634954083,2.7121810852218715,0.565273579805826,0.000111230329869508
1273,Osby,2024,4,54.82416442636647,-5.546339447606911,-1.1567141836968065,0.0005525543370047225
1275,Perstorp,2021,4,83.93659450424852,16.393874762109704,3.4520561526019633,0.01658810117556337
1275,Perstorp,2022,4,91.64377963831835,-6.3172545106644975,-1.3309631269054376,0.002567154154986596
1275,Perstorp,2023,4,79.83707856805363,7.285685326525098,1.5287516065012505,0.0024100922367399904
1275,Perstorp,2024,4,86.30252814009627,-11.388913765528201,-2.391041595201334,0.006216041296115552
1276,Klippan,2021,4,75.94348817841153,-0.7030900453631119,-0.14679092823352963,1.1245554587394132e-05
1276,Klippan,2022,4,73.314005905022,6.115045312442319,1.276374762056673,0.0008086501413185563
1276,Klippan,2023,4,72.75087873630956,-2.2210587284102132,-0.4637075681808133,0.00011201373967676881
1276,Klippan,2024,4,71.99316488723996,-3.6291590161775247,-0.7574070733218334,0.00027739061923670317
1277,Åstorp,2021,4,88.3078556319571,8.39315000944589,1.7655404181013166,0.004012173923498528
1277,Åstorp,2022,4,87.9963746108086,1.9614003111667984,0.4124962385919596,0.0002150355178759955
1277,Åstorp,2023,4,82.1079049226,7.817966993793249,1.6420992533934398,0.003059237002239218
1277,Åstorp,2024,4,85.35552721964655,1.0934970371471735,0.22936485408202853,5.2308218955903445e-05
1278,Båstad,2021,4,87.40651010522494,-5.160411358742465,-1.0853629847575008,0.001499016187270711
1278,Båstad,2022,4,76.35001443378432,10.543312158733372,2.2096146459135304,0.004430929245366325
1278,Båstad,2023,4,76.82299835508282,1.5455285428558483,0.3241226722105685,0.00010256002945690363
1278,Båstad,2024,4,75.22116970014473,-2.2772036449843682,-0.4771542382125595,0.0002022174572154198
1280,Malmö,2021,4,69.14527733182435,-2.46989232717614,-0.5222102353073725,0.0004943811773790155
1280,Malmö,2022,4,68.56623720996433,-1.648108734992519,-0.3482120192137676,0.00021086885303278787
1280,Malmö,2023,4,64.33961626132597,1.9316155789095149,0.40811349774331257,0.0002897526430946054
1280,Malmö,2024,4,67.84018079922424,-2.254529181804017,-0.47600771407046294,0.00037787896716000714
1281,Lund,2021,4,94.61175629865328,0.7437266808719158,0.1599243239549378,9.18854292841799e-05
1281,Lund,2022,4,95.13195945520073,-4.52876902648687,-0.9754956984349545,0.003593796275422164
1281,Lund,2023,4,87.32832233895343,13.03395200711067,2.811511299195138,0.031065160104653045
1281,Lund,2024,4,99.33551341653775,-3.1351942433482947,-0.6814328895638403,0.002207787879672124
1282,Landskrona,2021,4,63.526336597674444,-5.941583543122732,-1.2410805995035121,0.0008789813260788674
1282,Landskrona,2022,4,58.00407919295571,10.032683635739723,2.0977842432335922,0.0029687949577919376
1282,Landskrona,2023,4,63.43295842063189,-2.288137272416165,-0.4804118507638708,0.0002523941696918787
1282,Landskrona,2024,4,61.925497940228894,0.8321168899302691,0.17373791779288125,1.590786738147864e-05
1283,Helsingborg,2021,4,63.23936052307111,-2.0771384044772887,-0.43479532826366135,0.0001485455644018925
1283,Helsingborg,2022,4,61.64768650756705,1.2104025800302338,0.2531308208583914,4.429544739416528e-05
1283,Helsingborg,2023,4,59.7209922601832,-0.3181926355814042,-0.06654364020730295,3.0624187923982746e-06
1283,Helsingborg,2024,4,60.79435039663939,1.5630540520130651,0.32731738703051044,8.858661103284708e-05
1284,Höganäs,2021,4,63.41215135368394,5.709600068984514,1.1945450462574714,0.0010469840122397352
1284,Höganäs,2022,4,63.02915825103493,5.43328348116448,1.1385644531041499,0.0011630222859030494
1284,Höganäs,2023,4,58.35689937169742,-4.79750519583817,-1.005566325450131,0.000930890514958932
1284,Höganäs,2024,4,54.440784344395055,6.058688043927141,1.2697021558868014,0.0014569450320852603
1285,Eslöv,2021,4,68.71482683041084,1.4149682148295284,0.2952013948378831,3.906654767062607e-05
1285,Eslöv,2022,4,66.71389682061621,2.189016640090969,0.45665473826900876,9.189577340775834e-05
1285,Eslöv,2023,4,64.50323742884706,6.381018502137849,1.3308473738889508,0.0007391031504038032
1285,Eslöv,2024,4,70.91596539737645,2.1611779506563096,0.4505299936647972,7.504275349930397e-05
1286,Ystad,2021,4,62.81572199593153,6.670970019277597,1.3959264559624167,0.0014646781758653811
1286,Ystad,2022,4,66.78481824175988,-8.261768484554857,-1.7303712317882387,0.002525658129915098
1286,Ystad,2023,4,53.91808549819952,3.7109452435509738,0.7761231758808917,0.000420766911988474
1286,Ystad,2024,4,57.636267518265434,-0.2949605974406637,-0.06166094186217404,2.4784147213863057e-06
1287,Trelleborg,2021,4,60.69266917712207,-5.92422376170817,-1.238404656408316,0.0009943453155184113
1287,Trelleborg,2022,4,55.48345565088628,1.5166944059209442,0.31670800353929746,5.404460097950482e-05
1287,Trelleborg,2023,4,52.87550831671235,0.6228724571073201,0.13003382427144797,8.702421008075108e-06
1287,Trelleborg,2024,4,52.81261879518189,4.1591809044098085,0.8687694328103608,0.0004305279252126367
1290,Kristianstad,2021,4,50.10330098531025,-1.4196523662961553,-0.297209775404045,7.068277911164355e-05
1290,Kristianstad,2022,4,47.46116041589645,1.0527550536785881,0.2205639175261695,4.26410800553186e-05
1290,Kristianstad,2023,4,43.832296555680536,1.3617884720458946,0.28540101527689754,7.40437758952133e-05
1290,Kristianstad,2024,4,45.31353200097524,0.009984131418043773,0.0020943398144517822,4.389676106473151e-09
1291,Simrishamn,2021,4,68.62433431867937,-0.8919421455335765,-0.18723693804918598,3.770515337269933e-05
1291,Simrishamn,2022,4,66.26197723723689,-8.015149094214976,-1.6869499614276695,0.0038229320445522415
1291,Simrishamn,2023,4,55.01054149238427,3.158428025599065,0.664635549998685,0.0005852693114801256
1291,Simrishamn,2024,4,59.04210867903136,0.7249638461142212,0.15202069549781652,2.2311719177530188e-05
1292,Ängelholm,2021,4,58.309442264106224,2.9973668024259865,0.6255412614151217,0.00018854719295360983
1292,Ängelholm,2022,4,58.82284354115672,1.8982190774391015,0.3967970749756093,0.00010175166187234088
1292,Ängelholm,2023,4,55.00550994988638,5.753193745562285,1.2012555528148223,0.0007659073985431916
1292,Ängelholm,2024,4,58.723009182188456,-6.073929155586818,-1.2680844894849495,0.0008355596752549813
1293,Hässleholm,2021,4,50.13451157651897,0.7745098155932908,0.1615147292094159,1.0564891168058579e-05
1293,Hässleholm,2022,4,49.407469976637046,2.818083308703521,0.5876136902666557,0.00013606076193560616
1293,Hässleholm,2023,4,47.50076636085298,2.7854073341375454,0.5810528111067671,0.00014784000485878776
1293,Hässleholm,2024,4,50.516648083057746,-0.8754768047064374,-0.18266130199865196,1.5191564922739194e-05
1315,Hylte,2021,4,65.9448663513283,-5.393025311682386,-1.1346867956229492,0.0016848424187622083
1315,Hylte,2022,4,57.061590388831064,0.18229340321786225,0.03819455140747966,1.2866547628665504e-06
1315,Hylte,2023,4,52.47879463153222,1.3128356238323846,0.2752381713785684,7.157298246535672e-05
1315,Hylte,2024,4,54.36667491822708,-2.1893504772698478,-0.4586612359089209,0.0001828949954542783
1380,Halmstad,2021,4,53.5848560407134,-1.6115933438413563,-0.3365926836651888,6.33716290475246e-05
1380,Halmstad,2022,4,50.752157396132304,2.9911377687781098,0.6245735363280873,0.00020893276166883596
1380,Halmstad,2023,4,48.910356741982255,4.248552857624539,0.8872570164003429,0.00043286038040963356
1380,Halmstad,2024,4,52.541680317610975,-2.1287999586501485,-0.44468561678490903,0.00011378775678320598
1381,Laholm,2021,4,57.471707301069415,2.408987254194841,0.5032671067346779,0.0001484454867342412
1381,Laholm,2022,4,56.944275364369076,4.090531785207595,0.8542097210804246,0.00039719385582879315
1381,Laholm,2023,4,53.81790757110403,1.2545561970119152,0.2618033460126458,3.253233512813052e-05
1381,Laholm,2024,4,54.390738585181055,-2.3508814691818074,-0.4903119089719099,0.00010051455232760037
1382,Falkenberg,2021,4,51.21290476226788,-0.15780887361417228,-0.03297044956810968,6.445646170487299e-07
1382,Falkenberg,2022,4,50.39528577119669,-5.773127828324959,-1.206485438242449,0.0009029463994625589
1382,Falkenberg,2023,4,42.37231167454895,-0.9568408415694165,-0.1997971625093915,2.1403264770311648e-05
1382,Falkenberg,2024,4,43.30773196869775,-1.0152335002692467,-0.21186465610515404,2.138326673568049e-05
1383,Varberg,2021,4,46.42765897656159,2.448694949448793,0.5121951150207447,0.0001866002303425268
1383,Varberg,2022,4,48.09554520112192,-0.5439227822428663,-0.11377158411044008,9.194135119629117e-06
1383,Varberg,2023,4,43.453591709432104,-3.5706791591210916,-0.7466439069730159,0.0003785559744264457
1383,Varberg,2024,4,41.78304006238575,0.1020040957147259,0.021339006718707216,3.298233405675606e-07
1384,Kungsbacka,2021,4,50.80532068086182,-2.8926350148086684,-0.6063776478116951,0.0003431843792168671
1384,Kungsbacka,2022,4,48.760447753446066,-2.4439712555031505,-0.512415996067723,0.00024981348186581373
1384,Kungsbacka,2023,4,42.92234729920734,-0.8572707694885864,-0.179527391482995,2.678261732454426e-05
1384,Kungsbacka,2024,4,45.075796091383566,0.1615220734802918,0.03384234964268542,1.0096447299126852e-06
1401,Härryda,2021,4,65.66495079077615,8.451851752422343,1.7710962454460886,0.0028105642320438713
1401,Härryda,2022,4,69.71017914694443,6.82017646897026,1.429832352446943,0.0019273101028395721
1401,Härryda,2023,4,69.32444817792347,-7.15516918105827,-1.5001461538008616,0.0021342819052505555
1401,Härryda,2024,4,63.389146158049904,-2.343724564669408,-0.49045417165557154,0.00018183601033190932
1402,Partille,2021,4,81.69161112088506,1.0577627565213987,0.22100127094787628,2.910902929789778e-05
1402,Partille,2022,4,82.69336203010812,1.4178494523770695,0.29659261345508947,6.317473580866496e-05
1402,Partille,2023,4,80.02065394207418,11.999969676879914,2.508456925081434,0.004072887715441004
1402,Partille,2024,4,87.4548953363804,-2.1407209574227863,-0.4482034687968631,0.0001623466009062426
1407,Öckerö,2021,4,51.53942669253365,-4.879994046432273,-1.0213220915777086,0.0008010879671220613
1407,Öckerö,2022,4,49.425171893373935,-4.7376718933739355,-0.9930228069625368,0.0009075743936343656
1407,Öckerö,2023,4,43.4994980950479,2.6819513159826016,0.5610293799912097,0.00022637562714718497
1407,Öckerö,2024,4,47.012639014776326,-0.031196684496784144,-0.00651889350887756,2.591087421522585e-08
1415,Stenungsund,2021,4,63.318405707867164,0.6241113483093486,0.13048775736117071,1.1343685303110073e-05
1415,Stenungsund,2022,4,62.20740027381409,-1.5687206900322437,-0.3277796252463257,6.477955183522535e-05
1415,Stenungsund,2023,4,55.6827410104273,-5.435091882582924,-1.1339420453749032,0.0005800931730117276
1415,Stenungsund,2024,4,52.15813177286732,0.7304539152587779,0.15252092452475122,1.2402294343516736e-05
1419,Tjörn,2021,4,60.83511924721493,-0.9405630922369994,-0.19688836632008186,3.057505535045775e-05
1419,Tjörn,2022,4,57.9504499299644,-3.818345475279301,-0.7975748667092782,0.00036278540690049286
1419,Tjörn,2023,4,52.40540683189135,-4.158162932473537,-0.8711260493645443,0.0006602396387780378
1419,Tjörn,2024,4,55.02472994303578,-7.11272397733854,-1.5060188554484797,0.004451663901049805
1421,Orust,2021,4,60.65706358238229,0.4051716734013482,0.0847968627655469,5.517648669903029e-06
1421,Orust,2022,4,59.582458864074766,-1.457256139455886,-0.30501724601471947,7.243060490568595e-05
1421,Orust,2023,4,51.675371987361345,-3.1525780135793084,-0.659623707562078,0.0003226604892543753
1421,Orust,2024,4,49.204487510750724,7.139962723746407,1.4935737706329464,0.0016023225561173462
1427,Sotenäs,2021,4,64.66214340472715,2.7351168692454593,0.5747873827008749,0.00039239879211610125
1427,Sotenäs,2022,4,64.97698087986234,2.1627571114040336,0.45488559809397167,0.0002634893979204275
1427,Sotenäs,2023,4,60.220611310458494,-9.292639591501356,-1.9489058477533658,0.003725295996927607
1427,Sotenäs,2024,4,52.82110039949589,5.724593800855601,1.2014218800907301,0.001517123335299589
1430,Munkedal,2021,4,61.39862974957649,-3.8806849063577573,-0.8092359346440566,0.0002624094116954471
1430,Munkedal,2022,4,58.343707782900935,-1.9058178226059823,-0.3977149144831761,7.527660141321665e-05
1430,Munkedal,2023,4,51.78248590451349,-0.2684885706723179,-0.05594501924588474,1.0137743016855226e-06
1430,Munkedal,2024,4,52.561458071510806,-6.685468115938079,-1.3931162056594126,0.0006375769706853761
1435,Tanum,2021,4,59.597415795682444,-1.3637096637888817,-0.2853556048096561,6.103300388738122e-05
1435,Tanum,2022,4,57.01113167181395,1.7762348078602201,0.3719108344204554,0.00011253578306630256
1435,Tanum,2023,4,52.10361301916364,-0.6461703452421474,-0.13511064015587565,1.2310096560213402e-05
1435,Tanum,2024,4,52.70152986739571,-4.161641039399157,-0.8701907724612732,0.0005119307112017651
1438,Dals-Ed,2021,4,47.00010481614968,2.200904435322144,0.46127457775280467,0.00019404012938059806
1438,Dals-Ed,2022,4,50.65960567232567,-5.0682078228633,-1.0579920798606288,0.0005684879270899663
1438,Dals-Ed,2023,4,46.47087542458925,-2.1808189764780934,-0.4561460959463072,0.00014719878304796596
1438,Dals-Ed,2024,4,46.26686928435995,-1.1083803568740578,-0.23145396008865163,2.904951618218614e-05
1439,Färgelanda,2021,4,61.46813279229041,4.833570370726626,1.0089709754391614,0.0005129137911681992
1439,Färgelanda,2022,4,63.78063005732773,0.71568443898677,0.14996021830332446,1.996067041549174e-05
1439,Färgelanda,2023,4,61.559521124393115,-6.383891655944247,-1.3346079699944202,0.0011702415820418939
1439,Färgelanda,2024,4,55.600697736932986,-0.3936713881249574,-0.08214856841500684,3.1733735925845293e-06
1440,Ale,2021,4,71.48659690508453,-4.981682135892044,-1.0399279857505905,0.0005490525530332622
1440,Ale,2022,4,66.69089923679248,-0.8453722873573923,-0.17643419158942164,1.5134555158351943e-05
1440,Ale,2023,4,62.33849349787852,-1.4989447091218153,-0.3127174549995243,4.372179249332196e-05
1440,Ale,2024,4,62.6004626785308,-3.9376434250926877,-0.8209848179305851,0.0002594419779362457
1441,Lerum,2021,4,58.552596066429665,-1.201044187354107,-0.25097533648069004,3.850285491910197e-05
1441,Lerum,2022,4,57.10020179702091,-1.6977762181895955,-0.35505243634891753,8.705504777457263e-05
1441,Lerum,2023,4,51.56031381592253,-0.7206121731274848,-0.15072173453370846,1.6017849720529497e-05
1441,Lerum,2024,4,52.07046361001541,-4.9967890633089596,-1.0453909851829442,0.0007995232519349185
1442,Vårgårda,2021,4,63.11980980746171,11.592833870699202,2.421129947244251,0.0032505738624569033
1442,Vårgårda,2022,4,68.08774102102261,-9.316955236868715,-1.9481762789062513,0.002569779058501228
1442,Vårgårda,2023,4,53.397896499769146,1.430914869739901,0.29880570035607984,4.840100102540783e-05
1442,Vårgårda,2024,4,54.720879185167476,5.644681180392887,1.1798726195364029,0.0008910740215161675
1443,Bollebygd,2021,4,67.90740179075095,-2.514003410016059,-0.5248097460602741,0.0001403957477558873
1443,Bollebygd,2022,4,63.99053656898709,1.040897008257069,0.21715931398964272,2.11298034289672e-05
1443,Bollebygd,2023,4,60.15994809858965,6.417674422729576,1.338252615768526,0.0007149948300720378
1443,Bollebygd,2024,4,66.34577391441452,-3.093376444510419,-0.6458399715291324,0.000218063289648539
1444,Grästorp,2021,4,57.76045151191167,-2.7866295223828743,-0.5844066990655361,0.0003337048086363776
1444,Grästorp,2022,4,53.872953834361944,-12.073449760681463,-2.529143078801597,0.005509115716607968
1444,Grästorp,2023,4,42.99301460945402,7.6990580132315785,1.6170200873385723,0.0029494210855405775
1444,Grästorp,2024,4,54.22795473526013,6.618129873200722,1.3878188325238705,0.0018645161737653427
1445,Essunga,2021,4,67.07199581013707,-4.24293298107424,-0.8877289680608729,0.0005814231908935205
1445,Essunga,2022,4,59.0995486389648,3.520706739730322,0.7367392665686735,0.000409306992066345
1445,Essunga,2023,4,56.33599837136535,-2.2341596160612482,-0.46726831514257233,0.0001528225182084608
1445,Essunga,2024,4,55.213962307266996,-7.911804033885701,-1.6547274797099816,0.0019157415353143331
1446,Karlsborg,2021,4,61.09236348123175,-10.984682217771592,-2.2934758652292757,0.0027677100146536273
1446,Karlsborg,2022,4,50.18545825386285,14.006124571700425,2.931906384014125,0.006779947188604784
1446,Karlsborg,2023,4,56.24633001401491,-1.438229178439208,-0.3008478827564464,6.476063127847128e-05
1446,Karlsborg,2024,4,53.305867197410045,-7.456515068690123,-1.558509277436013,0.001542174177565034
1447,Gullspång,2021,4,65.4327086901137,4.6787012215267225,0.9808385146916919,0.0009030290756349646
1447,Gullspång,2022,4,62.73129400659835,13.125463790860266,2.7483395707312086,0.006175992945313716
1447,Gullspång,2023,4,65.40334714560552,0.6251740499404832,0.13108818090186206,1.6494444347113085e-05
1447,Gullspång,2024,4,64.2716791242666,-1.8586399670413911,-0.3880730933581546,7.96486403859948e-05
1452,Tranemo,2021,4,53.65484074541893,4.148627462673552,0.8681138853800318,0.0005662354378645945
1452,Tranemo,2022,4,57.335400121183184,-1.2214972736119947,-0.25618307822633357,6.446458389469065e-05
1452,Tranemo,2023,4,51.78819184654614,-1.8008149215272056,-0.37723942107900843,0.00012276476013600428
1452,Tranemo,2024,4,50.67868218423875,1.5216725754537919,0.3182743866536227,7.157227004663894e-05
1460,Bengtsfors,2021,4,57.41419385044012,-9.375082361440228,-1.96225934864388,0.0029912150644105804
1460,Bengtsfors,2022,4,49.52461150334844,0.9345997338206615,0.1954318990099751,2.5998771232708153e-05
1460,Bengtsfors,2023,4,46.145720108867415,3.2086243866458233,0.670134784955315,0.00025057481749929286
1460,Bengtsfors,2024,4,49.33812294225388,3.1078885165385373,0.6480673119213303,0.00016711540858485886
1461,Mellerud,2021,4,61.9253757814515,-7.2210166964277605,-1.5418835075392334,0.0067653408617686225
1461,Mellerud,2022,4,53.52205073337351,4.450528344678958,0.9284887045300992,0.00038513966264914297
1461,Mellerud,2023,4,51.7227259181798,1.741540312043881,0.3633677642405708,6.0453941859464036e-05
1461,Mellerud,2024,4,54.06519141230479,-9.323697819728565,-1.947845749204167,0.00222577251442592
1462,Lilla Edet,2021,4,84.45638488874141,-2.5072498690984304,-0.5245409404484949,0.00020091153652965966
1462,Lilla Edet,2022,4,77.06566686753408,-2.419146213250741,-0.505445539451908,0.00015260270402495633
1462,Lilla Edet,2023,4,71.54682850458006,-2.227543879597391,-0.46629681696871494,0.00017170173710085728
1462,Lilla Edet,2024,4,69.7287973983326,-2.7713122854673458,-0.5786489607654911,0.0001779770694711468
1463,Mark,2021,4,52.17752991070007,-0.4744532935585184,-0.0991306484447446,5.874990560535464e-06
1463,Mark,2022,4,50.93630025472162,-1.4019233971824931,-0.2928884744264806,5.0556459703363316e-05
1463,Mark,2023,4,46.24596339481739,-1.3852498175793144,-0.2893595857401973,4.8014893845690096e-05
1463,Mark,2024,4,47.22845443834761,-6.437670766039261,-1.344154906065977,0.0009565086964256117
1465,Svenljunga,2021,4,65.52243005098748,8.851649477731229,1.8535579662208241,0.0028302646675395387
1465,Svenljunga,2022,4,69.0253033892402,4.107093060463953,0.8582903460243649,0.00045504063546819985
1465,Svenljunga,2023,4,67.32394424164923,-4.864607872098155,-1.0178629851329253,0.000770981828803785
1465,Svenljunga,2024,4,61.97879389072853,-0.845454354113663,-0.17662625718565383,1.8292070758337686e-05
1466,Herrljunga,2021,4,57.121334716402046,0.66205650557459,0.1382727243729732,1.0659978311498705e-05
1466,Herrljunga,2022,4,57.08020165340819,0.9212693983938465,0.1923101221267397,1.8675261090712374e-05
1466,Herrljunga,2023,4,53.299727664349554,0.825894621425256,0.1724176019498874,1.529827407823407e-05
1466,Herrljunga,2024,4,57.009923562216336,-0.7816409466535248,-0.16362763091949115,2.1225225857993353e-05
1470,Vara,2021,4,56.03267557662007,2.3759372188260386,0.4962643682277964,0.00013941519419817275
1470,Vara,2022,4,56.04572628834276,-1.2910396583854507,-0.26982890504761364,4.580886773276673e-05
1470,Vara,2023,4,50.610427709437246,-2.122938602005405,-0.4438420003089078,0.00013047284974006365
1470,Vara,2024,4,50.11060067418272,0.23748485540455277,0.04961168305597987,1.4333976450977609e-06
1471,Götene,2021,4,53.7256854708563,2.445618155774177,0.5130724094478045,0.0002667349475882695
1471,Götene,2022,4,52.90406586188263,-1.3786421330690715,-0.2894946202653338,9.278043710344246e-05
1471,Götene,2023,4,46.422121530427674,0.6349218952040374,0.13306394743033476,1.607135729624602e-05
1471,Götene,2024,4,47.67533055052881,2.4526236870144658,0.5143879770424682,0.000260018723428081
1472,Tibro,2021,4,55.903230757248295,-1.2981425558477113,-0.2713321868825821,4.683639455018445e-05
1472,Tibro,2022,4,53.32814264256124,6.589393983458585,1.3749419668658482,0.0008770010193121047
1472,Tibro,2023,4,53.781769405117004,-2.59927734722784,-0.5431272664527056,0.00017872948782798984
1472,Tibro,2024,4,53.04535167224253,1.0206211624725867,0.2126907283640414,1.515972862252543e-05
1473,Töreboda,2021,4,67.28298069259677,-6.351081051019705,-1.3247794560068258,0.0007558862217241393
1473,Töreboda,2022,4,60.444452102044934,-8.08216166006801,-1.684735192337138,0.0010302249589359937
1473,Töreboda,2023,4,47.85130493393279,3.1278001967968905,0.6517018269273281,0.00013503929348308676
1473,Töreboda,2024,4,51.93437121639679,-0.40279983521797647,-0.08392074265887024,2.1904469056616073e-06
1480,Göteborg,2021,4,64.77948325274565,-1.6102837476830913,-0.33879226766647347,0.0001498635202797495
1480,Göteborg,2022,4,66.10624176834393,0.5094900597308794,0.10728572643900475,1.604952149238403e-05
1480,Göteborg,2023,4,63.39445038820175,1.1721505618227326,0.2466346051522678,7.998950488310473e-05
1480,Göteborg,2024,4,65.81301057155203,-2.919020000231832,-0.6141486847669895,0.0004929447591076605
1481,Mölndal,2021,4,92.61473751073837,-6.358786236129035,-1.33376420666832,0.0017669323529851636
1481,Mölndal,2022,4,88.14739230520814,-3.208226149650372,-0.6734208702689269,0.0004841965563915424
1481,Mölndal,2023,4,82.58208935041748,-0.06869155644577063,-0.014415556620576437,2.1730619117112687e-07
1481,Mölndal,2024,4,84.09085763775323,3.9237041096564553,0.8220434613199663,0.0005909477589693184
1482,Kungälv,2021,4,66.13365121137795,7.906662848823828,1.6489832031977916,0.0011250809622312466
1482,Kungälv,2022,4,69.14409542815869,-2.0127674751139324,-0.42040393840264323,9.984582011767243e-05
1482,Kungälv,2023,4,61.478573366292416,0.08615496553444046,0.017974308346164595,1.4484622091563727e-07
1482,Kungälv,2024,4,61.01637584920855,-3.5362017391375957,-0.7385236454696987,0.0003023076494083978
1484,Lysekil,2021,4,56.64312625297283,-3.4397055323784045,-0.7223972490460464,0.0005858248579471737
1484,Lysekil,2022,4,52.45686774488726,-2.84501171101288,-0.5968478496892319,0.0003600790040306465
1484,Lysekil,2023,4,44.714207225719484,-4.697026325153949,-0.9850727869066003,0.000950267682584057
1484,Lysekil,2024,4,43.3668689715057,5.0260266925483705,1.0555613819371512,0.0012518036326045689
1485,Uddevalla,2021,4,50.554013063658005,-0.6432956518026742,-0.13437359123088327,1.0327291678012932e-05
1485,Uddevalla,2022,4,50.03665387392245,-3.163290513704574,-0.6608810806200434,0.0002580412252962511
1485,Uddevalla,2023,4,43.9878790853369,0.4507220190543677,0.09410332892268126,4.6379684768401685e-06
1485,Uddevalla,2024,4,46.91039936919721,-1.0763351699339196,-0.2247133935314736,2.627325786556746e-05
1486,Strömstad,2021,4,54.61701375223679,-1.7436236791781141,-0.3664743883430048,0.00016139960527167558
1486,Strömstad,2022,4,55.19055339166238,0.11418701465816383,0.024004285864280224,7.03491412946274e-07
1486,Strömstad,2023,4,55.22505334327294,7.92424912036612,1.669211573787586,0.0039820852269325776
1486,Strömstad,2024,4,60.544940526672484,-3.1350606868860993,-0.6590547723411903,0.0005306603291456899
1487,Vänersborg,2021,4,54.796031781109896,-4.538689970634572,-0.9507571080537708,0.0007779020524714317
1487,Vänersborg,2022,4,50.723174143444524,7.967683915897901,1.6694008774384512,0.0024567380459998775
1487,Vänersborg,2023,4,53.55894614138863,1.3245887981295112,0.2769608727165684,5.1634365938390423e-05
1487,Vänersborg,2024,4,55.43032807490858,-1.0610565781927122,-0.22182692103134902,3.241545006380379e-05
1488,Trollhättan,2021,4,57.24483273224771,-5.346398137799319,-1.1229007415847754,0.0014229594259097301
1488,Trollhättan,2022,4,53.35152709046889,0.06143643485418693,0.012907573245539723,1.9345345025140493e-07
1488,Trollhättan,2023,4,50.66760238801309,1.9114100203629931,0.401100947500693,0.00016716755258461394
1488,Trollhättan,2024,4,54.97798606343359,0.7988388437745186,0.16742684032122518,2.5613408819030397e-05
1489,Alingsås,2021,4,51.7021062865991,2.3203054879451415,0.4839631331693133,9.930996251947532e-05
1489,Alingsås,2022,4,55.54162183492671,-5.824803900852444,-1.2160100280961976,0.0007605619244079641
1489,Alingsås,2023,4,46.89734686435936,0.6228267942693009,0.12990024007941098,7.058861532553714e-06
1489,Alingsås,2024,4,48.6849724928978,1.6872010944810683,0.35188793842652555,5.1651668224278717e-05
1490,Borås,2021,4,51.568502932519415,-2.3972273717828116,-0.5007958836646781,0.0001462596907540618
1490,Borås,2022,4,50.78482713553364,0.7857963080418742,0.16418979800505143,1.6253316224349825e-05
1490,Borås,2023,4,49.99417647964126,-1.1164188700350053,-0.23351096758003373,3.8521581177756886e-05
1490,Borås,2024,4,50.99433486081272,-1.6524586855916041,-0.3454002773421547,7.626294526813065e-05
1491,Ulricehamn,2021,4,51.310667840427534,1.5449832158822119,0.32226583907572837,4.4599074526730976e-05
1491,Ulricehamn,2022,4,51.641937222414036,3.280796567613045,0.684221912600716,0.0001931271350002328
1491,Ulricehamn,2023,4,50.9269214151232,-5.206030116841227,-1.0861597130097775,0.0005330698115121283
1491,Ulricehamn,2024,4,47.48366343078938,-5.178280200851418,-1.0793199220972005,0.000412170588605876
1492,Åmål,2021,4,47.45711599220311,-3.4564665361225764,-0.7234777712124243,0.0004080267588157284
1492,Åmål,2022,4,45.180469825578676,0.08803050186075012,0.018400341219532997,2.1648076596929952e-07
1492,Åmål,2023,4,43.04321943481031,1.1846666221612026,0.24733993510279464,3.206775287745945e-05
1492,Åmål,2024,4,46.25519955665099,1.4518389113483323,0.3030424292703705,4.5722209004107614e-05
1493,Mariestad,2021,4,47.81193080765159,-0.08309531034139184,-0.01737700450906321,2.0756305827063392e-07
1493,Mariestad,2022,4,47.59509143678132,-3.748192211975116,-0.7840491183223127,0.00044021559604132436
1493,Mariestad,2023,4,42.297185677286826,-3.0226289361012846,-0.6320915225704044,0.0002743327867089632
1493,Mariestad,2024,4,43.72801565461204,-1.585071343502733,-0.33139117995032724,7.276523604055238e-05
1494,Lidköping,2021,4,44.773315928978434,-6.587453348652183,-1.374625905324853,0.0008889288521608953
1494,Lidköping,2022,4,40.79390118097869,-4.533179921369722,-0.9462900315865341,0.00045338974013735007
1494,Lidköping,2023,4,34.739584934968654,1.9904774740695572,0.41556422840956125,8.98313526599302e-05
1494,Lidköping,2024,4,38.96832483917189,-2.481002637563975,-0.5179445849056336,0.00013799734451607132
1495,Skara,2021,4,65.99998478325683,-6.636329007045006,-1.3850509407391765,0.00093406586786429
1495,Skara,2022,4,59.73847860505696,0.3521638902776161,0.07349403621982196,2.5915892017513856e-06
1495,Skara,2023,4,56.591418940569014,3.2348917702704867,0.6749615614985641,0.00020926799089757
1495,Skara,2024,4,63.20496019570741,-1.7841016935424392,-0.3726278922588672,7.78786385951417e-05
1496,Skövde,2021,4,61.06746392064457,-3.9431479391656907,-0.8236272174141664,0.00038551084651699126
1496,Skövde,2022,4,58.47003602918438,-0.8851553233388785,-0.185000276955707,2.1565597128421373e-05
1496,Skövde,2023,4,53.933698215249464,2.261444003818106,0.472390932849678,0.00012827740797940082
1496,Skövde,2024,4,57.75938778109836,-1.6511025840986235,-0.3448380175273235,6.62894901053957e-05
1497,Hjo,2021,4,53.33050803535441,-4.48397927980367,-0.935336980937218,0.0003785383956349208
1497,Hjo,2022,4,49.94548341243643,-2.2337015234393505,-0.46632178863622,0.00011208766716209538
1497,Hjo,2023,4,45.268805987945115,4.85001017105251,1.0128582268017967,0.0005635126412098553
1497,Hjo,2024,4,51.55318433302809,2.136655239164419,0.4459260529321123,9.638488941612403e-05
1498,Tidaholm,2021,4,48.18885715803268,-7.253184643412801,-1.5168307830796004,0.001586890415072427
1498,Tidaholm,2022,4,43.44924702340302,-2.8697626398840512,-0.6008832930093273,0.00029424179828078934
1498,Tidaholm,2023,4,40.10537292400262,0.31833608760264553,0.06667373008817729,3.7524970498012786e-06
1498,Tidaholm,2024,4,42.3177840969449,-1.7867415354454863,-0.3738178601505785,0.00010257900447042157
1499,Falköping,2021,4,49.60830301225943,-3.3203559127703954,-0.6923585752435645,0.00018982091975902664
1499,Falköping,2022,4,45.73054032961199,2.687599932627876,0.5605153412103203,0.00012998545734128623
1499,Falköping,2023,4,45.04426318873496,-1.1535051031964798,-0.24056445547577285,2.379619582806837e-05
1499,Falköping,2024,4,47.025705778624754,-2.0034537515565347,-0.41790560409133765,7.533808050312636e-05
1715,Kil,2021,4,55.828212510387836,-6.957271353308556,-1.450266766450446,0.0007657817207304447
1715,Kil,2022,4,49.24664036260298,1.1867067277808374,0.24743064865056844,2.3726738967149122e-05
1715,Kil,2023,4,46.52166023986586,-2.582893173254355,-0.5385961039118703,0.00011556567227772788
1715,Kil,2024,4,45.54246058581376,1.0540073687505398,0.21973272435370014,1.8051136343802527e-05
1730,Eda,2021,4,53.92645654729893,1.5505752548212115,0.32566437886795524,0.00011962142318989996
1730,Eda,2022,4,55.063618038040076,-3.628351488538023,-0.7620962227528778,0.0006582225137656614
1730,Eda,2023,4,46.68927166613625,3.0812895763628703,0.6447048892843992,0.00030803937981952227
1730,Eda,2024,4,50.006029840628855,-3.1681791511376503,-0.6630817575641212,0.0003390976075773943
1737,Torsby,2021,4,45.19234557933432,-4.74604153470392,-0.9938986612950774,0.0008203792222915575
1737,Torsby,2022,4,40.135651609201155,1.2279449204632016,0.25732572024308964,5.9547745040629754e-05
1737,Torsby,2023,4,39.24651852808647,3.5215503223570224,0.7393952744667789,0.0005993003624295894
1737,Torsby,2024,4,41.05017312165012,0.28893119775629117,0.06055349315497697,3.3322153433154447e-06
1760,Storfors,2021,4,67.5859569399512,-1.7298272540342765,-0.3622731460347895,0.00010969563464325386
1760,Storfors,2022,4,66.48501888420493,-2.0852249635454854,-0.43776867646203776,0.0002077782667640869
1760,Storfors,2023,4,59.33226419132307,-8.819241302609576,-1.847344775643063,0.0029189999260821743
1760,Storfors,2024,4,55.11672380648904,13.521079783796075,2.8325571235705422,0.006957743434243416
1761,Hammarö,2021,4,57.403815328470564,-5.390692751673669,-1.1324413833594384,0.001474750106317315
1761,Hammarö,2022,4,53.34241485544155,-1.202105699674604,-0.2523291861524553,6.802878524227873e-05
1761,Hammarö,2023,4,50.44145231446528,5.107544143622086,1.0724630100018544,0.0012682498759401656
1761,Hammarö,2024,4,55.966193548252846,-1.2934063542792131,-0.27195496133110736,9.186650606850311e-05
1762,Munkfors,2021,4,68.74460605082177,-5.70112778995221,-1.2156465843520992,0.003987467015186864
1762,Munkfors,2022,4,63.365106416526366,18.234461267883255,3.8189320334321817,0.012243135799265122
1762,Munkfors,2023,4,69.63824463840983,-0.6821258049402132,-0.1435376986964614,2.7243386897575406e-05
1762,Munkfors,2024,4,66.72353897489174,1.1385299906255,0.23825205306884642,4.291397293622126e-05
1763,Forshaga,2021,4,61.26009594349856,1.1214308529860162,0.23395938154563517,2.449079264678081e-05
1763,Forshaga,2022,4,58.32011927695317,-3.129240023196047,-0.653566855297111,0.00023911978000989916
1763,Forshaga,2023,4,51.3812264721128,7.294453888434958,1.5223081247295234,0.0011132534077359431
1763,Forshaga,2024,4,57.70247079150086,-1.5392763470564148,-0.3213493386925672,5.323406382187853e-05
1764,Grums,2021,4,58.58519799018965,-3.4757490846787036,-0.7263754393214413,0.00032751980701638896
1764,Grums,2022,4,52.580913666577615,7.166477876530564,1.4972222978822867,0.0013224453642838156
1764,Grums,2023,4,52.31178918115124,5.875248469284884,1.2275795205708004,0.0009040595167566735
1764,Grums,2024,4,56.32678590901103,-3.350331000081667,-0.6999142979155396,0.00028633070870424124
1765,Årjäng,2021,4,40.67130206546319,-1.7455326025784572,-0.3650699058212025,9.315736594865443e-05
1765,Årjäng,2022,4,40.57252654688038,1.2874694184212103,0.26922423934000667,4.9464809483440205e-05
1765,Årjäng,2023,4,39.684247954297206,-3.092718590100297,-0.6464172663295169,0.00026520958099934485
1765,Årjäng,2024,4,38.62318365893571,1.478597511547754,0.3089064460079836,5.621531516619125e-05
1766,Sunne,2021,4,49.318012586030534,-2.2944259143719776,-0.47875722389887215,0.00010645978840088588
1766,Sunne,2022,4,46.94396534166957,2.3182197827901163,0.4836310863568809,0.00010419820380898322
1766,Sunne,2023,4,46.00142543784829,0.4597446953254334,0.09588589245027078,3.8361457114190246e-06
1766,Sunne,2024,4,48.701538918482804,1.6129264903222307,0.3363517180471489,4.5656122831267345e-05
1780,Karlstad,2021,4,63.43101017499534,-2.4403175706015787,-0.5098426098419759,0.0001539085376603943
1780,Karlstad,2022,4,61.25046392978179,2.6891624670834275,0.5621501759801336,0.00020519676087120392
1780,Karlstad,2023,4,59.67599044294349,2.4634066753188293,0.5151330201544585,0.00018146915128050212
1780,Karlstad,2024,4,63.171248460309535,0.0908534115554005,0.019022579885084125,2.935392865397174e-07
1781,Kristinehamn,2021,4,48.54800291449633,-4.521279813952738,-0.9437788212704364,0.0004484038599832421
1781,Kristinehamn,2022,4,44.3059948378707,3.214065029921258,0.6713285316538928,0.00025536834205578855
1781,Kristinehamn,2023,4,44.30462904510098,-3.241522860442963,-0.6763830183077862,0.0002127360371137891
1781,Kristinehamn,2024,4,44.26974768841648,2.286911681847876,0.4774920574547359,0.00012050264265934345
1782,Filipstad,2021,4,50.421249083256754,-0.8201724707411344,-0.17221358652959215,3.2646428878904205e-05
1782,Filipstad,2022,4,50.62697959818783,2.0148042117976246,0.42223806367473143,0.0001611746727912561
1782,Filipstad,2023,4,49.24994976296558,-5.897348606896216,-1.2357645881151864,0.0013642368464255672
1782,Filipstad,2024,4,48.54543843603514,-2.5143418730236817,-0.527030757335459,0.00025677682411829244
1783,Hagfors,2021,4,47.597007435859894,2.0004997051424454,0.41804372376199167,0.00010727977115040466
1783,Hagfors,2022,4,47.19607915560815,3.973133028359399,0.8304664907816153,0.0004403790113169499
1783,Hagfors,2023,4,45.52959217815481,-0.9734201947983578,-0.20341168002779755,2.5325483271696833e-05
1783,Hagfors,2024,4,44.52690578437797,-1.9625337402371414,-0.41060177343675147,0.00012397164940390314
1784,Arvika,2021,4,39.40111560378014,-0.1035214210617994,-0.02159761834691595,2.0953689758731674e-07
1784,Arvika,2022,4,40.00285319918617,-2.0654112666993285,-0.4309920291195848,8.720034401208709e-05
1784,Arvika,2023,4,34.67591616518841,-1.1504897965255338,-0.24007172221607015,2.6996143233601026e-05
1784,Arvika,2024,4,35.82154958222819,-0.4357900018469252,-0.09094673894463556,3.973575507897315e-06
1785,Säffle,2021,4,44.89047070590561,7.9804048461858486,1.6682933610401602,0.0018151308370655157
1785,Säffle,2022,4,50.232104765573794,-2.9286012883398342,-0.6116541876290787,0.00020896032088836363
1785,Säffle,2023,4,44.27772817939164,-5.9724853574610535,-1.2458720785283695,0.0006766086928723081
1785,Säffle,2024,4,40.25316259581739,4.917654237527124,1.0258766413498217,0.0004633489087946333
1814,Lekeberg,2021,4,63.75668980028427,10.05477131793031,2.118192039853469,0.006454736181111133
1814,Lekeberg,2022,4,67.91724394714028,-0.6490849704385937,-0.1360967425620178,1.7707591786205924e-05
1814,Lekeberg,2023,4,60.57893600851143,-19.793437519085444,-4.1490619739965195,0.0159830536900222
1814,Lekeberg,2024,4,45.65226595735647,10.122774711944018,2.1223317210744597,0.004271831914322788
1860,Laxå,2021,4,69.57274147240565,-11.529029541198199,-2.422924604031141,0.006994451511321994
1860,Laxå,2022,4,58.73275903412502,8.519751726276702,1.781794048595112,0.002206142435081248
1860,Laxå,2023,4,58.93073511260904,4.194605982533766,0.876592198351223,0.0004758619389797737
1860,Laxå,2024,4,61.44333294897569,2.358990488236188,0.49404326692787204,0.00020431578897567887
1861,Hallsberg,2021,4,69.2102300672078,6.981422192609429,1.4599598788971264,0.0014644629811661034
1861,Hallsberg,2022,4,72.1173293375332,2.8366301468130217,0.5933977221098463,0.0002539450779177812
1861,Hallsberg,2023,4,66.68349305423584,-4.091083000021939,-0.8556135764202532,0.0005102202515874714
1861,Hallsberg,2024,4,61.2479684466413,0.9728752258152724,0.2030104712249515,1.933370746384379e-05
1862,Degerfors,2021,4,62.58380444838297,-8.566602854088863,-1.7907324767822415,0.0020723251494034482
1862,Degerfors,2022,4,53.0009145058326,9.853230300043585,2.05881967058369,0.002559009153635779
1862,Degerfors,2023,4,54.50848882709987,-1.7137896713875662,-0.3580720765772508,7.660730241560721e-05
1862,Degerfors,2024,4,52.10020402184371,1.1440296492060895,0.23969472281974372,5.054817479261934e-05
1863,Hällefors,2021,4,69.74955214585253,-1.7104223458817387,-0.3613268662747643,0.00022515464684785775
1863,Hällefors,2022,4,63.36114665195229,0.7914975788169372,0.16652319425240333,3.6166919433139045e-05
1863,Hällefors,2023,4,62.15717166038743,-1.95701769579928,-0.4127998775724661,0.0002674442780815946
1863,Hällefors,2024,4,61.712131389617,-13.618475322539005,-2.86012372242886,0.009185929063019517
1864,Ljusnarsberg,2021,4,72.11305514644972,-11.296373999620883,-2.369431184327706,0.005576619449299221
1864,Ljusnarsberg,2022,4,62.37457119718296,-2.3789989146945842,-0.498699673700466,0.00023184915058320827
1864,Ljusnarsberg,2023,4,58.05414609956572,-4.502977504149335,-0.9429454597060997,0.000733472191027136
1864,Ljusnarsberg,2024,4,56.1939853899353,6.291709277036546,1.3196345206744564,0.001721591852750902
1880,Örebro,2021,4,55.02885026018579,-1.865212506741237,-0.3905121146890798,0.00012292316170548065
1880,Örebro,2022,4,55.085868467226156,1.925209814659496,0.40289071345409505,0.0001233611748278118
1880,Örebro,2023,4,53.65899847612673,2.1182939906754825,0.4430134179609385,0.00013638423277411333
1880,Örebro,2024,4,56.66091966471833,-0.722365899263103,-0.15117389886773766,1.742380715722533e-05
1881,Kumla,2021,4,63.32415279424872,2.833722928294634,0.591567893416648,0.0001792956632651295
1881,Kumla,2022,4,62.98650496093275,5.788796431477948,1.2086291465573633,0.0007679890584934072
1881,Kumla,2023,4,63.09808964625468,-4.739589024474611,-0.991071176281033,0.000667315458284442
1881,Kumla,2024,4,57.81397058064193,3.382625689363806,0.7058855564191837,0.00023595458438815603
1882,Askersund,2021,4,58.67806876320916,-0.5022407763875876,-0.10499415347100097,7.20393684721424e-06
1882,Askersund,2022,4,55.32026733040758,-6.177012568295723,-1.289194314216166,0.0008100456214260517
1882,Askersund,2023,4,45.998012403900944,3.139467993380812,0.6556262241313346,0.00023553674561682382
1882,Askersund,2024,4,49.59564765255277,0.7659450981660569,0.1599435099438888,1.3831549363207098e-05
1883,Karlskoga,2021,4,49.91555831596003,-1.5862223104404265,-0.33330602021878586,0.00013057927280605132
1883,Karlskoga,2022,4,47.27511625145787,-3.480942263744012,-0.7318795040628777,0.0006629074167768714
1883,Karlskoga,2023,4,42.412697121430384,4.578479640738742,0.960859922117854,0.0009677785596396844
1883,Karlskoga,2024,4,48.29927395387953,-4.893044662958388,-1.0268713541442989,0.0011048405637366628
1884,Nora,2021,4,56.77329065035571,3.3890076427139633,0.7065514081748641,0.00018896980927735665
1884,Nora,2022,4,58.14502599530196,-3.4772379381110383,-0.7254061564793093,0.0002328584315472646
1884,Nora,2023,4,50.014303053629355,1.9288605861560981,0.4019360455160748,5.309502602163716e-05
1884,Nora,2024,4,53.120013593017255,-1.799400753464667,-0.37499932390928703,4.7731669572369474e-05
1885,Lindesberg,2021,4,56.59179388489189,-7.017623298899771,-1.4622045273288353,0.000683827066237537
1885,Lindesberg,2022,4,49.47050854961445,1.7776245845865333,0.3705428705903824,4.9654739644270537e-05
1885,Lindesberg,2023,4,47.08568259698296,-0.6748977781610463,-0.14067538488816067,7.072830823174789e-06
1885,Lindesberg,2024,4,46.2491082130053,0.9398637415342606,0.1960075704510329,1.576199773553158e-05
1904,Skinnskatteberg,2021,4,78.08977967334977,-8.9980386529883,-1.882970888037928,0.0026834427396783696
1904,Skinnskatteberg,2022,4,65.41094535547832,0.24103101889696177,0.05035091258935807,1.4683822812385867e-06
1904,Skinnskatteberg,2023,4,57.18234185701529,9.974971850436418,2.0898413880363003,0.0038225108595653316
1904,Skinnskatteberg,2024,4,67.17714522625708,-6.791806880392421,-1.422839074020069,0.001757083438160127
1907,Surahammar,2021,4,66.73044768965353,2.8804048700058473,0.6015511395984776,0.00019986597249803793
1907,Surahammar,2022,4,67.0464543551553,-6.446434420938225,-1.3474722136502575,0.0011641301735595363
1907,Surahammar,2023,4,55.56188428156763,-0.19647256423321835,-0.041071430800435425,1.0963579276606471e-06
1907,Surahammar,2024,4,57.09617434581558,2.426425958907636,0.5070792107523951,0.0001593744110924882
1960,Kungsör,2021,4,65.84340677812625,-1.430068892613562,-0.2994543482675468,7.369712334816851e-05
1960,Kungsör,2022,4,61.49324314526252,8.92446970568475,1.8668281200821668,0.002496077249648913
1960,Kungsör,2023,4,63.381440490696406,-5.4154564573746455,-1.13053339684602,0.0006551603090281894
1960,Kungsör,2024,4,60.29864824783525,7.564245702015221,1.579806280368426,0.001389634246327227
1961,Hallstahammar,2021,4,65.30875050673112,9.835758163789109,2.051622792282017,0.001806744313087512
1961,Hallstahammar,2022,4,69.2558064064716,-3.1915373621295515,-0.6679517478082371,0.00034282524372460826
1961,Hallstahammar,2023,4,59.728252865205306,1.5783401454828194,0.3294772475492249,5.5052267991996535e-05
1961,Hallstahammar,2024,4,61.21649529607318,-5.130504783853155,-1.0703112694596508,0.0005077764955326621
1962,Norberg,2021,4,80.189566580467,-6.685891396707817,-1.4017896429206564,0.0018681372825780874
1962,Norberg,2022,4,68.51731844417505,-0.8080595140168754,-0.16920345295781705,2.347703167789603e-05
1962,Norberg,2023,4,63.78190244968844,-1.6104324478758585,-0.3365625436587655,7.059300679706685e-05
1962,Norberg,2024,4,64.48100639302228,-5.23669237981612,-1.0942385930939038,0.0007271349720402063
1980,Västerås,2021,4,51.36832774614684,-1.0743938780791495,-0.22440060218876623,2.829887376100282e-05
1980,Västerås,2022,4,51.192068281668725,1.135968376951027,0.2372133032325995,3.0473963154976806e-05
1980,Västerås,2023,4,49.522035515538846,-0.6375169701116334,-0.1332460916816236,1.1228031242526437e-05
1980,Västerås,2024,4,50.726842271111515,1.0679209795079032,0.22301402545703833,2.7169419322022492e-05
1981,Sala,2021,4,50.396538495081295,2.3471783498617427,0.4896772983640736,0.00010705816899923232
1981,Sala,2022,4,49.7994318133025,-0.45432063450262206,-0.09478585239055996,4.047171541482081e-06
1981,Sala,2023,4,45.061371369275236,-3.185031282634533,-0.6641294148264681,0.0001738976970484992
1981,Sala,2024,4,44.688757297356005,3.028267611806541,0.6315423095380742,0.00016365592353791166
1982,Fagersta,2021,4,59.42779784860521,0.11120658115678594,0.023465697702730583,8.849056286887736e-07
1982,Fagersta,2022,4,57.4965266568898,6.89145025638507,1.4549931813679815,0.003526657214481055
1982,Fagersta,2023,4,57.29948764772048,1.995626555879575,0.4215444340825987,0.0003050667018495082
1982,Fagersta,2024,4,60.23990371486299,-5.466341903357481,-1.1524923693821791,0.002020461940397809
1983,Köping,2021,4,51.07144356546082,0.43431543656726745,0.09077162618044297,5.176337745680331e-06
1983,Köping,2022,4,50.84737818670019,-0.3113904378487362,-0.06502320585384644,2.280208256053602e-06
1983,Köping,2023,4,47.344940520068974,-0.3436317203153365,-0.07184047767111656,3.4001755693675342e-06
1983,Köping,2024,4,49.25941281850647,-4.795966901447898,-1.001918453795519,0.0005865138761234768
1984,Arboga,2021,4,58.47875463323279,2.301387210738845,0.47984977471406126,8.95307621820451e-05
1984,Arboga,2022,4,57.90994018835123,1.02636599641054,0.21386694815290017,1.4876537213384769e-05
1984,Arboga,2023,4,54.98381651379868,2.8650622178110936,0.5974003774734711,0.0001400805138935176
1984,Arboga,2024,4,58.389342693501234,-2.595351277192222,-0.5404714333102896,7.709105978001123e-05
2021,Vansbro,2021,4,42.79777487351586,0.14791579944753863,0.030998678918709287,8.696183601181053e-07
2021,Vansbro,2022,4,42.26015825356472,-2.4072170770941312,-0.5050926927579037,0.0002624478681174787
2021,Vansbro,2023,4,34.714084982966725,-0.23132636227706627,-0.04861613441358048,2.820553211903552e-06
2021,Vansbro,2024,4,39.93350779660555,1.979999312399194,0.4170676755107107,0.0002481147550230281
2023,Malung-Sälen,2021,4,54.7908391726846,-8.304246884565593,-1.8700365705176727,0.030691299798320592
2023,Malung-Sälen,2022,4,46.373859412542835,3.148464627231,0.6625923538102484,0.0005853105950561889
2023,Malung-Sälen,2023,4,44.92547861010251,6.536509693991057,1.3771898824801658,0.0027531873174132
2023,Malung-Sälen,2024,4,50.14447311560389,2.517902542675806,0.5306456922291198,0.0004166122111047832
2026,Gagnef,2021,4,55.92231591893233,-1.551719841994604,-0.32428264887374914,6.522011767281243e-05
2026,Gagnef,2022,4,52.31334581015888,-6.4994587732982225,-1.3559265037034725,0.00081876298973125
2026,Gagnef,2023,4,43.330379713286085,-2.39078239784984,-0.5001987517112362,0.00018391167511734713
2026,Gagnef,2024,4,45.603283707582136,0.621677771616632,0.13022106705819889,1.4501170498415139e-05
2029,Leksand,2021,4,54.886278013065024,6.068006273719888,1.2663239345665327,0.000766237127155
2029,Leksand,2022,4,56.517593514298085,1.8203944457341876,0.38024860613915923,8.26580717360102e-05
2029,Leksand,2023,4,51.43700156470557,0.42362300675862485,0.08838716003097646,3.5710760119693046e-06
2029,Leksand,2024,4,52.67760716854042,4.706045307136598,0.982779764483536,0.0005292122363003336
2031,Rättvik,2021,4,56.586162974983885,-3.9877661452982167,-0.8335601270095359,0.0004466221841033726
2031,Rättvik,2022,4,50.86128489434491,-0.5547576675147639,-0.11598128659008025,8.88926888727719e-06
2031,Rättvik,2023,4,45.50852309166673,4.391857274209016,0.9164745446413288,0.0003961474054006889
2031,Rättvik,2024,4,52.18490939178008,-2.3576680751770596,-0.49316321740722086,0.00017340346568541656
2034,Orsa,2021,4,60.105748037738394,-0.4064129697996819,-0.08483017933674196,3.579138436872436e-06
2034,Orsa,2022,4,58.54291863951501,9.815893013210697,2.05045638875818,0.002421743310707524
2034,Orsa,2023,4,60.237367337442436,-0.5963713907140047,-0.12474327151143128,1.106664390322108e-05
2034,Orsa,2024,4,58.59844637377321,-6.489265232333999,-1.355399583256061,0.0010372650915702855
2039,Älvdalen,2021,4,45.850423732760355,0.443242839236234,0.09286238616432073,7.540331751914048e-06
2039,Älvdalen,2022,4,44.76721040827055,-1.8774982395615183,-0.39311743879036104,0.00012589153915951707
2039,Älvdalen,2023,4,39.458781442234795,-0.3477986164302038,-0.07281612191591748,4.265795029172427e-06
2039,Älvdalen,2024,4,43.00935954238349,2.4716052934200547,0.5174786210862299,0.00021629378209162345
2061,Smedjebacken,2021,4,52.78111669737814,-1.7429752906279319,-0.3636111634889754,5.848037265099757e-05
2061,Smedjebacken,2022,4,47.04380264613159,6.151582814406773,1.283081841387337,0.0006981765821898444
2061,Smedjebacken,2023,4,46.99070955152605,-1.1737939462845972,-0.2449867092656759,2.9402334732342593e-05
2061,Smedjebacken,2024,4,45.67723291922864,-1.3272375390198263,-0.2769297658112728,3.5257901945175574e-05
2062,Mora,2021,4,48.52648217017209,1.013914540035941,0.21142250292656728,1.773595129593589e-05
2062,Mora,2022,4,47.304072946829,0.42550778724904603,0.08874567590172365,3.2892051455045137e-06
2062,Mora,2023,4,42.97467622377264,-1.1456929748439322,-0.23888106152685573,2.216015493964869e-05
2062,Mora,2024,4,42.830247774504905,3.0314854290004476,0.6328529817390778,0.00020520728688005967
2080,Falun,2021,4,50.60964082913955,-2.111220119545152,-0.44039229549280634,8.399365369106288e-05
2080,Falun,2022,4,48.88220543978666,-5.433745110120007,-1.1334092209345745,0.0005507561145819462
2080,Falun,2023,4,42.47365057969015,1.7700062735756106,0.3693436180773635,6.38196061030967e-05
2080,Falun,2024,4,45.7837960331787,0.5086386986588138,0.10605146197086598,4.351392042741224e-06
2081,Borlänge,2021,4,52.531134610726895,-4.84100562538606,-1.0143391197538736,0.0009115852381944065
2081,Borlänge,2022,4,50.126229211562894,-1.695856257444298,-0.3550628423551447,0.00010191386924084853
2081,Borlänge,2023,4,46.92356267944017,1.3223056882026256,0.2762873246863883,4.589653210555719e-05
2081,Borlänge,2024,4,52.12448844601469,-2.7127237401323328,-0.5670339786133477,0.00020639339919866
2082,Säter,2021,4,62.951839561261046,-2.5533339572759886,-0.5328474181647286,0.00013543430956656127
2082,Säter,2022,4,57.56343955694105,-3.3535202951186704,-0.6992019853492507,0.00018851811966525604
2082,Säter,2023,4,50.18560684442655,1.2241592322433732,0.25528516153082426,2.643028964588974e-05
2082,Säter,2024,4,53.70147974041567,-0.5962494098445248,-0.124418326020421,7.2442037250834e-06
2083,Hedemora,2021,4,55.09468998285563,-2.6946382297180946,-0.5626967009156932,0.0001715557630477459
2083,Hedemora,2022,4,50.91935168881886,2.567665082533857,0.5358057558973076,0.00013519095787561936
2083,Hedemora,2023,4,49.09632210850141,0.5615469042063097,0.11720280409687063,6.733516725150332e-06
2083,Hedemora,2024,4,51.081427839065974,-4.683940763612796,-0.9770010155363403,0.00040838269873217015
2084,Avesta,2021,4,47.604372161115265,-4.899901059697598,-1.0257083763046353,0.0008309025950544748
2084,Avesta,2022,4,44.62967858338545,3.59986964616278,0.7541689249761228,0.0004951682827868732
2084,Avesta,2023,4,44.217051339940085,-5.628733315943251,-1.1769665021862843,0.0009376610497188727
2084,Avesta,2024,4,41.093384485432374,-1.346763617341196,-0.2815439279283383,5.183065076993012e-05
2085,Ludvika,2021,4,48.38222607994455,-0.2635711378756369,-0.05516234481877627,2.3379201096416487e-06
2085,Ludvika,2022,4,47.48355545592903,2.1123159818579396,0.44187001320075436,0.00014046840982602756
2085,Ludvika,2023,4,45.24911997511529,6.186377335694495,1.2923525450299622,0.0009713192112050486
2085,Ludvika,2024,4,49.13103127155184,8.76489123351687,1.8332032526083382,0.0023615876663592426
2101,Ockelbo,2021,4,53.15887613839706,-0.13244817590771873,-0.02771568788159376,5.784896843840862e-07
2101,Ockelbo,2022,4,54.85999390767202,-0.05841342321917864,-0.012231405260394786,1.226048597037866e-07
2101,Ockelbo,2023,4,52.289907090471765,-4.53026832701223,-0.9496267228341608,0.0008373347570579873
2101,Ockelbo,2024,4,50.10053872342043,-1.8065754688272548,-0.3777000372568473,9.448235755569524e-05
2104,Hofors,2021,4,51.960830406156035,-1.2195483013324804,-0.255428368156563,5.509333619293294e-05
2104,Hofors,2022,4,49.02271005845857,-0.669669517918031,-0.1403304711746422,1.7650011813324657e-05
2104,Hofors,2023,4,46.91547128418708,-4.777643249196679,-0.999610975205188,0.0007379327803979581
2104,Hofors,2024,4,45.658785116468216,0.5646821823142432,0.1179517384072157,7.947456911596134e-06
2121,Ovanåker,2021,4,37.345188098373136,0.6532748851466295,0.13675098770001784,1.4760307285083508e-05
2121,Ovanåker,2022,4,35.63362127197723,-4.571841888050198,-0.9561804062274243,0.0006391860695391813
2121,Ovanåker,2023,4,29.09572630157914,5.177592570438215,1.082212516498158,0.000746656170682602
2121,Ovanåker,2024,4,34.86310995995041,-3.825282607865052,-0.7998956711505653,0.00043554377928103194
2132,Nordanstig,2021,4,55.4151126016666,3.8675878202743306,0.8071027875689211,0.0003097316246833082
2132,Nordanstig,2022,4,56.62030369527533,1.7753956828210136,0.3702461964248285,5.5842287632980474e-05
2132,Nordanstig,2023,4,52.67216157238036,-2.8322469512490898,-0.5919481561641391,0.00022076469267071912
2132,Nordanstig,2024,4,51.720740221550194,-0.543888569639158,-0.11349549440453785,6.064899824620135e-06
2161,Ljusdal,2021,4,40.968551790550435,-0.3388985252877248,-0.07092466885532313,3.844643096674759e-06
2161,Ljusdal,2022,4,40.29264638302029,1.1542664079871159,0.2416704105907427,4.723078222222624e-05
2161,Ljusdal,2023,4,36.893002483412815,-5.174370484275908,-1.0833552182616837,0.0009480012394679075
2161,Ljusdal,2024,4,34.44721919663182,1.5516964986785595,0.32468819081648354,7.890012629253473e-05
2180,Gävle,2021,4,47.84069889178778,-3.19091608074217,-0.6660834517291347,0.0002238061666510843
2180,Gävle,2022,4,46.09059621312038,0.46327699569567926,0.09674814684739713,5.13260742111468e-06
2180,Gävle,2023,4,43.23023656675016,1.1521766001933926,0.24065564137919182,3.276972462729643e-05
2180,Gävle,2024,4,45.90676160242503,1.7829088457731288,0.37261960425749346,8.69592135952945e-05
2181,Sandviken,2021,4,45.555125083048395,1.9862761908369535,0.4157475654667881,0.00013462890116450063
2181,Sandviken,2022,4,46.12347180711556,0.24718653857987505,0.051674740087082484,1.7452140442744765e-06
2181,Sandviken,2023,4,40.45992053507781,-0.7219066591329053,-0.15119800257160593,1.9276858181165697e-05
2181,Sandviken,2024,4,41.77029303911399,4.7625536762144804,0.9960679581448869,0.0006937302689698822
2182,Söderhamn,2021,4,39.48844861956286,1.6575075228563776,0.3464904635376153,7.796889430599598e-05
2182,Söderhamn,2022,4,40.07922226647071,-1.596365349850231,-0.33382090307727097,7.615327370628613e-05
2182,Söderhamn,2023,4,34.143389492528996,-3.2076746321218828,-0.6707357831826992,0.00030533569315880824
2182,Söderhamn,2024,4,35.33022288449734,-1.6777478386631586,-0.35079104164613856,8.23860767875614e-05
2183,Bollnäs,2021,4,42.203373372110306,-4.487976967968713,-0.9367215975096373,0.00043173920865502137
2183,Bollnäs,2022,4,39.17347828904247,0.2646226724959888,0.05524864456892143,1.5975169524408612e-06
2183,Bollnäs,2023,4,35.82351390580147,1.0508708901400752,0.2194067099802426,2.5261114734383785e-05
2183,Bollnäs,2024,4,37.97665350099878,-1.166837550078533,-0.24360326956093603,3.075582468834745e-05
2184,Hudiksvall,2021,4,40.02139313073139,0.3823796543470337,0.07977096962662691,2.8207422169252935e-06
2184,Hudiksvall,2022,4,38.81034475739794,-0.044689907047697375,-0.009324036623595303,3.943460222882429e-08
2184,Hudiksvall,2023,4,36.98261627567733,0.12722566880400876,0.026567713773880005,3.8335148228547867e-07
2184,Hudiksvall,2024,4,38.20913361014554,-3.1686305191201782,-0.660826195446742,0.0001799401494334641
2260,Ånge,2021,4,44.44929876558143,0.3898651031502922,0.0814541305944586,3.9422714105691974e-06
2260,Ånge,2022,4,43.97635090094625,-0.11766119297293898,-0.024543265649934854,2.598818543615891e-07
2260,Ånge,2023,4,41.20342917895993,0.9526801634486759,0.19876337297124583,1.7871673297730448e-05
2260,Ånge,2024,4,43.293420105497184,0.9347974973334203,0.19495705853514778,1.5712376290939788e-05
2262,Timrå,2021,4,54.82551243131638,0.7455415217048724,0.15561130565538106,1.1967599062108812e-05
2262,Timrå,2022,4,54.91990044417324,-3.3822187949674216,-0.7063838990701748,0.0002779297023185381
2262,Timrå,2023,4,48.5242589938296,-1.8309864738752069,-0.3824444896912707,8.297319438727711e-05
2262,Timrå,2024,4,50.78547873522459,2.236609045153237,0.46682801742651153,0.00010758025846859532
2280,Härnösand,2021,4,50.36251122517121,-2.5054825989118186,-0.5249341433235624,0.00024193545208226047
2280,Härnösand,2022,4,48.624691088461134,0.5734278069928607,0.11998813396265308,1.0774551706162416e-05
2280,Härnösand,2023,4,45.899628414601224,1.7599805737982237,0.3681643060776631,9.745714891541517e-05
2280,Härnösand,2024,4,49.38232261148727,-0.2695345225621182,-0.056351971976352146,2.1059885937479007e-06
2281,Sundsvall,2021,4,42.03577531991631,-3.5986180596202857,-0.7525832011514874,0.00039201483871959024
2281,Sundsvall,2022,4,41.51759379810303,-1.7434369357526123,-0.3647788165074685,9.845712468499076e-05
2281,Sundsvall,2023,4,37.6020770854621,-1.0746058871312343,-0.22481857144641124,3.692125813957723e-05
2281,Sundsvall,2024,4,40.03101613270252,-1.7970285711162148,-0.3757146531038407,9.389454065150636e-05
2282,Kramfors,2021,4,51.022549818926244,2.9069142188410453,0.6116240099032005,0.000490301593715608
2282,Kramfors,2022,4,50.674988172014416,1.4362718816048883,0.30160041936487036,0.00010083784659950919
2282,Kramfors,2023,4,44.295458744621996,1.6463482997884142,0.3458373563541978,0.00013694982456174197
2282,Kramfors,2024,4,45.66938034011327,7.386476957925723,1.5498520309823383,0.002469389147222372
2283,Sollefteå,2021,4,41.60153589594799,3.418130310068804,0.7169543925885539,0.0005103261790237369
2283,Sollefteå,2022,4,43.25342757950762,1.263634615810318,0.2648940940035866,6.551162854458852e-05
2283,Sollefteå,2023,4,38.580465215228095,0.722023582482862,0.15154237313939264,2.43097373625621e-05
2283,Sollefteå,2024,4,40.03411075955597,-0.025413216611852363,-0.005323658236009937,2.4465793889513852e-08
2284,Örnsköldsvik,2021,4,30.870946597489016,1.0692930886618548,0.22395070195367656,4.218145047839341e-05
2284,Örnsköldsvik,2022,4,31.072346402873443,-1.8411064151131242,-0.3858861782097794,0.00013656527925317327
2284,Örnsköldsvik,2023,4,26.726427309039742,2.474336957876872,0.5182447937057955,0.00022716978950650433
2284,Örnsköldsvik,2024,4,29.38551834126162,2.0521744242813718,0.43013872213164134,0.00017028792827961667
2303,Ragunda,2021,4,52.518785836212956,7.366051015994337,1.5372925602357117,0.0011418817221583524
2303,Ragunda,2022,4,55.99238276467302,-5.161304295403596,-1.0780549797530474,0.0006588052896052262
2303,Ragunda,2023,4,44.22618109155178,0.9539552278250483,0.1995922587380802,2.9405093725125335e-05
2303,Ragunda,2024,4,47.439863353753864,7.748632565406652,1.617827177475147,0.0013774312661751589
2305,Bräcke,2021,4,60.26230534536834,1.1142128732551413,0.2338083624360002,5.66998479459845e-05
2305,Bräcke,2022,4,58.46424189468815,16.51141535945012,3.4444019168534514,0.005202275508377536
2305,Bräcke,2023,4,67.24234282341058,-10.67569255287443,-2.232027512207387,0.003314164609638711
2305,Bräcke,2024,4,57.222254931892245,-0.38712651432803824,-0.08084421529294837,3.5749005185788253e-06
2309,Krokom,2021,4,59.965030831932424,10.123556974216612,2.1184095120071094,0.00337655550260519
2309,Krokom,2022,4,63.73747578016704,2.6416125535955146,0.5543066251116551,0.0003178967534889
2309,Krokom,2023,4,58.0705831933419,-4.527781013155945,-0.9477114853315466,0.0006997069046557103
2309,Krokom,2024,4,54.14663260997812,4.909489839001473,1.027102529651652,0.0007692548748485527
2313,Strömsund,2021,4,42.06822950884651,1.163706340539008,0.24268930498857216,2.4154145111009644e-05
2313,Strömsund,2022,4,41.055174887443684,1.236656296201133,0.25794212917294884,2.8305727425582668e-05
2313,Strömsund,2023,4,38.862982720959245,-2.149224059931619,-0.4481962777171299,8.141636403882625e-05
2313,Strömsund,2024,4,42.07024409881422,-0.8836342829746116,-0.18468090302673842,2.1463681294820897e-05
2321,Åre,2021,4,91.2129803891124,9.838278676978376,2.0859254616715948,0.009150169906428144
2321,Åre,2022,4,94.6686837525804,-10.72707791316435,-2.267504912739746,0.009197773530048
2321,Åre,2023,4,81.09168587572582,5.39740269937046,1.1417991105113454,0.0024373990623707885
2321,Åre,2024,4,84.81795844513483,7.75274981926286,1.6368322276398828,0.004462000856256901
2326,Berg,2021,4,58.130056919579204,0.5945401371832375,0.12476643354153817,1.6236142046376985e-05
2326,Berg,2022,4,56.202993797674054,3.022201297086255,0.6343953999757052,0.0004311268000087056
2326,Berg,2023,4,54.99336559124817,4.110275865334465,0.8763117447822678,0.0020610727456171437
2326,Berg,2024,4,57.01802032767946,5.728181135460666,1.2026870525322773,0.0015832690578141755
2361,Härjedalen,2021,4,57.37196021429439,7.093137669826632,1.4905726554772707,0.0026301972322947476
2361,Härjedalen,2022,4,62.355462234815114,4.605755241866284,0.9697506683763394,0.0013008292016739207
2361,Härjedalen,2023,4,60.049440813211014,-2.7798498817176664,-0.5892088832066363,0.0007191102702672663
2361,Härjedalen,2024,4,56.34067339952554,4.789547730695588,1.0072871004627504,0.0012834629452068889
2380,Östersund,2021,4,57.74906169436211,-4.17652267315696,-0.8728320705394549,0.0004734617002946418
2380,Östersund,2022,4,55.85382146884831,-0.8734462795538747,-0.18251276016649007,2.0245199872084334e-05
2380,Östersund,2023,4,52.833158424105775,-1.6933794441270464,-0.35368197362196907,7.024472715536912e-05
2380,Östersund,2024,4,53.857226027792244,-3.1485355277845457,-0.6579713881522862,0.0002672926096826997
2401,Nordmaling,2021,4,51.76369218536486,-0.21439641071697224,-0.044774468941535715,1.1044332732623884e-06
2401,Nordmaling,2022,4,50.232836638342135,-1.690521325576782,-0.35294840599130256,6.508046456240808e-05
2401,Nordmaling,2023,4,44.18789164304028,7.852489417673496,1.6390416240940686,0.0013360307550361631
2401,Nordmaling,2024,4,50.73123588299521,-6.075517069973024,-1.2692781879791626,0.0009478183904666589
2403,Bjurholm,2021,4,57.17907018315978,7.5390926560886555,1.5812348193504409,0.002467273110085032
2403,Bjurholm,2022,4,60.24599568133815,-4.596754534626513,-0.9680824797062662,0.0013189417793385149
2403,Bjurholm,2023,4,50.5242820914723,1.434832048221054,0.30187231656969626,0.00011878964849111048
2403,Bjurholm,2024,4,54.35016752051727,6.692647231496295,1.4026345350384677,0.0017887461955204847
2404,Vindeln,2021,4,55.47548889869438,5.065051641846161,1.060736334533072,0.0009378501032114099
2404,Vindeln,2022,4,57.88168227302363,-4.829356691628277,-1.0098627637856827,0.0006949831681792153
2404,Vindeln,2023,4,48.56215915848221,-2.5998811874146384,-0.5439751692038496,0.00021910317194535745
2404,Vindeln,2024,4,48.40715129178694,1.9897473606036868,0.4161299884191667,0.00012035144423707681
2409,Robertsfors,2021,4,50.427368903491995,0.8546823785592892,0.1786742005901865,2.089178017804627e-05
2409,Robertsfors,2022,4,49.947458016076446,3.166908014401436,0.6615417172305158,0.000252190539114271
2409,Robertsfors,2023,4,49.650289003607526,-3.0627519116193938,-0.6388357893013787,0.00017401683364972375
2409,Robertsfors,2024,4,47.838684024341816,3.4318690399332183,0.716185279339892,0.00024459913095609413
2417,Norsjö,2021,4,47.20118806245693,1.904830572647576,0.3989054842829705,0.00013226584723148818
2417,Norsjö,2022,4,49.584367746182004,-0.6864706091158794,-0.1437294311820685,1.673651460400039e-05
2417,Norsjö,2023,4,42.845348468502785,1.2423171787958935,0.26050127700150516,6.537264382268493e-05
2417,Norsjö,2024,4,45.34414835179666,14.887706486913018,3.113897605173522,0.006842001963418889
2418,Malå,2021,4,47.30631871641229,-3.1402013795632513,-0.6604733424320862,0.0005558267874000256
2418,Malå,2022,4,45.78842015571775,4.326977140688449,0.9076158700629124,0.0008206589121149193
2418,Malå,2023,4,46.127845227583876,-4.656273321229364,-0.975700395449251,0.000850247426822749
2418,Malå,2024,4,48.12578236757321,0.8276274906307108,0.17400448443002922,3.734783602339363e-05
2421,Storuman,2021,4,51.507752681856175,-3.1262099821316554,-0.6582850465614316,0.0006031701689888798
2421,Storuman,2022,4,47.51981927206164,4.855332981287937,1.0213664591421985,0.0013451643264922781
2421,Storuman,2023,4,49.006520936811135,-4.708353350972317,-0.9916953620969392,0.0013952884061528286
2421,Storuman,2024,4,46.26514774329541,0.5342067483667776,0.11264225719276076,1.945355864299546e-05
2422,Sorsele,2021,4,48.246238873696306,4.192785516547595,0.8832838908845206,0.0011232391708885345
2422,Sorsele,2022,4,50.996317712023085,-4.608797186571522,-0.9697419617939004,0.0012361740446373195
2422,Sorsele,2023,4,46.765666384266254,0.15515473010324854,0.03261673534136062,1.2997123290724306e-06
2422,Sorsele,2024,4,50.99046872685482,-6.018046155789911,-1.2637227823021278,0.0017707496155086298
2425,Dorotea,2021,4,53.58243205338908,-12.102155518212179,-2.5407942972578246,0.007022016211442622
2425,Dorotea,2022,4,43.74222567024237,5.988400106798657,1.2551557694100395,0.00144722694454604
2425,Dorotea,2023,4,43.59547705927615,-5.117495015667771,-1.0820347873306086,0.0021271207880014147
2425,Dorotea,2024,4,44.106822483222174,0.35699617414486795,0.07512912656308333,7.521296980222738e-06
2460,Vännäs,2021,4,67.86952465432239,-6.018409125274452,-1.260562512604362,0.001346477768915988
2460,Vännäs,2022,4,62.04445631258897,-4.139736910603027,-0.8666635828763155,0.0006004444226293952
2460,Vännäs,2023,4,56.833296705762656,12.379640704547533,2.58931953617567,0.004732610685659051
2460,Vännäs,2024,4,66.97069145197246,-13.532233282896676,-2.8338667775600137,0.006668278682036402
2462,Vilhelmina,2021,4,34.998466802367396,-1.2282277892602238,-0.2592557675751142,0.00011035706940345842
2462,Vilhelmina,2022,4,35.19009468311275,-3.1237721428343193,-0.6563312525568659,0.0005027403244115709
2462,Vilhelmina,2023,4,32.37521752661168,1.953378992628302,0.41006981043968144,0.00018150639220966043
2462,Vilhelmina,2024,4,38.45936405995737,4.083580232866517,0.8571086279354244,0.0007797348276104933
2463,Åsele,2021,4,57.81716211673176,-9.366859302339165,-1.9782841679244214,0.006654020796403905
2463,Åsele,2022,4,48.684684474988345,1.2793701619634916,0.27014139173638385,0.00012234339599030746
2463,Åsele,2023,4,45.60019308931841,-8.80843444325513,-1.8536599842457373,0.004567728799777135
2463,Åsele,2024,4,42.41031818966118,13.26896911546131,2.7972934175633646,0.011827793348998247
2480,Umeå,2021,4,60.51818046119261,-6.661985281150315,-1.4086311956759339,0.0036096503644694267
2480,Umeå,2022,4,57.05710287267167,-0.7558210637708527,-0.1597697532455026,4.571755239053433e-05
2480,Umeå,2023,4,54.79657468633467,0.4062564592724698,0.08583031073492166,1.2780986342763304e-05
2480,Umeå,2024,4,58.466359957800435,-0.00782395380785772,-0.0016548904371956543,5.079691588100787e-09
2481,Lycksele,2021,4,44.8644139299312,-5.72547068139891,-1.1967969556805047,0.0009213554828964066
2481,Lycksele,2022,4,40.51628271043449,1.46689134821127,0.30647081817676525,5.56426391564853e-05
2481,Lycksele,2023,4,39.646716889012765,2.7671044489058474,0.5778073038511368,0.00017961689084160506
2481,Lycksele,2024,4,43.40126796069486,-5.688774149834984,-1.1877614122000681,0.0007435806246786055
2482,Skellefteå,2021,4,33.342243760239356,3.5005069108055693,0.7324185983066281,0.0003975572435149151
2482,Skellefteå,2022,4,36.116575382740436,5.898424214044596,1.2344936606007146,0.0011737537981446394
2482,Skellefteå,2023,4,36.14855439381472,24.053687512589605,5.042621204327502,0.023882992928165737
2482,Skellefteå,2024,4,52.17709492152165,11.201024080397737,2.3699224830697223,0.01059661761472654
2505,Arvidsjaur,2021,4,46.89949867330355,-2.295884803858648,-0.4821314924772088,0.0002587869504983601
2505,Arvidsjaur,2022,4,44.22042549818946,0.12583534291674425,0.026433880262314635,8.014240528039483e-07
2505,Arvidsjaur,2023,4,40.90370971850737,8.662787909498519,1.8226363312761993,0.004346234274871924
2505,Arvidsjaur,2024,4,44.3032709741557,4.308980627092453,0.9217289016220297,0.002578264258802113
2506,Arjeplog,2021,4,44.76429507553619,1.7816967973858624,0.37584100146442534,0.0002225555398293807
2506,Arjeplog,2022,4,48.39360786363654,-12.398107301206842,-2.600349496613656,0.006670971793247739
2506,Arjeplog,2023,4,39.94341717964303,-2.7644213958178057,-0.586095772454989,0.000721122244083008
2506,Arjeplog,2024,4,42.26622508128699,3.5206160114409855,0.7442870073100051,0.0009982493808939489
2510,Jokkmokk,2021,4,47.84580022568027,2.991019858001735,0.6283382610718001,0.0004543032740211328
2510,Jokkmokk,2022,4,53.60298019391856,-1.7122238913975565,-0.36002641200936236,0.00016136361394245908
2510,Jokkmokk,2023,4,49.4247227404295,-6.4890205407679105,-1.3626672738308756,0.002065173378170349
2510,Jokkmokk,2024,4,45.02062765217519,6.457781197005829,1.3602415207606329,0.0026353436358101403
2513,Överkalix,2021,4,40.1075134450054,-0.4396167660386112,-0.09227427266402934,9.060498184012714e-06
2513,Överkalix,2022,4,40.38122842405418,4.5554804367053165,0.9644343985787422,0.0018131543220646798
2513,Överkalix,2023,4,43.71742708534825,6.567202895676417,1.3940048832485485,0.004321945709747448
2513,Överkalix,2024,4,47.70047490466854,8.844354836037489,1.8643658944768262,0.005224442627755967
2514,Kalix,2021,4,41.64180393740998,1.0395760727371481,0.2170506614869635,2.4768591159400756e-05
2514,Kalix,2022,4,42.62489487554962,-0.727762190699984,-0.15182402556531396,1.0222654944073206e-05
2514,Kalix,2023,4,37.53336312288661,0.7376859541057357,0.15396192697435507,1.1563744436401169e-05
2514,Kalix,2024,4,40.03851028604628,-1.704418933957399,-0.3557864204334811,6.384762427195709e-05
2518,Övertorneå,2021,4,52.28356989102244,-0.9893404918298501,-0.20829387848444825,5.972139645851e-05
2518,Övertorneå,2022,4,51.36396191658926,-4.993483645164154,-1.0516318740955521,0.0015561800248655687
2518,Övertorneå,2023,4,47.66288120379142,0.5269426709639617,0.11115076950212321,1.9402670122047135e-05
2518,Övertorneå,2024,4,50.40031664187596,6.045332852824558,1.2768393640649558,0.0027802054394171992
2521,Pajala,2021,4,55.60995826697285,-5.886201360895505,-1.2385106712839316,0.002014920914416021
2521,Pajala,2022,4,50.46728249849397,-5.422237453448929,-1.1374422420625916,0.001299024887741001
2521,Pajala,2023,4,42.94276613639483,7.985525466398563,1.679834938597421,0.003639051503492215
2521,Pajala,2024,4,51.166782461171614,-4.385153640956489,-0.9199927892014985,0.0008595216683163795
2523,Gällivare,2021,4,38.4715163690251,-2.652844811915813,-0.5581156265240207,0.00040532359549028796
2523,Gällivare,2022,4,35.29811236357483,-0.3957013417608266,-0.08438401875590913,1.929305196463041e-05
2523,Gällivare,2023,4,31.40419442401786,5.0066538160283045,1.0539939854654519,0.001518608241489957
2523,Gällivare,2024,4,37.429601702978665,0.2887294059402663,0.06073795697772502,4.762735226191026e-06
2560,Älvsbyn,2021,4,46.79175797568182,-1.5926070205063922,-0.3325923757001468,6.070140141375037e-05
2560,Älvsbyn,2022,4,46.99882054193631,-0.3549070038248203,-0.07412617555712565,3.083469314986614e-06
2560,Älvsbyn,2023,4,44.624162135399935,2.0159509315408357,0.4213688341858696,0.00011310101885757052
2560,Älvsbyn,2024,4,50.42412305288316,-1.6718719594949434,-0.3493647710940482,7.472346287936103e-05
2580,Luleå,2021,4,53.26942446778751,-1.9932252970316782,-0.41704027967826535,0.00012861843496292347
2580,Luleå,2022,4,52.7338177276057,-2.0044249660086066,-0.4196667362750694,0.0001423149382320378
2580,Luleå,2023,4,47.243526453156825,0.4931405495652257,0.10330367401337119,9.198663192865839e-06
2580,Luleå,2024,4,49.769316625225045,1.9727889683464284,0.41338719782415223,0.00015256023031079243
2581,Piteå,2021,4,37.384041549904886,-0.335628157659535,-0.07018438698736011,3.367240043835597e-06
2581,Piteå,2022,4,37.77473669422612,-4.088886167810941,-0.854379773272865,0.00044175937154850616
2581,Piteå,2023,4,30.475543977274935,2.4689109632125046,0.5162200995682573,0.00017889038506843698
2581,Piteå,2024,4,34.375446105235596,1.9050919775499935,0.39838945308551327,0.00010885639920848973
2582,Boden,2021,4,47.20451511359941,0.27417806821876667,0.05725670875186412,1.7913544772584461e-06
2582,Boden,2022,4,48.08035253998077,-1.69558357249646,-0.3537521112173621,5.6336496539338994e-05
2582,Boden,2023,4,44.48242219377266,4.044937073306748,0.8448166920579376,0.00039946923703991456
2582,Boden,2024,4,49.89268096767611,4.1555916980160745,0.8690134741969785,0.0005182637047965442
2583,Haparanda,2021,4,51.64959574357775,-5.84083415975298,-1.2482230809104382,0.004571928501816936
2583,Haparanda,2022,4,49.34146303963646,-9.405702868330252,-2.0077490151866773,0.011338666971638668
2583,Haparanda,2023,4,44.006998080127595,-2.4901625129487783,-0.535627519447199,0.0010402194915945387
2583,Haparanda,2024,4,48.37428834252858,-0.9477775786776377,-0.20277080560719066,0.00012548261883009971
2584,Kiruna,2021,4,44.61411210140181,-5.376692460523955,-1.129281385879193,0.0014412491164416928
2584,Kiruna,2022,4,44.42873885782706,-0.09925573781635677,-0.020839011852814476,4.73868584979201e-07
2584,Kiruna,2023,4,44.05577738354974,2.5273813558074565,0.5301805203524268,0.0002823752479764318
2584,Kiruna,2024,4,49.91993727709191,-1.4494119939384262,-0.3042133804099896,9.804631511781475e-05
0114,Upplands Väsby,2021,5,98.1939554542992,4.691866377570307,0.9825982568808096,0.0008063015725872741
0114,Upplands Väsby,2022,5,100.8245677611474,9.544479374575872,2.0020457440373396,0.003997087822676968
0114,Upplands Väsby,2023,5,100.12694283506964,-1.4240891132576223,-0.2993498792395472,0.00010876830361324124
0114,Upplands Väsby,2024,5,96.05055357950494,-9.092303872611467,-1.9080113298848702,0.003788882270125865
0115,Vallentuna,2021,5,72.32523566489431,1.4936044916203173,0.3130184807515526,8.880315949202343e-05
0115,Vallentuna,2022,5,76.32317052774273,2.555484317168464,0.535790425220284,0.0002727972103516837
0115,Vallentuna,2023,5,73.57785367990898,-3.1023148499397735,-0.6483071080251257,0.000259155481836343
0115,Vallentuna,2024,5,72.19061195698256,-3.7945870132199246,-0.7925625952634717,0.0003542635103899016
0117,Österåker,2021,5,77.56722267677753,10.690023249332683,2.2360252192116694,0.003553118522633733
0117,Österåker,2022,5,79.40241579822705,-4.124626714422263,-0.8654841433511504,0.0007738629019616452
0117,Österåker,2023,5,66.98115308145535,-7.2636091506083815,-1.517983890629037,0.0014314276462546664
0117,Österåker,2024,5,61.692528067381254,4.830861572484572,1.0101295343136063,0.0006904448604899538
0120,Värmdö,2021,5,78.15692167740823,2.934097530067106,0.61701429273494,0.00047815564841332435
0120,Värmdö,2022,5,77.73200246278799,-4.309267460527835,-0.9063491349970707,0.00104558519066322
0120,Värmdö,2023,5,69.52460670071383,-3.203874235074963,-0.673660354219523,0.0005640747331676428
0120,Värmdö,2024,5,66.90031674860668,-2.0134292177822033,-0.42334512447260114,0.00022245322935910788
0123,Järfälla,2021,5,100.69022276583306,4.083133011490503,0.8550184651567547,0.0006022348801937435
0123,Järfälla,2022,5,101.6013905099756,11.23502418695864,2.354493078374808,0.0050101436066244355
0123,Järfälla,2023,5,105.43653165347973,-5.784035418103855,-1.2203285978399105,0.0023730059274398563
0123,Järfälla,2024,5,99.12218804061514,14.244872105534384,2.981566749133498,0.006915659050246216
0125,Ekerö,2021,5,65.12191225658617,3.719165554796831,0.779282607248572,0.0005383160440950778
0125,Ekerö,2022,5,67.66331023617761,-12.38054403764037,-2.5939987480253412,0.005934024664562141
0125,Ekerö,2023,5,52.50497489251283,1.542511916706836,0.32324860715012593,9.40599930900023e-05
0125,Ekerö,2024,5,57.42465833117609,2.485407390027646,0.5211124667718515,0.00025882955250721736
0126,Huddinge,2021,5,108.90096893898664,5.972968104128384,1.2581264940363268,0.0022550475289735195
0126,Huddinge,2022,5,110.94883498825675,-5.677403422547258,-1.1971619030272658,0.002201159961661213
0126,Huddinge,2023,5,98.9565191040222,-1.5460556208761318,-0.32516977911253026,0.00013440746511711544
0126,Huddinge,2024,5,98.06402794352906,3.5509636578147337,0.746693128504537,0.0006970089487250062
0127,Botkyrka,2021,5,97.15580604898915,1.3880156845763878,0.29287722918612624,0.00013760874189576512
0127,Botkyrka,2022,5,96.82533653225315,-8.214158439720933,-1.7344400702219926,0.00504425998817025
0127,Botkyrka,2023,5,85.98444009274074,0.2780086477396395,0.058895081944739726,6.995911603304934e-06
0127,Botkyrka,2024,5,87.4575654092533,1.7035836444977974,0.359860598826813,0.00022252728669565523
0128,Salem,2021,5,91.02506905705235,6.3549448543782034,1.333314973241793,0.001814238894867567
0128,Salem,2022,5,93.74939163602919,-20.09793935387151,-4.218750682999577,0.019047662339289177
0128,Salem,2023,5,71.72220725877585,5.408043156673116,1.135811063660499,0.0014515772948921792
0128,Salem,2024,5,79.60872932178582,0.8162435462098472,0.17102287769661106,2.5824241865287678e-05
0136,Haninge,2021,5,92.96746643081521,2.2362802500687735,0.47001762216903265,0.00026533308013010966
0136,Haninge,2022,5,91.39048928141523,-1.7843142048921834,-0.37486394831573405,0.00016262987346750367
0136,Haninge,2023,5,82.47939919098832,7.404411497626327,1.555507094666867,0.0027883422659759423
0136,Haninge,2024,5,87.94483385818448,-3.847504951895772,-0.8097557544615446,0.0008784063759428505
0138,Tyresö,2021,5,74.32835560098417,0.046924656649025565,0.009814814685986764,6.807393490324218e-08
0138,Tyresö,2022,5,73.7739724021233,-4.261232124966398,-0.8908345524178923,0.0005202147270214123
0138,Tyresö,2023,5,65.55739585816464,-4.894023682377117,-1.0221026134525841,0.0005792990153036787
0138,Tyresö,2024,5,64.0237252760003,0.7396900028788878,0.1545169976973092,1.3784639866163564e-05
0139,Upplands-Bro,2021,5,110.5042929212095,8.728703668456546,1.8479588730767431,0.00666023525771063
0139,Upplands-Bro,2022,5,110.76724550566888,4.292560478068907,0.9026316951384052,0.0010181927784191996
0139,Upplands-Bro,2023,5,103.5173160028821,0.8181845671730628,0.17161261043035544,2.920446229236204e-05
0139,Upplands-Bro,2024,5,100.30125412346142,0.03950284380157143,0.008281436791882287,6.445767989028206e-08
0140,Nykvarn,2021,5,70.21645033723361,8.566158358418562,1.7922136916528937,0.002361895962166527
0140,Nykvarn,2022,5,74.1679612609757,-1.0369598892335858,-0.21704690413304953,3.671042519614833e-05
0140,Nykvarn,2023,5,68.61876224218315,20.007652228784053,4.206971902283449,0.022031754909139892
0140,Nykvarn,2024,5,84.04727051542969,-5.615897966410074,-1.208635334888906,0.0053834589188689105
0160,Täby,2021,5,87.65246278635482,5.525821305322552,1.166667222530465,0.0022673816865780303
0160,Täby,2022,5,90.52385368715339,-2.1918734377423164,-0.46075447907830863,0.00025829096367198736
0160,Täby,2023,5,82.6368476424969,5.31175669955006,1.11602218951308,0.0014509290558389334
0160,Täby,2024,5,86.10336099637206,0.21841303120562827,0.04601193859096005,3.0451363547640904e-06
0162,Danderyd,2021,5,93.79631665495357,3.20700621185739,0.6795435430428635,0.0009420731700584368
0162,Danderyd,2022,5,96.36845208339888,-11.852362520202988,-2.5059174204966275,0.011375970827982028
0162,Danderyd,2023,5,81.91869077700899,1.1807262315353881,0.2497425028044708,0.00011569094910806495
0162,Danderyd,2024,5,86.55038775834558,8.098802681130138,1.7115744170044198,0.005176413576250658
0163,Sollentuna,2021,5,97.50157961164078,9.570902680525165,2.0086908353841126,0.004249737246062782
0163,Sollentuna,2022,5,104.5774789393258,4.332892665013304,0.9094423846183656,0.000878344123311556
0163,Sollentuna,2023,5,100.86718787449769,0.08345674068658582,0.01748853981689071,2.741732853125377e-07
0163,Sollentuna,2024,5,100.1813300841215,2.4286874362330337,0.5089454578854904,0.00023265361215493187
0180,Stockholm,2021,5,77.98114573196949,-3.3037445038975193,-0.6971561686431049,0.0007834544269191551
0180,Stockholm,2022,5,78.70323604834346,-5.402249399982651,-1.1402629261454862,0.0021288649308271366
0180,Stockholm,2023,5,72.67751403033104,-3.59365378762746,-0.7572255904247712,0.0008379250014663681
0180,Stockholm,2024,5,73.26871440947193,-0.9697190560376185,-0.2039881395378322,5.362121744594896e-05
0181,Södertälje,2021,5,78.94852178673946,1.983015922357552,0.4199777500730894,0.0003506490364245543
0181,Södertälje,2022,5,78.2390445463421,-2.5941887480096426,-0.550782953318851,0.0006816383783565809
0181,Södertälje,2023,5,70.24327858479403,-0.9780692089710072,-0.20858641291202942,0.0001181341788671265
0181,Södertälje,2024,5,71.35536820387222,-2.6843806515211526,-0.5706815762758549,0.0007765696948838319
0182,Nacka,2021,5,94.59379319475124,2.3812793332898536,0.4998884322120834,0.0002692238000857188
0182,Nacka,2022,5,95.06225571261977,-7.242808477356817,-1.5220795770402082,0.0027510810735017766
0182,Nacka,2023,5,84.61510997279956,-3.7712387951220165,-0.7910106688571462,0.0006205203770582087
0182,Nacka,2024,5,82.53915091655722,0.47604817007044176,0.09979885147406505,9.354552996652455e-06
0183,Sundbyberg,2021,5,143.90017449397382,11.782746871122129,2.527977717631094,0.021426062280560505
0183,Sundbyberg,2022,5,153.3416806669268,-7.715640348820642,-1.66136739321133,0.010320484645787548
0183,Sundbyberg,2023,5,140.1221994718033,14.477886377388302,3.1030147997701234,0.031223442027847888
0183,Sundbyberg,2024,5,147.67685229589932,-12.00140715249384,-2.580149938546964,0.02377185247918044
0184,Solna,2021,5,148.25252548062332,12.31858407310824,2.6478425313733243,0.024894778002415106
0184,Solna,2022,5,157.19893900469344,-5.145106354020527,-1.1147373551860371,0.005477044363414478
0184,Solna,2023,5,144.09797799936976,-7.53533899016881,-1.6297926123751931,0.011210152772894751
0184,Solna,2024,5,137.99720716946013,-0.5670004996073601,-0.12224462691683109,5.792275064046716e-05
0186,Lidingö,2021,5,87.41415664403728,-2.824646241645354,-0.5942326525662857,0.00045782074670945295
0186,Lidingö,2022,5,85.1867382732035,-3.75297547174992,-0.7882252992179125,0.0007003553159862536
0186,Lidingö,2023,5,77.79728600342939,-6.528351312592534,-1.369925680678796,0.0019472215972370227
0186,Lidingö,2024,5,74.23516710644171,5.348105936533258,1.1225834459838913,0.0013446278643812297
0187,Vaxholm,2021,5,68.99051211854075,9.785746634376892,2.068559178918493,0.007661922296572148
0187,Vaxholm,2022,5,78.98882912735587,-17.471054524448064,-3.6798193265682126,0.019205507446078216
0187,Vaxholm,2023,5,63.616365810869894,-5.649030615811924,-1.19774109034821,0.0030200965107223077
0187,Vaxholm,2024,5,64.49238683114854,0.13288808003400732,0.028076797045718686,1.3716286498627407e-06
0188,Norrtälje,2021,5,60.25573631103537,4.489021417262087,0.946082567516604,0.0013267521920136561
0188,Norrtälje,2022,5,61.94816297266284,-0.09139257609034956,-0.01926798593772149,5.633408273912517e-07
0188,Norrtälje,2023,5,55.7095611368112,-5.12418786632314,-1.0786667989849434,0.0015827491146946612
0188,Norrtälje,2024,5,51.41823886556968,6.612849217331878,1.3914983440726796,0.002556923249031237
0191,Sigtuna,2021,5,103.19505148117962,4.596407154668654,0.9628668884434856,0.0007997331366145731
0191,Sigtuna,2022,5,103.64210491336291,11.227969880376008,2.357177492732577,0.006023200995112199
0191,Sigtuna,2023,5,103.77422288927828,-6.304253919756675,-1.3278439546222114,0.0025032215110169526
0191,Sigtuna,2024,5,96.95084273529974,-4.0708230260117375,-0.8546368371596719,0.0007932156044964288
0192,Nynäshamn,2021,5,74.3365098225107,12.017109434990559,2.512217661361773,0.00413037605988862
0192,Nynäshamn,2022,5,81.2397677328749,-1.0879852877129679,-0.22790734832591814,4.465376084359284e-05
0192,Nynäshamn,2023,5,70.93209518722307,2.407616468611451,0.5034392903709585,0.00017193523055431028
0192,Nynäshamn,2024,5,70.98838839720744,5.109587337774073,1.0683716935412242,0.0007681163918387517
0305,Håbo,2021,5,66.48518985883086,10.940517266124374,2.2892468736691822,0.003916152843549167
0305,Håbo,2022,5,74.66259459204996,-0.7333171925331499,-0.15380955008829708,2.3423433805256412e-05
0305,Håbo,2023,5,66.19796623141154,1.530770601530051,0.3209982468661534,9.96288368492603e-05
0305,Håbo,2024,5,66.87755452221076,-2.454100902744429,-0.513522372275923,0.0001978082047147298
0319,Älvkarleby,2021,5,67.29952085859821,-0.09270669011374366,-0.019420859712440283,3.261984685723456e-07
0319,Älvkarleby,2022,5,62.44684677133476,1.2414649169769234,0.2590261788155112,3.0662833588063924e-05
0319,Älvkarleby,2023,5,57.49642785139593,-4.216026681316528,-0.8785642033350952,0.00025619171371995864
0319,Älvkarleby,2024,5,54.322055836366914,4.618480177033419,0.9626435846451005,0.00032825923924108106
0330,Knivsta,2021,5,83.22015436602953,11.996315509840883,2.525191951899144,0.008650381983795507
0330,Knivsta,2022,5,91.05560151380325,-7.014475005086226,-1.4810662045696714,0.0036693025515626095
0330,Knivsta,2023,5,80.56362061841911,8.26519081346271,1.7330879197405373,0.0028866542683045593
0330,Knivsta,2024,5,85.42802096435484,2.997402524533001,0.6293643274076229,0.0004355368851521993
0331,Heby,2021,5,67.37322990373953,5.828196370468675,1.2186265950169228,0.0009993394017400166
0331,Heby,2022,5,68.19179307548288,4.549348315544094,0.952013370169698,0.0006855470486649615
0331,Heby,2023,5,63.891197121473006,-6.859892652394009,-1.434196231413503,0.0013624657239780533
0331,Heby,2024,5,57.643675851729306,5.444508184520259,1.1375756316379382,0.0007758172405841415
0360,Tierp,2021,5,65.0156436095559,-2.460372490170279,-0.5138367365305202,0.0001461530410405749
0360,Tierp,2022,5,58.38309001929586,0.7592065330726356,0.15865236986012438,1.5471403395414557e-05
0360,Tierp,2023,5,55.25522917882996,-3.9647087239627865,-0.828939329168729,0.0004583881271194385
0360,Tierp,2024,5,53.55050423349592,0.23076945869513565,0.0482037348024806,1.3284699691716477e-06
0380,Uppsala,2021,5,70.68158179347803,-2.1619097451270477,-0.4586665449315289,0.0004565456449399111
0380,Uppsala,2022,5,71.25994531943475,0.8388405069466813,0.17747309551862156,5.924909855154615e-05
0380,Uppsala,2023,5,68.79271940765065,0.033224528859093994,0.007024903349320053,8.96315167937859e-08
0380,Uppsala,2024,5,71.08208669731718,-2.5905377649902306,-0.5490481051145617,0.0006224354669392435
0381,Enköping,2021,5,67.13762501265089,3.7630046068399423,0.7862042111091941,0.00036754349515537706
0381,Enköping,2022,5,65.38311485502477,-4.8163200046653,-1.0075441217867511,0.0007334325116269969
0381,Enköping,2023,5,57.556204355194716,1.459781729456985,0.30552962999890637,7.217011956493117e-05
0381,Enköping,2024,5,58.289213224594604,-1.4885711303796256,-0.31081811995937303,5.150867258756939e-05
0382,Östhammar,2021,5,49.25777953073129,-1.100025998268407,-0.23079356319092514,5.4356766940058146e-05
0382,Östhammar,2022,5,48.197840157576366,-1.2501136985717096,-0.2620372787716954,6.35072067850486e-05
0382,Östhammar,2023,5,43.84174047009496,-1.8969452328588048,-0.3973021471000023,0.00013314358541609473
0382,Östhammar,2024,5,44.030143723992616,-0.7561352318072352,-0.15844676042393172,2.2456808399140753e-05
0428,Vingåker,2021,5,68.46640716147222,-4.138921781355265,-0.8714012239500616,0.0010452736484924713
0428,Vingåker,2022,5,62.3850484795106,-3.371575592304275,-0.7068426844168322,0.0004710485503283384
0428,Vingåker,2023,5,55.07400160614046,4.77243019151085,0.9998108870664653,0.0008694257731518686
0428,Vingåker,2024,5,58.57337664051165,-7.144805211940216,-1.4960846660402418,0.0018353771186156494
0461,Gnesta,2021,5,67.09163553014709,0.5710067003749373,0.11912645992262327,6.346408213485788e-06
0461,Gnesta,2022,5,65.40698172425503,0.21478885790135394,0.04482495637263724,9.644520684961705e-07
0461,Gnesta,2023,5,59.95766945942651,-4.575725014982069,-0.9553504280430765,0.000479412861477568
0461,Gnesta,2024,5,57.48462423494173,-3.024858132655112,-0.6313706383812947,0.00019794486935340212
0480,Nyköping,2021,5,54.673584171558495,0.10406058058003964,0.02179031575773903,3.906278566189634e-07
0480,Nyköping,2022,5,53.251864649554534,0.4700636177969386,0.09846580464297408,8.320344373475006e-06
0480,Nyköping,2023,5,49.240536608899234,1.6872984426471547,0.3531100798474137,9.502270469358688e-05
0480,Nyköping,2024,5,51.115769394117805,-0.399328971795029,-0.08366418865169507,6.138046775539844e-06
0481,Oxelösund,2021,5,62.76677662305491,3.998802011959924,0.8454807329542973,0.0012970221467447794
0481,Oxelösund,2022,5,63.17354698797427,2.5222994459161825,0.5334540801538663,0.0005249358783582518
0481,Oxelösund,2023,5,61.67062772633205,2.2646109982673224,0.47796018441738525,0.00037229029430257005
0481,Oxelösund,2024,5,63.00436809657989,-4.48886647576699,-0.9486507320029582,0.0015890548125186785
0482,Flen,2021,5,73.16469581927501,4.918167627648259,1.03325967781436,0.0012365419881952327
0482,Flen,2022,5,73.6128238815486,-3.242914801962101,-0.6813874920863328,0.0005434865578549781
0482,Flen,2023,5,64.14677823493103,-4.59865467097903,-0.9662733935945723,0.0010952840220993646
0482,Flen,2024,5,60.83886755995134,0.7416558094016068,0.15582322036585347,2.8257631886136003e-05
0483,Katrineholm,2021,5,53.051145535573184,-2.308998486902148,-0.4810927806838834,7.333575360598374e-05
0483,Katrineholm,2022,5,50.75382627118191,-0.06604451184772842,-0.01376533856855784,6.640616077336836e-08
0483,Katrineholm,2023,5,48.162883902141225,-0.09156354320870008,-0.01908975352989874,1.3849552274317068e-07
0483,Katrineholm,2024,5,49.65442706183043,1.8183140519483345,0.3788900397070239,4.6787545540376705e-05
0484,Eskilstuna,2021,5,43.93566876178798,1.0300817981926897,0.21623986781343185,5.0392162530337355e-05
0484,Eskilstuna,2022,5,44.685466683230565,-0.27211580571245264,-0.057077646510403555,3.241595859145339e-06
0484,Eskilstuna,2023,5,41.65582237304842,0.43112443902587216,0.09032905523963691,7.1856071470301544e-06
0484,Eskilstuna,2024,5,43.87179431593022,-1.9233413808444482,-0.40221450367902756,0.00011131425809030545
0486,Strängnäs,2021,5,65.24535862915886,7.088035899939726,1.4806666616259327,0.0012682685562102147
0486,Strängnäs,2022,5,66.1289173146967,-1.8346744657115863,-0.38313367572890983,8.012958236482915e-05
0486,Strängnäs,2023,5,59.01622249889443,3.24448618882559,0.6771233838993934,0.00022154413267616422
0486,Strängnäs,2024,5,63.415988637515014,-1.4008791317535625,-0.2950543646844728,0.00012335071799236675
0488,Trosa,2021,5,78.96935338698574,-1.0596794887731704,-0.22381815823636295,8.54835585417747e-05
0488,Trosa,2022,5,72.4299206676697,-8.40553042376726,-1.7585419166826983,0.0022623533796075294
0488,Trosa,2023,5,58.47985664881689,2.655514530222412,0.5538822543246317,0.00013019580630945938
0488,Trosa,2024,5,61.0348534755136,-0.27247657459579955,-0.05689463022426231,1.7299245936907629e-06
0509,Ödeshög,2021,5,66.52654826382019,-3.8028714885329435,-0.7938793799863444,0.0003222651230132214
0509,Ödeshög,2022,5,61.24154318514061,0.2593031567815274,0.05415250692657251,1.6140509100856398e-06
0509,Ödeshög,2023,5,57.63028361985431,-3.0744965389677787,-0.6425261816175565,0.000256662784539309
0509,Ödeshög,2024,5,55.953990328881055,-3.8249087936509625,-0.797890254049033,0.00027805863848915827
0512,Ydre,2021,5,58.289142313386876,-10.115935276851019,-2.1381359760043037,0.008137275934206175
0512,Ydre,2022,5,51.41720818925517,3.429384262550421,0.7210182441381136,0.0006418248830953491
0512,Ydre,2023,5,50.63710780460855,-3.6203357397199056,-0.7590241072185021,0.000545442627645956
0512,Ydre,2024,5,50.476956838023014,6.886529096891493,1.4436758434947636,0.0019549321191007223
0513,Kinda,2021,5,53.34962221052071,1.188594349988847,0.2485317093852549,4.1733932588520644e-05
0513,Kinda,2022,5,51.656808065554074,-2.19316086650759,-0.4583386765075351,0.00013056405007122427
0513,Kinda,2023,5,43.959204096580564,-2.5260575793667925,-0.5279296589046051,0.00017431327161539567
0513,Kinda,2024,5,42.814086188222184,4.589750308714642,0.9580492435098527,0.00045991711452783004
0560,Boxholm,2021,5,61.81336827339882,3.135833468255754,0.655912233619171,0.00030520358937306705
0560,Boxholm,2022,5,60.09109742973618,0.294497331995359,0.0617033739130414,3.3553722504047293e-06
0560,Boxholm,2023,5,53.435754595956816,-2.5576086607766584,-0.5357773894100443,0.00024778746381167935
0560,Boxholm,2024,5,50.09410091922933,3.376988440930184,0.7076590099474264,0.0004491912684065762
0561,Åtvidaberg,2021,5,50.22303922331715,-0.23176370421053605,-0.048388965867303006,1.2289024561461458e-06
0561,Åtvidaberg,2022,5,49.7086929918833,0.7867007157475072,0.1640880124868844,1.1417441587533471e-05
0561,Åtvidaberg,2023,5,44.721867924865236,-2.226230926610434,-0.4647143111526104,0.00010906915517743235
0561,Åtvidaberg,2024,5,44.52571835668532,4.746105136817782,0.9903219693124369,0.0004550093342199451
0562,Finspång,2021,5,50.15503162594041,3.1594185545155256,0.6605387446769675,0.000288992065497783
0562,Finspång,2022,5,49.90307998040358,5.020903035621622,1.0504228459492728,0.000805844037483524
0562,Finspång,2023,5,47.81024214889847,0.8668114142987307,0.1816311335586384,2.9368645737850673e-05
0562,Finspång,2024,5,48.83465286169735,2.9157980470572156,0.6111701394146225,0.00034470069998714917
0563,Valdemarsvik,2021,5,64.84682212103046,-4.664054497009566,-0.9780274339908118,0.0009237213975989049
0563,Valdemarsvik,2022,5,57.33140870205702,3.6122348103938364,0.7564756177875565,0.00047637193874936395
0563,Valdemarsvik,2023,5,54.6497949563238,3.1674706583161694,0.6628854750986962,0.0003356663711362616
0563,Valdemarsvik,2024,5,55.498868312137674,12.275218066599862,2.5674101218338494,0.004635044653673677
0580,Linköping,2021,5,62.64356460286758,-3.2151934005863794,-0.6773646740887026,0.0006624991526702173
0580,Linköping,2022,5,61.759719810840934,-0.7000400786707601,-0.1473467224579865,2.9304257079780077e-05
0580,Linköping,2023,5,58.41194196328529,0.11115186959803935,0.02339578531077956,7.392214179676594e-07
0580,Linköping,2024,5,60.19722663848913,-1.3820988377333308,-0.2908278462273926,0.0001117487749952027
0581,Norrköping,2021,5,46.38847258124608,-1.1157981706907592,-0.2333221332634146,3.7063583373106076e-05
0581,Norrköping,2022,5,45.518835245097215,0.16749331058084493,0.035015790653306386,8.050599438126427e-07
0581,Norrköping,2023,5,42.35739743850663,0.1603240194406439,0.033511543231595504,7.188743002858609e-07
0581,Norrköping,2024,5,45.24062672295605,-3.062395242751883,-0.6402700304747657,0.0002725616509129793
0582,Söderköping,2021,5,59.95377265061688,-0.32043250204466744,-0.06693222935989777,2.5575183305058666e-06
0582,Söderköping,2022,5,57.2015060565768,6.099019762487515,1.2722512513592792,0.0007034914186580885
0582,Söderköping,2023,5,53.85909163340096,2.3055683518011705,0.4815722043016305,0.00013156744768226186
0582,Söderköping,2024,5,53.760808188377034,0.9420114748862005,0.1966372643054789,1.9472366506829215e-05
0583,Motala,2021,5,39.090667276299726,0.5667948293008607,0.11832892287871957,7.231731825077906e-06
0583,Motala,2022,5,39.3355866872009,1.2562537811488994,0.26260053328677313,4.450236390776782e-05
0583,Motala,2023,5,37.26970264675622,0.9209303572686593,0.19228133454370838,1.9485392806549187e-05
0583,Motala,2024,5,39.463738232850254,-3.7896777800287396,-0.7913969388308911,0.00034199814565601317
0584,Vadstena,2021,5,66.65756514190974,9.059756855964864,1.8999643761787088,0.0035211800307857677
0584,Vadstena,2022,5,70.02133492881553,-4.923086031609273,-1.0322547136099762,0.0010194981799531901
0584,Vadstena,2023,5,59.229776231128106,-2.329049838876287,-0.4885294993591604,0.00023745419720561851
0584,Vadstena,2024,5,58.632307017004614,7.45581047298203,1.560275284386249,0.0018485426973026133
0586,Mjölby,2021,5,54.13271967047762,0.27316663607726355,0.05702182350023535,1.640340848225142e-06
0586,Mjölby,2022,5,52.677988324719486,0.9906569634684956,0.20712795398686076,2.865935356914977e-05
0586,Mjölby,2023,5,49.585451988056136,-1.7481059634200804,-0.3649609553679272,6.921644674945219e-05
0586,Mjölby,2024,5,48.84885852343767,0.288621873844086,0.06028538069584982,2.0612694939110816e-06
0604,Aneby,2021,5,58.55419597281211,5.868322889637113,1.2248369263166303,0.0007396901928366715
0604,Aneby,2022,5,61.890253120134744,-7.083688055656431,-1.478919620927934,0.0011398984798456212
0604,Aneby,2023,5,54.501870324627696,-4.735378789309543,-0.9917685462043385,0.0008272367031754488
0604,Aneby,2024,5,51.85403793519243,-6.392805038326166,-1.3389942053172277,0.0015211582516207508
0617,Gnosjö,2021,5,50.80330664160977,-3.990349483825028,-0.8399864640164505,0.0009596503230199694
0617,Gnosjö,2022,5,49.228611962777535,-3.8800211596412737,-0.8186166733531084,0.001067943547510012
0617,Gnosjö,2023,5,46.186793567455965,0.21164900230392902,0.04475156303667281,3.642444310231054e-06
0617,Gnosjö,2024,5,52.28697311745398,-9.246780367481364,-1.9577549121988134,0.007498313938326215
0642,Mullsjö,2021,5,65.32386418019313,-4.0856407616197785,-0.8555385280986754,0.0006025271373872062
0642,Mullsjö,2022,5,57.84211712737769,8.939614152494855,1.870656925178715,0.002631791279115412
0642,Mullsjö,2023,5,58.53136342698732,-0.9888004073225432,-0.2070437541840328,3.5027755829090784e-05
0642,Mullsjö,2024,5,56.908317071256164,-3.708422417582213,-0.7755105044500507,0.0004134171534763202
0643,Habo,2021,5,54.90769060410919,2.3912945637284366,0.5029508101444813,0.0003219945143552013
0643,Habo,2022,5,56.32442068802877,8.041819409472744,1.687973710546317,0.003035286881557713
0643,Habo,2023,5,57.365380527308126,-11.48967431261886,-2.4147305372066947,0.006966203725797022
0643,Habo,2024,5,47.11100732758725,1.566162708084569,0.3290287186026464,0.00012515310124189835
0662,Gislaved,2021,5,42.838751811391674,-0.7829932513700228,-0.16426917198795768,2.7393236611911366e-05
0662,Gislaved,2022,5,43.10903785952384,0.17307604434645185,0.036327896900280474,1.40337864070558e-06
0662,Gislaved,2023,5,40.37263039620188,-0.4263975430964777,-0.089346002059894,7.096658722879581e-06
0662,Gislaved,2024,5,43.51291785633654,-2.4913530236022297,-0.5219191508274594,0.00023626258176631757
0665,Vaggeryd,2021,5,58.698557913649104,-0.10639732772749966,-0.022280322705165802,4.0995969752145255e-07
0665,Vaggeryd,2022,5,55.192967289377776,-2.816503037324459,-0.5888693658336845,0.0002311065781586815
0665,Vaggeryd,2023,5,47.928503189406065,-3.9746850812432157,-0.8302173231690372,0.0003919371093895757
0665,Vaggeryd,2024,5,45.94963932585445,1.3353522424423474,0.27859358372955684,3.485848048982877e-05
0680,Jönköping,2021,5,54.150389170410904,-1.4825199137647402,-0.3098289025872165,5.9781817310653905e-05
0680,Jönköping,2022,5,53.93241913090425,-0.3745267152861871,-0.07827794076222136,3.866244525099411e-06
0680,Jönköping,2023,5,50.631593435440585,-0.48141657567635576,-0.10063474165430743,6.556124758004597e-06
0680,Jönköping,2024,5,51.55499731144203,1.3524755643351227,0.2826989476364088,5.1137913625442724e-05
0682,Nässjö,2021,5,54.74148056977723,3.4046398757579794,0.709683993997886,0.00018160802530652512
0682,Nässjö,2022,5,54.494095412751435,3.451058606782752,0.7197577983456694,0.00021567726163171857
0682,Nässjö,2023,5,51.80829229325301,-0.3042478038697922,-0.06340089903275244,1.3321232446258756e-06
0682,Nässjö,2024,5,52.524365040039996,-0.8258814866794353,-0.17215939685133325,1.0819057100050748e-05
0683,Värnamo,2021,5,43.153596190467795,-1.4352383819798717,-0.29950546739907785,4.2486062358669734e-05
0683,Värnamo,2022,5,42.29512964342984,-2.430031061624234,-0.5070258142445176,0.00011802565447628939
0683,Värnamo,2023,5,37.61942880931516,4.142369982627272,0.8648298165179689,0.000389209640397348
0683,Värnamo,2024,5,44.59705075262301,-5.572095625531354,-1.162713281693927,0.0006319267105921177
0684,Sävsjö,2021,5,54.22988644635993,-1.364569169051876,-0.28539117268318615,5.687194441821648e-05
0684,Sävsjö,2022,5,51.63012227749034,0.9567437491853923,0.19983923040927862,2.2672059124497882e-05
0684,Sävsjö,2023,5,47.15582194649342,-2.075259725033014,-0.4334031371829771,0.00010377272025063727
0684,Sävsjö,2024,5,46.83158213953055,1.0798595278568044,0.2257245462119604,3.280174510571663e-05
0685,Vetlanda,2021,5,41.74837619179151,0.3572680643903823,0.07457429594523637,2.781723949048324e-06
0685,Vetlanda,2022,5,41.343480084128416,2.5259955780693915,0.5279114963016311,0.0001740230811929829
0685,Vetlanda,2023,5,39.076887881324524,-0.41953098264098543,-0.08762107252459984,4.286033815727556e-06
0685,Vetlanda,2024,5,39.999835415500115,1.339891408097678,0.27949441167573236,3.3782440042047976e-05
0686,Eksjö,2021,5,62.3897900348155,-5.083521110289311,-1.0598197181635463,0.00042417182635305254
0686,Eksjö,2022,5,56.259723259880715,0.6335458632013768,0.13200720880585634,5.579589402716138e-06
0686,Eksjö,2023,5,51.49996864836432,-1.3591235779417872,-0.28340740294877675,3.191389863832462e-05
0686,Eksjö,2024,5,51.934595505943506,4.326645501250738,0.9018525763004642,0.0002914664399059159
0687,Tranås,2021,5,49.9648422368214,1.2166773138832738,0.25416310431998884,3.7455738877571526e-05
0687,Tranås,2022,5,51.75013521741747,-2.9307350897850526,-0.6120877259657035,0.0002085066791895441
0687,Tranås,2023,5,45.619523232925616,1.887808145373505,0.39384289038295833,6.93000948509628e-05
0687,Tranås,2024,5,48.244790016024844,-2.8782021854507747,-0.6016064631227164,0.00023128858938786716
0760,Uppvidinge,2021,5,55.885782475528345,2.321435219465833,0.48734748782098414,0.00025696984223765127
0760,Uppvidinge,2022,5,56.54019012862942,6.530525522251871,1.371729355675134,0.0021412977721155316
0760,Uppvidinge,2023,5,56.46257428444541,-1.404817618138594,-0.29491510146344413,9.39977030455345e-05
0760,Uppvidinge,2024,5,55.75331056858513,-6.862459669125904,-1.438869772363257,0.0019770959619325582
0761,Lessebo,2021,5,71.82092032080098,-2.891599117162073,-0.6115977512970225,0.000692438927692473
0761,Lessebo,2022,5,66.57033860335157,6.735495221044417,1.4198703068182414,0.0030369937871426484
0761,Lessebo,2023,5,69.05452777268172,-3.2429717909027715,-0.6821149997785044,0.0005946766996331571
0761,Lessebo,2024,5,65.54487829265109,0.20491058417361785,0.04292015921202086,1.567112744144651e-06
0763,Tingsryd,2021,5,58.14909321445243,2.57012100748117,0.5368212748742357,0.0001630003350285526
0763,Tingsryd,2022,5,59.10558601138061,1.6409375309467862,0.34271407121201847,6.54427494793011e-05
0763,Tingsryd,2023,5,53.253321765231675,0.3048847341512939,0.06363152865097496,1.9703799127889847e-06
0763,Tingsryd,2024,5,54.012326401012395,1.561800291282438,0.32595724667356146,5.1666341950087125e-05
0764,Alvesta,2021,5,54.80755767047627,1.4846491614850805,0.3099093329530673,4.839433313005758e-05
0764,Alvesta,2022,5,53.71416558917198,-1.4359407779955902,-0.29972173358905396,4.465673016010607e-05
0764,Alvesta,2023,5,47.23892673613179,7.102390629137673,1.4826325301822219,0.0011169044431154585
0764,Alvesta,2024,5,54.777313591882155,-5.6093862091287505,-1.1708780683367657,0.0006861742228960266
0765,Älmhult,2021,5,63.53931673070752,-2.0239796489283037,-0.4234845976323413,0.00013303751607876045
0765,Älmhult,2022,5,59.94682769256026,4.059362888912219,0.8489438776777655,0.0004992221925579818
0765,Älmhult,2023,5,57.536523462629646,-7.458450743468369,-1.5596648141723073,0.001663158731739825
0765,Älmhult,2024,5,52.87015034677719,-4.776341928944525,-1.0010647262358796,0.0009158732927442137
0767,Markaryd,2021,5,65.26992278430964,13.702945432744627,2.869483211443114,0.0067980272479232
0767,Markaryd,2022,5,75.47005582725805,-8.67879082627438,-1.82124877404252,0.0034545079622622667
0767,Markaryd,2023,5,62.555205613379584,0.9620631440638476,0.20191369122832484,4.2959634749045066e-05
0767,Markaryd,2024,5,61.23233104545594,-9.712910638935519,-2.040350387058991,0.0047718803720333955
0780,Växjö,2021,5,59.90092148963597,-0.4290739975790885,-0.08976489632709866,5.869819052350379e-06
0780,Växjö,2022,5,59.059206213896786,3.4504451033149834,0.721597695196375,0.00036055113070961183
0780,Växjö,2023,5,57.95196548310709,-1.000318527975601,-0.20929797214607612,3.244709617175623e-05
0780,Växjö,2024,5,59.491848263358946,0.7009639887613801,0.1470174211341214,2.1307297717940512e-05
0781,Ljungby,2021,5,42.63871286305696,-2.3686041865191356,-0.4947252456037441,0.00013817828685353637
0781,Ljungby,2022,5,40.88588474804785,1.8062474009533105,0.3768784897512343,6.54044467707754e-05
0781,Ljungby,2023,5,39.79917875036075,-0.6880990443121391,-0.14390044061365467,1.4295642557802191e-05
0781,Ljungby,2024,5,41.16705634550241,-3.7554580428150004,-0.7838005606992451,0.0002998162037872271
0821,Högsby,2021,5,79.53246242767625,-11.330513800572618,-2.4016356317382987,0.011960577684368864
0821,Högsby,2022,5,66.39500952778766,12.222468982240983,2.560044361952763,0.0055624861243513506
0821,Högsby,2023,5,73.59478148778629,-15.301291234016524,-3.2184835144057313,0.01326087448403187
0821,Högsby,2024,5,63.04665170567624,-0.0885611211996391,-0.018652508631449932,4.923645255492631e-07
0834,Torsås,2021,5,62.98484222661431,-5.765666070280837,-1.202613156182964,0.0006163664078364687
0834,Torsås,2022,5,56.19478754005126,0.7492624457482293,0.1563074477885056,1.080520702451185e-05
0834,Torsås,2023,5,52.84546483347211,-1.1459504090219497,-0.2394068019032682,3.368089948965009e-05
0834,Torsås,2024,5,52.82677863997831,1.4401171217628175,0.30102242147558467,5.8114309746477504e-05
0840,Mörbylånga,2021,5,66.82984130502834,-0.5532861593725755,-0.11599471386559615,1.2680521960194688e-05
0840,Mörbylånga,2022,5,61.71210555820672,5.35076588377013,1.1209824654426641,0.0010942873022281507
0840,Mörbylånga,2023,5,58.058236784820686,4.317878180491505,0.9053024339795224,0.0007791232809078952
0840,Mörbylånga,2024,5,59.70464241616842,-3.5532617455569806,-0.745184226078841,0.0005426398612049415
0860,Hultsfred,2021,5,58.938167259027814,-0.030939029090419012,-0.0064648631291245855,2.5358539969271883e-08
0860,Hultsfred,2022,5,55.56874312764648,4.940358123775596,1.031065121325406,0.0005151139230519443
0860,Hultsfred,2023,5,50.55186789769333,-3.804046821557044,-0.7963501434450988,0.0005040598649854842
0860,Hultsfred,2024,5,48.0314417254408,-2.320917334304987,-0.48437881671948313,0.00011356484098934282
0861,Mönsterås,2021,5,56.53081926184691,-3.0536733876577387,-0.6373918784984695,0.00020217020902268848
0861,Mönsterås,2022,5,53.44195380229158,-2.0710589544458387,-0.43244917836713626,9.996559255475949e-05
0861,Mönsterås,2023,5,46.91995757306436,-1.4654121185189055,-0.30549855843063994,3.485565494053897e-05
0861,Mönsterås,2024,5,47.257250490220244,2.0196643464160715,0.4216075876200944,9.032654156519124e-05
0862,Emmaboda,2021,5,53.939176469754585,2.0153738571829223,0.42143357478186066,0.00012105217771694582
0862,Emmaboda,2022,5,53.325354846150525,2.7354133147567197,0.5718736190247488,0.00021554527246794844
0862,Emmaboda,2023,5,48.58944110605322,-7.842974674957816,-1.6370500883039443,0.0013318710872820183
0862,Emmaboda,2024,5,47.712306212432715,0.47778927946157523,0.10027021173751183,1.05313003635888e-05
0880,Kalmar,2021,5,65.77470807482804,-1.7325366975288006,-0.36160059836895747,6.393488383756064e-05
0880,Kalmar,2022,5,63.11361696612672,-0.74032140112908,-0.15450998404245495,1.1615244721977346e-05
0880,Kalmar,2023,5,58.827452386582465,-0.2414820391604664,-0.05041142339398633,1.3001986349580423e-06
0880,Kalmar,2024,5,59.64580836523223,-0.3643382948096914,-0.0760272887899721,2.7160979807834835e-06
0881,Nybro,2021,5,55.712396472539574,-1.8275611343419769,-0.38179976466900756,8.542583564028398e-05
0881,Nybro,2022,5,52.248165835501446,2.8175879939818813,0.5889449325221493,0.00022214140907998202
0881,Nybro,2023,5,49.75976640103968,-0.6160582848818237,-0.12860392618979713,8.41673777664249e-06
0881,Nybro,2024,5,49.11870644820511,-0.5497124128184154,-0.11491928698433772,8.643331089300685e-06
0882,Oskarshamn,2021,5,45.86572410947457,-0.6783618758228442,-0.1416647283625789,1.0997086849730464e-05
0882,Oskarshamn,2022,5,43.85572750592177,-5.192119395813734,-1.0844398224067127,0.0006609746940061856
0882,Oskarshamn,2023,5,36.71161241092874,1.3669966982175623,0.2854815415309482,4.48539126069725e-05
0882,Oskarshamn,2024,5,40.32733744546757,2.9813577222329073,0.6228773156527022,0.00022959571408523016
0883,Västervik,2021,5,40.19777054303939,-3.7322087284694945,-0.7822637484628169,0.0005622107502501405
0883,Västervik,2022,5,36.85033648471859,0.5302910732623118,0.11105860761270113,1.0322113292104932e-05
0883,Västervik,2023,5,34.07901533076091,1.629388907038944,0.3411334815112924,9.362254651575644e-05
0883,Västervik,2024,5,36.95968917715226,1.342503047173473,0.28106257584720495,6.333426024549222e-05
0884,Vimmerby,2021,5,45.63657963400527,-4.424614041503027,-0.922892240647301,0.0003628145338052599
0884,Vimmerby,2022,5,43.076441707697214,1.0194636725174817,0.21286447039936915,2.410270041436279e-05
0884,Vimmerby,2023,5,40.414515447043435,0.20381454454831527,0.0424853774759288,6.552415742106886e-07
0884,Vimmerby,2024,5,42.34312487425316,-1.0014712081065085,-0.2087884518953288,1.646880398065758e-05
0885,Borgholm,2021,5,64.30122161562836,-2.0708407069546624,-0.4361107122920562,0.00026717209278091824
0885,Borgholm,2022,5,60.92314645736503,0.6960853746327587,0.1462461168481037,2.4850868570721596e-05
0885,Borgholm,2023,5,55.93762241514293,1.8405688762601216,0.3863412309561558,0.00015927247904589355
0885,Borgholm,2024,5,56.27408394552199,-0.39559153974662564,-0.08305763884792175,7.545703920854948e-06
0980,Gotland,2021,5,48.765210571917954,4.004416155512743,0.8423090553335204,0.000909782424389346
0980,Gotland,2022,5,49.285277284646085,-0.5219339795932001,-0.10997398150607696,1.763193686182005e-05
0980,Gotland,2023,5,44.78579757863722,-1.199961336850528,-0.25276513071709933,9.125997930391483e-05
0980,Gotland,2024,5,44.90227386499603,-1.4717905204551869,-0.30989387165001286,0.00013301535407341512
1060,Olofström,2021,5,47.41298710558762,1.9725214520539396,0.4147269074444316,0.00021276918452636662
1060,Olofström,2022,5,48.56225927501732,1.137565939664647,0.23883251258693652,6.218083952657886e-05
1060,Olofström,2023,5,44.97878725249366,4.404874029184619,0.9244710044193996,0.0009000860407573994
1060,Olofström,2024,5,49.249319594248796,0.5968342519050509,0.12541397508439836,1.853609297148327e-05
1080,Karlskrona,2021,5,46.275466691598886,-0.7636839968696165,-0.1599223314745358,2.1149028338239795e-05
1080,Karlskrona,2022,5,44.76044862693119,0.45415201492117774,0.0952152905567547,8.58053944108214e-06
1080,Karlskrona,2023,5,41.62055815036142,2.447493641267606,0.5122539217500258,0.0002027679171924042
1080,Karlskrona,2024,5,45.70937994224469,-2.7386856842395275,-0.5731264189525865,0.00024956142329522307
1081,Ronneby,2021,5,43.78505039309926,0.22179892196923134,0.046655727610635335,2.798109723614718e-06
1081,Ronneby,2022,5,43.243288750367874,2.798742172872551,0.5880942500469454,0.0004069223113632858
1081,Ronneby,2023,5,39.89629839369443,4.967765559994277,1.0402672157805881,0.0008919353009276287
1081,Ronneby,2024,5,42.62482674709616,-2.9254425920563207,-0.6125017936984133,0.00030324034947658437
1082,Karlshamn,2021,5,43.357728980666884,-4.103710486283468,-0.8583784587971772,0.0005243138668141566
1082,Karlshamn,2022,5,41.28604357837832,1.3946119964913137,0.29156773136398934,5.620717320066645e-05
1082,Karlshamn,2023,5,39.21137077428307,-2.831823330852643,-0.5920701562655658,0.00023348483701384032
1082,Karlshamn,2024,5,39.84968392371392,-1.1107465674101817,-0.2318941939569531,2.789751440356482e-05
1083,Sölvesborg,2021,5,52.87730288257551,-0.8248513432368583,-0.17217997602211374,1.4911311528642293e-05
1083,Sölvesborg,2022,5,50.034540621920016,-1.901618388278358,-0.396576172410136,6.435198003772095e-05
1083,Sölvesborg,2023,5,44.60200001706548,2.7799742318615586,0.5801758309444695,0.0001624098844914878
1083,Sölvesborg,2024,5,47.54836965473021,-1.7078647780807543,-0.3560903868479056,4.904412273889136e-05
1214,Svalöv,2021,5,84.1872537354236,-2.727359203089435,-0.5705653737758811,0.00023629293233734446
1214,Svalöv,2022,5,78.10359562909501,3.121345612436855,0.6525767222708576,0.0002819267442326243
1214,Svalöv,2023,5,76.22188894033391,-0.45181193263314867,-0.09459109803046066,7.1836412398057404e-06
1214,Svalöv,2024,5,74.40790247121713,1.779954229601131,0.3722412937225109,9.580660799663742e-05
1230,Staffanstorp,2021,5,77.23319536217595,-1.8959497254104605,-0.39661262344746306,0.0001133173192282116
1230,Staffanstorp,2022,5,73.16865791799314,5.141895521397402,1.0740515561585215,0.0006594112321913984
1230,Staffanstorp,2023,5,68.41771827100033,3.9158114873968515,0.820322850756688,0.0005828806745652309
1230,Staffanstorp,2024,5,71.37895765027692,-3.9504699383038684,-0.8275228248816507,0.000588054649872536
1231,Burlöv,2021,5,114.18928849665049,9.69062847798628,2.0520689886890544,0.008310963795998855
1231,Burlöv,2022,5,114.5451495947172,-3.9425945197750423,-0.8328971475010054,0.0011984073054776409
1231,Burlöv,2023,5,102.90608785463617,-2.170349092289868,-0.45736751682221893,0.0003080069490010283
1231,Burlöv,2024,5,99.97312212930034,5.494267552805027,1.1565180515226232,0.0018132409525175976
1233,Vellinge,2021,5,62.98425994425933,5.690310172156352,1.1940718260083554,0.0014797309464278559
1233,Vellinge,2022,5,64.060337122553,-6.922768047171594,-1.4523773681668952,0.002142176656082741
1233,Vellinge,2023,5,52.154265923599034,-1.9396281579516739,-0.4065515652941399,0.00015223602972245
1233,Vellinge,2024,5,51.625715136857174,3.0601321235616936,0.6419610411792548,0.00041549722856483
1256,Östra Göinge,2021,5,78.69328743592254,-15.913018377626578,-3.3453043288343185,0.013692231674652047
1256,Östra Göinge,2022,5,61.88956382866745,-1.4518880380383763,-0.30483981158044526,0.0001017750915771689
1256,Östra Göinge,2023,5,57.96070681223107,4.142426255942823,0.8701107169403256,0.0008614657681266689
1256,Östra Göinge,2024,5,61.33867144886947,-4.248959043661287,-0.8899703845736886,0.0006730688333547117
1257,Örkelljunga,2021,5,77.07893726989317,-1.547934317231011,-0.3237749308047066,7.431757318265562e-05
1257,Örkelljunga,2022,5,71.88369064431039,-1.773695426711157,-0.3700184414765137,6.050689850599602e-05
1257,Örkelljunga,2023,5,64.7462130116986,-2.4439030337440357,-0.5099767031921782,0.0001223119294201681
1257,Örkelljunga,2024,5,61.882452518438306,-3.110437338911204,-0.6482787768323723,0.0001463283786897822
1260,Bjuv,2021,5,86.22468477722144,8.712823113196436,1.8264198632083706,0.003107334565623446
1260,Bjuv,2022,5,87.86181509671037,12.561544385296855,2.63338681699778,0.006508384533988668
1260,Bjuv,2023,5,89.20551981376411,5.546484194251917,1.1632288440239102,0.0013257254736014684
1260,Bjuv,2024,5,92.44276442020616,-5.799035924741659,-1.220168976952938,0.0019555216554199804
1261,Kävlinge,2021,5,58.9402421221054,-2.2011184091713574,-0.45984615607971874,0.00012418705469365837
1261,Kävlinge,2022,5,56.76526411857625,-3.115741482296606,-0.6511065643176386,0.00026097804721708553
1261,Kävlinge,2023,5,50.89489770802588,-4.795606927884037,-1.0019217317501898,0.0005944735636841566
1261,Kävlinge,2024,5,48.917259722384834,2.996402253782918,0.6259656154193218,0.00022840355663145535
1262,Lomma,2021,5,63.210938473184044,-10.325152289240542,-2.18194654189258,0.008381495201336884
1262,Lomma,2022,5,56.98706805308941,0.37307109985747644,0.07924030560335481,1.4374067808132991e-05
1262,Lomma,2023,5,54.66026030417788,-2.562968713647166,-0.5425913721638994,0.0005732698376283974
1262,Lomma,2024,5,55.97564973932256,4.23070267823762,0.8960635820944772,0.001601282893635211
1263,Svedala,2021,5,71.18591499433666,2.451153302967626,0.5125126321111653,0.00017661309135455041
1263,Svedala,2022,5,68.22857617859835,-10.044103488801028,-2.1001970344865475,0.0029809403041173308
1263,Svedala,2023,5,55.3817562487736,1.2011155023981104,0.25116758511601545,4.307546555634143e-05
1263,Svedala,2024,5,57.24384570528271,2.5500561648669873,0.5329789889139868,0.0001794867830292803
1264,Skurup,2021,5,72.76776079863139,7.748714017130837,1.6237184616880178,0.002356593809921585
1264,Skurup,2022,5,74.18387881333014,8.118434258213696,1.7000855403076758,0.002392165956995379
1264,Skurup,2023,5,72.89292857006139,-4.45096190141777,-0.9306871906856197,0.0005855854195715111
1264,Skurup,2024,5,67.56603917712431,2.7889523428476224,0.582538391809358,0.00019252339749426304
1265,Sjöbo,2021,5,66.35173985668455,1.7613031755768276,0.3681564265020362,8.683874557463767e-05
1265,Sjöbo,2022,5,66.11359974425626,-4.313835074485965,-0.9024561246761333,0.0005910448803899859
1265,Sjöbo,2023,5,57.00973585055237,3.8021178305712624,0.7949750468444118,0.0004240226579208424
1265,Sjöbo,2024,5,61.75882750666885,-1.9770619794412596,-0.4131678499928009,0.0001057078410204292
1266,Hörby,2021,5,69.97736131902316,0.26716075147541574,0.05576118146563942,1.5294682613603425e-06
1266,Hörby,2022,5,69.03442711725916,1.5216232708309292,0.3175992659690203,4.992337980256443e-05
1266,Hörby,2023,5,65.21968846671207,-1.9537276069109808,-0.407740709118642,8.026236683070181e-05
1266,Hörby,2024,5,64.91347790297348,-3.674562596457612,-0.7670123677156035,0.0002945059399979036
1267,Höör,2021,5,66.28316868801312,4.673537693961634,0.9767260940751812,0.0005953714756392008
1267,Höör,2022,5,70.56956070281313,7.7099097255848505,1.611261797133416,0.0016140349043020983
1267,Höör,2023,5,69.00572877784808,-3.225342037516583,-0.6750422019049558,0.00035120653298600745
1267,Höör,2024,5,66.71619880699868,1.0997619191116144,0.22985493176585434,3.331860112862505e-05
1270,Tomelilla,2021,5,72.34861863425621,-0.1490853787136217,-0.031099480202382825,4.2153312840152984e-07
1270,Tomelilla,2022,5,69.96257780748952,-0.7474025975271701,-0.15602604918925833,1.2445909548197626e-05
1270,Tomelilla,2023,5,62.287741621029085,-2.258459044162322,-0.4713392353238735,0.00010732119854685621
1270,Tomelilla,2024,5,62.530494187173936,8.662408518303003,1.8106135221610673,0.0020918524744502156
1272,Bromölla,2021,5,58.534060678546936,-7.308764235859186,-1.5248897662917658,0.0010547304107934572
1272,Bromölla,2022,5,51.81221227359033,8.506001927312063,1.7754894993093855,0.001575072258507961
1272,Bromölla,2023,5,54.906954302050714,-2.978645772686015,-0.6215976863521943,0.00018388353035198162
1272,Bromölla,2024,5,53.31166051172101,2.0211382051995983,0.42186674586741135,8.83706308316417e-05
1273,Osby,2021,5,63.854870863306424,-4.920512584611721,-1.026021667651806,0.00041680316077177424
1273,Osby,2022,5,56.60254419508202,-0.023000457357284176,-0.0047983485288249856,1.023397594977703e-08
1273,Osby,2023,5,51.99558634954083,2.7121810852218715,0.565273579805826,0.000111230329869508
1273,Osby,2024,5,54.82416442636647,-5.546339447606911,-1.1567141836968065,0.0005525543370047225
1275,Perstorp,2021,5,83.93659450424852,16.393874762109704,3.4520561526019633,0.01658810117556337
1275,Perstorp,2022,5,91.64377963831835,-6.3172545106644975,-1.3309631269054376,0.002567154154986596
1275,Perstorp,2023,5,79.83707856805363,7.285685326525098,1.5287516065012505,0.0024100922367399904
1275,Perstorp,2024,5,86.30252814009627,-11.388913765528201,-2.391041595201334,0.006216041296115552
1276,Klippan,2021,5,75.94348817841153,-0.7030900453631119,-0.14679092823352963,1.1245554587394132e-05
1276,Klippan,2022,5,73.314005905022,6.115045312442319,1.276374762056673,0.0008086501413185563
1276,Klippan,2023,5,72.75087873630956,-2.2210587284102132,-0.4637075681808133,0.00011201373967676881
1276,Klippan,2024,5,71.99316488723996,-3.6291590161775247,-0.7574070733218334,0.00027739061923670317
1277,Åstorp,2021,5,88.3078556319571,8.39315000944589,1.7655404181013166,0.004012173923498528
1277,Åstorp,2022,5,87.9963746108086,1.9614003111667984,0.4124962385919596,0.0002150355178759955
1277,Åstorp,2023,5,82.1079049226,7.817966993793249,1.6420992533934398,0.003059237002239218
1277,Åstorp,2024,5,85.35552721964655,1.0934970371471735,0.22936485408202853,5.2308218955903445e-05
1278,Båstad,2021,5,87.40651010522494,-5.160411358742465,-1.0853629847575008,0.001499016187270711
1278,Båstad,2022,5,76.35001443378432,10.543312158733372,2.2096146459135304,0.004430929245366325
1278,Båstad,2023,5,76.82299835508282,1.5455285428558483,0.3241226722105685,0.00010256002945690363
1278,Båstad,2024,5,75.22116970014473,-2.2772036449843682,-0.4771542382125595,0.0002022174572154198
1280,Malmö,2021,5,69.14527733182435,-2.46989232717614,-0.5222102353073725,0.0004943811773790155
1280,Malmö,2022,5,68.56623720996433,-1.648108734992519,-0.3482120192137676,0.00021086885303278787
1280,Malmö,2023,5,64.33961626132597,1.9316155789095149,0.40811349774331257,0.0002897526430946054
1280,Malmö,2024,5,67.84018079922424,-2.254529181804017,-0.47600771407046294,0.00037787896716000714
1281,Lund,2021,5,94.61175629865328,0.7437266808719158,0.1599243239549378,9.18854292841799e-05
1281,Lund,2022,5,95.13195945520073,-4.52876902648687,-0.9754956984349545,0.003593796275422164
1281,Lund,2023,5,87.32832233895343,13.03395200711067,2.811511299195138,0.031065160104653045
1281,Lund,2024,5,99.33551341653775,-3.1351942433482947,-0.6814328895638403,0.002207787879672124
1282,Landskrona,2021,5,63.526336597674444,-5.941583543122732,-1.2410805995035121,0.0008789813260788674
1282,Landskrona,2022,5,58.00407919295571,10.032683635739723,2.0977842432335922,0.0029687949577919376
1282,Landskrona,2023,5,63.43295842063189,-2.288137272416165,-0.4804118507638708,0.0002523941696918787
1282,Landskrona,2024,5,61.925497940228894,0.8321168899302691,0.17373791779288125,1.590786738147864e-05
1283,Helsingborg,2021,5,63.23936052307111,-2.0771384044772887,-0.43479532826366135,0.0001485455644018925
1283,Helsingborg,2022,5,61.64768650756705,1.2104025800302338,0.2531308208583914,4.429544739416528e-05
1283,Helsingborg,2023,5,59.7209922601832,-0.3181926355814042,-0.06654364020730295,3.0624187923982746e-06
1283,Helsingborg,2024,5,60.79435039663939,1.5630540520130651,0.32731738703051044,8.858661103284708e-05
1284,Höganäs,2021,5,63.41215135368394,5.709600068984514,1.1945450462574714,0.0010469840122397352
1284,Höganäs,2022,5,63.02915825103493,5.43328348116448,1.1385644531041499,0.0011630222859030494
1284,Höganäs,2023,5,58.35689937169742,-4.79750519583817,-1.005566325450131,0.000930890514958932
1284,Höganäs,2024,5,54.440784344395055,6.058688043927141,1.2697021558868014,0.0014569450320852603
1285,Eslöv,2021,5,68.71482683041084,1.4149682148295284,0.2952013948378831,3.906654767062607e-05
1285,Eslöv,2022,5,66.71389682061621,2.189016640090969,0.45665473826900876,9.189577340775834e-05
1285,Eslöv,2023,5,64.50323742884706,6.381018502137849,1.3308473738889508,0.0007391031504038032
1285,Eslöv,2024,5,70.91596539737645,2.1611779506563096,0.4505299936647972,7.504275349930397e-05
1286,Ystad,2021,5,62.81572199593153,6.670970019277597,1.3959264559624167,0.0014646781758653811
1286,Ystad,2022,5,66.78481824175988,-8.261768484554857,-1.7303712317882387,0.002525658129915098
1286,Ystad,2023,5,53.91808549819952,3.7109452435509738,0.7761231758808917,0.000420766911988474
1286,Ystad,2024,5,57.636267518265434,-0.2949605974406637,-0.06166094186217404,2.4784147213863057e-06
1287,Trelleborg,2021,5,60.69266917712207,-5.92422376170817,-1.238404656408316,0.0009943453155184113
1287,Trelleborg,2022,5,55.48345565088628,1.5166944059209442,0.31670800353929746,5.404460097950482e-05
1287,Trelleborg,2023,5,52.87550831671235,0.6228724571073201,0.13003382427144797,8.702421008075108e-06
1287,Trelleborg,2024,5,52.81261879518189,4.1591809044098085,0.8687694328103608,0.0004305279252126367
1290,Kristianstad,2021,5,50.10330098531025,-1.4196523662961553,-0.297209775404045,7.068277911164355e-05
1290,Kristianstad,2022,5,47.46116041589645,1.0527550536785881,0.2205639175261695,4.26410800553186e-05
1290,Kristianstad,2023,5,43.832296555680536,1.3617884720458946,0.28540101527689754,7.40437758952133e-05
1290,Kristianstad,2024,5,45.31353200097524,0.009984131418043773,0.0020943398144517822,4.389676106473151e-09
1291,Simrishamn,2021,5,68.62433431867937,-0.8919421455335765,-0.18723693804918598,3.770515337269933e-05
1291,Simrishamn,2022,5,66.26197723723689,-8.015149094214976,-1.6869499614276695,0.0038229320445522415
1291,Simrishamn,2023,5,55.01054149238427,3.158428025599065,0.664635549998685,0.0005852693114801256
1291,Simrishamn,2024,5,59.04210867903136,0.7249638461142212,0.15202069549781652,2.2311719177530188e-05
1292,Ängelholm,2021,5,58.309442264106224,2.9973668024259865,0.6255412614151217,0.00018854719295360983
1292,Ängelholm,2022,5,58.82284354115672,1.8982190774391015,0.3967970749756093,0.00010175166187234088
1292,Ängelholm,2023,5,55.00550994988638,5.753193745562285,1.2012555528148223,0.0007659073985431916
1292,Ängelholm,2024,5,58.723009182188456,-6.073929155586818,-1.2680844894849495,0.0008355596752549813
1293,Hässleholm,2021,5,50.13451157651897,0.7745098155932908,0.1615147292094159,1.0564891168058579e-05
1293,Hässleholm,2022,5,49.407469976637046,2.818083308703521,0.5876136902666557,0.00013606076193560616
1293,Hässleholm,2023,5,47.50076636085298,2.7854073341375454,0.5810528111067671,0.00014784000485878776
1293,Hässleholm,2024,5,50.516648083057746,-0.8754768047064374,-0.18266130199865196,1.5191564922739194e-05
1315,Hylte,2021,5,65.9448663513283,-5.393025311682386,-1.1346867956229492,0.0016848424187622083
1315,Hylte,2022,5,57.061590388831064,0.18229340321786225,0.03819455140747966,1.2866547628665504e-06
1315,Hylte,2023,5,52.47879463153222,1.3128356238323846,0.2752381713785684,7.157298246535672e-05
1315,Hylte,2024,5,54.36667491822708,-2.1893504772698478,-0.4586612359089209,0.0001828949954542783
1380,Halmstad,2021,5,53.5848560407134,-1.6115933438413563,-0.3365926836651888,6.33716290475246e-05
1380,Halmstad,2022,5,50.752157396132304,2.9911377687781098,0.6245735363280873,0.00020893276166883596
1380,Halmstad,2023,5,48.910356741982255,4.248552857624539,0.8872570164003429,0.00043286038040963356
1380,Halmstad,2024,5,52.541680317610975,-2.1287999586501485,-0.44468561678490903,0.00011378775678320598
1381,Laholm,2021,5,57.471707301069415,2.408987254194841,0.5032671067346779,0.0001484454867342412
1381,Laholm,2022,5,56.944275364369076,4.090531785207595,0.8542097210804246,0.00039719385582879315
1381,Laholm,2023,5,53.81790757110403,1.2545561970119152,0.2618033460126458,3.253233512813052e-05
1381,Laholm,2024,5,54.390738585181055,-2.3508814691818074,-0.4903119089719099,0.00010051455232760037
1382,Falkenberg,2021,5,51.21290476226788,-0.15780887361417228,-0.03297044956810968,6.445646170487299e-07
1382,Falkenberg,2022,5,50.39528577119669,-5.773127828324959,-1.206485438242449,0.0009029463994625589
1382,Falkenberg,2023,5,42.37231167454895,-0.9568408415694165,-0.1997971625093915,2.1403264770311648e-05
1382,Falkenberg,2024,5,43.30773196869775,-1.0152335002692467,-0.21186465610515404,2.138326673568049e-05
1383,Varberg,2021,5,46.42765897656159,2.448694949448793,0.5121951150207447,0.0001866002303425268
1383,Varberg,2022,5,48.09554520112192,-0.5439227822428663,-0.11377158411044008,9.194135119629117e-06
1383,Varberg,2023,5,43.453591709432104,-3.5706791591210916,-0.7466439069730159,0.0003785559744264457
1383,Varberg,2024,5,41.78304006238575,0.1020040957147259,0.021339006718707216,3.298233405675606e-07
1384,Kungsbacka,2021,5,50.80532068086182,-2.8926350148086684,-0.6063776478116951,0.0003431843792168671
1384,Kungsbacka,2022,5,48.760447753446066,-2.4439712555031505,-0.512415996067723,0.00024981348186581373
1384,Kungsbacka,2023,5,42.92234729920734,-0.8572707694885864,-0.179527391482995,2.678261732454426e-05
1384,Kungsbacka,2024,5,45.075796091383566,0.1615220734802918,0.03384234964268542,1.0096447299126852e-06
1401,Härryda,2021,5,65.66495079077615,8.451851752422343,1.7710962454460886,0.0028105642320438713
1401,Härryda,2022,5,69.71017914694443,6.82017646897026,1.429832352446943,0.0019273101028395721
1401,Härryda,2023,5,69.32444817792347,-7.15516918105827,-1.5001461538008616,0.0021342819052505555
1401,Härryda,2024,5,63.389146158049904,-2.343724564669408,-0.49045417165557154,0.00018183601033190932
1402,Partille,2021,5,81.69161112088506,1.0577627565213987,0.22100127094787628,2.910902929789778e-05
1402,Partille,2022,5,82.69336203010812,1.4178494523770695,0.29659261345508947,6.317473580866496e-05
1402,Partille,2023,5,80.02065394207418,11.999969676879914,2.508456925081434,0.004072887715441004
1402,Partille,2024,5,87.4548953363804,-2.1407209574227863,-0.4482034687968631,0.0001623466009062426
1407,Öckerö,2021,5,51.53942669253365,-4.879994046432273,-1.0213220915777086,0.0008010879671220613
1407,Öckerö,2022,5,49.425171893373935,-4.7376718933739355,-0.9930228069625368,0.0009075743936343656
1407,Öckerö,2023,5,43.4994980950479,2.6819513159826016,0.5610293799912097,0.00022637562714718497
1407,Öckerö,2024,5,47.012639014776326,-0.031196684496784144,-0.00651889350887756,2.591087421522585e-08
1415,Stenungsund,2021,5,63.318405707867164,0.6241113483093486,0.13048775736117071,1.1343685303110073e-05
1415,Stenungsund,2022,5,62.20740027381409,-1.5687206900322437,-0.3277796252463257,6.477955183522535e-05
1415,Stenungsund,2023,5,55.6827410104273,-5.435091882582924,-1.1339420453749032,0.0005800931730117276
1415,Stenungsund,2024,5,52.15813177286732,0.7304539152587779,0.15252092452475122,1.2402294343516736e-05
1419,Tjörn,2021,5,60.83511924721493,-0.9405630922369994,-0.19688836632008186,3.057505535045775e-05
1419,Tjörn,2022,5,57.9504499299644,-3.818345475279301,-0.7975748667092782,0.00036278540690049286
1419,Tjörn,2023,5,52.40540683189135,-4.158162932473537,-0.8711260493645443,0.0006602396387780378
1419,Tjörn,2024,5,55.02472994303578,-7.11272397733854,-1.5060188554484797,0.004451663901049805
1421,Orust,2021,5,60.65706358238229,0.4051716734013482,0.0847968627655469,5.517648669903029e-06
1421,Orust,2022,5,59.582458864074766,-1.457256139455886,-0.30501724601471947,7.243060490568595e-05
1421,Orust,2023,5,51.675371987361345,-3.1525780135793084,-0.659623707562078,0.0003226604892543753
1421,Orust,2024,5,49.204487510750724,7.139962723746407,1.4935737706329464,0.0016023225561173462
1427,Sotenäs,2021,5,64.66214340472715,2.7351168692454593,0.5747873827008749,0.00039239879211610125
1427,Sotenäs,2022,5,64.97698087986234,2.1627571114040336,0.45488559809397167,0.0002634893979204275
1427,Sotenäs,2023,5,60.220611310458494,-9.292639591501356,-1.9489058477533658,0.003725295996927607
1427,Sotenäs,2024,5,52.82110039949589,5.724593800855601,1.2014218800907301,0.001517123335299589
1430,Munkedal,2021,5,61.39862974957649,-3.8806849063577573,-0.8092359346440566,0.0002624094116954471
1430,Munkedal,2022,5,58.343707782900935,-1.9058178226059823,-0.3977149144831761,7.527660141321665e-05
1430,Munkedal,2023,5,51.78248590451349,-0.2684885706723179,-0.05594501924588474,1.0137743016855226e-06
1430,Munkedal,2024,5,52.561458071510806,-6.685468115938079,-1.3931162056594126,0.0006375769706853761
1435,Tanum,2021,5,59.597415795682444,-1.3637096637888817,-0.2853556048096561,6.103300388738122e-05
1435,Tanum,2022,5,57.01113167181395,1.7762348078602201,0.3719108344204554,0.00011253578306630256
1435,Tanum,2023,5,52.10361301916364,-0.6461703452421474,-0.13511064015587565,1.2310096560213402e-05
1435,Tanum,2024,5,52.70152986739571,-4.161641039399157,-0.8701907724612732,0.0005119307112017651
1438,Dals-Ed,2021,5,47.00010481614968,2.200904435322144,0.46127457775280467,0.00019404012938059806
1438,Dals-Ed,2022,5,50.65960567232567,-5.0682078228633,-1.0579920798606288,0.0005684879270899663
1438,Dals-Ed,2023,5,46.47087542458925,-2.1808189764780934,-0.4561460959463072,0.00014719878304796596
1438,Dals-Ed,2024,5,46.26686928435995,-1.1083803568740578,-0.23145396008865163,2.904951618218614e-05
1439,Färgelanda,2021,5,61.46813279229041,4.833570370726626,1.0089709754391614,0.0005129137911681992
1439,Färgelanda,2022,5,63.78063005732773,0.71568443898677,0.14996021830332446,1.996067041549174e-05
1439,Färgelanda,2023,5,61.559521124393115,-6.383891655944247,-1.3346079699944202,0.0011702415820418939
1439,Färgelanda,2024,5,55.600697736932986,-0.3936713881249574,-0.08214856841500684,3.1733735925845293e-06
1440,Ale,2021,5,71.48659690508453,-4.981682135892044,-1.0399279857505905,0.0005490525530332622
1440,Ale,2022,5,66.69089923679248,-0.8453722873573923,-0.17643419158942164,1.5134555158351943e-05
1440,Ale,2023,5,62.33849349787852,-1.4989447091218153,-0.3127174549995243,4.372179249332196e-05
1440,Ale,2024,5,62.6004626785308,-3.9376434250926877,-0.8209848179305851,0.0002594419779362457
1441,Lerum,2021,5,58.552596066429665,-1.201044187354107,-0.25097533648069004,3.850285491910197e-05
1441,Lerum,2022,5,57.10020179702091,-1.6977762181895955,-0.35505243634891753,8.705504777457263e-05
1441,Lerum,2023,5,51.56031381592253,-0.7206121731274848,-0.15072173453370846,1.6017849720529497e-05
1441,Lerum,2024,5,52.07046361001541,-4.9967890633089596,-1.0453909851829442,0.0007995232519349185
1442,Vårgårda,2021,5,63.11980980746171,11.592833870699202,2.421129947244251,0.0032505738624569033
1442,Vårgårda,2022,5,68.08774102102261,-9.316955236868715,-1.9481762789062513,0.002569779058501228
1442,Vårgårda,2023,5,53.397896499769146,1.430914869739901,0.29880570035607984,4.840100102540783e-05
1442,Vårgårda,2024,5,54.720879185167476,5.644681180392887,1.1798726195364029,0.0008910740215161675
1443,Bollebygd,2021,5,67.90740179075095,-2.514003410016059,-0.5248097460602741,0.0001403957477558873
1443,Bollebygd,2022,5,63.99053656898709,1.040897008257069,0.21715931398964272,2.11298034289672e-05
1443,Bollebygd,2023,5,60.15994809858965,6.417674422729576,1.338252615768526,0.0007149948300720378
1443,Bollebygd,2024,5,66.34577391441452,-3.093376444510419,-0.6458399715291324,0.000218063289648539
1444,Grästorp,2021,5,57.76045151191167,-2.7866295223828743,-0.5844066990655361,0.0003337048086363776
1444,Grästorp,2022,5,53.872953834361944,-12.073449760681463,-2.529143078801597,0.005509115716607968
1444,Grästorp,2023,5,42.99301460945402,7.6990580132315785,1.6170200873385723,0.0029494210855405775
1444,Grästorp,2024,5,54.22795473526013,6.618129873200722,1.3878188325238705,0.0018645161737653427
1445,Essunga,2021,5,67.07199581013707,-4.24293298107424,-0.8877289680608729,0.0005814231908935205
1445,Essunga,2022,5,59.0995486389648,3.520706739730322,0.7367392665686735,0.000409306992066345
1445,Essunga,2023,5,56.33599837136535,-2.2341596160612482,-0.46726831514257233,0.0001528225182084608
1445,Essunga,2024,5,55.213962307266996,-7.911804033885701,-1.6547274797099816,0.0019157415353143331
1446,Karlsborg,2021,5,61.09236348123175,-10.984682217771592,-2.2934758652292757,0.0027677100146536273
1446,Karlsborg,2022,5,50.18545825386285,14.006124571700425,2.931906384014125,0.006779947188604784
1446,Karlsborg,2023,5,56.24633001401491,-1.438229178439208,-0.3008478827564464,6.476063127847128e-05
1446,Karlsborg,2024,5,53.305867197410045,-7.456515068690123,-1.558509277436013,0.001542174177565034
1447,Gullspång,2021,5,65.4327086901137,4.6787012215267225,0.9808385146916919,0.0009030290756349646
1447,Gullspång,2022,5,62.73129400659835,13.125463790860266,2.7483395707312086,0.006175992945313716
1447,Gullspång,2023,5,65.40334714560552,0.6251740499404832,0.13108818090186206,1.6494444347113085e-05
1447,Gullspång,2024,5,64.2716791242666,-1.8586399670413911,-0.3880730933581546,7.96486403859948e-05
1452,Tranemo,2021,5,53.65484074541893,4.148627462673552,0.8681138853800318,0.0005662354378645945
1452,Tranemo,2022,5,57.335400121183184,-1.2214972736119947,-0.25618307822633357,6.446458389469065e-05
1452,Tranemo,2023,5,51.78819184654614,-1.8008149215272056,-0.37723942107900843,0.00012276476013600428
1452,Tranemo,2024,5,50.67868218423875,1.5216725754537919,0.3182743866536227,7.157227004663894e-05
1460,Bengtsfors,2021,5,57.41419385044012,-9.375082361440228,-1.96225934864388,0.0029912150644105804
1460,Bengtsfors,2022,5,49.52461150334844,0.9345997338206615,0.1954318990099751,2.5998771232708153e-05
1460,Bengtsfors,2023,5,46.145720108867415,3.2086243866458233,0.670134784955315,0.00025057481749929286
1460,Bengtsfors,2024,5,49.33812294225388,3.1078885165385373,0.6480673119213303,0.00016711540858485886
1461,Mellerud,2021,5,61.9253757814515,-7.2210166964277605,-1.5418835075392334,0.0067653408617686225
1461,Mellerud,2022,5,53.52205073337351,4.450528344678958,0.9284887045300992,0.00038513966264914297
1461,Mellerud,2023,5,51.7227259181798,1.741540312043881,0.3633677642405708,6.0453941859464036e-05
1461,Mellerud,2024,5,54.06519141230479,-9.323697819728565,-1.947845749204167,0.00222577251442592
1462,Lilla Edet,2021,5,84.45638488874141,-2.5072498690984304,-0.5245409404484949,0.00020091153652965966
1462,Lilla Edet,2022,5,77.06566686753408,-2.419146213250741,-0.505445539451908,0.00015260270402495633
1462,Lilla Edet,2023,5,71.54682850458006,-2.227543879597391,-0.46629681696871494,0.00017170173710085728
1462,Lilla Edet,2024,5,69.7287973983326,-2.7713122854673458,-0.5786489607654911,0.0001779770694711468
1463,Mark,2021,5,52.17752991070007,-0.4744532935585184,-0.0991306484447446,5.874990560535464e-06
1463,Mark,2022,5,50.93630025472162,-1.4019233971824931,-0.2928884744264806,5.0556459703363316e-05
1463,Mark,2023,5,46.24596339481739,-1.3852498175793144,-0.2893595857401973,4.8014893845690096e-05
1463,Mark,2024,5,47.22845443834761,-6.437670766039261,-1.344154906065977,0.0009565086964256117
1465,Svenljunga,2021,5,65.52243005098748,8.851649477731229,1.8535579662208241,0.0028302646675395387
1465,Svenljunga,2022,5,69.0253033892402,4.107093060463953,0.8582903460243649,0.00045504063546819985
1465,Svenljunga,2023,5,67.32394424164923,-4.864607872098155,-1.0178629851329253,0.000770981828803785
1465,Svenljunga,2024,5,61.97879389072853,-0.845454354113663,-0.17662625718565383,1.8292070758337686e-05
1466,Herrljunga,2021,5,57.121334716402046,0.66205650557459,0.1382727243729732,1.0659978311498705e-05
1466,Herrljunga,2022,5,57.08020165340819,0.9212693983938465,0.1923101221267397,1.8675261090712374e-05
1466,Herrljunga,2023,5,53.299727664349554,0.825894621425256,0.1724176019498874,1.529827407823407e-05
1466,Herrljunga,2024,5,57.009923562216336,-0.7816409466535248,-0.16362763091949115,2.1225225857993353e-05
1470,Vara,2021,5,56.03267557662007,2.3759372188260386,0.4962643682277964,0.00013941519419817275
1470,Vara,2022,5,56.04572628834276,-1.2910396583854507,-0.26982890504761364,4.580886773276673e-05
1470,Vara,2023,5,50.610427709437246,-2.122938602005405,-0.4438420003089078,0.00013047284974006365
1470,Vara,2024,5,50.11060067418272,0.23748485540455277,0.04961168305597987,1.4333976450977609e-06
1471,Götene,2021,5,53.7256854708563,2.445618155774177,0.5130724094478045,0.0002667349475882695
1471,Götene,2022,5,52.90406586188263,-1.3786421330690715,-0.2894946202653338,9.278043710344246e-05
1471,Götene,2023,5,46.422121530427674,0.6349218952040374,0.13306394743033476,1.607135729624602e-05
1471,Götene,2024,5,47.67533055052881,2.4526236870144658,0.5143879770424682,0.000260018723428081
1472,Tibro,2021,5,55.903230757248295,-1.2981425558477113,-0.2713321868825821,4.683639455018445e-05
1472,Tibro,2022,5,53.32814264256124,6.589393983458585,1.3749419668658482,0.0008770010193121047
1472,Tibro,2023,5,53.781769405117004,-2.59927734722784,-0.5431272664527056,0.00017872948782798984
1472,Tibro,2024,5,53.04535167224253,1.0206211624725867,0.2126907283640414,1.515972862252543e-05
1473,Töreboda,2021,5,67.28298069259677,-6.351081051019705,-1.3247794560068258,0.0007558862217241393
1473,Töreboda,2022,5,60.444452102044934,-8.08216166006801,-1.684735192337138,0.0010302249589359937
1473,Töreboda,2023,5,47.85130493393279,3.1278001967968905,0.6517018269273281,0.00013503929348308676
1473,Töreboda,2024,5,51.93437121639679,-0.40279983521797647,-0.08392074265887024,2.1904469056616073e-06
1480,Göteborg,2021,5,64.77948325274565,-1.6102837476830913,-0.33879226766647347,0.0001498635202797495
1480,Göteborg,2022,5,66.10624176834393,0.5094900597308794,0.10728572643900475,1.604952149238403e-05
1480,Göteborg,2023,5,63.39445038820175,1.1721505618227326,0.2466346051522678,7.998950488310473e-05
1480,Göteborg,2024,5,65.81301057155203,-2.919020000231832,-0.6141486847669895,0.0004929447591076605
1481,Mölndal,2021,5,92.61473751073837,-6.358786236129035,-1.33376420666832,0.0017669323529851636
1481,Mölndal,2022,5,88.14739230520814,-3.208226149650372,-0.6734208702689269,0.0004841965563915424
1481,Mölndal,2023,5,82.58208935041748,-0.06869155644577063,-0.014415556620576437,2.1730619117112687e-07
1481,Mölndal,2024,5,84.09085763775323,3.9237041096564553,0.8220434613199663,0.0005909477589693184
1482,Kungälv,2021,5,66.13365121137795,7.906662848823828,1.6489832031977916,0.0011250809622312466
1482,Kungälv,2022,5,69.14409542815869,-2.0127674751139324,-0.42040393840264323,9.984582011767243e-05
1482,Kungälv,2023,5,61.478573366292416,0.08615496553444046,0.017974308346164595,1.4484622091563727e-07
1482,Kungälv,2024,5,61.01637584920855,-3.5362017391375957,-0.7385236454696987,0.0003023076494083978
1484,Lysekil,2021,5,56.64312625297283,-3.4397055323784045,-0.7223972490460464,0.0005858248579471737
1484,Lysekil,2022,5,52.45686774488726,-2.84501171101288,-0.5968478496892319,0.0003600790040306465
1484,Lysekil,2023,5,44.714207225719484,-4.697026325153949,-0.9850727869066003,0.000950267682584057
1484,Lysekil,2024,5,43.3668689715057,5.0260266925483705,1.0555613819371512,0.0012518036326045689
1485,Uddevalla,2021,5,50.554013063658005,-0.6432956518026742,-0.13437359123088327,1.0327291678012932e-05
1485,Uddevalla,2022,5,50.03665387392245,-3.163290513704574,-0.6608810806200434,0.0002580412252962511
1485,Uddevalla,2023,5,43.9878790853369,0.4507220190543677,0.09410332892268126,4.6379684768401685e-06
1485,Uddevalla,2024,5,46.91039936919721,-1.0763351699339196,-0.2247133935314736,2.627325786556746e-05
1486,Strömstad,2021,5,54.61701375223679,-1.7436236791781141,-0.3664743883430048,0.00016139960527167558
1486,Strömstad,2022,5,55.19055339166238,0.11418701465816383,0.024004285864280224,7.03491412946274e-07
1486,Strömstad,2023,5,55.22505334327294,7.92424912036612,1.669211573787586,0.0039820852269325776
1486,Strömstad,2024,5,60.544940526672484,-3.1350606868860993,-0.6590547723411903,0.0005306603291456899
1487,Vänersborg,2021,5,54.796031781109896,-4.538689970634572,-0.9507571080537708,0.0007779020524714317
1487,Vänersborg,2022,5,50.723174143444524,7.967683915897901,1.6694008774384512,0.0024567380459998775
1487,Vänersborg,2023,5,53.55894614138863,1.3245887981295112,0.2769608727165684,5.1634365938390423e-05
1487,Vänersborg,2024,5,55.43032807490858,-1.0610565781927122,-0.22182692103134902,3.241545006380379e-05
1488,Trollhättan,2021,5,57.24483273224771,-5.346398137799319,-1.1229007415847754,0.0014229594259097301
1488,Trollhättan,2022,5,53.35152709046889,0.06143643485418693,0.012907573245539723,1.9345345025140493e-07
1488,Trollhättan,2023,5,50.66760238801309,1.9114100203629931,0.401100947500693,0.00016716755258461394
1488,Trollhättan,2024,5,54.97798606343359,0.7988388437745186,0.16742684032122518,2.5613408819030397e-05
1489,Alingsås,2021,5,51.7021062865991,2.3203054879451415,0.4839631331693133,9.930996251947532e-05
1489,Alingsås,2022,5,55.54162183492671,-5.824803900852444,-1.2160100280961976,0.0007605619244079641
1489,Alingsås,2023,5,46.89734686435936,0.6228267942693009,0.12990024007941098,7.058861532553714e-06
1489,Alingsås,2024,5,48.6849724928978,1.6872010944810683,0.35188793842652555,5.1651668224278717e-05
1490,Borås,2021,5,51.568502932519415,-2.3972273717828116,-0.5007958836646781,0.0001462596907540618
1490,Borås,2022,5,50.78482713553364,0.7857963080418742,0.16418979800505143,1.6253316224349825e-05
1490,Borås,2023,5,49.99417647964126,-1.1164188700350053,-0.23351096758003373,3.8521581177756886e-05
1490,Borås,2024,5,50.99433486081272,-1.6524586855916041,-0.3454002773421547,7.626294526813065e-05
1491,Ulricehamn,2021,5,51.310667840427534,1.5449832158822119,0.32226583907572837,4.4599074526730976e-05
1491,Ulricehamn,2022,5,51.641937222414036,3.280796567613045,0.684221912600716,0.0001931271350002328
1491,Ulricehamn,2023,5,50.9269214151232,-5.206030116841227,-1.0861597130097775,0.0005330698115121283
1491,Ulricehamn,2024,5,47.48366343078938,-5.178280200851418,-1.0793199220972005,0.000412170588605876
1492,Åmål,2021,5,47.45711599220311,-3.4564665361225764,-0.7234777712124243,0.0004080267588157284
1492,Åmål,2022,5,45.180469825578676,0.08803050186075012,0.018400341219532997,2.1648076596929952e-07
1492,Åmål,2023,5,43.04321943481031,1.1846666221612026,0.24733993510279464,3.206775287745945e-05
1492,Åmål,2024,5,46.25519955665099,1.4518389113483323,0.3030424292703705,4.5722209004107614e-05
1493,Mariestad,2021,5,47.81193080765159,-0.08309531034139184,-0.01737700450906321,2.0756305827063392e-07
1493,Mariestad,2022,5,47.59509143678132,-3.748192211975116,-0.7840491183223127,0.00044021559604132436
1493,Mariestad,2023,5,42.297185677286826,-3.0226289361012846,-0.6320915225704044,0.0002743327867089632
1493,Mariestad,2024,5,43.72801565461204,-1.585071343502733,-0.33139117995032724,7.276523604055238e-05
1494,Lidköping,2021,5,44.773315928978434,-6.587453348652183,-1.374625905324853,0.0008889288521608953
1494,Lidköping,2022,5,40.79390118097869,-4.533179921369722,-0.9462900315865341,0.00045338974013735007
1494,Lidköping,2023,5,34.739584934968654,1.9904774740695572,0.41556422840956125,8.98313526599302e-05
1494,Lidköping,2024,5,38.96832483917189,-2.481002637563975,-0.5179445849056336,0.00013799734451607132
1495,Skara,2021,5,65.99998478325683,-6.636329007045006,-1.3850509407391765,0.00093406586786429
1495,Skara,2022,5,59.73847860505696,0.3521638902776161,0.07349403621982196,2.5915892017513856e-06
1495,Skara,2023,5,56.591418940569014,3.2348917702704867,0.6749615614985641,0.00020926799089757
1495,Skara,2024,5,63.20496019570741,-1.7841016935424392,-0.3726278922588672,7.78786385951417e-05
1496,Skövde,2021,5,61.06746392064457,-3.9431479391656907,-0.8236272174141664,0.00038551084651699126
1496,Skövde,2022,5,58.47003602918438,-0.8851553233388785,-0.185000276955707,2.1565597128421373e-05
1496,Skövde,2023,5,53.933698215249464,2.261444003818106,0.472390932849678,0.00012827740797940082
1496,Skövde,2024,5,57.75938778109836,-1.6511025840986235,-0.3448380175273235,6.62894901053957e-05
1497,Hjo,2021,5,53.33050803535441,-4.48397927980367,-0.935336980937218,0.0003785383956349208
1497,Hjo,2022,5,49.94548341243643,-2.2337015234393505,-0.46632178863622,0.00011208766716209538
1497,Hjo,2023,5,45.268805987945115,4.85001017105251,1.0128582268017967,0.0005635126412098553
1497,Hjo,2024,5,51.55318433302809,2.136655239164419,0.4459260529321123,9.638488941612403e-05
1498,Tidaholm,2021,5,48.18885715803268,-7.253184643412801,-1.5168307830796004,0.001586890415072427
1498,Tidaholm,2022,5,43.44924702340302,-2.8697626398840512,-0.6008832930093273,0.00029424179828078934
1498,Tidaholm,2023,5,40.10537292400262,0.31833608760264553,0.06667373008817729,3.7524970498012786e-06
1498,Tidaholm,2024,5,42.3177840969449,-1.7867415354454863,-0.3738178601505785,0.00010257900447042157
1499,Falköping,2021,5,49.60830301225943,-3.3203559127703954,-0.6923585752435645,0.00018982091975902664
1499,Falköping,2022,5,45.73054032961199,2.687599932627876,0.5605153412103203,0.00012998545734128623
1499,Falköping,2023,5,45.04426318873496,-1.1535051031964798,-0.24056445547577285,2.379619582806837e-05
1499,Falköping,2024,5,47.025705778624754,-2.0034537515565347,-0.41790560409133765,7.533808050312636e-05
1715,Kil,2021,5,55.828212510387836,-6.957271353308556,-1.450266766450446,0.0007657817207304447
1715,Kil,2022,5,49.24664036260298,1.1867067277808374,0.24743064865056844,2.3726738967149122e-05
1715,Kil,2023,5,46.52166023986586,-2.582893173254355,-0.5385961039118703,0.00011556567227772788
1715,Kil,2024,5,45.54246058581376,1.0540073687505398,0.21973272435370014,1.8051136343802527e-05
1730,Eda,2021,5,53.92645654729893,1.5505752548212115,0.32566437886795524,0.00011962142318989996
1730,Eda,2022,5,55.063618038040076,-3.628351488538023,-0.7620962227528778,0.0006582225137656614
1730,Eda,2023,5,46.68927166613625,3.0812895763628703,0.6447048892843992,0.00030803937981952227
1730,Eda,2024,5,50.006029840628855,-3.1681791511376503,-0.6630817575641212,0.0003390976075773943
1737,Torsby,2021,5,45.19234557933432,-4.74604153470392,-0.9938986612950774,0.0008203792222915575
1737,Torsby,2022,5,40.135651609201155,1.2279449204632016,0.25732572024308964,5.9547745040629754e-05
1737,Torsby,2023,5,39.24651852808647,3.5215503223570224,0.7393952744667789,0.0005993003624295894
1737,Torsby,2024,5,41.05017312165012,0.28893119775629117,0.06055349315497697,3.3322153433154447e-06
1760,Storfors,2021,5,67.5859569399512,-1.7298272540342765,-0.3622731460347895,0.00010969563464325386
1760,Storfors,2022,5,66.48501888420493,-2.0852249635454854,-0.43776867646203776,0.0002077782667640869
1760,Storfors,2023,5,59.33226419132307,-8.819241302609576,-1.847344775643063,0.0029189999260821743
1760,Storfors,2024,5,55.11672380648904,13.521079783796075,2.8325571235705422,0.006957743434243416
1761,Hammarö,2021,5,57.403815328470564,-5.390692751673669,-1.1324413833594384,0.001474750106317315
1761,Hammarö,2022,5,53.34241485544155,-1.202105699674604,-0.2523291861524553,6.802878524227873e-05
1761,Hammarö,2023,5,50.44145231446528,5.107544143622086,1.0724630100018544,0.0012682498759401656
1761,Hammarö,2024,5,55.966193548252846,-1.2934063542792131,-0.27195496133110736,9.186650606850311e-05
1762,Munkfors,2021,5,68.74460605082177,-5.70112778995221,-1.2156465843520992,0.003987467015186864
1762,Munkfors,2022,5,63.365106416526366,18.234461267883255,3.8189320334321817,0.012243135799265122
1762,Munkfors,2023,5,69.63824463840983,-0.6821258049402132,-0.1435376986964614,2.7243386897575406e-05
1762,Munkfors,2024,5,66.72353897489174,1.1385299906255,0.23825205306884642,4.291397293622126e-05
1763,Forshaga,2021,5,61.26009594349856,1.1214308529860162,0.23395938154563517,2.449079264678081e-05
1763,Forshaga,2022,5,58.32011927695317,-3.129240023196047,-0.653566855297111,0.00023911978000989916
1763,Forshaga,2023,5,51.3812264721128,7.294453888434958,1.5223081247295234,0.0011132534077359431
1763,Forshaga,2024,5,57.70247079150086,-1.5392763470564148,-0.3213493386925672,5.323406382187853e-05
1764,Grums,2021,5,58.58519799018965,-3.4757490846787036,-0.7263754393214413,0.00032751980701638896
1764,Grums,2022,5,52.580913666577615,7.166477876530564,1.4972222978822867,0.0013224453642838156
1764,Grums,2023,5,52.31178918115124,5.875248469284884,1.2275795205708004,0.0009040595167566735
1764,Grums,2024,5,56.32678590901103,-3.350331000081667,-0.6999142979155396,0.00028633070870424124
1765,Årjäng,2021,5,40.67130206546319,-1.7455326025784572,-0.3650699058212025,9.315736594865443e-05
1765,Årjäng,2022,5,40.57252654688038,1.2874694184212103,0.26922423934000667,4.9464809483440205e-05
1765,Årjäng,2023,5,39.684247954297206,-3.092718590100297,-0.6464172663295169,0.00026520958099934485
1765,Årjäng,2024,5,38.62318365893571,1.478597511547754,0.3089064460079836,5.621531516619125e-05
1766,Sunne,2021,5,49.318012586030534,-2.2944259143719776,-0.47875722389887215,0.00010645978840088588
1766,Sunne,2022,5,46.94396534166957,2.3182197827901163,0.4836310863568809,0.00010419820380898322
1766,Sunne,2023,5,46.00142543784829,0.4597446953254334,0.09588589245027078,3.8361457114190246e-06
1766,Sunne,2024,5,48.701538918482804,1.6129264903222307,0.3363517180471489,4.5656122831267345e-05
1780,Karlstad,2021,5,63.43101017499534,-2.4403175706015787,-0.5098426098419759,0.0001539085376603943
1780,Karlstad,2022,5,61.25046392978179,2.6891624670834275,0.5621501759801336,0.00020519676087120392
1780,Karlstad,2023,5,59.67599044294349,2.4634066753188293,0.5151330201544585,0.00018146915128050212
1780,Karlstad,2024,5,63.171248460309535,0.0908534115554005,0.019022579885084125,2.935392865397174e-07
1781,Kristinehamn,2021,5,48.54800291449633,-4.521279813952738,-0.9437788212704364,0.0004484038599832421
1781,Kristinehamn,2022,5,44.3059948378707,3.214065029921258,0.6713285316538928,0.00025536834205578855
1781,Kristinehamn,2023,5,44.30462904510098,-3.241522860442963,-0.6763830183077862,0.0002127360371137891
1781,Kristinehamn,2024,5,44.26974768841648,2.286911681847876,0.4774920574547359,0.00012050264265934345
1782,Filipstad,2021,5,50.421249083256754,-0.8201724707411344,-0.17221358652959215,3.2646428878904205e-05
1782,Filipstad,2022,5,50.62697959818783,2.0148042117976246,0.42223806367473143,0.0001611746727912561
1782,Filipstad,2023,5,49.24994976296558,-5.897348606896216,-1.2357645881151864,0.0013642368464255672
1782,Filipstad,2024,5,48.54543843603514,-2.5143418730236817,-0.527030757335459,0.00025677682411829244
1783,Hagfors,2021,5,47.597007435859894,2.0004997051424454,0.41804372376199167,0.00010727977115040466
1783,Hagfors,2022,5,47.19607915560815,3.973133028359399,0.8304664907816153,0.0004403790113169499
1783,Hagfors,2023,5,45.52959217815481,-0.9734201947983578,-0.20341168002779755,2.5325483271696833e-05
1783,Hagfors,2024,5,44.52690578437797,-1.9625337402371414,-0.41060177343675147,0.00012397164940390314
1784,Arvika,2021,5,39.40111560378014,-0.1035214210617994,-0.02159761834691595,2.0953689758731674e-07
1784,Arvika,2022,5,40.00285319918617,-2.0654112666993285,-0.4309920291195848,8.720034401208709e-05
1784,Arvika,2023,5,34.67591616518841,-1.1504897965255338,-0.24007172221607015,2.6996143233601026e-05
1784,Arvika,2024,5,35.82154958222819,-0.4357900018469252,-0.09094673894463556,3.973575507897315e-06
1785,Säffle,2021,5,44.89047070590561,7.9804048461858486,1.6682933610401602,0.0018151308370655157
1785,Säffle,2022,5,50.232104765573794,-2.9286012883398342,-0.6116541876290787,0.00020896032088836363
1785,Säffle,2023,5,44.27772817939164,-5.9724853574610535,-1.2458720785283695,0.0006766086928723081
1785,Säffle,2024,5,40.25316259581739,4.917654237527124,1.0258766413498217,0.0004633489087946333
1814,Lekeberg,2021,5,63.75668980028427,10.05477131793031,2.118192039853469,0.006454736181111133
1814,Lekeberg,2022,5,67.91724394714028,-0.6490849704385937,-0.1360967425620178,1.7707591786205924e-05
1814,Lekeberg,2023,5,60.57893600851143,-19.793437519085444,-4.1490619739965195,0.0159830536900222
1814,Lekeberg,2024,5,45.65226595735647,10.122774711944018,2.1223317210744597,0.004271831914322788
1860,Laxå,2021,5,69.57274147240565,-11.529029541198199,-2.422924604031141,0.006994451511321994
1860,Laxå,2022,5,58.73275903412502,8.519751726276702,1.781794048595112,0.002206142435081248
1860,Laxå,2023,5,58.93073511260904,4.194605982533766,0.876592198351223,0.0004758619389797737
1860,Laxå,2024,5,61.44333294897569,2.358990488236188,0.49404326692787204,0.00020431578897567887
1861,Hallsberg,2021,5,69.2102300672078,6.981422192609429,1.4599598788971264,0.0014644629811661034
1861,Hallsberg,2022,5,72.1173293375332,2.8366301468130217,0.5933977221098463,0.0002539450779177812
1861,Hallsberg,2023,5,66.68349305423584,-4.091083000021939,-0.8556135764202532,0.0005102202515874714
1861,Hallsberg,2024,5,61.2479684466413,0.9728752258152724,0.2030104712249515,1.933370746384379e-05
1862,Degerfors,2021,5,62.58380444838297,-8.566602854088863,-1.7907324767822415,0.0020723251494034482
1862,Degerfors,2022,5,53.0009145058326,9.853230300043585,2.05881967058369,0.002559009153635779
1862,Degerfors,2023,5,54.50848882709987,-1.7137896713875662,-0.3580720765772508,7.660730241560721e-05
1862,Degerfors,2024,5,52.10020402184371,1.1440296492060895,0.23969472281974372,5.054817479261934e-05
1863,Hällefors,2021,5,69.74955214585253,-1.7104223458817387,-0.3613268662747643,0.00022515464684785775
1863,Hällefors,2022,5,63.36114665195229,0.7914975788169372,0.16652319425240333,3.6166919433139045e-05
1863,Hällefors,2023,5,62.15717166038743,-1.95701769579928,-0.4127998775724661,0.0002674442780815946
1863,Hällefors,2024,5,61.712131389617,-13.618475322539005,-2.86012372242886,0.009185929063019517
1864,Ljusnarsberg,2021,5,72.11305514644972,-11.296373999620883,-2.369431184327706,0.005576619449299221
1864,Ljusnarsberg,2022,5,62.37457119718296,-2.3789989146945842,-0.498699673700466,0.00023184915058320827
1864,Ljusnarsberg,2023,5,58.05414609956572,-4.502977504149335,-0.9429454597060997,0.000733472191027136
1864,Ljusnarsberg,2024,5,56.1939853899353,6.291709277036546,1.3196345206744564,0.001721591852750902
1880,Örebro,2021,5,55.02885026018579,-1.865212506741237,-0.3905121146890798,0.00012292316170548065
1880,Örebro,2022,5,55.085868467226156,1.925209814659496,0.40289071345409505,0.0001233611748278118
1880,Örebro,2023,5,53.65899847612673,2.1182939906754825,0.4430134179609385,0.00013638423277411333
1880,Örebro,2024,5,56.66091966471833,-0.722365899263103,-0.15117389886773766,1.742380715722533e-05
1881,Kumla,2021,5,63.32415279424872,2.833722928294634,0.591567893416648,0.0001792956632651295
1881,Kumla,2022,5,62.98650496093275,5.788796431477948,1.2086291465573633,0.0007679890584934072
1881,Kumla,2023,5,63.09808964625468,-4.739589024474611,-0.991071176281033,0.000667315458284442
1881,Kumla,2024,5,57.81397058064193,3.382625689363806,0.7058855564191837,0.00023595458438815603
1882,Askersund,2021,5,58.67806876320916,-0.5022407763875876,-0.10499415347100097,7.20393684721424e-06
1882,Askersund,2022,5,55.32026733040758,-6.177012568295723,-1.289194314216166,0.0008100456214260517
1882,Askersund,2023,5,45.998012403900944,3.139467993380812,0.6556262241313346,0.00023553674561682382
1882,Askersund,2024,5,49.59564765255277,0.7659450981660569,0.1599435099438888,1.3831549363207098e-05
1883,Karlskoga,2021,5,49.91555831596003,-1.5862223104404265,-0.33330602021878586,0.00013057927280605132
1883,Karlskoga,2022,5,47.27511625145787,-3.480942263744012,-0.7318795040628777,0.0006629074167768714
1883,Karlskoga,2023,5,42.412697121430384,4.578479640738742,0.960859922117854,0.0009677785596396844
1883,Karlskoga,2024,5,48.29927395387953,-4.893044662958388,-1.0268713541442989,0.0011048405637366628
1884,Nora,2021,5,56.77329065035571,3.3890076427139633,0.7065514081748641,0.00018896980927735665
1884,Nora,2022,5,58.14502599530196,-3.4772379381110383,-0.7254061564793093,0.0002328584315472646
1884,Nora,2023,5,50.014303053629355,1.9288605861560981,0.4019360455160748,5.309502602163716e-05
1884,Nora,2024,5,53.120013593017255,-1.799400753464667,-0.37499932390928703,4.7731669572369474e-05
1885,Lindesberg,2021,5,56.59179388489189,-7.017623298899771,-1.4622045273288353,0.000683827066237537
1885,Lindesberg,2022,5,49.47050854961445,1.7776245845865333,0.3705428705903824,4.9654739644270537e-05
1885,Lindesberg,2023,5,47.08568259698296,-0.6748977781610463,-0.14067538488816067,7.072830823174789e-06
1885,Lindesberg,2024,5,46.2491082130053,0.9398637415342606,0.1960075704510329,1.576199773553158e-05
1904,Skinnskatteberg,2021,5,78.08977967334977,-8.9980386529883,-1.882970888037928,0.0026834427396783696
1904,Skinnskatteberg,2022,5,65.41094535547832,0.24103101889696177,0.05035091258935807,1.4683822812385867e-06
1904,Skinnskatteberg,2023,5,57.18234185701529,9.974971850436418,2.0898413880363003,0.0038225108595653316
1904,Skinnskatteberg,2024,5,67.17714522625708,-6.791806880392421,-1.422839074020069,0.001757083438160127
1907,Surahammar,2021,5,66.73044768965353,2.8804048700058473,0.6015511395984776,0.00019986597249803793
1907,Surahammar,2022,5,67.0464543551553,-6.446434420938225,-1.3474722136502575,0.0011641301735595363
1907,Surahammar,2023,5,55.56188428156763,-0.19647256423321835,-0.041071430800435425,1.0963579276606471e-06
1907,Surahammar,2024,5,57.09617434581558,2.426425958907636,0.5070792107523951,0.0001593744110924882
1960,Kungsör,2021,5,65.84340677812625,-1.430068892613562,-0.2994543482675468,7.369712334816851e-05
1960,Kungsör,2022,5,61.49324314526252,8.92446970568475,1.8668281200821668,0.002496077249648913
1960,Kungsör,2023,5,63.381440490696406,-5.4154564573746455,-1.13053339684602,0.0006551603090281894
1960,Kungsör,2024,5,60.29864824783525,7.564245702015221,1.579806280368426,0.001389634246327227
1961,Hallstahammar,2021,5,65.30875050673112,9.835758163789109,2.051622792282017,0.001806744313087512
1961,Hallstahammar,2022,5,69.2558064064716,-3.1915373621295515,-0.6679517478082371,0.00034282524372460826
1961,Hallstahammar,2023,5,59.728252865205306,1.5783401454828194,0.3294772475492249,5.5052267991996535e-05
1961,Hallstahammar,2024,5,61.21649529607318,-5.130504783853155,-1.0703112694596508,0.0005077764955326621
1962,Norberg,2021,5,80.189566580467,-6.685891396707817,-1.4017896429206564,0.0018681372825780874
1962,Norberg,2022,5,68.51731844417505,-0.8080595140168754,-0.16920345295781705,2.347703167789603e-05
1962,Norberg,2023,5,63.78190244968844,-1.6104324478758585,-0.3365625436587655,7.059300679706685e-05
1962,Norberg,2024,5,64.48100639302228,-5.23669237981612,-1.0942385930939038,0.0007271349720402063
1980,Västerås,2021,5,51.36832774614684,-1.0743938780791495,-0.22440060218876623,2.829887376100282e-05
1980,Västerås,2022,5,51.192068281668725,1.135968376951027,0.2372133032325995,3.0473963154976806e-05
1980,Västerås,2023,5,49.522035515538846,-0.6375169701116334,-0.1332460916816236,1.1228031242526437e-05
1980,Västerås,2024,5,50.726842271111515,1.0679209795079032,0.22301402545703833,2.7169419322022492e-05
1981,Sala,2021,5,50.396538495081295,2.3471783498617427,0.4896772983640736,0.00010705816899923232
1981,Sala,2022,5,49.7994318133025,-0.45432063450262206,-0.09478585239055996,4.047171541482081e-06
1981,Sala,2023,5,45.061371369275236,-3.185031282634533,-0.6641294148264681,0.0001738976970484992
1981,Sala,2024,5,44.688757297356005,3.028267611806541,0.6315423095380742,0.00016365592353791166
1982,Fagersta,2021,5,59.42779784860521,0.11120658115678594,0.023465697702730583,8.849056286887736e-07
1982,Fagersta,2022,5,57.4965266568898,6.89145025638507,1.4549931813679815,0.003526657214481055
1982,Fagersta,2023,5,57.29948764772048,1.995626555879575,0.4215444340825987,0.0003050667018495082
1982,Fagersta,2024,5,60.23990371486299,-5.466341903357481,-1.1524923693821791,0.002020461940397809
1983,Köping,2021,5,51.07144356546082,0.43431543656726745,0.09077162618044297,5.176337745680331e-06
1983,Köping,2022,5,50.84737818670019,-0.3113904378487362,-0.06502320585384644,2.280208256053602e-06
1983,Köping,2023,5,47.344940520068974,-0.3436317203153365,-0.07184047767111656,3.4001755693675342e-06
1983,Köping,2024,5,49.25941281850647,-4.795966901447898,-1.001918453795519,0.0005865138761234768
1984,Arboga,2021,5,58.47875463323279,2.301387210738845,0.47984977471406126,8.95307621820451e-05
1984,Arboga,2022,5,57.90994018835123,1.02636599641054,0.21386694815290017,1.4876537213384769e-05
1984,Arboga,2023,5,54.98381651379868,2.8650622178110936,0.5974003774734711,0.0001400805138935176
1984,Arboga,2024,5,58.389342693501234,-2.595351277192222,-0.5404714333102896,7.709105978001123e-05
2021,Vansbro,2021,5,42.79777487351586,0.14791579944753863,0.030998678918709287,8.696183601181053e-07
2021,Vansbro,2022,5,42.26015825356472,-2.4072170770941312,-0.5050926927579037,0.0002624478681174787
2021,Vansbro,2023,5,34.714084982966725,-0.23132636227706627,-0.04861613441358048,2.820553211903552e-06
2021,Vansbro,2024,5,39.93350779660555,1.979999312399194,0.4170676755107107,0.0002481147550230281
2023,Malung-Sälen,2021,5,54.7908391726846,-8.304246884565593,-1.8700365705176727,0.030691299798320592
2023,Malung-Sälen,2022,5,46.373859412542835,3.148464627231,0.6625923538102484,0.0005853105950561889
2023,Malung-Sälen,2023,5,44.92547861010251,6.536509693991057,1.3771898824801658,0.0027531873174132
2023,Malung-Sälen,2024,5,50.14447311560389,2.517902542675806,0.5306456922291198,0.0004166122111047832
2026,Gagnef,2021,5,55.92231591893233,-1.551719841994604,-0.32428264887374914,6.522011767281243e-05
2026,Gagnef,2022,5,52.31334581015888,-6.4994587732982225,-1.3559265037034725,0.00081876298973125
2026,Gagnef,2023,5,43.330379713286085,-2.39078239784984,-0.5001987517112362,0.00018391167511734713
2026,Gagnef,2024,5,45.603283707582136,0.621677771616632,0.13022106705819889,1.4501170498415139e-05
2029,Leksand,2021,5,54.886278013065024,6.068006273719888,1.2663239345665327,0.000766237127155
2029,Leksand,2022,5,56.517593514298085,1.8203944457341876,0.38024860613915923,8.26580717360102e-05
2029,Leksand,2023,5,51.43700156470557,0.42362300675862485,0.08838716003097646,3.5710760119693046e-06
2029,Leksand,2024,5,52.67760716854042,4.706045307136598,0.982779764483536,0.0005292122363003336
2031,Rättvik,2021,5,56.586162974983885,-3.9877661452982167,-0.8335601270095359,0.0004466221841033726
2031,Rättvik,2022,5,50.86128489434491,-0.5547576675147639,-0.11598128659008025,8.88926888727719e-06
2031,Rättvik,2023,5,45.50852309166673,4.391857274209016,0.9164745446413288,0.0003961474054006889
2031,Rättvik,2024,5,52.18490939178008,-2.3576680751770596,-0.49316321740722086,0.00017340346568541656
2034,Orsa,2021,5,60.105748037738394,-0.4064129697996819,-0.08483017933674196,3.579138436872436e-06
2034,Orsa,2022,5,58.54291863951501,9.815893013210697,2.05045638875818,0.002421743310707524
2034,Orsa,2023,5,60.237367337442436,-0.5963713907140047,-0.12474327151143128,1.106664390322108e-05
2034,Orsa,2024,5,58.59844637377321,-6.489265232333999,-1.355399583256061,0.0010372650915702855
2039,Älvdalen,2021,5,45.850423732760355,0.443242839236234,0.09286238616432073,7.540331751914048e-06
2039,Älvdalen,2022,5,44.76721040827055,-1.8774982395615183,-0.39311743879036104,0.00012589153915951707
2039,Älvdalen,2023,5,39.458781442234795,-0.3477986164302038,-0.07281612191591748,4.265795029172427e-06
2039,Älvdalen,2024,5,43.00935954238349,2.4716052934200547,0.5174786210862299,0.00021629378209162345
2061,Smedjebacken,2021,5,52.78111669737814,-1.7429752906279319,-0.3636111634889754,5.848037265099757e-05
2061,Smedjebacken,2022,5,47.04380264613159,6.151582814406773,1.283081841387337,0.0006981765821898444
2061,Smedjebacken,2023,5,46.99070955152605,-1.1737939462845972,-0.2449867092656759,2.9402334732342593e-05
2061,Smedjebacken,2024,5,45.67723291922864,-1.3272375390198263,-0.2769297658112728,3.5257901945175574e-05
2062,Mora,2021,5,48.52648217017209,1.013914540035941,0.21142250292656728,1.773595129593589e-05
2062,Mora,2022,5,47.304072946829,0.42550778724904603,0.08874567590172365,3.2892051455045137e-06
2062,Mora,2023,5,42.97467622377264,-1.1456929748439322,-0.23888106152685573,2.216015493964869e-05
2062,Mora,2024,5,42.830247774504905,3.0314854290004476,0.6328529817390778,0.00020520728688005967
2080,Falun,2021,5,50.60964082913955,-2.111220119545152,-0.44039229549280634,8.399365369106288e-05
2080,Falun,2022,5,48.88220543978666,-5.433745110120007,-1.1334092209345745,0.0005507561145819462
2080,Falun,2023,5,42.47365057969015,1.7700062735756106,0.3693436180773635,6.38196061030967e-05
2080,Falun,2024,5,45.7837960331787,0.5086386986588138,0.10605146197086598,4.351392042741224e-06
2081,Borlänge,2021,5,52.531134610726895,-4.84100562538606,-1.0143391197538736,0.0009115852381944065
2081,Borlänge,2022,5,50.126229211562894,-1.695856257444298,-0.3550628423551447,0.00010191386924084853
2081,Borlänge,2023,5,46.92356267944017,1.3223056882026256,0.2762873246863883,4.589653210555719e-05
2081,Borlänge,2024,5,52.12448844601469,-2.7127237401323328,-0.5670339786133477,0.00020639339919866
2082,Säter,2021,5,62.951839561261046,-2.5533339572759886,-0.5328474181647286,0.00013543430956656127
2082,Säter,2022,5,57.56343955694105,-3.3535202951186704,-0.6992019853492507,0.00018851811966525604
2082,Säter,2023,5,50.18560684442655,1.2241592322433732,0.25528516153082426,2.643028964588974e-05
2082,Säter,2024,5,53.70147974041567,-0.5962494098445248,-0.124418326020421,7.2442037250834e-06
2083,Hedemora,2021,5,55.09468998285563,-2.6946382297180946,-0.5626967009156932,0.0001715557630477459
2083,Hedemora,2022,5,50.91935168881886,2.567665082533857,0.5358057558973076,0.00013519095787561936
2083,Hedemora,2023,5,49.09632210850141,0.5615469042063097,0.11720280409687063,6.733516725150332e-06
2083,Hedemora,2024,5,51.081427839065974,-4.683940763612796,-0.9770010155363403,0.00040838269873217015
2084,Avesta,2021,5,47.604372161115265,-4.899901059697598,-1.0257083763046353,0.0008309025950544748
2084,Avesta,2022,5,44.62967858338545,3.59986964616278,0.7541689249761228,0.0004951682827868732
2084,Avesta,2023,5,44.217051339940085,-5.628733315943251,-1.1769665021862843,0.0009376610497188727
2084,Avesta,2024,5,41.093384485432374,-1.346763617341196,-0.2815439279283383,5.183065076993012e-05
2085,Ludvika,2021,5,48.38222607994455,-0.2635711378756369,-0.05516234481877627,2.3379201096416487e-06
2085,Ludvika,2022,5,47.48355545592903,2.1123159818579396,0.44187001320075436,0.00014046840982602756
2085,Ludvika,2023,5,45.24911997511529,6.186377335694495,1.2923525450299622,0.0009713192112050486
2085,Ludvika,2024,5,49.13103127155184,8.76489123351687,1.8332032526083382,0.0023615876663592426
2101,Ockelbo,2021,5,53.15887613839706,-0.13244817590771873,-0.02771568788159376,5.784896843840862e-07
2101,Ockelbo,2022,5,54.85999390767202,-0.05841342321917864,-0.012231405260394786,1.226048597037866e-07
2101,Ockelbo,2023,5,52.289907090471765,-4.53026832701223,-0.9496267228341608,0.0008373347570579873
2101,Ockelbo,2024,5,50.10053872342043,-1.8065754688272548,-0.3777000372568473,9.448235755569524e-05
2104,Hofors,2021,5,51.960830406156035,-1.2195483013324804,-0.255428368156563,5.509333619293294e-05
2104,Hofors,2022,5,49.02271005845857,-0.669669517918031,-0.1403304711746422,1.7650011813324657e-05
2104,Hofors,2023,5,46.91547128418708,-4.777643249196679,-0.999610975205188,0.0007379327803979581
2104,Hofors,2024,5,45.658785116468216,0.5646821823142432,0.1179517384072157,7.947456911596134e-06
2121,Ovanåker,2021,5,37.345188098373136,0.6532748851466295,0.13675098770001784,1.4760307285083508e-05
2121,Ovanåker,2022,5,35.63362127197723,-4.571841888050198,-0.9561804062274243,0.0006391860695391813
2121,Ovanåker,2023,5,29.09572630157914,5.177592570438215,1.082212516498158,0.000746656170682602
2121,Ovanåker,2024,5,34.86310995995041,-3.825282607865052,-0.7998956711505653,0.00043554377928103194
2132,Nordanstig,2021,5,55.4151126016666,3.8675878202743306,0.8071027875689211,0.0003097316246833082
2132,Nordanstig,2022,5,56.62030369527533,1.7753956828210136,0.3702461964248285,5.5842287632980474e-05
2132,Nordanstig,2023,5,52.67216157238036,-2.8322469512490898,-0.5919481561641391,0.00022076469267071912
2132,Nordanstig,2024,5,51.720740221550194,-0.543888569639158,-0.11349549440453785,6.064899824620135e-06
2161,Ljusdal,2021,5,40.968551790550435,-0.3388985252877248,-0.07092466885532313,3.844643096674759e-06
2161,Ljusdal,2022,5,40.29264638302029,1.1542664079871159,0.2416704105907427,4.723078222222624e-05
2161,Ljusdal,2023,5,36.893002483412815,-5.174370484275908,-1.0833552182616837,0.0009480012394679075
2161,Ljusdal,2024,5,34.44721919663182,1.5516964986785595,0.32468819081648354,7.890012629253473e-05
2180,Gävle,2021,5,47.84069889178778,-3.19091608074217,-0.6660834517291347,0.0002238061666510843
2180,Gävle,2022,5,46.09059621312038,0.46327699569567926,0.09674814684739713,5.13260742111468e-06
2180,Gävle,2023,5,43.23023656675016,1.1521766001933926,0.24065564137919182,3.276972462729643e-05
2180,Gävle,2024,5,45.90676160242503,1.7829088457731288,0.37261960425749346,8.69592135952945e-05
2181,Sandviken,2021,5,45.555125083048395,1.9862761908369535,0.4157475654667881,0.00013462890116450063
2181,Sandviken,2022,5,46.12347180711556,0.24718653857987505,0.051674740087082484,1.7452140442744765e-06
2181,Sandviken,2023,5,40.45992053507781,-0.7219066591329053,-0.15119800257160593,1.9276858181165697e-05
2181,Sandviken,2024,5,41.77029303911399,4.7625536762144804,0.9960679581448869,0.0006937302689698822
2182,Söderhamn,2021,5,39.48844861956286,1.6575075228563776,0.3464904635376153,7.796889430599598e-05
2182,Söderhamn,2022,5,40.07922226647071,-1.596365349850231,-0.33382090307727097,7.615327370628613e-05
2182,Söderhamn,2023,5,34.143389492528996,-3.2076746321218828,-0.6707357831826992,0.00030533569315880824
2182,Söderhamn,2024,5,35.33022288449734,-1.6777478386631586,-0.35079104164613856,8.23860767875614e-05
2183,Bollnäs,2021,5,42.203373372110306,-4.487976967968713,-0.9367215975096373,0.00043173920865502137
2183,Bollnäs,2022,5,39.17347828904247,0.2646226724959888,0.05524864456892143,1.5975169524408612e-06
2183,Bollnäs,2023,5,35.82351390580147,1.0508708901400752,0.2194067099802426,2.5261114734383785e-05
2183,Bollnäs,2024,5,37.97665350099878,-1.166837550078533,-0.24360326956093603,3.075582468834745e-05
2184,Hudiksvall,2021,5,40.02139313073139,0.3823796543470337,0.07977096962662691,2.8207422169252935e-06
2184,Hudiksvall,2022,5,38.81034475739794,-0.044689907047697375,-0.009324036623595303,3.943460222882429e-08
2184,Hudiksvall,2023,5,36.98261627567733,0.12722566880400876,0.026567713773880005,3.8335148228547867e-07
2184,Hudiksvall,2024,5,38.20913361014554,-3.1686305191201782,-0.660826195446742,0.0001799401494334641
2260,Ånge,2021,5,44.44929876558143,0.3898651031502922,0.0814541305944586,3.9422714105691974e-06
2260,Ånge,2022,5,43.97635090094625,-0.11766119297293898,-0.024543265649934854,2.598818543615891e-07
2260,Ånge,2023,5,41.20342917895993,0.9526801634486759,0.19876337297124583,1.7871673297730448e-05
2260,Ånge,2024,5,43.293420105497184,0.9347974973334203,0.19495705853514778,1.5712376290939788e-05
2262,Timrå,2021,5,54.82551243131638,0.7455415217048724,0.15561130565538106,1.1967599062108812e-05
2262,Timrå,2022,5,54.91990044417324,-3.3822187949674216,-0.7063838990701748,0.0002779297023185381
2262,Timrå,2023,5,48.5242589938296,-1.8309864738752069,-0.3824444896912707,8.297319438727711e-05
2262,Timrå,2024,5,50.78547873522459,2.236609045153237,0.46682801742651153,0.00010758025846859532
2280,Härnösand,2021,5,50.36251122517121,-2.5054825989118186,-0.5249341433235624,0.00024193545208226047
2280,Härnösand,2022,5,48.624691088461134,0.5734278069928607,0.11998813396265308,1.0774551706162416e-05
2280,Härnösand,2023,5,45.899628414601224,1.7599805737982237,0.3681643060776631,9.745714891541517e-05
2280,Härnösand,2024,5,49.38232261148727,-0.2695345225621182,-0.056351971976352146,2.1059885937479007e-06
2281,Sundsvall,2021,5,42.03577531991631,-3.5986180596202857,-0.7525832011514874,0.00039201483871959024
2281,Sundsvall,2022,5,41.51759379810303,-1.7434369357526123,-0.3647788165074685,9.845712468499076e-05
2281,Sundsvall,2023,5,37.6020770854621,-1.0746058871312343,-0.22481857144641124,3.692125813957723e-05
2281,Sundsvall,2024,5,40.03101613270252,-1.7970285711162148,-0.3757146531038407,9.389454065150636e-05
2282,Kramfors,2021,5,51.022549818926244,2.9069142188410453,0.6116240099032005,0.000490301593715608
2282,Kramfors,2022,5,50.674988172014416,1.4362718816048883,0.30160041936487036,0.00010083784659950919
2282,Kramfors,2023,5,44.295458744621996,1.6463482997884142,0.3458373563541978,0.00013694982456174197
2282,Kramfors,2024,5,45.66938034011327,7.386476957925723,1.5498520309823383,0.002469389147222372
2283,Sollefteå,2021,5,41.60153589594799,3.418130310068804,0.7169543925885539,0.0005103261790237369
2283,Sollefteå,2022,5,43.25342757950762,1.263634615810318,0.2648940940035866,6.551162854458852e-05
2283,Sollefteå,2023,5,38.580465215228095,0.722023582482862,0.15154237313939264,2.43097373625621e-05
2283,Sollefteå,2024,5,40.03411075955597,-0.025413216611852363,-0.005323658236009937,2.4465793889513852e-08
2284,Örnsköldsvik,2021,5,30.870946597489016,1.0692930886618548,0.22395070195367656,4.218145047839341e-05
2284,Örnsköldsvik,2022,5,31.072346402873443,-1.8411064151131242,-0.3858861782097794,0.00013656527925317327
2284,Örnsköldsvik,2023,5,26.726427309039742,2.474336957876872,0.5182447937057955,0.00022716978950650433
2284,Örnsköldsvik,2024,5,29.38551834126162,2.0521744242813718,0.43013872213164134,0.00017028792827961667
2303,Ragunda,2021,5,52.518785836212956,7.366051015994337,1.5372925602357117,0.0011418817221583524
2303,Ragunda,2022,5,55.99238276467302,-5.161304295403596,-1.0780549797530474,0.0006588052896052262
2303,Ragunda,2023,5,44.22618109155178,0.9539552278250483,0.1995922587380802,2.9405093725125335e-05
2303,Ragunda,2024,5,47.439863353753864,7.748632565406652,1.617827177475147,0.0013774312661751589
2305,Bräcke,2021,5,60.26230534536834,1.1142128732551413,0.2338083624360002,5.66998479459845e-05
2305,Bräcke,2022,5,58.46424189468815,16.51141535945012,3.4444019168534514,0.005202275508377536
2305,Bräcke,2023,5,67.24234282341058,-10.67569255287443,-2.232027512207387,0.003314164609638711
2305,Bräcke,2024,5,57.222254931892245,-0.38712651432803824,-0.08084421529294837,3.5749005185788253e-06
2309,Krokom,2021,5,59.965030831932424,10.123556974216612,2.1184095120071094,0.00337655550260519
2309,Krokom,2022,5,63.73747578016704,2.6416125535955146,0.5543066251116551,0.0003178967534889
2309,Krokom,2023,5,58.0705831933419,-4.527781013155945,-0.9477114853315466,0.0006997069046557103
2309,Krokom,2024,5,54.14663260997812,4.909489839001473,1.027102529651652,0.0007692548748485527
2313,Strömsund,2021,5,42.06822950884651,1.163706340539008,0.24268930498857216,2.4154145111009644e-05
2313,Strömsund,2022,5,41.055174887443684,1.236656296201133,0.25794212917294884,2.8305727425582668e-05
2313,Strömsund,2023,5,38.862982720959245,-2.149224059931619,-0.4481962777171299,8.141636403882625e-05
2313,Strömsund,2024,5,42.07024409881422,-0.8836342829746116,-0.18468090302673842,2.1463681294820897e-05
2321,Åre,2021,5,91.2129803891124,9.838278676978376,2.0859254616715948,0.009150169906428144
2321,Åre,2022,5,94.6686837525804,-10.72707791316435,-2.267504912739746,0.009197773530048
2321,Åre,2023,5,81.09168587572582,5.39740269937046,1.1417991105113454,0.0024373990623707885
2321,Åre,2024,5,84.81795844513483,7.75274981926286,1.6368322276398828,0.004462000856256901
2326,Berg,2021,5,58.130056919579204,0.5945401371832375,0.12476643354153817,1.6236142046376985e-05
2326,Berg,2022,5,56.202993797674054,3.022201297086255,0.6343953999757052,0.0004311268000087056
2326,Berg,2023,5,54.99336559124817,4.110275865334465,0.8763117447822678,0.0020610727456171437
2326,Berg,2024,5,57.01802032767946,5.728181135460666,1.2026870525322773,0.0015832690578141755
2361,Härjedalen,2021,5,57.37196021429439,7.093137669826632,1.4905726554772707,0.0026301972322947476
2361,Härjedalen,2022,5,62.355462234815114,4.605755241866284,0.9697506683763394,0.0013008292016739207
2361,Härjedalen,2023,5,60.049440813211014,-2.7798498817176664,-0.5892088832066363,0.0007191102702672663
2361,Härjedalen,2024,5,56.34067339952554,4.789547730695588,1.0072871004627504,0.0012834629452068889
2380,Östersund,2021,5,57.74906169436211,-4.17652267315696,-0.8728320705394549,0.0004734617002946418
2380,Östersund,2022,5,55.85382146884831,-0.8734462795538747,-0.18251276016649007,2.0245199872084334e-05
2380,Östersund,2023,5,52.833158424105775,-1.6933794441270464,-0.35368197362196907,7.024472715536912e-05
2380,Östersund,2024,5,53.857226027792244,-3.1485355277845457,-0.6579713881522862,0.0002672926096826997
2401,Nordmaling,2021,5,51.76369218536486,-0.21439641071697224,-0.044774468941535715,1.1044332732623884e-06
2401,Nordmaling,2022,5,50.232836638342135,-1.690521325576782,-0.35294840599130256,6.508046456240808e-05
2401,Nordmaling,2023,5,44.18789164304028,7.852489417673496,1.6390416240940686,0.0013360307550361631
2401,Nordmaling,2024,5,50.73123588299521,-6.075517069973024,-1.2692781879791626,0.0009478183904666589
2403,Bjurholm,2021,5,57.17907018315978,7.5390926560886555,1.5812348193504409,0.002467273110085032
2403,Bjurholm,2022,5,60.24599568133815,-4.596754534626513,-0.9680824797062662,0.0013189417793385149
2403,Bjurholm,2023,5,50.5242820914723,1.434832048221054,0.30187231656969626,0.00011878964849111048
2403,Bjurholm,2024,5,54.35016752051727,6.692647231496295,1.4026345350384677,0.0017887461955204847
2404,Vindeln,2021,5,55.47548889869438,5.065051641846161,1.060736334533072,0.0009378501032114099
2404,Vindeln,2022,5,57.88168227302363,-4.829356691628277,-1.0098627637856827,0.0006949831681792153
2404,Vindeln,2023,5,48.56215915848221,-2.5998811874146384,-0.5439751692038496,0.00021910317194535745
2404,Vindeln,2024,5,48.40715129178694,1.9897473606036868,0.4161299884191667,0.00012035144423707681
2409,Robertsfors,2021,5,50.427368903491995,0.8546823785592892,0.1786742005901865,2.089178017804627e-05
2409,Robertsfors,2022,5,49.947458016076446,3.166908014401436,0.6615417172305158,0.000252190539114271
2409,Robertsfors,2023,5,49.650289003607526,-3.0627519116193938,-0.6388357893013787,0.00017401683364972375
2409,Robertsfors,2024,5,47.838684024341816,3.4318690399332183,0.716185279339892,0.00024459913095609413
2417,Norsjö,2021,5,47.20118806245693,1.904830572647576,0.3989054842829705,0.00013226584723148818
2417,Norsjö,2022,5,49.584367746182004,-0.6864706091158794,-0.1437294311820685,1.673651460400039e-05
2417,Norsjö,2023,5,42.845348468502785,1.2423171787958935,0.26050127700150516,6.537264382268493e-05
2417,Norsjö,2024,5,45.34414835179666,14.887706486913018,3.113897605173522,0.006842001963418889
2418,Malå,2021,5,47.30631871641229,-3.1402013795632513,-0.6604733424320862,0.0005558267874000256
2418,Malå,2022,5,45.78842015571775,4.326977140688449,0.9076158700629124,0.0008206589121149193
2418,Malå,2023,5,46.127845227583876,-4.656273321229364,-0.975700395449251,0.000850247426822749
2418,Malå,2024,5,48.12578236757321,0.8276274906307108,0.17400448443002922,3.734783602339363e-05
2421,Storuman,2021,5,51.507752681856175,-3.1262099821316554,-0.6582850465614316,0.0006031701689888798
2421,Storuman,2022,5,47.51981927206164,4.855332981287937,1.0213664591421985,0.0013451643264922781
2421,Storuman,2023,5,49.006520936811135,-4.708353350972317,-0.9916953620969392,0.0013952884061528286
2421,Storuman,2024,5,46.26514774329541,0.5342067483667776,0.11264225719276076,1.945355864299546e-05
2422,Sorsele,2021,5,48.246238873696306,4.192785516547595,0.8832838908845206,0.0011232391708885345
2422,Sorsele,2022,5,50.996317712023085,-4.608797186571522,-0.9697419617939004,0.0012361740446373195
2422,Sorsele,2023,5,46.765666384266254,0.15515473010324854,0.03261673534136062,1.2997123290724306e-06
2422,Sorsele,2024,5,50.99046872685482,-6.018046155789911,-1.2637227823021278,0.0017707496155086298
2425,Dorotea,2021,5,53.58243205338908,-12.102155518212179,-2.5407942972578246,0.007022016211442622
2425,Dorotea,2022,5,43.74222567024237,5.988400106798657,1.2551557694100395,0.00144722694454604
2425,Dorotea,2023,5,43.59547705927615,-5.117495015667771,-1.0820347873306086,0.0021271207880014147
2425,Dorotea,2024,5,44.106822483222174,0.35699617414486795,0.07512912656308333,7.521296980222738e-06
2460,Vännäs,2021,5,67.86952465432239,-6.018409125274452,-1.260562512604362,0.001346477768915988
2460,Vännäs,2022,5,62.04445631258897,-4.139736910603027,-0.8666635828763155,0.0006004444226293952
2460,Vännäs,2023,5,56.833296705762656,12.379640704547533,2.58931953617567,0.004732610685659051
2460,Vännäs,2024,5,66.97069145197246,-13.532233282896676,-2.8338667775600137,0.006668278682036402
2462,Vilhelmina,2021,5,34.998466802367396,-1.2282277892602238,-0.2592557675751142,0.00011035706940345842
2462,Vilhelmina,2022,5,35.19009468311275,-3.1237721428343193,-0.6563312525568659,0.0005027403244115709
2462,Vilhelmina,2023,5,32.37521752661168,1.953378992628302,0.41006981043968144,0.00018150639220966043
2462,Vilhelmina,2024,5,38.45936405995737,4.083580232866517,0.8571086279354244,0.0007797348276104933
2463,Åsele,2021,5,57.81716211673176,-9.366859302339165,-1.9782841679244214,0.006654020796403905
2463,Åsele,2022,5,48.684684474988345,1.2793701619634916,0.27014139173638385,0.00012234339599030746
2463,Åsele,2023,5,45.60019308931841,-8.80843444325513,-1.8536599842457373,0.004567728799777135
2463,Åsele,2024,5,42.41031818966118,13.26896911546131,2.7972934175633646,0.011827793348998247
2480,Umeå,2021,5,60.51818046119261,-6.661985281150315,-1.4086311956759339,0.0036096503644694267
2480,Umeå,2022,5,57.05710287267167,-0.7558210637708527,-0.1597697532455026,4.571755239053433e-05
2480,Umeå,2023,5,54.79657468633467,0.4062564592724698,0.08583031073492166,1.2780986342763304e-05
2480,Umeå,2024,5,58.466359957800435,-0.00782395380785772,-0.0016548904371956543,5.079691588100787e-09
2481,Lycksele,2021,5,44.8644139299312,-5.72547068139891,-1.1967969556805047,0.0009213554828964066
2481,Lycksele,2022,5,40.51628271043449,1.46689134821127,0.30647081817676525,5.56426391564853e-05
2481,Lycksele,2023,5,39.646716889012765,2.7671044489058474,0.5778073038511368,0.00017961689084160506
2481,Lycksele,2024,5,43.40126796069486,-5.688774149834984,-1.1877614122000681,0.0007435806246786055
2482,Skellefteå,2021,5,33.342243760239356,3.5005069108055693,0.7324185983066281,0.0003975572435149151
2482,Skellefteå,2022,5,36.116575382740436,5.898424214044596,1.2344936606007146,0.0011737537981446394
2482,Skellefteå,2023,5,36.14855439381472,24.053687512589605,5.042621204327502,0.023882992928165737
2482,Skellefteå,2024,5,52.17709492152165,11.201024080397737,2.3699224830697223,0.01059661761472654
2505,Arvidsjaur,2021,5,46.89949867330355,-2.295884803858648,-0.4821314924772088,0.0002587869504983601
2505,Arvidsjaur,2022,5,44.22042549818946,0.12583534291674425,0.026433880262314635,8.014240528039483e-07
2505,Arvidsjaur,2023,5,40.90370971850737,8.662787909498519,1.8226363312761993,0.004346234274871924
2505,Arvidsjaur,2024,5,44.3032709741557,4.308980627092453,0.9217289016220297,0.002578264258802113
2506,Arjeplog,2021,5,44.76429507553619,1.7816967973858624,0.37584100146442534,0.0002225555398293807
2506,Arjeplog,2022,5,48.39360786363654,-12.398107301206842,-2.600349496613656,0.006670971793247739
2506,Arjeplog,2023,5,39.94341717964303,-2.7644213958178057,-0.586095772454989,0.000721122244083008
2506,Arjeplog,2024,5,42.26622508128699,3.5206160114409855,0.7442870073100051,0.0009982493808939489
2510,Jokkmokk,2021,5,47.84580022568027,2.991019858001735,0.6283382610718001,0.0004543032740211328
2510,Jokkmokk,2022,5,53.60298019391856,-1.7122238913975565,-0.36002641200936236,0.00016136361394245908
2510,Jokkmokk,2023,5,49.4247227404295,-6.4890205407679105,-1.3626672738308756,0.002065173378170349
2510,Jokkmokk,2024,5,45.02062765217519,6.457781197005829,1.3602415207606329,0.0026353436358101403
2513,Överkalix,2021,5,40.1075134450054,-0.4396167660386112,-0.09227427266402934,9.060498184012714e-06
2513,Överkalix,2022,5,40.38122842405418,4.5554804367053165,0.9644343985787422,0.0018131543220646798
2513,Överkalix,2023,5,43.71742708534825,6.567202895676417,1.3940048832485485,0.004321945709747448
2513,Överkalix,2024,5,47.70047490466854,8.844354836037489,1.8643658944768262,0.005224442627755967
2514,Kalix,2021,5,41.64180393740998,1.0395760727371481,0.2170506614869635,2.4768591159400756e-05
2514,Kalix,2022,5,42.62489487554962,-0.727762190699984,-0.15182402556531396,1.0222654944073206e-05
2514,Kalix,2023,5,37.53336312288661,0.7376859541057357,0.15396192697435507,1.1563744436401169e-05
2514,Kalix,2024,5,40.03851028604628,-1.704418933957399,-0.3557864204334811,6.384762427195709e-05
2518,Övertorneå,2021,5,52.28356989102244,-0.9893404918298501,-0.20829387848444825,5.972139645851e-05
2518,Övertorneå,2022,5,51.36396191658926,-4.993483645164154,-1.0516318740955521,0.0015561800248655687
2518,Övertorneå,2023,5,47.66288120379142,0.5269426709639617,0.11115076950212321,1.9402670122047135e-05
2518,Övertorneå,2024,5,50.40031664187596,6.045332852824558,1.2768393640649558,0.0027802054394171992
2521,Pajala,2021,5,55.60995826697285,-5.886201360895505,-1.2385106712839316,0.002014920914416021
2521,Pajala,2022,5,50.46728249849397,-5.422237453448929,-1.1374422420625916,0.001299024887741001
2521,Pajala,2023,5,42.94276613639483,7.985525466398563,1.679834938597421,0.003639051503492215
2521,Pajala,2024,5,51.166782461171614,-4.385153640956489,-0.9199927892014985,0.0008595216683163795
2523,Gällivare,2021,5,38.4715163690251,-2.652844811915813,-0.5581156265240207,0.00040532359549028796
2523,Gällivare,2022,5,35.29811236357483,-0.3957013417608266,-0.08438401875590913,1.929305196463041e-05
2523,Gällivare,2023,5,31.40419442401786,5.0066538160283045,1.0539939854654519,0.001518608241489957
2523,Gällivare,2024,5,37.429601702978665,0.2887294059402663,0.06073795697772502,4.762735226191026e-06
2560,Älvsbyn,2021,5,46.79175797568182,-1.5926070205063922,-0.3325923757001468,6.070140141375037e-05
2560,Älvsbyn,2022,5,46.99882054193631,-0.3549070038248203,-0.07412617555712565,3.083469314986614e-06
2560,Älvsbyn,2023,5,44.624162135399935,2.0159509315408357,0.4213688341858696,0.00011310101885757052
2560,Älvsbyn,2024,5,50.42412305288316,-1.6718719594949434,-0.3493647710940482,7.472346287936103e-05
2580,Luleå,2021,5,53.26942446778751,-1.9932252970316782,-0.41704027967826535,0.00012861843496292347
2580,Luleå,2022,5,52.7338177276057,-2.0044249660086066,-0.4196667362750694,0.0001423149382320378
2580,Luleå,2023,5,47.243526453156825,0.4931405495652257,0.10330367401337119,9.198663192865839e-06
2580,Luleå,2024,5,49.769316625225045,1.9727889683464284,0.41338719782415223,0.00015256023031079243
2581,Piteå,2021,5,37.384041549904886,-0.335628157659535,-0.07018438698736011,3.367240043835597e-06
2581,Piteå,2022,5,37.77473669422612,-4.088886167810941,-0.854379773272865,0.00044175937154850616
2581,Piteå,2023,5,30.475543977274935,2.4689109632125046,0.5162200995682573,0.00017889038506843698
2581,Piteå,2024,5,34.375446105235596,1.9050919775499935,0.39838945308551327,0.00010885639920848973
2582,Boden,2021,5,47.20451511359941,0.27417806821876667,0.05725670875186412,1.7913544772584461e-06
2582,Boden,2022,5,48.08035253998077,-1.69558357249646,-0.3537521112173621,5.6336496539338994e-05
2582,Boden,2023,5,44.48242219377266,4.044937073306748,0.8448166920579376,0.00039946923703991456
2582,Boden,2024,5,49.89268096767611,4.1555916980160745,0.8690134741969785,0.0005182637047965442
2583,Haparanda,2021,5,51.64959574357775,-5.84083415975298,-1.2482230809104382,0.004571928501816936
2583,Haparanda,2022,5,49.34146303963646,-9.405702868330252,-2.0077490151866773,0.011338666971638668
2583,Haparanda,2023,5,44.006998080127595,-2.4901625129487783,-0.535627519447199,0.0010402194915945387
2583,Haparanda,2024,5,48.37428834252858,-0.9477775786776377,-0.20277080560719066,0.00012548261883009971
2584,Kiruna,2021,5,44.61411210140181,-5.376692460523955,-1.129281385879193,0.0014412491164416928
2584,Kiruna,2022,5,44.42873885782706,-0.09925573781635677,-0.020839011852814476,4.73868584979201e-07
2584,Kiruna,2023,5,44.05577738354974,2.5273813558074565,0.5301805203524268,0.0002823752479764318
2584,Kiruna,2024,5,49.91993727709191,-1.4494119939384262,-0.3042133804099896,9.804631511781475e-05
