kommun_kod,kommun,year,window,fitted,residual,std_residual,cooks_distance
0114,Upplands Väsby,2024,1,91.1374373439087,-4.179187637015232,-0.4885534958216169,0.0015593387713326585
0115,Vallentuna,2024,1,72.9862844303738,-4.59025948661116,-0.5256738259211917,0.001076763716069566
0117,Österåker,2024,1,64.11081767655256,2.412571963313269,0.2734933092245865,0.0001970892515940447
0120,Värmdö,2024,1,66.85023871493844,-1.9633511841139608,-0.22576066833610692,0.0002247831406069218
0123,Järfälla,2024,1,88.02656444932876,25.340495696820767,2.904779973174631,0.03390085719658612
0125,Ekerö,2024,1,63.87167392917945,-3.961608207975715,-0.460771201575669,0.001246753475759322
0126,Huddinge,2024,1,77.27132686494153,24.34366473640226,2.7832099915864985,0.028577941892288072
0127,Botkyrka,2024,1,87.21918993124575,1.9419591225053523,0.2306626467375068,0.00046014095522196424
0128,Salem,2024,1,85.90089889436392,-5.475926026368256,-0.6348393946260226,0.0021982108161165263
0136,Haninge,2024,1,79.68057617042349,4.4167527358652166,0.513846419340429,0.0015596798448611008
0138,Tyresö,2024,1,67.60546038913935,-2.842045110260159,-0.3202804279002925,0.00019620202749091216
0139,Upplands-Bro,2024,1,81.37661025024137,18.96414671702162,2.1682940779562547,0.01737869242782238
0140,Nykvarn,2024,1,79.42767170619028,-0.9962991571706681,-0.12983766278736733,0.00037757990562952944
0160,Täby,2024,1,87.41147120748468,-1.0896971799069917,-0.12742810470465288,0.00010676345661136173
0162,Danderyd,2024,1,85.73112265506987,8.91806778440585,1.257866277127263,0.05746545913231128
0163,Sollentuna,2024,1,87.45410566509054,15.155911855263994,1.7281905464832796,0.010031941699052383
0180,Stockholm,2024,1,66.47712202362065,5.821873329813656,0.6825763167997748,0.0032221776824654736
0181,Södertälje,2024,1,81.07244781415157,-12.401460261800509,-1.4668064376623362,0.01738421218476166
0182,Nacka,2024,1,84.45616435729642,-1.4409652706687552,-0.16641597541447772,0.00013745832303861249
0183,Sundbyberg,2024,1,103.97269417947689,31.702750963928594,3.863473412572455,0.18212324565034282
0184,Solna,2024,1,100.89855507291394,36.53165159693883,4.468575539636603,0.2542518931041965
0186,Lidingö,2024,1,79.20017219781802,0.383100845156946,0.04683128005533452,2.7725336583500183e-05
0187,Vaxholm,2024,1,85.70940657198584,-21.084131660803294,-2.4703104560697287,0.041663373235134256
0188,Norrtälje,2024,1,53.68919284355121,4.341895239350343,0.4978167542393083,0.0010022896825421447
0191,Sigtuna,2024,1,87.02239898570747,5.857620723580538,0.6984994119636635,0.004479467584487101
0192,Nynäshamn,2024,1,67.10539443072571,8.992581304255808,1.0196163743972757,0.002764631498438057
0305,Håbo,2024,1,55.192678118310795,9.230775501155534,1.0505845681922823,0.003449698508253697
0319,Älvkarleby,2024,1,59.42880202137647,-0.4882660079761365,-0.05508365359014255,6.200073404311868e-06
0330,Knivsta,2024,1,83.24383219954562,5.181591289342222,0.5935362760080313,0.0013834072255651776
0331,Heby,2024,1,54.84232982250957,8.245854213739996,0.942640233364898,0.003265454894819488
0360,Tierp,2024,1,55.742789223223575,-1.9615155310325179,-0.22206900449738354,0.00012199222998317486
0380,Uppsala,2024,1,78.13682036835459,-9.645271436027642,-1.1632815999369095,0.014535367264630537
0381,Enköping,2024,1,54.79965169585364,2.0009903983613384,0.225388130395426,9.41332547102301e-05
0382,Östhammar,2024,1,44.93910813894443,-1.665099646759046,-0.19078645533390406,0.000144235175890454
0428,Vingåker,2024,1,45.5689761728311,5.859595255740331,0.6674048023470109,0.001434011579451537
0461,Gnesta,2024,1,67.89796145145037,-13.438195349163756,-1.5299365340659798,0.00740914462285562
0480,Nyköping,2024,1,50.60323392546226,0.11320649686051354,0.012966663495249709,6.589327574663801e-07
0481,Oxelösund,2024,1,67.62686764303376,-9.111366022220864,-1.0512182488285309,0.005344749803639005
0482,Flen,2024,1,56.401143452290576,5.17937991706237,0.5911257690437545,0.0012130291419777536
0483,Katrineholm,2024,1,50.72639190567727,0.7463492081014991,0.08399539491070988,1.2339512023706518e-05
0484,Eskilstuna,2024,1,52.84272356672975,-10.894270631643984,-1.238048142143219,0.004505336423740904
0486,Strängnäs,2024,1,66.0096367631946,-3.9945272574331554,-0.468494179026094,0.0015279366041883716
0488,Trosa,2024,1,68.16057384218868,-7.398196941270882,-0.8519676391512746,0.0033381463145295753
0509,Ödeshög,2024,1,51.61368182801903,0.5153997072110599,0.059056923315482616,1.3839812649392404e-05
0512,Ydre,2024,1,50.020741077575806,7.342744857338701,0.8385592439095618,0.0024962074490312834
0513,Kinda,2024,1,43.256770011855984,4.147066485080842,0.46798264769847364,0.0004550408370824331
0560,Boxholm,2024,1,59.82441032377624,-6.353320963616731,-0.72196481878151,0.001528512056899461
0561,Åtvidaberg,2024,1,42.40220688694139,6.869616606561706,0.7744305853889984,0.0011723825163913312
0562,Finspång,2024,1,48.03248872325062,3.717962185503943,0.41945498587350094,0.0003602167998208812
0563,Valdemarsvik,2024,1,43.967953610291026,23.80613276844651,2.685549663606223,0.014693000672219606
0580,Linköping,2024,1,59.330120432460255,-0.5149926317044589,-0.05958732551300406,1.8471214391044587e-05
0581,Norrköping,2024,1,54.82748120164528,-12.649249721441109,-1.4443138486788583,0.007358161285408037
0582,Söderköping,2024,1,49.6507876190752,5.0520320441880315,0.5697984813778069,0.000653323955299888
0583,Motala,2024,1,41.403759385601894,-5.72969893278038,-0.6471938895220118,0.0009189446509680898
0584,Vadstena,2024,1,56.56507301890959,9.523044471077057,1.0975585952696179,0.005664958220229909
0586,Mjölby,2024,1,51.04861900683943,-1.9111386095576748,-0.21462432451152427,6.868335940409965e-05
0604,Aneby,2024,1,53.61501243064653,-8.153779533780266,-0.919487943979097,0.0016851573065601068
0617,Gnosjö,2024,1,48.22395007135951,-5.183757321386892,-0.5965236786044705,0.0016038645663059696
0642,Mullsjö,2024,1,57.233967051265076,-4.034072397591125,-0.45594457658390636,0.00047161768194407225
0643,Habo,2024,1,59.63786562888856,-10.960695593216741,-1.2593987197495824,0.006845024796426961
0662,Gislaved,2024,1,39.28518923030789,1.7363756024264205,0.19782639793353426,0.00012732127405680197
0665,Vaggeryd,2024,1,47.80832501512839,-0.5233334468315931,-0.059298000998281926,9.061302261318397e-06
0680,Jönköping,2024,1,53.73274627799155,-0.8252734022143997,-0.09379769113129151,2.599793861662059e-05
0682,Nässjö,2024,1,46.2667878591205,5.431695694240062,0.6099876582050228,0.0005546814944736441
0683,Värnamo,2024,1,44.24969249280693,-5.224737365715271,-0.588486079467221,0.0006403471278916701
0684,Sävsjö,2024,1,50.97946633479842,-3.068024667411059,-0.34773918909640306,0.0003161713516792556
0685,Vetlanda,2024,1,35.6672644194643,5.672462404133491,0.6443029219238156,0.0011941347245358774
0686,Eksjö,2024,1,54.17679102914265,2.0844499780515946,0.2352390344094555,0.00011542921603504383
0687,Tranås,2024,1,47.583322313423764,-2.216734482849695,-0.2523757862205383,0.00020164015345444539
0760,Uppvidinge,2024,1,47.268832227051675,1.622018672407549,0.1829953798957922,6.85968751486811e-05
0761,Lessebo,2024,1,57.70851479712324,8.041274079701466,0.9225878759494059,0.003514647154879903
0763,Tingsryd,2024,1,45.965309201932,9.608817490362831,1.0896574388091986,0.003180236762048268
0764,Alvesta,2024,1,46.74305146763743,2.424875915115976,0.2754755251780992,0.0002199106766993462
0765,Älmhult,2024,1,54.4169246500132,-6.3231162321805385,-0.724892849771644,0.0021179819535344442
0767,Markaryd,2024,1,49.19730635905701,2.3221140474634154,0.2601037124095866,7.98133609621193e-05
0780,Växjö,2024,1,55.88527509688757,4.307537155232758,0.49939831116922917,0.0013611700653310898
0781,Ljungby,2024,1,39.494366680203,-2.082768377515592,-0.23900004504732641,0.00023709208073819459
0821,Högsby,2024,1,59.22298400209033,3.7351065823862726,0.4309947081383952,0.000901675420181784
0834,Torsås,2024,1,53.18055503144419,1.0863407302969321,0.12327076424735886,4.18804071657076e-05
0840,Mörbylånga,2024,1,54.72848471291241,1.4228959576990263,0.16287357995097923,0.00010182454771057559
0860,Hultsfred,2024,1,44.258111367436214,1.4524130236995987,0.16389747274256533,5.576305492426478e-05
0861,Mönsterås,2024,1,46.469302605868435,2.80761223076788,0.3162320122751933,0.00018482310368686072
0862,Emmaboda,2024,1,50.2200179959851,-2.0299225040908127,-0.22838368174310814,8.936696944255733e-05
0880,Kalmar,2024,1,54.00871939024473,5.272750680177808,0.598712794001335,0.0010171555232429432
0881,Nybro,2024,1,44.16735108719056,4.401642948196134,0.49780674501626554,0.0005815621506408687
0882,Oskarshamn,2024,1,43.86266345827252,-0.553968290572044,-0.06353785203221421,1.651158466095513e-05
0883,Västervik,2024,1,39.875016466458845,-1.572824242133109,-0.1793238104045595,0.00010753655346660146
0884,Vimmerby,2024,1,39.87846197954285,1.4631916866037997,0.16521753720494842,5.875462306082717e-05
0885,Borgholm,2024,1,54.57246653021829,1.3060258755570686,0.1506292294431279,0.00010872857004640866
0980,Gotland,2024,1,47.336012012842744,-3.9055286683018977,-0.4625356046632652,0.0017659349650545344
1060,Olofström,2024,1,58.36646050739589,-8.520306661242046,-0.961747370203693,0.001952188012280839
1080,Karlskrona,2024,1,50.358398043506895,-7.387703785501735,-0.8445734271445652,0.0026249768120108004
1081,Ronneby,2024,1,44.518182288428974,-4.818798133389137,-0.5470205810839269,0.0008392123838607174
1082,Karlshamn,2024,1,55.73133807869423,-16.992400722390492,-1.9015673730303702,0.003860536050505021
1083,Sölvesborg,2024,1,50.91618175458249,-5.075676877933034,-0.566261582313114,0.00022473857506614506
1214,Svalöv,2024,1,64.0073183535615,12.180538347256757,1.3774147761180318,0.00442700390968365
1230,Staffanstorp,2024,1,70.82818398914284,-3.399696277169795,-0.38787803169652985,0.0005159330227781267
1231,Burlöv,2024,1,89.68825964311898,15.77913003898638,1.845199563967769,0.022387035891646964
1233,Vellinge,2024,1,50.07891543640183,4.606931824017039,0.5474195450962139,0.0026076125911524677
1256,Östra Göinge,2024,1,49.76692310528847,7.322789299919712,0.8309892887479693,0.0019080564068724517
1257,Örkelljunga,2024,1,56.01644365370183,2.7555715258252746,0.3099003460102787,0.00015985747930387216
1260,Bjuv,2024,1,67.9248646474616,18.718863848002897,2.1486257121961794,0.019328511848262075
1261,Kävlinge,2024,1,54.91058861864888,-2.996926642481128,-0.33822829684063954,0.0002391362240151554
1262,Lomma,2024,1,75.76381725129161,-15.55746483373143,-1.8352712910037001,0.026036668163990292
1263,Svedala,2024,1,60.37722825577204,-0.5833263856223425,-0.0660959469213836,1.126000585816753e-05
1264,Skurup,2024,1,58.449398317090356,11.905593202881576,1.343501869153051,0.003749544508691449
1265,Sjöbo,2024,1,52.3632328535033,7.418532673724293,0.840265817559602,0.0017869607206635872
1266,Hörby,2024,1,55.555352804299005,5.683562502216866,0.6405017135846544,0.000784688737480135
1267,Höör,2024,1,67.62818257945784,0.18777814665244819,0.02131835453453292,1.2802311180038064e-06
1270,Tomelilla,2024,1,53.22561324151813,17.967289463958807,2.0230283188029423,0.007393272415549569
1272,Bromölla,2024,1,56.61408331445956,-1.2812845975389564,-0.1437598951850946,2.8552308141249642e-05
1273,Osby,2024,1,52.31935799002676,-3.041533011267198,-0.3401981115395973,0.0001166200244542373
1275,Perstorp,2024,1,77.7864717178994,-2.872857343331333,-0.3321739141183932,0.0005642097254121856
1276,Klippan,2024,1,63.4259587511658,4.9380471198966305,0.5542248090143878,0.00043616969618749793
1277,Åstorp,2024,1,66.34455061413333,20.104473642660395,2.308291421771007,0.022488269703846205
1278,Båstad,2024,1,61.9896605696893,10.95430548547106,1.2613931638790379,0.0073027784643500205
1280,Malmö,2024,1,78.17771793828344,-12.59206632086321,-1.4605434187811843,0.011768520947708097
1281,Lund,2024,1,103.101342655846,-6.901023482656541,-0.9335317819686102,0.025003655978542833
1282,Landskrona,2024,1,70.83292459332576,-8.075309763166594,-0.911017044381436,0.0016961636222550505
1283,Helsingborg,2024,1,63.77717949259132,-1.4197750439388699,-0.16178457353730732,8.573059797145825e-05
1284,Höganäs,2024,1,62.098847057975505,-1.599374669653308,-0.1819439526975339,0.00010152617875485099
1285,Eslöv,2024,1,67.93417588739301,5.142967460639753,0.5764492576459125,0.00041813886849737534
1286,Ystad,2024,1,61.274853186085714,-3.9335462652609436,-0.44935182068283075,0.0007241444374075017
1287,Trelleborg,2024,1,55.416625200767704,1.5551744988239946,0.174272147075956,3.7389675730418056e-05
1290,Kristianstad,2024,1,42.302472532378076,3.0210436000152114,0.3502545847192815,0.0006698739953750247
1291,Simrishamn,2024,1,58.72727645405882,1.0397960710867622,0.11917071133053793,5.674339699821042e-05
1292,Ängelholm,2024,1,52.95963980347868,-0.3105597768770423,-0.03479162420091494,1.4502559728099527e-06
1293,Hässleholm,2024,1,49.23956945958304,0.4016018187682704,0.045267732352694906,3.973084254780282e-06
1315,Hylte,2024,1,51.6093050926736,0.5680193482836344,0.0641566286669916,9.002340935949444e-06
1380,Halmstad,2024,1,50.173839590620034,0.2390407683407929,0.02756231932018385,3.615167871281065e-06
1381,Laholm,2024,1,45.218563733670706,6.821293382328541,0.7699018650085125,0.0012448608082655545
1382,Falkenberg,2024,1,48.61806611511489,-6.3255676466863875,-0.7158255203213411,0.0012403094421480185
1383,Varberg,2024,1,45.690290172980525,-3.8052460148800478,-0.4332089440983477,0.0005930874434807679
1384,Kungsbacka,2024,1,43.89006857100169,1.3472495938621663,0.15507011197044399,0.00010906536255471795
1401,Härryda,2024,1,62.26125728825971,-1.2158356948792175,-0.13877096406817307,6.697041042730327e-05
1402,Partille,2024,1,80.12390434329795,5.190270035659665,0.5932306243665543,0.0012855301757769913
1407,Öckerö,2024,1,57.62141228698877,-10.63996995670923,-1.2100841879996567,0.004444079922776344
1415,Stenungsund,2024,1,52.78658931200931,0.10199637611678725,0.011565823122269135,3.5721843841143764e-07
1419,Tjörn,2024,1,66.6019890747801,-18.689983109082867,-2.199544485997227,0.03586328405215006
1421,Orust,2024,1,50.60510594487673,5.739344289620398,0.6493342821121094,0.001008511053374451
1427,Sotenäs,2024,1,52.657379481529354,5.888314718822137,0.680010613505722,0.0022928717863928473
1430,Munkedal,2024,1,54.310366820276386,-8.434376864703658,-0.9447458309184517,0.00105270905895491
1435,Tanum,2024,1,49.997549279620635,-1.4576604516240792,-0.1649165595570034,6.506789122323583e-05
1438,Dals-Ed,2024,1,60.09729881688101,-14.938809889395117,-1.6818811399342748,0.005078362680802917
1439,Färgelanda,2024,1,56.266463671428696,-1.059437322620667,-0.11969358023391583,3.180569708260033e-05
1440,Ale,2024,1,61.02409737794912,-2.361278124511003,-0.2663651591100735,0.0001442639975658688
1441,Lerum,2024,1,57.41804036396061,-10.344365817254157,-1.1801585251666864,0.004768791852365775
1442,Vårgårda,2024,1,58.31970001145898,2.045860354101386,0.23193102946053004,0.0001419886025746156
1443,Bollebygd,2024,1,62.31847446203767,0.9339230078664329,0.10576076551648532,2.8040284220143026e-05
1444,Grästorp,2024,1,52.22875798654851,8.61732662191234,0.9681103594774378,0.0014405884088823375
1445,Essunga,2024,1,51.40337192472326,-4.101213651341965,-0.46317229776186536,0.0004662931853720571
1446,Karlsborg,2024,1,55.24589041613642,-9.396538287416497,-1.0622150640204562,0.0025839042982454953
1447,Gullspång,2024,1,58.248970451951195,4.164068705274012,0.4716464286551695,0.0005630069933676477
1452,Tranemo,2024,1,44.10406775764974,8.096287002042807,0.9085376417237283,0.0011552376215095731
1460,Bengtsfors,2024,1,50.99752843406842,1.4484830247239984,0.16317164268842263,4.967333338679782e-05
1461,Mellerud,2024,1,56.72937891226388,-11.987885319687656,-1.3482854330116727,0.003040516089369751
1462,Lilla Edet,2024,1,60.98378583009434,5.973699282770916,0.6757547543710153,0.001084488852649969
1463,Mark,2024,1,48.69016929677302,-7.899385624464671,-0.8885662971336195,0.0013331722087548525
1465,Svenljunga,2024,1,49.37297984444653,11.760359692168336,1.320362882289871,0.002544229113508056
1466,Herrljunga,2024,1,57.04723090448697,-0.8189482889241617,-0.09339332384285844,2.9422088275312265e-05
1470,Vara,2024,1,40.39773495456234,9.950350575024935,1.1189345942527487,0.0020686399496311274
1471,Götene,2024,1,46.264879380972246,3.863074856571032,0.4374451098897794,0.00047846504749310474
1472,Tibro,2024,1,58.33237829887557,-4.266405464160449,-0.47959268271159067,0.0003700495074548901
1473,Töreboda,2024,1,53.022275985481585,-1.4907046043027705,-0.16675000263122836,2.828559668370378e-05
1480,Göteborg,2024,1,65.53827292775593,-2.644282356435731,-0.3060491861169916,0.0004908763131850401
1481,Mölndal,2024,1,78.93568925768578,9.078872489723906,1.043387144804312,0.004726285533509864
1482,Kungälv,2024,1,61.81067645989804,-4.330502349827086,-0.4885302144804564,0.0004868030249303455
1484,Lysekil,2024,1,45.144840808746785,3.248054855307288,0.3732099113562599,0.0006013009080480902
1485,Uddevalla,2024,1,52.48433904778318,-6.650274848519892,-0.7500624593356504,0.0011325065240658406
1486,Strömstad,2024,1,62.769769556490836,-5.359889716704451,-0.6331964129938566,0.003175725102960962
1487,Vänersborg,2024,1,54.314887402731856,0.05438409398401234,0.006191037084436376,1.208762658091355e-07
1488,Trollhättan,2024,1,55.9207594053413,-0.14393449813319137,-0.01650045908526386,1.0964964185017011e-06
1489,Alingsås,2024,1,54.47687758100501,-4.104703993626146,-0.46082442928307754,0.0003087904238546987
1490,Borås,2024,1,49.63414274475161,-0.29226656953049,-0.033380028997758215,3.965689092368571e-06
1491,Ulricehamn,2024,1,47.8482058887464,-5.54282265880844,-0.6233855830348065,0.0006485150303958104
1492,Åmål,2024,1,54.60001955722065,-6.892981089221323,-0.7739461536857333,0.0008793084984343466
1493,Mariestad,2024,1,55.97497299100404,-13.832028679894734,-1.5661806235819307,0.006109314460602057
1494,Lidköping,2024,1,46.12977436151748,-9.64245215990956,-1.0902431172484728,0.002752609405236859
1495,Skara,2024,1,58.46041211831839,2.9604463838465804,0.33507065928011004,0.0002740271452548478
1496,Skövde,2024,1,50.73934112153459,5.368944075465144,0.6272665982448147,0.0025401036943650166
1497,Hjo,2024,1,55.53910148357697,-1.8492619113844597,-0.20756648784695003,6.151403962543803e-05
1498,Tidaholm,2024,1,51.88241755443815,-11.351374992938737,-1.2812934613089662,0.003462349697605055
1499,Falköping,2024,1,43.90104105602779,1.1212109710404263,0.12635546572013995,3.0569734054527285e-05
1715,Kil,2024,1,52.90780733761012,-6.311339383045826,-0.710084573064165,0.0008643191855146762
1730,Eda,2024,1,50.53054406227308,-3.692693372781875,-0.4279974607108422,0.000993260854674899
1737,Torsby,2024,1,31.069988922992,10.26911539641441,1.1741793167991095,0.005102792341859005
1760,Storfors,2024,1,51.92073380978286,16.717069780502257,1.892242917618418,0.008777177094895242
1761,Hammarö,2024,1,70.13451988664355,-15.461732692669912,-1.8162791682197956,0.023651071341514424
1762,Munkfors,2024,1,58.96672248706491,8.895346478452332,1.0134752530613524,0.003344484935193299
1763,Forshaga,2024,1,55.63013165881885,0.5330627856255958,0.05954434245434376,3.009501455253361e-06
1764,Grums,2024,1,51.6013185864458,1.3751363224835629,0.15422522567986005,3.165779301749671e-05
1765,Årjäng,2024,1,46.46310113216646,-6.3613199616829945,-0.7172584200248191,0.0010169641586845652
1766,Sunne,2024,1,54.69351188714283,-4.3790464783377985,-0.49338407821348884,0.0004592109006196895
1780,Karlstad,2024,1,61.47339092752985,1.7887109443350866,0.20349301389873117,0.0001272582516161529
1781,Kristinehamn,2024,1,56.45796616857082,-9.901306798306464,-1.1292477133299275,0.004315146678361718
1782,Filipstad,2024,1,59.2018936957677,-13.170797132756242,-1.4999262240909907,0.0072018715420018135
1783,Hagfors,2024,1,57.99157485879592,-15.42720281465509,-1.752726302689961,0.008931608463742104
1784,Arvika,2024,1,46.731742331358305,-11.345982750977043,-1.2734516631636124,0.0023070842035600287
1785,Säffle,2024,1,43.82156906749785,1.3492477658466697,0.15225199931668462,4.804989327634611e-05
1814,Lekeberg,2024,1,51.4994695843498,4.275571084950691,0.4846727722627056,0.0006181722830737825
1860,Laxå,2024,1,54.4818377625503,9.320485674661576,1.049631384677322,0.0020145094205452465
1861,Hallsberg,2024,1,48.079446659117394,14.14139701333918,1.5838644712577288,0.0029336450140943285
1862,Degerfors,2024,1,47.90503116751671,5.3392025035330875,0.6064042981022463,0.0010543800009870507
1863,Hällefors,2024,1,67.79430382742957,-19.70064776035158,-2.280154854113449,0.02724764271087297
1864,Ljusnarsberg,2024,1,62.488918905486365,-0.003224238514519584,-0.00037930550960348823,1.059404627892568e-09
1880,Örebro,2024,1,53.11661265865947,2.821941106795755,0.3222722868519333,0.00036867918734416314
1881,Kumla,2024,1,49.72473659786699,11.471859672138741,1.2979778930156798,0.0040427759706906
1882,Askersund,2024,1,40.81672152796861,9.544871222750217,1.0738501611017863,0.0019719032262336036
1883,Karlskoga,2024,1,49.9536939018159,-6.547464610894764,-0.7597438069224625,0.0032146026966855213
1884,Nora,2024,1,56.30673461673886,-4.98612177718627,-0.5594553774620823,0.0004333159701192759
1885,Lindesberg,2024,1,42.709728738143426,4.479243216396135,0.5026039506890516,0.0003510326739967323
1904,Skinnskatteberg,2024,1,63.72571698881949,-3.340378642954832,-0.3781542750778341,0.0003528247785814319
1907,Surahammar,2024,1,56.83772086506084,2.6848794396623745,0.30153325227077993,0.0001361678994757376
1960,Kungsör,2024,1,57.62878374458553,10.23411020526494,1.153043640152858,0.0025043466353165764
1961,Hallstahammar,2024,1,59.21379661959669,-3.1278061073766708,-0.3526007617414238,0.00024280736108030096
1962,Norberg,2024,1,60.36781124873713,-1.1234972355309623,-0.12688751086907668,3.5070932733834994e-05
1980,Västerås,2024,1,59.40052027331897,-7.6057570226995495,-0.8613881265136059,0.0018690734036815844
1981,Sala,2024,1,49.51116907350796,-1.7941441643454112,-0.2006627497827982,4.024137186563993e-05
1982,Fagersta,2024,1,72.03245726945266,-17.258895457947155,-2.0198329549709597,0.02724581995636979
1983,Köping,2024,1,54.13966140167633,-9.676215484617757,-1.095577851418627,0.002983291266563646
1984,Arboga,2024,1,55.82065614256851,-0.02666472625949723,-0.0029955118076640933,1.3746249422397407e-08
2021,Vansbro,2024,1,43.04627800177896,-1.132770892774218,-0.13155355077105163,9.826487670951325e-05
2023,Malung-Sälen,2024,1,31.346176719104722,21.31619893917497,2.62693521280749,0.09528936074967494
2026,Gagnef,2024,1,52.275960458801606,-6.050998979602838,-0.6840004019262661,0.0010694176719107532
2029,Leksand,2024,1,54.445495469157265,2.938157006519752,0.33158001300411993,0.00022919594695787072
2031,Rättvik,2024,1,53.94360328764142,-4.116361971038401,-0.46375373498823147,0.00040380428981310804
2034,Orsa,2024,1,53.68489354650963,-1.5757124050704192,-0.17800842961384108,7.006200128519644e-05
2039,Älvdalen,2024,1,51.17429995267802,-5.693335116874472,-0.6473838773702366,0.001262407162440267
2061,Smedjebacken,2024,1,45.49251946546593,-1.142524085257115,-0.1286320809622978,2.972653963550609e-05
2062,Mora,2024,1,47.608830348068636,-1.7470971445632841,-0.1981645563726772,0.00010616833646055056
2080,Falun,2024,1,50.215007384474774,-3.922572652637257,-0.4424730566640227,0.0003972936119371383
2081,Borlänge,2024,1,53.65927760723405,-4.247512901351698,-0.47861956360228974,0.0004353515001971017
2082,Säter,2024,1,50.23423780502186,2.8709925255492834,0.3235950449715878,0.00020234537957521432
2083,Hedemora,2024,1,53.631910065900584,-7.234422990447406,-0.8127934868099278,0.0010198396548533075
2084,Avesta,2024,1,47.75423009045758,-8.007609222366405,-0.9085035491268947,0.0022583592589342084
2085,Ludvika,2024,1,48.400294628857125,9.495627876211586,1.082421950063305,0.0038896214997241334
2101,Ockelbo,2024,1,52.80986551055484,-4.51590225596167,-0.5074239886195989,0.000401068075807322
2104,Hofors,2024,1,60.57848581947826,-14.3550185206958,-1.6249023322107952,0.006477300166979937
2121,Ovanåker,2024,1,44.50642753044444,-13.468600178359086,-1.510693738831973,0.0030655594656894426
2132,Nordanstig,2024,1,52.1359321215883,-0.9590804696772608,-0.10821526747250351,2.414997005635635e-05
2161,Ljusdal,2024,1,35.72218842029255,0.27672727501783356,0.03153259072187216,3.2539137850358725e-06
2180,Gävle,2024,1,49.705799944395864,-2.0161294961977063,-0.22936839132974843,0.00016176623374198487
2181,Sandviken,2024,1,46.89617275292139,-0.3633260375929197,-0.04145178693474117,5.888260113418815e-06
2182,Söderhamn,2024,1,46.37045931920461,-12.717984273370433,-1.43240265872346,0.0037795192833432844
2183,Bollnäs,2024,1,43.43502094684314,-6.625204995922893,-0.7423155355251808,0.0006692941792037379
2184,Hudiksvall,2024,1,45.52397078837646,-10.483467697351095,-1.1918548563478082,0.004247774616152856
2260,Ånge,2024,1,47.68214227496962,-3.453924672139017,-0.38980106639258844,0.0003174664941240402
2262,Timrå,2024,1,58.014794857328845,-4.992707076951014,-0.5622524474045918,0.0005777760622721033
2280,Härnösand,2024,1,59.01503191270558,-9.90224382378043,-1.122450576999516,0.003308037877536055
2281,Sundsvall,2024,1,51.48424833886584,-13.250260777279536,-1.507385444426106,0.006976776799188457
2282,Kramfors,2024,1,34.663791287491144,18.39206601054785,2.1107630937353887,0.018559842847713077
2283,Sollefteå,2024,1,36.9348664010124,3.07383114193172,0.34918308355516847,0.00035263115408328563
2284,Örnsköldsvik,2024,1,30.683718989231465,0.7539737763115255,0.08613238755694386,2.6623402974435144e-05
2303,Ragunda,2024,1,49.88630771545978,5.302188203700737,0.5972307944079452,0.0006610464655402628
2305,Bräcke,2024,1,49.644727113712996,7.1904013038512105,0.8121005427950878,0.0014383937992913781
2309,Krokom,2024,1,54.61715936976009,4.438963079219505,0.5060903514276414,0.0008556935084934714
2313,Strömsund,2024,1,43.62191508782426,-2.435305271984653,-0.2778484339211781,0.0002647280857505389
2321,Åre,2024,1,72.58442858675905,19.98627967763865,2.3929341411256497,0.055730269951131055
2326,Berg,2024,1,52.59686142639575,10.149340036744377,1.1737084782865055,0.007072966563830434
2361,Härjedalen,2024,1,41.04093953801565,20.08928159220548,2.4035764372181374,0.05567070939287145
2380,Östersund,2024,1,61.63775969779951,-10.929069197791812,-1.2531891674921969,0.0063713482221549765
2401,Nordmaling,2024,1,52.01680122711428,-7.361082414092095,-0.8288694566185342,0.0012459022707898872
2403,Bjurholm,2024,1,61.40106764847705,-0.35825289646349034,-0.041019406431841515,6.517807446392291e-06
2404,Vindeln,2024,1,55.591394261973676,-5.194495609583051,-0.5933067051468448,0.0012557261306538725
2409,Robertsfors,2024,1,54.80196912704622,-3.5314160627711857,-0.3995549965169566,0.0003828270148523507
2417,Norsjö,2024,1,49.752569237095486,10.479285601614194,1.1905508019489646,0.004116654661952245
2418,Malå,2024,1,55.87668386722573,-6.92327400902181,-0.7900540332926926,0.0021566525425804617
2421,Storuman,2024,1,51.29061373819881,-4.491259246536622,-0.5160622052538842,0.0011500322409720312
2422,Sorsele,2024,1,55.6687820768214,-10.69635950575649,-1.226290874696374,0.00606770796057817
2425,Dorotea,2024,1,53.546341352366255,-9.082522694999213,-1.054984847029615,0.006345742711310075
2460,Vännäs,2024,1,60.04544168579919,-6.60698351672341,-0.7534326939399324,0.0019118872797777723
2462,Vilhelmina,2024,1,44.929841746313436,-2.3868974534895457,-0.27311874803385444,0.00028288436168231925
2463,Åsele,2024,1,51.10825075644685,4.571036548675643,0.5317766882052342,0.001669107616599057
2480,Umeå,2024,1,63.953102327645524,-5.494566323652947,-0.6587895015791327,0.004308304475197143
2481,Lycksele,2024,1,46.03385985809612,-8.321366047236246,-0.9527846085998336,0.003516629819721557
2482,Skellefteå,2024,1,42.476306318535165,20.90181268338422,2.3995734786611402,0.024222101793715714
2505,Arvidsjaur,2024,1,24.71312004452001,23.899131556728143,2.866455778474244,0.08195497137085674
2506,Arjeplog,2024,1,53.03996626038021,-7.253125167652236,-0.8660142859788617,0.007016183856265062
2510,Jokkmokk,2024,1,52.69261095510804,-1.214202105927015,-0.14467699805575254,0.00018997067976023638
2513,Överkalix,2024,1,44.870815876582895,11.674013864123133,1.3445315666754403,0.008342128123163399
2514,Kalix,2024,1,49.284006033966065,-10.949914681877182,-1.230265902094187,0.0023415417750395234
2518,Övertorneå,2024,1,63.49310963550461,-7.047460140804091,-0.8354056038581936,0.005846939230725717
2521,Pajala,2024,1,49.766963049345925,-2.9853342291307996,-0.3459137309848608,0.0006444516260473757
2523,Gällivare,2024,1,32.60564860312554,5.112682505793394,0.611749632118901,0.003609971047644725
2560,Älvsbyn,2024,1,48.4354650970169,0.31678599637131555,0.0357091128310302,2.479483846847658e-06
2580,Luleå,2024,1,50.5268343134462,1.2152712801252719,0.14013281714638554,9.35807331099155e-05
2581,Piteå,2024,1,39.04698633442117,-2.7664482516355804,-0.31634403841597747,0.000371418346896645
2582,Boden,2024,1,49.89652101986952,4.151751645822664,0.47042089302531753,0.0005698783757119599
2583,Haparanda,2024,1,68.26950225069226,-20.842991486841314,-2.577096546435942,0.09489743956276057
2584,Kiruna,2024,1,45.670898365758966,2.7996269173945194,0.328564713014228,0.0007607440651073911
0114,Upplands Väsby,2023,2,88.8122790874441,9.890574634367923,1.0939392293408767,0.002619383229745419
0114,Upplands Väsby,2024,2,90.84979170370312,-3.89154199680965,-0.4331304888798852,0.0005474481816450091
0115,Vallentuna,2023,2,70.94043475691711,-0.4648959269479036,-0.05130601495226428,5.091779871634778e-06
0115,Vallentuna,2024,2,73.16114044264512,-4.76511549888248,-0.5256137042722934,0.0005183683241350034
0117,Österåker,2023,2,63.97314388209814,-4.2555999512511775,-0.46614502453719286,0.00023461197261496214
0117,Österåker,2024,2,64.93439120443769,1.5889984354281381,0.17428726039198716,3.7413824411031326e-05
0120,Värmdö,2023,2,64.04977603538588,2.270956430252994,0.2512171520127518,0.0001392924224942236
0120,Värmdö,2024,2,66.53023488152593,-1.6433473507014469,-0.1816675306902593,7.027577219666866e-05
0123,Järfälla,2023,2,95.90712558343743,3.745370651938444,0.4170936585389709,0.0005189910307145919
0123,Järfälla,2024,2,93.89189496637495,19.475165179774578,2.157818943947257,0.011136983850833497
0125,Ekerö,2023,2,59.45454633739174,-5.407059528172077,-0.5981536825108608,0.0007907467336258539
0125,Ekerö,2024,2,62.50993203577711,-2.599866314573376,-0.28905920698201,0.0002334585829983687
0126,Huddinge,2023,2,75.9930341113926,21.41742937175347,2.361574732692511,0.010229964540953306
0126,Huddinge,2024,2,76.91403174179956,24.700959859544227,2.720135082772436,0.012483035741759333
0127,Botkyrka,2023,2,86.73220671344765,-0.4697579729672725,-0.052960268428972224,1.2453035169519355e-05
0127,Botkyrka,2024,2,86.62568960545372,2.535459448297388,0.2848066236207447,0.00032480404459777197
0128,Salem,2023,2,83.41099888713245,-6.280748471683481,-0.7001674178583763,0.0015222615009314441
0128,Salem,2024,2,87.9120668486711,-7.487093980675439,-0.8301330418163427,0.0017035987815822435
0136,Haninge,2023,2,78.50282943122724,11.380981257387404,1.2601269301775466,0.00367137145495177
0136,Haninge,2024,2,80.65615298751115,3.44117591877756,0.3809925589744805,0.0003346426287350134
0138,Tyresö,2023,2,67.24388477218717,-6.58051259639965,-0.7203355361510085,0.0005216809617545351
0138,Tyresö,2024,2,67.2680941951104,-2.5046789162311995,-0.2741770452032372,7.565504797571285e-05
0139,Upplands-Bro,2023,2,89.47923389201087,14.856266678044292,1.6449379057928095,0.006259805451218981
0139,Upplands-Bro,2024,2,80.284500018127,20.056256949135985,2.214035716317738,0.009640680705871029
0140,Nykvarn,2023,2,69.9993423892816,18.62707208168561,2.0713519035119963,0.012072680403120447
0140,Nykvarn,2024,2,85.69501680559739,-7.263644256577777,-0.8576168661933024,0.0075368682821034755
0160,Täby,2023,2,81.88886108665122,6.059743255395745,0.6731334601022225,0.0012187140982422497
0160,Täby,2024,2,91.35748643114286,-5.035712403565171,-0.5653423152022372,0.001258529645127641
0162,Danderyd,2023,2,83.54136810776133,-0.44195109921695064,-0.053490750995987296,3.888959836522807e-05
0162,Danderyd,2024,2,81.54586935378805,13.103321085687668,1.5929310154830187,0.036039162033481995
0163,Sollentuna,2023,2,87.51189451412522,13.438750101059057,1.4793387890847758,0.0035952996152292856
0163,Sollentuna,2024,2,87.91377562535678,14.696241894997755,1.618242493795141,0.004390858184511769
0180,Stockholm,2023,2,62.47159604069105,6.612264202012533,0.7393669636992908,0.001892914036334591
0180,Stockholm,2024,2,64.59183490273303,7.707160450701281,0.8601207242698484,0.002392166393367391
0181,Södertälje,2023,2,79.79266327666582,-10.5274539008428,-1.1843276164754137,0.005868895951412568
0181,Södertälje,2024,2,81.1266042529343,-12.455616700583235,-1.3932415419897453,0.006801329639875844
0182,Nacka,2023,2,83.11196664265283,-2.268095464975289,-0.25137433984791496,0.00015326127987658338
0182,Nacka,2024,2,83.76153061246576,-0.7463315258381016,-0.08266320362359597,1.6064502441333792e-05
0183,Sundbyberg,2023,2,98.27470291576603,56.32538293342557,6.354137584677014,0.18234768491545583
0183,Sundbyberg,2024,2,107.74241021140722,27.933034931998264,3.1834967046964704,0.058330286749153575
0184,Solna,2023,2,100.39650173175886,36.16613727744209,4.113279135953655,0.09308665763319614
0184,Solna,2024,2,100.15502144225631,37.27518522759645,4.239871427115398,0.09914127551368068
0186,Lidingö,2023,2,75.56884874623626,-4.299914055399398,-0.4883591639744734,0.001271554538055601
0186,Lidingö,2024,2,74.84481108803122,4.738461954943745,0.5416039709085576,0.0017928040819649863
0187,Vaxholm,2023,2,80.37419337213082,-22.40685817707285,-2.506952316876639,0.022198492787207744
0187,Vaxholm,2024,2,84.8120130707337,-20.186738159551155,-2.252478706560966,0.016308890286858536
0188,Norrtälje,2023,2,51.384909318873014,-0.799536048384951,-0.08827541106032609,1.5463862713296286e-05
0188,Norrtälje,2024,2,51.06839396247189,6.962694120429667,0.7699456419247058,0.0012835605845788515
0191,Sigtuna,2023,2,88.59124750347348,8.87872146604812,0.990344775550779,0.00311057676153023
0191,Sigtuna,2024,2,83.94890243413869,8.931117275149319,1.0046133488283715,0.0042075300822776215
0192,Nynäshamn,2023,2,65.89335194622602,7.446359709608501,0.8164824151478834,0.0007968109697531644
0192,Nynäshamn,2024,2,70.52786836461921,5.570107370362308,0.611018888338345,0.0004646179630897609
0305,Håbo,2023,2,51.4036802931637,16.32505653977789,1.801107398621892,0.00616539981533582
0305,Håbo,2024,2,57.28595799058674,7.137495628879591,0.7851035255894616,0.0009594717952838579
0319,Älvkarleby,2023,2,60.15306038569124,-6.87265921561184,-0.7539303122768026,0.0007096528542347889
0319,Älvkarleby,2024,2,59.01158679449475,-0.07105078109441365,-0.007777170681469519,6.045853141212275e-08
0330,Knivsta,2023,2,81.53293699067586,7.295874441205953,0.8034834656292459,0.0010930697892294933
0330,Knivsta,2024,2,89.78648611362975,-1.3610626247419049,-0.1515412364331796,6.79773417193708e-05
0331,Heby,2023,2,61.583466671307995,-4.552162202228999,-0.5033431328358063,0.0005461141223700725
0331,Heby,2024,2,56.76253207184848,6.325651964401082,0.6961704559190177,0.0007836479514535483
0360,Tierp,2023,2,56.031465418149196,-4.7409449632820255,-0.520905681416812,0.00038766470432445257
0360,Tierp,2024,2,54.85866031265482,-1.0773866204637628,-0.11826453853699202,1.8474488212081933e-05
0380,Uppsala,2023,2,79.49061652533227,-10.664672588822526,-1.2019799499852026,0.006364186845926778
0380,Uppsala,2024,2,81.85206210226774,-13.360513169940788,-1.5115621032775073,0.011111657000683194
0381,Enköping,2023,2,55.7821754257592,3.2338106588925015,0.35399597885667605,0.00012627034308367485
0381,Enköping,2024,2,60.98835323731316,-4.187711143098184,-0.46041730758778143,0.0003184872369107153
0382,Östhammar,2023,2,45.64657905356408,-3.701783816327925,-0.4082087612706523,0.00030728377952271514
0382,Östhammar,2024,2,45.38429326508231,-2.1102847728969323,-0.23275140830094457,0.00010104420962721232
0428,Vingåker,2023,2,46.55070132290153,13.295730474749782,1.4641574771275487,0.003616123557354916
0428,Vingåker,2024,2,45.221263376091414,6.207308052480016,0.6825215092746922,0.0007045430257530512
0461,Gnesta,2023,2,65.07389746436061,-9.69195301991617,-1.0662391493899372,0.0017882674557256756
0461,Gnesta,2024,2,67.34264685661218,-12.882880754325562,-1.4180964066881512,0.003295307907879219
0480,Nyköping,2023,2,53.60206319867352,-2.674228147127131,-0.29496657949039684,0.00016281436093109887
0480,Nyköping,2024,2,49.590071711775714,1.1263687105470623,0.12431339993706196,2.999453506341856e-05
0481,Oxelösund,2023,2,68.62941325974427,-4.694174535144896,-0.5206609566245477,0.0006818591247914708
0481,Oxelösund,2024,2,68.5939355668881,-10.078433946075208,-1.115347812709133,0.0028042004351820204
0482,Flen,2023,2,57.670835708547315,1.8772878554046883,0.20684982767195162,7.498031988274538e-05
0482,Flen,2024,2,57.54581886577319,4.0347045035797535,0.4442691130105077,0.00033079195694190195
0483,Katrineholm,2023,2,51.85958128766214,-3.7882609287296134,-0.41437821945861397,0.0001584191993150245
0483,Katrineholm,2024,2,51.29370682821302,0.17903428556574852,0.019579799851956042,3.452230261640885e-07
0484,Eskilstuna,2023,2,53.12351120296049,-11.036564390886198,-1.2124407839142386,0.002074140230400638
0484,Eskilstuna,2024,2,57.88469547285575,-15.936242537769985,-1.7571202907054584,0.005648024968954931
0486,Strängnäs,2023,2,61.25408869407308,1.006619993646936,0.10992890542075462,8.91899144798092e-06
0486,Strängnäs,2024,2,65.50430842239571,-3.4891989166342583,-0.3847306442299838,0.0002713799767949567
0488,Trosa,2023,2,67.27989878652988,-6.144527607490581,-0.6791983927692379,0.0009774241271163205
0488,Trosa,2024,2,71.57073040219171,-10.808353501273913,-1.1954596737765124,0.003129526590642583
0509,Ödeshög,2023,2,50.292991516940276,4.262795563946256,0.4680185397088883,0.0002942387189758981
0509,Ödeshög,2024,2,50.63052053781098,1.498560997419112,0.1655766178789855,5.6752080797540914e-05
0512,Ydre,2023,2,46.91763930813447,0.0991327567541731,0.01093394544913411,2.2325521983499634e-07
0512,Ydre,2024,2,49.19980536230091,8.1636805726136,0.8992085749625282,0.001384993431267771
0513,Kinda,2023,2,40.044619347920026,1.388527169293745,0.1524225167792681,3.075920842892951e-05
0513,Kinda,2024,2,42.336324827552545,5.067511669384281,0.5549734787005794,0.00032589769430900863
0560,Boxholm,2023,2,57.876447052958554,-6.9983011177783965,-0.7685420059634563,0.0008099070682694445
0560,Boxholm,2024,2,59.17478651093771,-5.703697150778197,-0.6267313354022132,0.0005643503392798071
0561,Åtvidaberg,2023,2,44.0875058486776,-1.5918688504227987,-0.17415958132355702,2.8639253851279127e-05
0561,Åtvidaberg,2024,2,42.10251682242561,7.169306671077486,0.7849005537965063,0.0006293991809321603
0562,Finspång,2023,2,46.31222326033363,2.3648303028635667,0.2592503409427039,7.886828176936356e-05
0562,Finspång,2024,2,47.26241460375556,4.488036304999007,0.4913889580840289,0.00024867312249620896
0563,Valdemarsvik,2023,2,41.66952192656687,16.1477436880731,1.771708672820404,0.003979766125222973
0563,Valdemarsvik,2024,2,46.68823819054734,21.085848188190198,2.3077745743131093,0.005253556110721289
0580,Linköping,2023,2,61.61609887532809,-3.0930050424447657,-0.34310607794854747,0.0002977394760001234
0580,Linköping,2024,2,59.28740107163297,-0.4722732708771744,-0.052340766203688036,6.63518999784381e-06
0581,Norrköping,2023,2,53.39805187950747,-10.880330421560195,-1.1975398425641994,0.002333029785368322
0581,Norrköping,2024,2,54.442637475998794,-12.264405995794625,-1.3486034432327625,0.00276250838950401
0582,Söderköping,2023,2,47.03848187963892,9.126178105563206,1.0016394268568467,0.0013093200557769001
0582,Söderköping,2024,2,49.78488935994837,4.917930303314861,0.538590989340605,0.00030688372338366247
0583,Motala,2023,2,40.52372514637118,-2.3330921423462954,-0.255552711665911,7.03144577399884e-05
0583,Motala,2024,2,42.203527535292174,-6.52946708247066,-0.7155586680186391,0.0005805292975441796
0584,Vadstena,2023,2,54.92165084556337,1.979075546688449,0.21911269349013884,0.00011062664258751126
0584,Vadstena,2024,2,54.98888520322572,11.099232286760923,1.2302723528958497,0.003690762024120266
0586,Mjölby,2023,2,57.511828001758886,-9.67448197712283,-1.0655607685181647,0.0019376708311133876
0586,Mjölby,2024,2,50.49593835480056,-1.3584579575188016,-0.14836791974409522,1.6517788903727756e-05
0604,Aneby,2023,2,51.19893702635172,-1.4324454910335689,-0.1566749512982839,2.2420039957896443e-05
0604,Aneby,2024,2,53.75303108900896,-8.291798192142693,-0.907781096794253,0.0008408096726470281
0617,Gnosjö,2023,2,48.69316236202347,-2.294719792263578,-0.254316137742729,0.00015660429688640114
0617,Gnosjö,2024,2,48.331372389247065,-5.291179639274446,-0.5850173161626218,0.0007349745136590075
0642,Mullsjö,2023,2,58.82613686410291,-1.2835738444381306,-0.14053973485240884,2.0388742396501315e-05
0642,Mullsjö,2024,2,58.826327659071936,-5.626433005397985,-0.6163307502856866,0.0004121672361627757
0643,Habo,2023,2,69.48988008330825,-23.614173868618984,-2.64194016919788,0.024625153904714578
0643,Habo,2024,2,61.3933362471772,-12.716166211505382,-1.4023972710145831,0.0036494107430160125
0662,Gislaved,2023,2,36.966091543935576,2.9801413091698237,0.3283349783766502,0.00018766542860318083
0662,Gislaved,2024,2,37.80794175237051,3.213623080363803,0.3537536439170135,0.00020549811853284904
0665,Vaggeryd,2023,2,46.74147956745858,-2.787661459295734,-0.30632398633417995,0.00013521265135648213
0665,Vaggeryd,2024,2,46.77779992494344,0.5071916433533588,0.05573374942405469,4.4802555307990455e-06
0680,Jönköping,2023,2,54.8105556040723,-4.660378744308069,-0.5126950817760079,0.00041309519888903994
0680,Jönköping,2024,2,54.13013798724705,-1.222665111469901,-0.13435724561268447,2.607191855706762e-05
0682,Nässjö,2023,2,45.87629449836159,5.627749991021631,0.6145885514031467,0.0002791044752203156
0682,Nässjö,2024,2,46.626693775155424,5.071789778205137,0.5541032563766408,0.0002411875672067953
0683,Värnamo,2023,2,42.29796759252093,-0.5361688005785012,-0.05869157119462914,3.4624492360976883e-06
0683,Värnamo,2024,2,43.14294244533198,-4.117987318240324,-0.45048556340128315,0.00018928025728379865
0684,Sävsjö,2023,2,48.96705848352958,-3.8864962620691728,-0.4252933963442107,0.00017503330157275093
0684,Sävsjö,2024,2,51.173140525718026,-3.261698858330668,-0.35794638159632336,0.00016558656951875782
0685,Vetlanda,2023,2,34.75321521905541,3.9041416796281254,0.42979408764024707,0.0003047434967556202
0685,Vetlanda,2024,2,34.25081339316334,7.088913430434452,0.7793004599701223,0.0009045037520475715
0686,Eksjö,2023,2,51.71975962090707,-1.5789145504845337,-0.17302940590654592,3.38961983473223e-05
0686,Eksjö,2024,2,53.57286695612036,2.688374051073886,0.2944405726562026,9.2423520964557e-05
0687,Tranås,2023,2,45.04878366673056,2.4585477115685634,0.2701406665694689,0.00010458843324951033
0687,Tranås,2024,2,50.17082775322775,-4.804239922653679,-0.5295186156079668,0.0005011490157738192
0760,Uppvidinge,2023,2,45.976036561989076,9.08172010431774,0.9952062056970779,0.0011171186001631864
0760,Uppvidinge,2024,2,47.981489274449245,0.9093616250099785,0.09956250633457839,1.0183280475002802e-05
0761,Lessebo,2023,2,59.561373578769306,6.250182403009646,0.6924931574614358,0.001145598640871773
0761,Lessebo,2024,2,59.527439116067875,6.222349760756835,0.6868313241756114,0.0009228853808495856
0763,Tingsryd,2023,2,43.791091820215144,9.767114679167825,1.0711325130023486,0.0013935691771576073
0763,Tingsryd,2024,2,46.07963360200161,9.494493090293226,1.0428457428542146,0.001512117597949076
0764,Alvesta,2023,2,45.329762568769524,9.011554796499937,0.9904316619234828,0.0014351121608022477
0764,Alvesta,2024,2,47.99848533452273,1.1694420482306782,0.12852112358075216,2.4039266956574286e-05
0765,Älmhult,2023,2,55.89379064044205,-5.815717921280772,-0.6405899784172181,0.0007031460777099048
0765,Älmhult,2024,2,55.28972938223235,-7.19592096439969,-0.7939433549755605,0.0012010502386063581
0767,Markaryd,2023,2,49.11270562416124,14.404563133282196,1.5738322104722253,0.0019643262735731986
0767,Markaryd,2024,2,47.299478027067096,4.219942379453329,0.4602569043803652,0.000126041798217772
0780,Växjö,2023,2,52.50231860465398,4.449328350477508,0.4936577617642079,0.0006218149804669219
0780,Växjö,2024,2,58.30503764790117,1.8877746042191532,0.20991039415256918,0.0001236816182290642
0781,Ljungby,2023,2,38.25536367970332,0.8557160263452914,0.09447285021546471,1.7653808127492135e-05
0781,Ljungby,2024,2,41.557474309090495,-4.1458760064030855,-0.4578108032349416,0.00041969945542909173
0821,Högsby,2023,2,54.59975422901846,3.69373602475131,0.40767995641205107,0.0003232958106453535
0821,Högsby,2024,2,58.84374800125582,4.1143425832207825,0.45559579878367235,0.0004823807426952091
0834,Torsås,2023,2,53.26685617573288,-1.5673417512827257,-0.17187091903100468,3.558442038250296e-05
0834,Torsås,2024,2,53.153709389341444,1.1131863723996815,0.12225823282491592,2.0633522153875056e-05
0840,Mörbylånga,2023,2,50.58304541266973,11.793069552642457,1.2985820567815805,0.0028298132560432526
0840,Mörbylånga,2024,2,58.72900287104433,-2.5776222004328915,-0.2853852438250964,0.0001878206638580995
0860,Hultsfred,2023,2,42.539364193333626,4.208456882802658,0.46143767636727967,0.00025379582268268003
0860,Hultsfred,2024,2,46.21566394454027,-0.5051395534044545,-0.0553303421751596,3.298872404020358e-06
0861,Mönsterås,2023,2,46.673317253301164,-1.2187717987557107,-0.13348408138755807,1.899121935322578e-05
0861,Mönsterås,2024,2,46.88100751799453,2.3959073186417825,0.2621121850136506,6.446045316838597e-05
0862,Emmaboda,2023,2,48.986449090259356,-8.23998265916395,-0.9010581397168884,0.000721511846559671
0862,Emmaboda,2024,2,49.79175723683863,-1.6016617449443373,-0.1751491001782435,2.7346203089756284e-05
0880,Kalmar,2023,2,55.98533021121924,2.600640136202756,0.2861994047444003,0.00013197171033200013
0880,Kalmar,2024,2,56.32990670553031,2.9515633648922233,0.324188162395956,0.00014604058804272864
0881,Nybro,2023,2,44.6472309016319,4.496477214525953,0.4916773060680979,0.0002136534240381515
0881,Nybro,2024,2,44.4988014346816,4.0701926007050915,0.4463530656133536,0.00024129545924000772
0882,Oskarshamn,2023,2,42.309545316894074,-4.230936207747774,-0.46708380419046347,0.00043043353976576906
0882,Oskarshamn,2024,2,42.049197731850604,1.2594974358498732,0.1391414464591032,3.974141400998425e-05
0883,Västervik,2023,2,37.107368234009776,-1.3989639962099218,-0.15400519563754755,3.9090010623132826e-05
0883,Västervik,2024,2,38.49707809013066,-0.1948858658049204,-0.021459592662761044,7.726200565787729e-07
0884,Vimmerby,2023,2,37.96696025390354,2.6513697376882135,0.290243146306462,8.50587318996371e-05
0884,Vimmerby,2024,2,39.09997822303723,2.241675443109415,0.24563994542876116,6.776213912622276e-05
0885,Borgholm,2023,2,54.551735943888175,3.2264553475148787,0.3567718433993711,0.00027499541732979517
0885,Borgholm,2024,2,59.88083423401375,-4.002341828238386,-0.44344145235488786,0.0004697219892776739
0980,Gotland,2023,2,46.615011589415886,-3.0291753476291916,-0.3398432576185337,0.0004454060381492979
0980,Gotland,2024,2,47.315729422908326,-3.88524607836748,-0.4354849415074767,0.000710666272158398
1060,Olofström,2023,2,55.944615934648674,-6.560954652970395,-0.719137255444193,0.000596780812717945
1060,Olofström,2024,2,59.22140511851275,-9.375251272358902,-1.0271800224467709,0.0011676614202761543
1080,Karlskrona,2023,2,47.79795002460587,-3.7298982329768435,-0.4116257689341531,0.00032743392992035293
1080,Karlskrona,2024,2,49.81429316779328,-6.8435989097881205,-0.7537655324526128,0.0009697911331894459
1081,Ronneby,2023,2,44.93706507235213,-0.07300111866342007,-0.008021434162014706,9.240513978863664e-08
1081,Ronneby,2024,2,45.34849727595622,-5.6491131209163825,-0.6205557227814615,0.0005407099141797273
1082,Karlshamn,2023,2,55.09387338265316,-18.714325939222732,-2.0428222307183974,0.0028745933094189266
1082,Karlshamn,2024,2,55.34691357183479,-16.607976215531053,-1.8119171788283066,0.002061955532832344
1083,Sölvesborg,2023,2,49.97343362433841,-2.5914593754113753,-0.28245021284234595,4.135958391397555e-05
1083,Sölvesborg,2024,2,50.51241168841734,-4.671906811767883,-0.5088244489340554,0.00011259799381018488
1214,Svalöv,2023,2,62.06678534753165,13.703291660169114,1.5000721336267369,0.002269456790333108
1214,Svalöv,2024,2,65.1157829556521,11.072073745166165,1.2135243401760305,0.0016896684256776403
1230,Staffanstorp,2023,2,60.769048727122815,11.564481031274362,1.2709329677381664,0.002351101849429162
1230,Staffanstorp,2024,2,62.91051235721387,4.51797535475918,0.49618230662210494,0.0003390323788309343
1231,Burlöv,2023,2,91.08497594072475,9.650762821621555,1.075708537522837,0.0035751656907412246
1231,Burlöv,2024,2,90.53685956404352,14.930530118061839,1.6616661057120194,0.008036175431940478
1233,Vellinge,2023,2,45.90386115078176,4.310776614865603,0.4825155485873261,0.000834430610929514
1233,Vellinge,2024,2,46.933560963027396,7.752286297391471,0.8705365222518415,0.0030062500075233637
1256,Östra Göinge,2023,2,51.344874755723296,10.758258312450593,1.1816525672886178,0.0019412782157085839
1256,Östra Göinge,2024,2,53.50663841597752,3.5830739892306624,0.3930746717069335,0.00019342160361146793
1257,Örkelljunga,2023,2,53.27417475231353,9.028135225641037,0.9862387464617851,0.0007526081614645734
1257,Örkelljunga,2024,2,54.94008641840418,3.8319287611229242,0.4192260157205381,0.00016551997218625073
1260,Bjuv,2023,2,68.501763931597,26.250240076419033,2.895886304052179,0.01585700814324514
1260,Bjuv,2024,2,66.39418733474662,20.249541160717882,2.230414673102938,0.008515886347471718
1261,Kävlinge,2023,2,55.558984506756445,-9.459693726614603,-1.034555661395713,0.0009651295516435074
1261,Kävlinge,2024,2,52.126639986892656,-0.2129780107249033,-0.023373419847172356,7.079606534846038e-07
1262,Lomma,2023,2,72.21928335756292,-20.1219917670322,-2.2492184716111203,0.01731254591437546
1262,Lomma,2024,2,73.7045443985931,-13.498191981032917,-1.5097608775954807,0.007968777774933742
1263,Svedala,2023,2,57.41093052449202,-0.8280587733203078,-0.09092436896028082,1.1214985809471753e-05
1263,Svedala,2024,2,61.89704449691572,-2.1031426267660223,-0.23059882757799494,6.335794313726101e-05
1264,Skurup,2023,2,58.999163440358394,9.442803228285221,1.0344312943525666,0.0011666350001430798
1264,Skurup,2024,2,60.11676105978467,10.23823046018726,1.1212929974881232,0.0013358644919147563
1265,Sjöbo,2023,2,49.57153519726085,11.24031848386278,1.2334951442413344,0.001960275432339831
1265,Sjöbo,2024,2,51.47796032017733,8.30380520705026,0.9113339242496031,0.001079069120175401
1266,Hörby,2023,2,54.3604067120783,8.905554147722789,0.9737736350849512,0.0008354037438611175
1266,Hörby,2024,2,56.22062348357144,5.018291822944434,0.5492106742804811,0.0002960274346407963
1267,Höör,2023,2,67.07644255755136,-1.296055817219866,-0.14255158492806722,3.1456789775600704e-05
1267,Höör,2024,2,68.05009274101371,-0.23413201490342317,-0.025712813600585745,9.089599214855602e-07
1270,Tomelilla,2023,2,52.61335205384401,7.415930523022752,0.8107313147278773,0.0005644256500149933
1270,Tomelilla,2024,2,54.09503497588534,17.0978677295916,1.8701827197240435,0.003213276432520278
1272,Bromölla,2023,2,58.14301546031341,-6.214706930948708,-0.6790437801986172,0.00036792020405577406
1272,Bromölla,2024,2,58.972925569035695,-3.6401268521150882,-0.3976319084833078,0.00012154826836778414
1273,Osby,2023,2,52.74421931048616,1.9635481242765422,0.21429363762317566,3.057818919202434e-05
1273,Osby,2024,2,52.71580190286801,-3.4379769241084475,-0.37490742263952875,8.09877839944258e-05
1275,Perstorp,2023,2,77.37020606403718,9.752557830541548,1.0790642946409046,0.00259729913575527
1275,Perstorp,2024,2,78.90808195311887,-3.994467578550797,-0.4428765329309667,0.0004843252544116463
1276,Klippan,2023,2,62.77728119009615,7.752538817803199,0.8476103999003238,0.000624602763414
1276,Klippan,2024,2,65.1209800281922,3.2430258428702246,0.35431481981077667,9.892489651111781e-05
1277,Åstorp,2023,2,61.58197917080736,28.34389274558589,3.136187562695559,0.021975710724685155
1277,Åstorp,2024,2,68.8153425979508,17.633681658842917,1.9493512682784868,0.008090697228249002
1278,Båstad,2023,2,65.48456112144078,12.883965776497888,1.434237291423033,0.006043938755803181
1278,Båstad,2024,2,68.97089267014468,3.973073385015681,0.443131385364809,0.0006211815603491458
1280,Malmö,2023,2,77.5073714669444,-11.236139626708919,-1.2481043558211597,0.004184368607295377
1280,Malmö,2024,2,79.25846509176995,-13.672813474349724,-1.5170168014910896,0.005872662625264854
1281,Lund,2023,2,95.41938934359966,4.942885002464436,0.5778905644079388,0.0029938565447159443
1281,Lund,2024,2,100.69062705201227,-4.490307878822819,-0.535836430183176,0.0033482219884245212
1282,Landskrona,2023,2,71.27132078963,-10.12649964141427,-1.1095274598090474,0.0013672216466636437
1282,Landskrona,2024,2,71.57472924199936,-8.817114411840201,-0.9651032123559554,0.000929694634387786
1283,Helsingborg,2023,2,62.99740038667085,-3.5946007620690494,-0.39486006440291,0.00021859619729962075
1283,Helsingborg,2024,2,65.65313298474562,-3.295728536093172,-0.3627197111421876,0.0002130583006675594
1284,Höganäs,2023,2,60.07961761296244,-6.5202234371031835,-0.7160014306161484,0.0006997873943700785
1284,Höganäs,2024,2,63.209537906878296,-2.7100655185560996,-0.2977887771295671,0.00012749316340891464
1285,Eslöv,2023,2,64.68733289594105,6.196923035043852,0.6772413486245007,0.00037671317918818115
1285,Eslöv,2024,2,69.81252878666523,3.2646145613675372,0.3565457457457423,9.504511941962962e-05
1286,Ystad,2023,2,64.66928539986293,-7.040254658112438,-0.7766014952157357,0.0011342712947216749
1286,Ystad,2024,2,62.054437077090164,-4.713130156265393,-0.5190588915266406,0.0004567110554283027
1287,Trelleborg,2023,2,54.57170648786418,-1.0733257140445147,-0.1172292866274042,1.035045426759738e-05
1287,Trelleborg,2024,2,58.34053570035023,-1.3687360007585312,-0.14933430109738408,1.4111582185980225e-05
1290,Kristianstad,2023,2,42.73469406054419,2.4593909671822374,0.2723332684784025,0.00017223691299613698
1290,Kristianstad,2024,2,42.24504750760353,3.078468624789757,0.3416646368737889,0.0003020384396894956
1291,Simrishamn,2023,2,55.06687452813205,3.102094989851288,0.34189466377690436,0.000208328171333194
1291,Simrishamn,2024,2,58.188789530411086,1.5782829947344936,0.17417584646774426,5.860632482683715e-05
1292,Ängelholm,2023,2,52.833426818792006,7.92527687665666,0.8665984832058564,0.0006628842469554274
1292,Ängelholm,2024,2,56.14553422940749,-3.4964542028058503,-0.38219572344258684,0.00012341357232694398
1293,Hässleholm,2023,2,46.71439567195357,3.5717780230369556,0.39039718658902894,0.0001273515155054952
1293,Hässleholm,2024,2,50.3196167875307,-0.6784455091793902,-0.07429410913847122,5.7856682615690514e-06
1315,Hylte,2023,2,52.52525780170346,1.2663724536611412,0.13855005140749546,1.815081334949416e-05
1315,Hylte,2024,2,50.739897471887815,1.4374269690694206,0.15746051206522627,2.693582291160769e-05
1380,Halmstad,2023,2,48.50473798759017,4.654171612016626,0.517770572197576,0.0007677321289764408
1380,Halmstad,2024,2,52.93031324807195,-2.51743288911112,-0.2788274981429199,0.00018271691940971544
1381,Laholm,2023,2,42.04319861155994,13.029265156556008,1.428004181651034,0.0023344115416656457
1381,Laholm,2024,2,47.44832523342343,4.591531882575815,0.5034857847104439,0.0003047700665956072
1382,Falkenberg,2023,2,49.39303547077186,-7.977564637792327,-0.8746890100160238,0.0009105729420344799
1382,Falkenberg,2024,2,49.5502216423379,-7.2577231739093975,-0.7959309554089719,0.0007691544102540683
1383,Varberg,2023,2,44.62230566130776,-4.739393110996751,-0.5205431503150981,0.00037573971734981897
1383,Varberg,2024,2,56.32007004874656,-14.43502589064608,-1.6035150838733323,0.0069217315349093325
1384,Kungsbacka,2023,2,40.79114309551059,1.2739334342081605,0.14090257836603332,4.345888875926607e-05
1384,Kungsbacka,2024,2,42.50374015298409,2.7335780118797643,0.30244327882315136,0.00020364262917433308
1401,Härryda,2023,2,64.74507511613247,-2.5757961192672667,-0.2843329473741607,0.00015859078849149764
1401,Härryda,2024,2,61.98796326685598,-0.9425416734754819,-0.10378223063726555,1.8017392824165842e-05
1402,Partille,2023,2,80.90414878167957,11.116474837274524,1.226152931036072,0.002814701947853061
1402,Partille,2024,2,79.69458477933865,5.619589599618962,0.6189315657385371,0.0006524859931478723
1407,Öckerö,2023,2,53.10335836662877,-6.921908955598269,-0.761241828622612,0.0008891879789535588
1407,Öckerö,2024,2,58.200804099759935,-11.219361769480393,-1.233114579370454,0.002228747356698653
1415,Stenungsund,2023,2,55.638745437664085,-5.391096309819709,-0.5902639188380802,0.0003588253532787439
1415,Stenungsund,2024,2,54.455986044530505,-1.5674003564044057,-0.17168172459819853,3.170009808255314e-05
1419,Tjörn,2023,2,55.683947781441915,-7.436703882024105,-0.8208381115191858,0.0013148151310302797
1419,Tjörn,2024,2,59.09024949285309,-11.17824352715585,-1.2287956421344939,0.0022412452292201756
1421,Orust,2023,2,51.148389741970576,-2.625595768188539,-0.2881406042390562,0.00010735358260144544
1421,Orust,2024,2,52.51782639544494,3.826623839052189,0.41910029944382227,0.00018698674142942338
1427,Sotenäs,2023,2,53.77027574781848,-2.842304028861342,-0.31520179814066984,0.0002478355261738124
1427,Sotenäs,2024,2,50.16126301472204,8.384431185629452,0.9285985573351919,0.0020212216738663335
1430,Munkedal,2023,2,53.134430667339686,-1.6204333334985108,-0.17691870342612145,2.225962266718755e-05
1430,Munkedal,2024,2,53.283685056542744,-7.407695100970017,-0.8085926917648545,0.00044873753948608525
1435,Tanum,2023,2,50.045833774323484,1.4116088995980078,0.15514300187074356,3.5168707052953884e-05
1435,Tanum,2024,2,52.116094445417026,-3.57620561742047,-0.3916931862126003,0.00016418398494288516
1438,Dals-Ed,2023,2,56.76089988289724,-12.470843434786083,-1.364606221196674,0.0017928699596473211
1438,Dals-Ed,2024,2,59.125064959610896,-13.966576032125005,-1.528200119237152,0.0022355981126253015
1439,Färgelanda,2023,2,54.48647133689226,0.68915813155661,0.075491114472745,6.177996224215435e-06
1439,Färgelanda,2024,2,57.67538201243582,-2.46835566362779,-0.2706293799210676,8.685928105348286e-05
1440,Ale,2023,2,63.3552692885345,-2.5157204997777995,-0.27538474753070435,7.62926353219183e-05
1440,Ale,2024,2,60.56179657910704,-1.8989773256689233,-0.20797969150445572,4.60368130961447e-05
1441,Lerum,2023,2,57.241928720081376,-6.402227077286334,-0.7033362551849306,0.0006986673730279214
1441,Lerum,2024,2,58.277856319428125,-11.204181772721675,-1.2312179686268827,0.002189865913488221
1442,Vårgårda,2023,2,56.43880435780556,-1.6099929882965114,-0.17651356354965067,3.684397750831466e-05
1442,Vårgårda,2024,2,59.3225568902299,1.0430034753304653,0.11451538126812855,1.7648457539259434e-05
1443,Bollebygd,2023,2,62.497793890092154,4.079828631227073,0.44791192849654843,0.0002685620544993108
1443,Bollebygd,2024,2,63.106885315552304,0.14551215435179898,0.01596363566389765,3.199039627807536e-07
1444,Grästorp,2023,2,49.22255748896414,1.4695151337214583,0.1606411171311959,2.1967806134982804e-05
1444,Grästorp,2024,2,51.234725980613625,9.611358627847224,1.0505986369117843,0.0009308350168184351
1445,Essunga,2023,2,49.71693423512025,4.384904520183852,0.4802670976506676,0.0002467830356185772
1445,Essunga,2024,2,50.72201913649299,-3.419860863111694,-0.3744577839175425,0.00014533343042623162
1446,Karlsborg,2023,2,54.10837451133628,0.6997263242394212,0.07675437375801394,7.306617937809319e-06
1446,Karlsborg,2024,2,55.257014860930454,-9.407662732210532,-1.0309386441816701,0.001200475228476391
1447,Gullspång,2023,2,60.5810144988196,5.447506696726407,0.5968972811498285,0.0003978464487260052
1447,Gullspång,2024,2,58.837967291545354,3.5750718656798526,0.39230033899156636,0.0001972763875685639
1452,Tranemo,2023,2,42.51257165140678,7.474805273612155,0.8173614269272117,0.0005915695241133843
1452,Tranemo,2024,2,44.65876807866012,7.5415866810324275,0.8237345413252248,0.0005145606005591387
1460,Bengtsfors,2023,2,49.31777081900367,0.036573676509569,0.004006342137805941,1.741042570420755e-08
1460,Bengtsfors,2024,2,50.200970876540566,2.2450405822518533,0.2455977867723394,5.632778495611585e-05
1461,Mellerud,2023,2,56.2845905123833,-2.820324282159625,-0.30813496629074644,7.489310615650114e-05
1461,Mellerud,2024,2,59.43747659282219,-14.695983000245967,-1.6073045232987928,0.0023448365009306076
1462,Lilla Edet,2023,2,60.69442109745308,8.624863527529591,0.9457069689130883,0.001069351339843163
1462,Lilla Edet,2024,2,59.76012339388707,7.197361718978186,0.7896577254419006,0.0007881568725155993
1463,Mark,2023,2,46.5923680408677,-1.7316544636296243,-0.18952275040336855,3.541095024904352e-05
1463,Mark,2024,2,48.920988819701876,-8.130205147393525,-0.8890461885901912,0.0007016438136204872
1465,Svenljunga,2023,2,47.76080672851131,14.698529641039762,1.6053962503064725,0.0019436320495515816
1465,Svenljunga,2024,2,49.72045954218601,11.412879994428856,1.2468277240098768,0.0012138346107689166
1466,Herrljunga,2023,2,54.37674102782757,-0.2511187420527605,-0.027598838280402323,1.1117191938454157e-06
1466,Herrljunga,2024,2,60.30571806664633,-4.077435451083517,-0.45063658482169305,0.0004265614820020258
1470,Vara,2023,2,39.95732075629075,8.530168351141093,0.933066320040258,0.0008027472961922819
1470,Vara,2024,2,41.40677060041811,8.94131492916916,0.9777613001460141,0.0008508050459238239
1471,Götene,2023,2,44.498303482437095,2.5587399431946167,0.2803503417362753,8.721293474238283e-05
1471,Götene,2024,2,46.26414463826814,3.863809599275136,0.4240246214636116,0.00023242382640808497
1472,Tibro,2023,2,58.41705629471875,-7.234564236829584,-0.7909693941219739,0.000543097651678322
1472,Tibro,2024,2,57.476086174429796,-3.410113339714677,-0.37274201868957496,0.00011671835287361781
1473,Töreboda,2023,2,53.68546483501305,-2.706359704283372,-0.2953304954520078,5.706275203113003e-05
1473,Töreboda,2024,2,51.54932963071249,-0.017758249533677883,-0.0019371409602124737,2.2980242424746863e-09
1480,Göteborg,2023,2,66.39187942895587,-1.825278478931395,-0.2025118400605152,0.00010453075086867037
1480,Göteborg,2024,2,66.00876599279691,-3.1147754214767147,-0.3453338605598701,0.00029411466909173227
1481,Mölndal,2023,2,75.55583873795638,6.957559056015327,0.7705148538536114,0.0013868238309829002
1481,Mölndal,2024,2,80.78679443899676,7.227767308412922,0.7989721948851242,0.0013558307490099115
1482,Kungälv,2023,2,58.33537298308404,3.229355348742814,0.3530593941063026,0.00010770899373341254
1482,Kungälv,2024,2,65.86554999444496,-8.385375884374007,-0.9218243046819187,0.0012656812873514415
1484,Lysekil,2023,2,45.7725092844004,-5.755328383834865,-0.6347713311521098,0.0007511238835530982
1484,Lysekil,2024,2,42.41986444128483,5.973031222769244,0.6606799591141677,0.0009582857281579417
1485,Uddevalla,2023,2,52.62889818859365,-8.190297084202385,-0.8971668943508554,0.0008718673674269792
1485,Uddevalla,2024,2,50.77915563459355,-4.945091435330262,-0.541833668599108,0.0003270507451567341
1486,Strömstad,2023,2,61.413423764691665,1.7358786989473955,0.19342835026758157,0.00011426155633653581
1486,Strömstad,2024,2,74.03397306208623,-16.624093222299848,-1.886522598723796,0.01862044669896747
1487,Vänersborg,2023,2,54.45656526842642,0.4269696710917259,0.047011355936161764,3.6872971882970157e-06
1487,Vänersborg,2024,2,53.27842030476964,1.0908511919462285,0.11990842817885938,2.1259029788072217e-05
1488,Trollhättan,2023,2,53.919365082946186,-1.3403526745701058,-0.14821663698304408,4.753680044239021e-05
1488,Trollhättan,2024,2,55.747658651809154,0.029166255398955343,0.003219202310134905,2.0197156383729793e-08
1489,Alingsås,2023,2,57.93503082460154,-10.414857165972876,-1.137207920284068,0.0009344467892537318
1489,Alingsås,2024,2,55.74802745247093,-5.375853865092061,-0.5866820598022986,0.00022808901282487257
1490,Borås,2023,2,49.025941791450705,-0.14818418184444937,-0.016330220920845476,4.719673729933833e-07
1490,Borås,2024,2,49.718067643524215,-0.376191468303098,-0.04142393040935713,2.879450184789874e-06
1491,Ulricehamn,2023,2,48.86418457862322,-3.14329328034124,-0.3443608558766056,0.00013015958923973266
1491,Ulricehamn,2024,2,46.7025370662016,-4.397153836263641,-0.480722170075875,0.00019911764745858621
1492,Åmål,2023,2,57.3429515630401,-13.11506550606859,-1.4321040298996894,0.0014912435795435314
1492,Åmål,2024,2,54.31402021876575,-6.606981750766423,-0.7217724786597203,0.00040487783984252554
1493,Mariestad,2023,2,53.564993889546486,-14.290437148360944,-1.5691783685706326,0.0033452263355752032
1493,Mariestad,2024,2,55.72744592086239,-13.584501609753083,-1.4906284621052726,0.0028434666816612455
1494,Lidköping,2023,2,44.63364266460085,-7.9035802555626375,-0.8658788300957453,0.0008237866218943502
1494,Lidköping,2024,2,45.9344212090524,-9.447099007444486,-1.0353672489831505,0.001223370480916563
1495,Skara,2023,2,55.038302336593915,4.788008374245585,0.5238769623810473,0.00026158505286184234
1495,Skara,2024,2,59.59322442478067,1.827634077384296,0.20035581241551567,4.703526800467297e-05
1496,Skövde,2023,2,48.85972031539886,7.33542190366871,0.8281048890590719,0.0031555496345176647
1496,Skövde,2024,2,49.447536707742394,6.660748489257344,0.7403561486704822,0.001514106767075255
1497,Hjo,2023,2,54.40426588992209,-4.285449730924462,-0.4683889413020656,0.00018263440654232843
1497,Hjo,2024,2,53.632441910614396,0.05739766157811488,0.006274917201746215,3.383746449115568e-08
1498,Tidaholm,2023,2,51.858884059943705,-11.435175048338436,-1.2519399180870328,0.0016025711725238458
1498,Tidaholm,2024,2,50.590851117296666,-10.059808555797254,-1.1020796667365274,0.00133136172556187
1499,Falköping,2023,2,42.915172050026825,0.9755860355116539,0.10687062394431876,1.2428606677418079e-05
1499,Falköping,2024,2,43.08969700781485,1.9325550192533711,0.2114999210370392,4.384609983650273e-05
1715,Kil,2023,2,53.43307627988574,-9.494309213274235,-1.0378179143905177,0.0009099311186017652
1715,Kil,2024,2,52.60053387793923,-6.004065923374931,-0.6565598076410558,0.0003833377827837915
1730,Eda,2023,2,50.37331899911122,-0.6027577566120996,-0.0665400855009025,8.714547622027736e-06
1730,Eda,2024,2,49.59559978914612,-2.757749099654916,-0.3060545584745944,0.00024182776158897457
1737,Torsby,2023,2,25.123764310435764,17.644304540007727,1.946096967559176,0.007072773953131215
1737,Torsby,2024,2,29.251375083330217,12.087729236076193,1.3322747691696382,0.003168930952439582
1760,Storfors,2023,2,50.26367627835532,0.24934661035817385,0.027295424492758583,7.512441093995901e-07
1760,Storfors,2024,2,50.370608318654455,18.267195271630662,2.0024328270987812,0.004670368538513202
1761,Hammarö,2023,2,66.95416691484107,-11.405170456753702,-1.270510732638696,0.004875560684031934
1761,Hammarö,2024,2,69.37986711491209,-14.707079920938455,-1.6412294812562433,0.008693704640295084
1762,Munkfors,2023,2,60.358719610286045,8.597399223183572,0.9477206222068583,0.0016187810640420376
1762,Munkfors,2024,2,59.48374984954184,8.378319115975401,0.9218636967488845,0.0013516380707616154
1763,Forshaga,2023,2,54.873681287528896,3.8019990730188624,0.41430484523367883,8.50221310692855e-05
1763,Forshaga,2024,2,54.35206646640682,1.811127978037625,0.1974476616214311,2.127227970346939e-05
1764,Grums,2023,2,51.60722263501014,6.579815015425986,0.717787550548977,0.00031833899503421663
1764,Grums,2024,2,50.84949463405988,2.1269602748694822,0.23235168140256532,4.1807184731837e-05
1765,Årjäng,2023,2,43.36190787011155,-6.770378505914643,-0.742798574879771,0.0006963170774658052
1765,Årjäng,2024,2,45.337545384114634,-5.235764213631171,-0.5731902885286726,0.0003340524754465964
1766,Sunne,2023,2,52.20283568609383,-5.741665552920104,-0.6277115644808627,0.000339475565947457
1766,Sunne,2024,2,53.77307141600545,-3.458606007200416,-0.378700129023061,0.00014864274552306024
1780,Karlstad,2023,2,63.62615839138302,-1.486761273120706,-0.16384444004128454,4.7512489519127194e-05
1780,Karlstad,2024,2,61.27255321511731,1.9895486567476226,0.21866553512264172,6.996394061881741e-05
1781,Kristinehamn,2023,2,55.955244204636244,-14.892138019978226,-1.62996022224962,0.00263292667231917
1781,Kristinehamn,2024,2,55.54464238424826,-8.987983013983907,-0.9912908816853171,0.0018296410405338945
1782,Filipstad,2023,2,60.442130346225234,-17.089529190155872,-1.8792052402754502,0.0053698487626331615
1782,Filipstad,2024,2,59.44325555090329,-13.412158987891829,-1.475737874627843,0.00346415147421837
1783,Hagfors,2023,2,57.80807514959067,-13.251903166234221,-1.4561566860919612,0.003049235952134053
1783,Hagfors,2024,2,57.75687403695158,-15.192501992810747,-1.6698570496788137,0.004097847363104833
1784,Arvika,2023,2,44.71833743853894,-11.192911069876061,-1.2228156022291758,0.0011701376776013224
1784,Arvika,2024,2,44.68566279011126,-9.299903209729997,-1.0166756999475508,0.0008856457709253624
1785,Säffle,2023,2,46.161108907446504,-7.85586608551592,-0.8591041908375426,0.0006607320701950782
1785,Säffle,2024,2,45.39568927097821,-0.22487243763369236,-0.02460884088928509,5.899074142341876e-07
1814,Lekeberg,2023,2,51.34785434903635,-10.56235585961037,-1.159651994054789,0.0018058751159790616
1814,Lekeberg,2024,2,50.44132867270941,5.333711996591077,0.5856920577351061,0.00046720268741950793
1860,Laxå,2023,2,53.73221077589822,9.393130319244591,1.0276468321567118,0.0009953377388271529
1860,Laxå,2024,2,53.180607611467025,10.62171582574485,1.1619445595120532,0.0012574502832855068
1861,Hallsberg,2023,2,50.87648057339939,11.71592948081451,1.281314090612351,0.0014813165111050863
1861,Hallsberg,2024,2,53.065840952040304,9.15500272041627,1.0020185109866082,0.0009943277682914903
1862,Degerfors,2023,2,48.10172852523648,4.69297063047582,0.515537490997065,0.0003740141152856873
1862,Degerfors,2024,2,47.624679130430344,5.619554540619454,0.6172641512107979,0.0005318561104979125
1863,Hällefors,2023,2,66.5196815930734,-6.319527628485254,-0.7061170140632292,0.001683457540303581
1863,Hällefors,2024,2,65.83083626320648,-17.737180196128485,-1.9690493594493488,0.01014254285180092
1864,Ljusnarsberg,2023,2,69.08406544134789,-15.532896845931504,-1.733707713519563,0.009766600649397624
1864,Ljusnarsberg,2024,2,66.78391320721629,-4.2982185402444415,-0.47823799297470554,0.0006587025790010309
1880,Örebro,2023,2,52.71485075477375,3.062441712028466,0.3376850270120864,0.0002094575828751736
1880,Örebro,2024,2,49.25631242018581,6.682241345269418,0.7357970789669648,0.0009075744141770276
1881,Kumla,2023,2,53.03300839319921,5.325492228580856,0.5845144217886343,0.0004470388489176168
1881,Kumla,2024,2,54.37156198359686,6.825034286408872,0.7492329546330772,0.0007457505140678801
1882,Askersund,2023,2,37.23953048342184,11.897949913859918,1.3019014755737421,0.0016294452540706703
1882,Askersund,2024,2,40.13797916203812,10.223613588680706,1.1178772281522067,0.0010985555817247673
1883,Karlskoga,2023,2,46.92432438323079,0.06685237893833573,0.007429692597425448,1.5153757047402962e-07
1883,Karlskoga,2024,2,47.221097122497724,-3.814867831576585,-0.4240028014785122,0.0004952344902669994
1884,Nora,2023,2,54.979910119106165,-3.036746479320712,-0.3318241472927331,8.849458486322599e-05
1884,Nora,2024,2,55.54504337546105,-4.224430535908461,-0.4614617428733392,0.00016385914347358832
1885,Lindesberg,2023,2,41.470819761568315,4.939965057253602,0.5397595942945312,0.00023241814787681582
1885,Lindesberg,2024,2,42.06789646818886,5.121075486350698,0.5593025769740247,0.00023406626119941868
1904,Skinnskatteberg,2023,2,61.559779182572626,5.59753452487908,0.6144056716204321,0.0004961995476447262
1904,Skinnskatteberg,2024,2,61.12195391613929,-0.7366155702746298,-0.08081695433696819,8.248641514916929e-06
1907,Surahammar,2023,2,55.49279170483713,-0.12737998750272084,-0.01392838735260548,1.7104537159637602e-07
1907,Surahammar,2024,2,54.72182825918415,4.800772045539063,0.5250640031058694,0.00025034794202301503
1960,Kungsör,2023,2,56.59400537369382,1.371978659627942,0.15033731918987556,2.53416298356656e-05
1960,Kungsör,2024,2,57.13082769890518,10.732066250945294,1.1738928230209933,0.0012670900910276472
1961,Hallstahammar,2023,2,59.27802516811086,2.0285678425772673,0.2221394414932877,5.168243779973154e-05
1961,Hallstahammar,2024,2,63.3183552228073,-7.232364710587277,-0.7922970967787473,0.0006855486459896365
1962,Norberg,2023,2,59.37112478351227,2.8003452183003077,0.30692188759288197,0.0001080041412239257
1962,Norberg,2024,2,59.55979532389377,-0.3154813106876091,-0.03456664389765447,1.328539612070666e-06
1980,Västerås,2023,2,59.37361505136398,-10.489096505936764,-1.150399630249337,0.0016191314863769795
1980,Västerås,2024,2,61.5323624788882,-9.737599228268785,-1.069149504353077,0.001540891486973444
1981,Sala,2023,2,48.044640012749625,-6.168299926108922,-0.6728546362948419,0.0002766309414741945
1981,Sala,2024,2,47.974224637787685,-0.25719972862513885,-0.02805989184250767,4.932583025374216e-07
1982,Fagersta,2023,2,70.74873266036454,-11.453618456764481,-1.2765224622313185,0.005013807133681251
1982,Fagersta,2024,2,71.14562449546605,-16.372062683960543,-1.8249916695243609,0.010312368175590026
1983,Köping,2023,2,53.194927988644324,-6.193619188890686,-0.680067607176517,0.0006259976708857459
1983,Köping,2024,2,52.40005892998793,-7.936613012929357,-0.87113926753785,0.0009963165637780305
1984,Arboga,2023,2,59.11070857307848,-1.2618298414687104,-0.13805990624554088,1.8129469885056268e-05
1984,Arboga,2024,2,54.3796178574002,1.4143735589088138,0.15465478194136786,2.1085498143374412e-05
2021,Vansbro,2023,2,36.12157748517655,-1.6388188644868933,-0.1814133477158277,7.524744524233994e-05
2021,Vansbro,2024,2,37.33019500165255,4.583312107352192,0.5065383924333129,0.0005385190611765226
2023,Malung-Sälen,2023,2,30.513592859890093,20.948395444203474,2.404108196435412,0.03822318084519993
2023,Malung-Sälen,2024,2,27.161288482586855,25.501087175692838,2.9101852784481594,0.05012299229950241
2026,Gagnef,2023,2,48.76593157478597,-7.826334259349721,-0.8584573805131637,0.0009111939774659777
2026,Gagnef,2024,2,53.019056286035806,-6.7940948068370375,-0.7450841541798185,0.0006738363407844783
2029,Leksand,2023,2,50.437101933699054,1.4235226377651387,0.1560180784702737,2.7871887344760005e-05
2029,Leksand,2024,2,49.61351642289398,7.770136052783037,0.8519615378746888,0.0008653906442144849
2031,Rättvik,2023,2,51.52905559617179,-1.6286752302960394,-0.1783207239002954,3.2733640850657785e-05
2031,Rättvik,2024,2,55.828331300156265,-6.001089983553243,-0.6563278659680082,0.00038999500861029663
2034,Orsa,2023,2,50.62749410148472,9.01350184524371,0.983728013037118,0.0006478294062515445
2034,Orsa,2024,2,51.761536564097284,0.34764457734192433,0.03813944375255536,1.828436405775711e-06
2039,Älvdalen,2023,2,47.33812344950089,-8.2271406236963,-0.902214127433269,0.000985242826003604
2039,Älvdalen,2024,2,55.18890867481696,-9.70794383901341,-1.0737068014421938,0.0025193344325507992
2061,Smedjebacken,2023,2,42.532136769051064,3.284778836190391,0.3593731477515121,0.00012192328925852029
2061,Smedjebacken,2024,2,43.98467267564216,0.3653227045666583,0.03994607867416464,1.405993208138343e-06
2062,Mora,2023,2,46.605223339368905,-4.776240090440197,-0.5238393064127808,0.0003358146849672285
2062,Mora,2024,2,45.95553901603499,-0.09380581252963793,-0.010302100784202503,1.461156713117201e-07
2080,Falun,2023,2,48.11154418541132,-3.867887332145557,-0.4236710172298138,0.0001935563360075721
2080,Falun,2024,2,52.16404986452516,-5.871615132687644,-0.6427555531370411,0.0004167763484062238
2081,Borlänge,2023,2,53.121304156680125,-4.875435789037333,-0.5338046730508308,0.0002934483319372596
2081,Borlänge,2024,2,52.84884275976148,-3.4370780538791266,-0.37625480445056037,0.000142977922464113
2082,Säter,2023,2,46.230528026805445,5.17923804986448,0.565983890564434,0.00026068125614596074
2082,Säter,2024,2,51.184306000813095,1.9209243297580514,0.21023660011774453,4.355086225701054e-05
2083,Hedemora,2023,2,52.553666982482866,-2.8957979697751455,-0.3167163438655939,9.11153911376238e-05
2083,Hedemora,2024,2,52.28131774810998,-5.883830672656799,-0.6431364897503061,0.0003478492935995082
2084,Avesta,2023,2,47.6304831959585,-9.042165171961663,-0.9939241161096971,0.0014597804312265947
2084,Avesta,2024,2,46.68762193786326,-6.941001069772085,-0.762237345073253,0.0007956267254165173
2085,Ludvika,2023,2,46.04037568609658,5.395121624713205,0.5942557982205604,0.0006046768437280517
2085,Ludvika,2024,2,47.51672941047005,10.379193094598662,1.142513988799353,0.002140759805223773
2101,Ockelbo,2023,2,54.09065894628866,-6.331020182829128,-0.6924420229237408,0.0004364649373270036
2101,Ockelbo,2024,2,51.9084171469799,-3.6144538923867273,-0.39499113719406176,0.0001272245837518619
2104,Hofors,2023,2,59.21788650479546,-17.08005846980506,-1.8769217776829783,0.005090957431886541
2104,Hofors,2024,2,58.26165162258721,-12.03818432380475,-1.3203322712507863,0.002138091393932076
2121,Ovanåker,2023,2,42.41826276866754,-8.144943896650183,-0.8898792118939202,0.0006248398690785691
2121,Ovanåker,2024,2,43.33195755642208,-12.294130204336728,-1.3425382628639284,0.0013221158457125436
2132,Nordanstig,2023,2,49.45521360516771,0.38470101596356443,0.042092069162892355,1.6898815924594006e-06
2132,Nordanstig,2024,2,50.185531388913475,0.9913202629975615,0.10846333382743938,1.1196324207913099e-05
2161,Ljusdal,2023,2,32.81696706692722,-1.0983350677903125,-0.12093854720129296,2.4495448858989682e-05
2161,Ljusdal,2024,2,32.442085840598736,3.556829854711644,0.3913981338101027,0.0002454973733905286
2180,Gävle,2023,2,49.40361463534886,-5.021201468405309,-0.5514993613410508,0.00042202658949788425
2180,Gävle,2024,2,48.25452242503729,-0.5648519768391296,-0.06212750177597189,5.975908606953466e-06
2181,Sandviken,2023,2,45.11076290102672,-5.372749025081809,-0.593756039778833,0.0007379254150822977
2181,Sandviken,2024,2,45.816469204516096,0.7163775108123716,0.07890991284757976,1.0690650178067477e-05
2182,Söderhamn,2023,2,43.76038854192794,-12.824673681520824,-1.4045465259410952,0.00209376052464712
2182,Söderhamn,2024,2,43.76829382419091,-10.115818778356733,-1.1072633345174312,0.0012245836470661322
2183,Bollnäs,2023,2,41.68298014821409,-4.8085953522725475,-0.5249128730003056,0.00019069677013535733
2183,Bollnäs,2024,2,42.29668151512,-5.4868655641997535,-0.5991338295482089,0.0002605778763941487
2184,Hudiksvall,2023,2,43.932598563598866,-6.822756619117527,-0.7496767786355171,0.00080589538356015
2184,Hudiksvall,2024,2,43.53877661756218,-8.498273526536813,-0.9343490398582677,0.0013124233585949084
2260,Ånge,2023,2,43.685292520227804,-1.529183177819199,-0.16759837480569864,3.216109405781383e-05
2260,Ånge,2024,2,44.95571475505663,-0.7274971522260287,-0.0796887159770262,6.865222628069342e-06
2262,Timrå,2023,2,55.905488627689174,-9.212216107734783,-1.008468884577526,0.0010286575752009794
2262,Timrå,2024,2,58.34404428284995,-5.321956502472119,-0.5822650187575408,0.0003209363533009899
2280,Härnösand,2023,2,59.990336231888364,-12.330727243488916,-1.349837673307136,0.0018403046598098802
2280,Härnösand,2024,2,58.24196260422321,-9.129174515298061,-1.0024488728040732,0.001366262063335118
2281,Sundsvall,2023,2,51.28229663488488,-14.754825436554015,-1.6222818420681824,0.0039660125087189
2281,Sundsvall,2024,2,50.50145497534791,-12.267467413761608,-1.3493971835719287,0.0028362058118488044
2282,Kramfors,2023,2,31.612685447026383,14.329121597384027,1.5869773330393309,0.005901182926231558
2282,Kramfors,2024,2,32.781702585643885,20.27415471239511,2.237961732621433,0.00981721950608967
2283,Sollefteå,2023,2,33.503778181246545,5.798710616464412,0.6369229496456227,0.000564815102802877
2283,Sollefteå,2024,2,33.789252376713904,6.219445166230216,0.6831429435219356,0.0006503125686443897
2284,Örnsköldsvik,2023,2,28.87722165779945,0.32354260911716537,0.03564361981813612,2.2015879857846856e-06
2284,Örnsköldsvik,2024,2,28.378913432728186,3.0587793328148045,0.3372156110381154,0.00020633805600762958
2303,Ragunda,2023,2,45.519176940263435,-0.3390406208866068,-0.037082243865459795,1.2533690459313402e-06
2303,Ragunda,2024,2,48.520659969318544,6.667835949841972,0.7297648825692753,0.0005247404284920729
2305,Bräcke,2023,2,48.013349663410786,8.553300607125365,0.9367220338558038,0.0009283416419269744
2305,Bräcke,2024,2,49.20304236807067,7.632086049493537,0.8361390238789341,0.000768531539636351
2309,Krokom,2023,2,50.99634596575157,2.546456214434386,0.279916709914079,0.00011602462862932134
2309,Krokom,2024,2,53.3754126487423,5.680709800237295,0.6246132781757842,0.0005896067296064281
2313,Strömsund,2023,2,40.98839094114258,-4.274632280114957,-0.47056293904151525,0.0003643714740858111
2313,Strömsund,2024,2,42.399423935038975,-1.2128141191993649,-0.13354419730999234,2.987212585109942e-05
2321,Åre,2023,2,81.76877386200293,4.7203147130933445,0.5441956761454958,0.002127245992565633
2321,Åre,2024,2,70.78754402825814,21.783164236139555,2.454879868018501,0.026479351392749338
2326,Berg,2023,2,47.1388291081168,11.964812348465834,1.3342679851792165,0.005598610703746208
2326,Berg,2024,2,52.16489010509515,10.581311358044978,1.171937796189108,0.0032232480937806605
2361,Härjedalen,2023,2,36.17313211621348,21.096458815279867,2.3666173617832182,0.02154526093215223
2361,Härjedalen,2024,2,38.1805757903662,22.949645339854932,2.582371430705175,0.028075848665566294
2380,Östersund,2023,2,59.821051794845644,-8.681272814866915,-0.9578892798711456,0.0017552741772373984
2380,Östersund,2024,2,61.750192069155034,-11.041501569147336,-1.2178578397739142,0.0027731801845443404
2401,Nordmaling,2023,2,51.92277738183095,0.11760367888282985,0.01288444206283125,1.8289906241921962e-07
2401,Nordmaling,2024,2,50.644596098136276,-5.988877285114093,-0.6555368225579592,0.0004294221682332132
2403,Bjurholm,2023,2,60.72176437735253,-8.762650237659173,-0.9702432341752537,0.0021791610644154237
2403,Bjurholm,2024,2,60.641646000456845,0.4011687515567175,0.04424483057191605,3.643151344382781e-06
2404,Vindeln,2023,2,53.47978607183666,-7.517508100769092,-0.824651764682802,0.0008473064887477835
2404,Vindeln,2024,2,58.505276807193184,-8.108378154802558,-0.891756628605526,0.0012234876044173494
2409,Robertsfors,2023,2,51.86358392492831,-5.276046832940175,-0.5781297078433499,0.0003745141944482809
2409,Robertsfors,2024,2,52.960249329382215,-1.6896962651071803,-0.18527516101175381,4.108089992643456e-05
2417,Norsjö,2023,2,47.01980032927965,-2.932134681980969,-0.32195036598101856,0.00014022623100824579
2417,Norsjö,2024,2,48.19194844247933,12.03990639623035,1.323389063870549,0.002580425888677205
2418,Malå,2023,2,54.80068796694116,-13.32911606058665,-1.4677747837279196,0.0036240672631914317
2418,Malå,2024,2,54.721683033173434,-5.768273174969515,-0.6352083342416972,0.0006800576085095232
2421,Storuman,2023,2,49.28299234438353,-4.984824758544711,-0.5506113241783713,0.0006171843810368112
2421,Storuman,2024,2,49.326780271233275,-2.5274257795710895,-0.27927203062249384,0.00016195630232523805
2422,Sorsele,2023,2,55.12403816980097,-8.203217055431466,-0.9047482526698212,0.0015251333678042373
2422,Sorsele,2024,2,56.47380015351486,-11.501377582449948,-1.2678015216257692,0.0028918542799941556
2425,Dorotea,2023,2,50.34210961901321,-11.86412757540483,-1.3129173883766696,0.0038784532491601483
2425,Dorotea,2024,2,50.1510469154958,-5.687228258128755,-0.6319713813972085,0.0010902756285924374
2460,Vännäs,2023,2,57.98063326839268,11.23230414191751,1.2364703777227268,0.002514151545663078
2460,Vännäs,2024,2,60.42396691459035,-6.985508745514572,-0.7685399513396753,0.0009329844731843088
2462,Vilhelmina,2023,2,45.38480376570454,-11.05620724646456,-1.2198737023636372,0.00283757519536025
2462,Vilhelmina,2024,2,41.91088546819636,0.6320588246275278,0.06969399707661292,8.914190540883139e-06
2463,Åsele,2023,2,49.98582340037325,-13.19406475430997,-1.4661163717307375,0.005863848635633903
2463,Åsele,2024,2,50.08456994119177,5.5947173639307195,0.6220233837487604,0.0010803079772840176
2480,Umeå,2023,2,62.68442584829784,-7.4815947026907,-0.8427393076693853,0.0030793703557690354
2480,Umeå,2024,2,63.58351897745849,-5.124982973465912,-0.5786609729351803,0.0015474579690981816
2481,Lycksele,2023,2,43.698597262460794,-1.2847759245421813,-0.1418010696931634,3.9105543860320405e-05
2481,Lycksele,2024,2,44.39665463731893,-6.684160826459056,-0.7376907684165256,0.0010547935992662857
2482,Skellefteå,2023,2,41.76884105952233,18.433400846881995,2.0313295825296147,0.007286134997108309
2482,Skellefteå,2024,2,44.719753767028024,18.658365234891363,2.0614514385611247,0.008768643322314093
2505,Arvidsjaur,2023,2,29.38212140078566,20.18437622722023,2.2317393770074085,0.010711798286714355
2505,Arvidsjaur,2024,2,30.62657733419001,17.985674267058144,1.9947370140019958,0.00996898421956286
2506,Arjeplog,2023,2,47.02906942877203,-9.85007364494681,-1.1010454058611823,0.004150334297533246
2506,Arjeplog,2024,2,44.78115041979646,1.0056906729315145,0.11292791260399124,5.0517711302994774e-05
2510,Jokkmokk,2023,2,51.64140855131908,-8.70570635165749,-0.9766502072299251,0.003673538220021481
2510,Jokkmokk,2024,2,51.86731219207351,-0.3889033428924904,-0.04365166184462068,7.455381162697756e-06
2513,Överkalix,2023,2,38.46785097064854,11.816779010376123,1.3060864281581415,0.0035983646459821863
2513,Överkalix,2024,2,42.22111006409629,14.323719676609741,1.5844044545927618,0.005520459386721894
2514,Kalix,2023,2,46.914112592993924,-8.643063516001575,-0.944300550052986,0.0007035034320767124
2514,Kalix,2024,2,47.749250000103416,-9.415158648014533,-1.029437337850662,0.0009268143607219789
2518,Övertorneå,2023,2,58.36872972654814,-10.178905851792756,-1.1415250611622023,0.004964841981304575
2518,Övertorneå,2024,2,61.329800806846976,-4.884151312146457,-0.5477625273390495,0.0011447387414536513
2521,Pajala,2023,2,47.07449518850225,3.8537964142911463,0.426922709236407,0.00043238175689020315
2521,Pajala,2024,2,49.27308094295948,-2.491452122744356,-0.27627170691232833,0.00018969690024109523
2523,Gällivare,2023,2,35.73461396205635,0.6762342779898134,0.0759197642798164,2.2707249431323894e-05
2523,Gällivare,2024,2,34.948532194676986,2.769798914241946,0.31120199626031203,0.00039047440449288545
2560,Älvsbyn,2023,2,48.734947716111435,-2.0948346491706644,-0.22904536044190169,4.58741878155836e-05
2560,Älvsbyn,2024,2,47.447019550217675,1.3052315431705424,0.1428835988559365,2.063058546188462e-05
2580,Luleå,2023,2,48.47764908955254,-0.7409820868304919,-0.08194691473178464,1.4615146236850945e-05
2580,Luleå,2024,2,49.41420986306528,2.3278957305061923,0.2575812122294835,0.0001483841242562257
2581,Piteå,2023,2,36.24374725935504,-3.2992923188676,-0.36357475800716943,0.0002333426468525889
2581,Piteå,2024,2,37.56635342947209,-1.2858153466864977,-0.1418851209828558,3.8651639278294695e-05
2582,Boden,2023,2,46.26496207676233,2.262397190317081,0.247730508466039,6.386839693246619e-05
2582,Boden,2024,2,49.258325545007494,4.789947120684687,0.5254682645413671,0.0003454053689253343
2583,Haparanda,2023,2,67.14251774121287,-25.625682174034054,-2.916755336644707,0.047617417929852954
2583,Haparanda,2024,2,70.33623733662206,-22.90972657277112,-2.6288600487188436,0.045593787094776725
2584,Kiruna,2023,2,49.756814149914014,-3.173655410556819,-0.35720297224267483,0.0005411411593333758
2584,Kiruna,2024,2,47.278499554724945,1.1920257284285398,0.13352054732707028,6.5384639363548e-05
0114,Upplands Väsby,2022,3,98.86998815736646,11.499058978356814,1.2133187710309103,0.002106991612494523
0114,Upplands Väsby,2023,3,89.15151892846492,9.551334793347095,1.0080707404403597,0.0014833697729039717
0114,Upplands Väsby,2024,3,91.07131649670964,-4.113066789816173,-0.4361039083412134,0.0003726760915708439
0115,Vallentuna,2022,3,75.2796518529776,3.5990029919336024,0.3787122657812362,0.00016305841427788855
0115,Vallentuna,2023,3,71.16921766580276,-0.6936788358335519,-0.07296478917260463,5.8257135990456295e-06
0115,Vallentuna,2024,3,73.42654959721769,-5.030524653455046,-0.52909894595163,0.00030416883637897346
0117,Österåker,2022,3,70.25964550688053,5.01814357692426,0.5261661727601018,0.0002090584640701704
0117,Österåker,2023,3,64.95967978569179,-5.242135854844825,-0.5495451552683515,0.00022175950380397104
0117,Österåker,2024,3,65.79855147908417,0.7248381607816583,0.07604895122132288,4.754730969813538e-06
0120,Värmdö,2022,3,69.82866863455081,3.5940663677093454,0.37858421337279385,0.00017890806788318286
0120,Värmdö,2023,3,65.28340192212896,1.0373305435099098,0.10929060435666563,1.517433637221151e-05
0120,Värmdö,2024,3,67.88922567706622,-3.0023381462417404,-0.31634568927076756,0.00012804643701869864
0123,Järfälla,2022,3,95.0378948293686,17.798519867565645,1.8828709969873505,0.006068762261421315
0123,Järfälla,2023,3,97.26591118286325,2.386585052512629,0.25279532069661204,0.00011828937342980271
0123,Järfälla,2024,3,95.00225957874564,18.36480056740389,1.9383476476514252,0.005501748699152184
0125,Ekerö,2022,3,66.05268222063278,-10.769916022095536,-1.1374673985536874,0.001985281095524886
0125,Ekerö,2023,3,59.926786559734595,-5.879299750514932,-0.6215225323433308,0.0006317572115620512
0125,Ekerö,2024,3,62.93690556521601,-3.0268398440122724,-0.3208758423798463,0.00019977223102037584
0126,Huddinge,2022,3,79.8829304662868,25.388501099422697,2.6671538075184795,0.006828209993234202
0126,Huddinge,2023,3,76.24534503128604,21.16511845186004,2.233406437696341,0.007181962992112688
0126,Huddinge,2024,3,77.10215883428324,24.512832767060544,2.583489551619849,0.008723783029666442
0127,Botkyrka,2022,3,91.80234883378995,-3.1911707412577357,-0.3404463922676225,0.0003055284652927659
0127,Botkyrka,2023,3,87.15518250629326,-0.8927337658128778,-0.09578378295744433,2.9988256908577265e-05
0127,Botkyrka,2024,3,87.11721185788792,2.0439371958631796,0.21889440365191465,0.00014673075977546354
0128,Salem,2022,3,92.03466740505442,-18.383215122896743,-1.9467289761949655,0.00691210126779739
0128,Salem,2023,3,82.79241822076308,-5.6621678053141125,-0.6006761995328345,0.0007282104189929329
0128,Salem,2024,3,87.80882977846535,-7.383856910469689,-0.780345864802075,0.0009765044268045482
0136,Haninge,2022,3,79.85464336092761,9.751531715595434,1.0283257083348127,0.001446440069497561
0136,Haninge,2023,3,80.14274354296089,9.741067145653759,1.0292968136476863,0.001680493456202827
0136,Haninge,2024,3,82.71191793403693,1.3854109722517762,0.14641855978912482,3.4451991458944674e-05
0138,Tyresö,2022,3,70.3845235592137,-0.8717832820567963,-0.09149389871788445,7.1530351299140746e-06
0138,Tyresö,2023,3,67.52947790506461,-6.866105729277088,-0.7206168831887553,0.0004450497667879924
0138,Tyresö,2024,3,67.42161063678842,-2.6581953579092215,-0.2790065347699266,6.735882511807071e-05
0139,Upplands-Bro,2022,3,87.32040489198931,27.739401091748476,2.9168721099329074,0.009026951718288004
0139,Upplands-Bro,2023,3,90.77346492590478,13.562035644150384,1.4316545994270453,0.0030360150860865394
0139,Upplands-Bro,2024,3,80.44005632298636,19.900700644276625,2.09660297949805,0.0055649445664172955
0140,Nykvarn,2022,3,72.09903434074599,1.0319670309961282,0.10893318637519873,1.7520980900194035e-05
0140,Nykvarn,2023,3,71.33625485253953,17.29015961842768,1.8296891924899337,0.005849487063231046
0140,Nykvarn,2024,3,88.9350936072093,-10.503721058189683,-1.1665819658023038,0.009889966263371488
0160,Täby,2022,3,87.01247694451072,1.3195033049003513,0.1396894687278125,3.494980527425902e-05
0160,Täby,2023,3,81.84289970449127,6.105704637555689,0.6463225450445308,0.0007440443207999194
0160,Täby,2024,3,92.09757032803336,-5.775796300455667,-0.6157968936797888,0.0009732682635809044
0162,Danderyd,2022,3,83.39220961155448,1.1238799516414133,0.12368181650206991,9.450037916568738e-05
0162,Danderyd,2023,3,81.35161823910003,1.7477987694443442,0.19598075348424268,0.00032351019674308954
0162,Danderyd,2024,3,78.80097243667275,15.848218002802966,1.786282632862084,0.028902835446557643
0163,Sollentuna,2022,3,88.6467144805899,20.263657123749198,2.1284120045099013,0.004266581129084869
0163,Sollentuna,2023,3,87.76230830558492,13.18833630959935,1.38850822276756,0.0023023716224297892
0163,Sollentuna,2024,3,88.05434472285536,14.55567279749917,1.5314096791737954,0.0026267723359844333
0180,Stockholm,2022,3,66.94609691664651,6.3548897317142945,0.6749367637346317,0.0009764830609585654
0180,Stockholm,2023,3,61.66792872486996,7.41593151783362,0.7898087758529022,0.0015266891778742374
0180,Stockholm,2024,3,63.91927618911281,8.3797191643215,0.8913094490568376,0.001832167131460486
0181,Södertälje,2022,3,84.64953568048385,-9.004679882151393,-0.9570218230718579,0.002032289933452202
0181,Södertälje,2023,3,80.05470996390645,-10.789500588083428,-1.152839720083794,0.0037300295862196663
0181,Södertälje,2024,3,81.49658672492993,-12.825599172578862,-1.3646288094265246,0.004359697941857915
0182,Nacka,2022,3,86.17717538355711,1.6422718517058428,0.17321238082201737,4.160633900199188e-05
0182,Nacka,2023,3,83.4334322893566,-2.5895611116790604,-0.2738198998817995,0.00012463750564390625
0182,Nacka,2024,3,83.99770460845521,-0.982505521827548,-0.10382769987335379,1.7218270923705216e-05
0183,Sundbyberg,2022,3,105.9721633948771,39.65387692322906,4.230023115808277,0.046977684743054575
0183,Sundbyberg,2023,3,97.16800934561485,57.43207650357675,6.130945077859725,0.10171027725962883
0183,Sundbyberg,2024,3,107.80237202464879,27.873073118756693,2.986549889097873,0.027812906634101776
0184,Solna,2022,3,107.86505691507051,44.188775735602405,4.74577773756672,0.07608653551151949
0184,Solna,2023,3,99.11315831072474,37.44948069847621,4.0228406425838,0.05505366537347919
0184,Solna,2024,3,98.6667102088818,38.76349646097097,4.167478617156459,0.06071368953929737
0186,Lidingö,2022,3,82.38070572704807,-0.9469429255944846,-0.10120853508395433,2.9077005463906284e-05
0186,Lidingö,2023,3,73.94689662411582,-2.677961933278965,-0.288056847447979,0.0002948587623742399
0186,Lidingö,2024,3,72.79944093084615,6.78383211212882,0.7353986670838483,0.002397582836687329
0187,Vaxholm,2022,3,91.2155392126753,-29.69776460976749,-3.145467726442393,0.018237726317469144
0187,Vaxholm,2023,3,79.5980832968632,-21.630748101805224,-2.2959934701952096,0.010959877896710546
0187,Vaxholm,2024,3,84.5228004298943,-19.89752551871176,-2.109996905151098,0.008789511266173455
0188,Norrtälje,2022,3,59.57129755045883,2.285472846113663,0.24102632375525918,7.990500652014033e-05
0188,Norrtälje,2023,3,52.73461381834541,-2.149240547857346,-0.22648256561337504,6.623576347640675e-05
0188,Norrtälje,2024,3,52.1146162757484,5.916471807153151,0.6241443316590267,0.0005487847482765436
0191,Sigtuna,2022,3,91.16108411208535,23.708990681653574,2.4950203554600416,0.007129584411552204
0191,Sigtuna,2023,3,90.26805450411904,7.201914465402567,0.759576771395663,0.0007986422860031637
0191,Sigtuna,2024,3,85.64924166604074,7.23077804324727,0.7602636207775174,0.00060736856643574
0192,Nynäshamn,2022,3,80.4309784271493,-0.27919598198737106,-0.029468113621268836,1.2710813546260576e-06
0192,Nynäshamn,2023,3,66.65847819397585,6.6812334618586675,0.7008400666549911,0.0003929421384531704
0192,Nynäshamn,2024,3,71.73445692732736,4.36351880765416,0.4578474386447131,0.00017397686224174163
0305,Håbo,2022,3,64.75188917262476,9.177388226892049,0.9674250876840763,0.001243053169189447
0305,Håbo,2023,3,52.22222780847544,15.506509024466155,1.6331781652657074,0.0032918079109486983
0305,Håbo,2024,3,58.4998336198025,5.923619999663828,0.6229100730128533,0.0004133905825284982
0319,Älvkarleby,2022,3,63.59965933478378,0.08865235352790535,0.009301792222382409,7.164841357597511e-08
0319,Älvkarleby,2023,3,60.92150346439897,-7.641102294319566,-0.8014917603202892,0.0005108731994680463
0319,Älvkarleby,2024,3,59.73400245315776,-0.7934664397574238,-0.08314127685702037,4.724393025824256e-06
0330,Knivsta,2022,3,84.44113935413537,-0.40001284541834536,-0.0420506428813337,1.8229269549341426e-06
0330,Knivsta,2023,3,82.250278237848,6.578533194033824,0.6912875574119244,0.00047269915849507853
0330,Knivsta,2024,3,91.5056846516962,-3.0802611628083554,-0.3268940999164165,0.0002200246807591833
0331,Heby,2022,3,62.6775952647677,10.063546126259268,1.057215487364409,0.0010732540035182341
0331,Heby,2023,3,63.329322604142234,-6.298018135063238,-0.6643148832753413,0.0006159712181678523
0331,Heby,2024,3,57.63204592593668,5.456138110312885,0.5739529449009972,0.0003634130625789155
0360,Tierp,2022,3,61.09969827821472,-1.9574017258462248,-0.20536124435849168,3.453000827135922e-05
0360,Tierp,2023,3,56.59884426306068,-5.3083238081935065,-0.5575135229749434,0.0002896809111041662
0360,Tierp,2024,3,55.249769452782544,-1.4684957605914875,-0.15416750451518316,2.1108789541648818e-05
0380,Uppsala,2022,3,81.1795087634388,-9.080722937057374,-0.9682444950855755,0.0024154689329530196
0380,Uppsala,2023,3,79.50310903233463,-10.67716509582489,-1.1411614650100792,0.003695930522427428
0380,Uppsala,2024,3,82.26625381466043,-13.77470488233348,-1.475086898321785,0.006645514462956648
0381,Enköping,2022,3,60.32932099780302,0.23747385255644815,0.0248769761271432,4.068149064677399e-07
0381,Enköping,2023,3,56.460523696604966,2.5554623880467346,0.2677953151190852,4.981249386680454e-05
0381,Enköping,2024,3,62.193254841751596,-5.392612747536617,-0.5668133125648109,0.0003266145524803873
0382,Östhammar,2022,3,51.66928775347038,-4.721561294465722,-0.4976450185558855,0.00032497203957257214
0382,Östhammar,2023,3,45.70590518066798,-3.7611099434318263,-0.39634036298600517,0.00020294123370205287
0382,Östhammar,2024,3,45.47861627103184,-2.2046077788464586,-0.2323177567231932,6.971046480261351e-05
0428,Vingåker,2022,3,52.57147663837423,6.441996248832098,0.6782750054860545,0.0005524700546913052
0428,Vingåker,2023,3,46.95748652364836,12.88894527400295,1.3556669085954514,0.002002313047948186
0428,Vingåker,2024,3,45.52140601690881,5.907165411662618,0.6205252463004086,0.00036668311421360914
0461,Gnesta,2022,3,71.01790586936907,-5.396135287212687,-0.5690110001253783,0.00044126213160234506
0461,Gnesta,2023,3,65.30450548832735,-9.922561043882908,-1.0474689986206016,0.0016263122864724727
0461,Gnesta,2024,3,67.42787438584664,-12.96810828356002,-1.369730904201844,0.002893790682115146
0480,Nyköping,2022,3,54.04734078758338,-0.32541252023190737,-0.03428630952043841,1.4995082639699175e-06
0480,Nyköping,2023,3,53.80824056825935,-2.880405516712962,-0.3033840636247412,0.00011404090084006285
0480,Nyköping,2024,3,49.35466595341295,1.3617744689098288,0.14345145141940746,2.5806323261008737e-05
0481,Oxelösund,2022,3,76.8394994531594,-11.143653019268953,-1.1786366489612246,0.0023487303269869356
0481,Oxelösund,2023,3,68.69106133324601,-4.755822608646639,-0.5022971868256976,0.0003876700975410794
0481,Oxelösund,2024,3,68.6476848475197,-10.1321832267068,-1.068850519999513,0.0016070492724462066
0482,Flen,2022,3,64.39871420208944,5.971194877497055,0.6281584503549787,0.0004369604040873976
0482,Flen,2023,3,58.00777008774465,1.5403534762073505,0.16215018431071906,3.09987887228184e-05
0482,Flen,2024,3,57.655188265676344,3.925335103676602,0.41301398492222974,0.00019228078389529231
0483,Katrineholm,2022,3,57.40539594774258,-6.717614188408405,-0.7039417748575834,0.00034276002322320407
0483,Katrineholm,2023,3,51.785168033964325,-3.7138476750318006,-0.38900004796430077,9.738444408316014e-05
0483,Katrineholm,2024,3,51.17623521380894,0.29650589996983,0.03105369145318747,6.098022703487848e-07
0484,Eskilstuna,2022,3,60.20156972154587,-15.78821884402776,-1.6629640578917484,0.003433690958128756
0484,Eskilstuna,2023,3,52.61225473168957,-10.525307919615273,-1.1066330895137633,0.001283730180650207
0484,Eskilstuna,2024,3,58.04828924069861,-16.09983630561284,-1.6969333851879642,0.0037853025455740364
0486,Strängnäs,2022,3,62.63908869759055,1.6551541513945551,0.1732130559123504,1.64890107679276e-05
0486,Strängnäs,2023,3,61.96408905384844,0.29661963387157897,0.03104784181367447,5.50878348215834e-07
0486,Strängnäs,2024,3,66.75884537142717,-4.74373586566572,-0.49978339546448003,0.00031705853015723403
0488,Trosa,2022,3,73.93159684591862,-9.907206602016174,-1.0447376475782166,0.0014924816219459211
0488,Trosa,2023,3,68.19434846539205,-7.05897728635275,-0.7442735400816466,0.0007484757179298463
0488,Trosa,2024,3,73.01703323407982,-12.254656333162018,-1.2926463082781867,0.002335765713219113
0509,Ödeshög,2022,3,52.39590088209653,9.104945459825608,0.9567661535341537,0.000905205575734814
0509,Ödeshög,2023,3,50.51498302546686,4.04080405541967,0.4236272292043365,0.00013270273768876842
0509,Ödeshög,2024,3,50.96085483064694,1.1682267045831551,0.12268321144454782,1.387900370804929e-05
0512,Ydre,2022,3,53.14814545695172,1.6984469948538745,0.17904276585543571,4.2628450117587e-05
0512,Ydre,2023,3,46.61659087006598,0.40018119482266457,0.04212845302685162,2.1020580731785063e-06
0512,Ydre,2024,3,48.95753820937438,8.40594772554013,0.8841413571839397,0.0008515512022082223
0513,Kinda,2022,3,45.29983329530904,4.1638139037374415,0.4366849353090867,0.00014855000827738163
0513,Kinda,2023,3,39.620502126090415,1.8126443911233565,0.19040398039733933,3.437294369061625e-05
0513,Kinda,2024,3,41.857406674277,5.5464298226598245,0.5816389961082001,0.0002604673863270035
0560,Boxholm,2022,3,60.7027843407332,-0.31718957900166345,-0.03329350536923399,9.627325533986602e-07
0560,Boxholm,2023,3,57.79296920866659,-6.914823273486434,-0.7253904762581405,0.00042464277058644646
0560,Boxholm,2024,3,59.02707534542981,-5.555985985270297,-0.5832287420076925,0.0002985515645825535
0561,Åtvidaberg,2022,3,50.35198448481345,0.14340922281735402,0.015030385976410866,1.6022322137843918e-07
0561,Åtvidaberg,2023,3,43.975884058975666,-1.4802470607208633,-0.15504983315598017,1.553951167089791e-05
0561,Åtvidaberg,2024,3,41.671191696937825,7.600631796565274,0.7965378308450457,0.00044432198787605897
0562,Finspång,2022,3,51.54252036643295,3.381462649592251,0.3540508026415292,7.561219107882939e-05
0562,Finspång,2023,3,46.26626583286028,2.4107877303369207,0.25286038217331636,5.051434485916911e-05
0562,Finspång,2024,3,47.119660572465406,4.630790336289159,0.48554976969268876,0.00017795850795600932
0563,Valdemarsvik,2022,3,47.39050131325385,13.553142199197005,1.4225289457783286,0.001747835381518276
0563,Valdemarsvik,2023,3,41.57961981905343,16.237645795586545,1.704040287093122,0.0024620538932846035
0563,Valdemarsvik,2024,3,46.717967322067935,21.0561190566696,2.206159387820383,0.00329115848844494
0580,Linköping,2022,3,63.91622332268388,-2.856543590513702,-0.30171839511699516,0.00014046308634782113
0580,Linköping,2023,3,60.83584662129434,-2.312752788411011,-0.24457786884206037,0.00010017260659969033
0580,Linköping,2024,3,58.30942020912926,0.505707591626539,0.05344554367117061,4.586431163352668e-06
0581,Norrköping,2022,3,56.46390341157499,-10.77757485589693,-1.1310109409813456,0.001081127796468568
0581,Norrköping,2023,3,53.36983207911347,-10.852110621166197,-1.1434515692142004,0.0016733400282213555
0581,Norrköping,2024,3,54.547995564782,-12.369764084577831,-1.3020204023853241,0.001981601558926547
0582,Söderköping,2022,3,51.46478595328553,11.835739865778784,1.2409682456709483,0.0011573809871897032
0582,Söderköping,2023,3,47.408358028259926,8.756301956942202,0.9178880528872928,0.0006132552630731615
0582,Söderköping,2024,3,49.95876794578707,4.744051717476161,0.4969012554000124,0.00015860625921155846
0583,Motala,2022,3,43.76349459438913,-3.1716541260393285,-0.33299722822278344,9.94295848970907e-05
0583,Motala,2023,3,40.9691393578114,-2.7785063537865184,-0.2912619146363111,6.181807610896303e-05
0583,Motala,2024,3,42.750127845534976,-7.076067392713462,-0.7422233004709056,0.0004380534367870249
0584,Vadstena,2022,3,68.59091129117748,-3.492662393971216,-0.3689742145418148,0.00021272944440795015
0584,Vadstena,2023,3,54.55560648638016,2.3451199058716625,0.24669241809536321,6.713385304306529e-05
0584,Vadstena,2024,3,54.42001079382965,11.668106696156997,1.2287058752677378,0.0018362618043617758
0586,Mjölby,2022,3,48.16955527402692,5.499090014161062,0.5767249443973052,0.000259186256482102
0586,Mjölby,2023,3,58.80312318645582,-10.965777161819766,-1.1550587633120644,0.0016614911597461093
0586,Mjölby,2024,3,50.72573803941499,-1.588257642133236,-0.16619419785794898,1.486002849765747e-05
0604,Aneby,2022,3,59.12661611856419,-4.32005105408588,-0.4528918175598921,0.00015114213864310025
0604,Aneby,2023,3,51.08864211589588,-1.322150580577727,-0.138512194325819,1.2730933756996605e-05
0604,Aneby,2024,3,53.58219674740897,-8.120963850542708,-0.8512072441788198,0.0005200463966076804
0617,Gnosjö,2022,3,49.592489394035226,-4.243898590898965,-0.44756672734394654,0.00027574318732632427
0617,Gnosjö,2023,3,48.105589221760226,-1.7071466520003327,-0.18034011134053116,5.0672979668199996e-05
0617,Gnosjö,2024,3,47.76188213992529,-4.721689389952672,-0.4980943892791835,0.0003490128358321475
0642,Mullsjö,2022,3,58.74074707911421,8.040984200758338,0.8422278094935186,0.000455604244525535
0642,Mullsjö,2023,3,59.67076991230944,-2.1282068926446627,-0.2230690277676828,3.56867725140399e-05
0642,Mullsjö,2024,3,59.37446731245615,-6.174572658782196,-0.6469380050065404,0.0002827215279228487
0643,Habo,2022,3,64.43752365875889,-0.07128356125737412,-0.007510896928353641,7.218308545440636e-08
0643,Habo,2023,3,70.5058276560053,-24.630121441316028,-2.6151677621809912,0.014449602652464292
0643,Habo,2024,3,61.328186151411956,-12.651016115740134,-1.332344007866442,0.0021782093000441
0662,Gislaved,2022,3,40.74302192918045,2.539091974689839,0.26735856044021095,8.637637316312402e-05
0662,Gislaved,2023,3,36.84509001560279,3.101142837502607,0.32661066796765814,0.0001313628884119881
0662,Gislaved,2024,3,37.54654688384045,3.475017948893864,0.365906239776065,0.00016169183819199397
0665,Vaggeryd,2022,3,50.234867057614714,2.141597194438603,0.224513534954559,3.7132792240719326e-05
0665,Vaggeryd,2023,3,46.85098564850414,-2.897167540341293,-0.3038942156485901,7.357581703720247e-05
0665,Vaggeryd,2024,3,46.839153618271766,0.44583795002503024,0.046750575100533466,1.666591542349407e-06
0680,Jönköping,2022,3,56.167207909532074,-2.6093154939140106,-0.27385691099376896,6.433423185909564e-05
0680,Jönköping,2023,3,54.07608909292263,-3.9259122331583995,-0.4130668976974253,0.00019198314711371166
0680,Jönköping,2024,3,53.27324398870611,-0.3657711129289609,-0.03845088422740197,1.5235331138504125e-06
0682,Nässjö,2022,3,46.72314241431549,11.222011605218697,1.1744648208193191,0.0007672403534152919
0682,Nässjö,2023,3,46.069124893748665,5.434919595634554,0.5687450884727272,0.00017637674426930364
0682,Nässjö,2024,3,46.62418001538374,5.074303537976817,0.5310914730038927,0.00015851775419236777
0683,Värnamo,2022,3,44.40685171050209,-4.5417531286964845,-0.4757863084864743,0.0001491757868890141
0683,Värnamo,2023,3,41.66801133860686,0.09378745333557248,0.009829273452597596,6.813302632186265e-08
0683,Värnamo,2024,3,42.71107344049423,-3.6861183134025737,-0.38617236121168547,9.913371675447866e-05
0684,Sävsjö,2022,3,59.97498889436626,-7.388122867690534,-0.7754092197370478,0.0005157320181066019
0684,Sävsjö,2023,3,48.76497580269056,-3.684413581230153,-0.3863705488731737,0.00011477572003439997
0684,Sävsjö,2024,3,50.885398071339594,-2.9739564039522364,-0.3125516519386706,9.801775019234457e-05
0685,Vetlanda,2022,3,36.800425814305854,7.069049847891954,0.7442270384614077,0.0006595105293307111
0685,Vetlanda,2023,3,34.684761115267,3.972595783416537,0.4178475555554713,0.0001905625043416717
0685,Vetlanda,2024,3,33.84620001869371,7.493526804904086,0.7874530391708918,0.0006146982872889897
0686,Eksjö,2022,3,57.416943728402146,-0.5236746053200534,-0.0549389781823377,2.4568191383172148e-06
0686,Eksjö,2023,3,50.894937031234086,-0.7540919608115502,-0.07912427735435408,5.19832932242361e-06
0686,Eksjö,2024,3,52.95232213898015,3.308918868214093,0.3470297190871116,9.392256902727891e-05
0687,Tranås,2022,3,48.63076897526716,0.18863115236526085,0.019823651315989545,3.92654519714086e-07
0687,Tranås,2023,3,44.41995530783443,3.0873760704646926,0.32424689938503987,9.768181368443331e-05
0687,Tranås,2024,3,50.24485393276281,-4.878266102188739,-0.5136030711262299,0.00031525760940787995
0760,Uppvidinge,2022,3,50.45756935550324,12.613146295378051,1.3220607449908732,0.0012546150334275218
0760,Uppvidinge,2023,3,46.18540175652667,8.872354909780142,0.9304485441010997,0.0006694133521663638
0760,Uppvidinge,2024,3,48.12617574237761,0.7646751570816122,0.0802090795923094,5.121917311820233e-06
0761,Lessebo,2022,3,67.54763635130381,5.758197473092181,0.60657583541393,0.000461299052844427
0761,Lessebo,2023,3,60.85821055513111,4.953345426647843,0.5204263678282849,0.0002632946743645351
0761,Lessebo,2024,3,60.5050859214837,5.244702955341012,0.5503688611031018,0.00025505177740488136
0763,Tingsryd,2022,3,49.37944614189112,11.367077400436273,1.1931466071709211,0.0012379799414326987
0763,Tingsryd,2023,3,43.60321314486109,9.954993354521882,1.0446413511623245,0.0009170663387427511
0763,Tingsryd,2024,3,45.89517036787461,9.67895632442022,1.0163338530694441,0.0009397181312295402
0764,Alvesta,2022,3,51.94399955604439,0.3342252551319973,0.0351040720097458,1.1546325310276957e-06
0764,Alvesta,2023,3,45.41995156794097,8.921365797328491,0.9376264302984503,0.000884558438756112
0764,Alvesta,2024,3,48.3528317939746,0.815095588778803,0.08565393435381975,7.273574500557239e-06
0765,Älmhult,2022,3,58.184027851754536,5.822162729717945,0.6140002957090201,0.0005181488853950136
0765,Älmhult,2023,3,54.95352255515148,-4.875449835990203,-0.5140643311279128,0.0003578524687598862
0765,Älmhult,2024,3,54.4507913268594,-6.3569829090267405,-0.6709722000428522,0.0006601447949594213
0767,Markaryd,2022,3,55.145652013597335,11.645612987386336,1.2193841411312003,0.0009031654972769404
0767,Markaryd,2023,3,49.35794949958525,14.15931925785818,1.4823581144172224,0.001298406383452862
0767,Markaryd,2024,3,46.89358593213882,4.625834474381605,0.4838150913315455,0.00011415777232458914
0780,Växjö,2022,3,55.88363974001524,6.626011577196529,0.6990394414969157,0.0006917063568425604
0780,Växjö,2023,3,51.48645763863151,5.4651893164999805,0.5777566387359295,0.0005466222894740537
0780,Växjö,2024,3,57.830305189176926,2.3625070629434006,0.25024291108726315,0.00011585860684642245
0781,Ljungby,2022,3,42.24044460997264,0.4516875390285193,0.04752925663064779,2.5659264801005976e-06
0781,Ljungby,2023,3,37.45189905824711,1.6591806478015059,0.17483236029987784,3.930598505828359e-05
0781,Ljungby,2024,3,40.8787191548834,-3.4671208521959898,-0.365404225372023,0.0001742313798185401
0821,Högsby,2022,3,59.45555541797593,19.161923092052717,2.011880601923585,0.0036377274530997013
0821,Högsby,2023,3,55.27304828002431,3.0204419737454558,0.31774094844715134,0.00011167043599382131
0821,Högsby,2024,3,59.33312052445491,3.6249700600216883,0.3821259801663967,0.0001940818552024702
0834,Torsås,2022,3,55.058765633462436,1.8852843523370524,0.19786017288661026,3.3432037542760256e-05
0834,Torsås,2023,3,53.78887607227447,-2.0893616478243118,-0.2193605657386668,4.303014886433847e-05
0834,Torsås,2024,3,53.536658747188724,0.7302370145524009,0.07670363608943279,5.56182468626965e-06
0840,Mörbylånga,2022,3,55.165500189990865,11.897371251985987,1.250303300450481,0.0015597091971243085
0840,Mörbylånga,2023,3,51.51596782010601,10.860147145206177,1.1407147584055064,0.001226643559607405
0840,Mörbylånga,2024,3,60.52062489260038,-4.369244221988943,-0.46158624582432456,0.0003333002179329676
0860,Hultsfred,2022,3,46.20816727052308,14.300933980898996,1.4989867312909264,0.0016158707524917566
0860,Hultsfred,2023,3,42.481367738558944,4.266453337577339,0.44746513376443064,0.00015672850407495573
0860,Hultsfred,2024,3,46.24708035464408,-0.5365559635082704,-0.05623838385236239,2.262344544583897e-06
0861,Mönsterås,2022,3,53.26006215214983,-1.8891673043040882,-0.19799829915224584,2.7784676319443395e-05
0861,Mönsterås,2023,3,47.01903867260275,-1.5644932180572937,-0.16389399925065898,1.7707385495878246e-05
0861,Mönsterås,2024,3,47.11902813178135,2.157886704854967,0.2259459851173946,3.09820206679387e-05
0862,Emmaboda,2022,3,54.01628997741388,2.044478183493368,0.21405560868695842,2.744911097683711e-05
0862,Emmaboda,2023,3,49.03125258349,-8.284786152394595,-0.867667773887864,0.0004746412494379568
0862,Emmaboda,2024,3,49.746240575232704,-1.5561450833384143,-0.16294739545948467,1.625268475884563e-05
0880,Kalmar,2022,3,56.88900320135506,5.484292363642581,0.5760713842092205,0.00031401131146029386
0880,Kalmar,2023,3,55.359708208637684,3.226262138784314,0.33934763825349873,0.00012573546870956167
0880,Kalmar,2024,3,55.88261808838989,3.398851982032646,0.3570498273172399,0.00012191435100680831
0881,Nybro,2022,3,49.23135160557679,5.834402223906537,0.612443361487542,0.00032845133306713686
0881,Nybro,2023,3,44.587824792692054,4.5558833234658,0.47706981574473994,0.0001399839413422516
0881,Nybro,2024,3,44.58015436635793,3.9888396690287635,0.4184825849789118,0.00014305616516498945
0882,Oskarshamn,2022,3,44.5430544251533,-5.879446315045264,-0.6200397414622053,0.0005282829720209574
0882,Oskarshamn,2023,3,40.82055683773915,-2.741947728592848,-0.2890541560865843,0.00011142475632081233
0882,Oskarshamn,2024,3,40.56746380934955,2.7412313583509302,0.2891390316318368,0.00011649978962980223
0883,Västervik,2022,3,42.46705496864658,-5.086427410665678,-0.5353051398520438,0.000330139257622313
0883,Västervik,2023,3,36.27087757464812,-0.5624733368482637,-0.0591715930834842,3.880218809103152e-06
0883,Västervik,2024,3,37.66464178327993,0.6375504410458035,0.06708466763720437,5.095927324459977e-06
0884,Vimmerby,2022,3,41.581255912317246,2.514649467897449,0.26562569046971285,0.00010942547711597226
0884,Vimmerby,2023,3,37.03837329259947,3.5799566989922766,0.37786325305790275,0.00020948380844984383
0884,Vimmerby,2024,3,38.1422085773123,3.199445088834345,0.3380049044050117,0.00017877250945266083
0885,Borgholm,2022,3,59.44666902281451,2.172562809183276,0.2282311342363439,4.989025868158764e-05
0885,Borgholm,2023,3,55.689233580672976,2.088957710730078,0.21928401687669674,4.2198887265961614e-05
0885,Borgholm,2024,3,61.84645250304645,-5.967960097271089,-0.6291133636952179,0.0005261375454240449
0980,Gotland,2022,3,51.7444456597812,-2.981102354728314,-0.31731579572269536,0.00024026514746741757
0980,Gotland,2023,3,47.26057545826256,-3.6747392164758637,-0.3913222272146256,0.0003729054475954594
0980,Gotland,2024,3,47.94417618592455,-4.513692841383701,-0.48043675227135146,0.0005501632163745851
1060,Olofström,2022,3,61.56765438298252,-11.867829168300553,-1.2443620628667567,0.0011676100368479868
1060,Olofström,2023,3,55.80455408330159,-6.42089280162331,-0.6735930536384097,0.0003674384223184742
1060,Olofström,2024,3,59.24445315492514,-9.398299308771293,-0.985684304160811,0.0007596426301386141
1080,Karlskrona,2022,3,48.3984522914196,-3.183851649567231,-0.33564187308947374,0.00015032794931866826
1080,Karlskrona,2023,3,46.83424512798142,-2.7661933363523943,-0.291700773215925,0.00011633023174464079
1080,Karlskrona,2024,3,48.95013646230396,-5.979442204298799,-0.6295442574281968,0.00047399663897750255
1081,Ronneby,2022,3,48.75053343419115,-2.708502510950723,-0.2855941646346775,0.00011080150330818277
1081,Ronneby,2023,3,45.482781134038945,-0.618717180350238,-0.06500284788387105,4.0862522609202515e-06
1081,Ronneby,2024,3,45.838119377771434,-6.138735222731597,-0.6448218809953751,0.00039396372728901975
1082,Karlshamn,2022,3,57.86833224671366,-15.18767667184403,-1.5885890087354457,0.0012498193655763438
1082,Karlshamn,2023,3,55.06526414408345,-18.685716700653025,-1.9557451949341735,0.0021586497357258747
1082,Karlshamn,2024,3,55.32791743261231,-16.588980076308573,-1.735374900446378,0.0015308183561506623
1083,Sölvesborg,2022,3,53.90731924522241,-5.774397011580753,-0.6031300316207399,0.00012541882761805075
1083,Sölvesborg,2023,3,50.31745788317738,-2.935483634250346,-0.3067263935633222,3.627565227499981e-05
1083,Sölvesborg,2024,3,50.79469250164571,-4.954187624996258,-0.5173992720052677,8.897083735219889e-05
1214,Svalöv,2022,3,68.73550170898324,12.48943953254863,1.3078792713565057,0.001058525285457793
1214,Svalöv,2023,3,62.445837506155236,13.324239501545527,1.3964429152385387,0.0013771407523207905
1214,Svalöv,2024,3,65.58134841932213,10.606508281496133,1.1126343280534414,0.000995771451935045
1230,Staffanstorp,2022,3,68.29230136154194,10.0182520778486,1.0511529916023479,0.0009143165674800551
1230,Staffanstorp,2023,3,60.15133247281522,12.182197285581957,1.2801323279479753,0.0016208026925021166
1230,Staffanstorp,2024,3,62.28696666404514,5.14152104792791,0.5401027779432918,0.0002781169842052018
1231,Burlöv,2022,3,97.56509822531528,13.037456849626878,1.3807257063353544,0.003491657784649053
1231,Burlöv,2023,3,90.71916839864468,10.016570363701618,1.0634903963276148,0.0023843254955405284
1231,Burlöv,2024,3,90.08726835633665,15.380121325768712,1.6313659757208951,0.005327060612261463
1233,Vellinge,2022,3,52.62666206989932,4.510907005482082,0.4792913286722446,0.0005028936635342337
1233,Vellinge,2023,3,45.42835005431277,4.786287711334587,0.5092746764334102,0.0006082769903504767
1233,Vellinge,2024,3,46.55228769520524,8.13355956521363,0.8666742571205248,0.0018800543820338815
1256,Östra Göinge,2022,3,58.757362900632735,1.6803128899963369,0.17709322738620373,4.098063405453637e-05
1256,Östra Göinge,2023,3,52.045275718334246,10.057857349839644,1.0581810569369394,0.0012529064022859314
1256,Östra Göinge,2024,3,54.455225122931736,2.634487282276446,0.2770134100114655,8.111927876309309e-05
1257,Örkelljunga,2022,3,61.96117346877374,8.148821748825497,0.8532679723163735,0.0004444593034914331
1257,Örkelljunga,2023,3,53.67845051126885,8.623859466685715,0.9033190093096324,0.0005279219481119052
1257,Örkelljunga,2024,3,55.37197036513325,3.4000448143938513,0.35625696085319836,8.645075988793129e-05
1260,Bjuv,2022,3,70.50175950268024,29.921599979326984,3.1491273507630937,0.011466875965431665
1260,Bjuv,2023,3,70.09255081544221,24.65945319257382,2.5955412439215135,0.007854917744785838
1260,Bjuv,2024,3,67.61584094987542,19.02788754558908,2.0013510655421145,0.004360989085494357
1261,Kävlinge,2022,3,59.683562011117104,-6.034039374837462,-0.6318004500349838,0.00024183721387617793
1261,Kävlinge,2023,3,55.95871682502194,-9.859426044880095,-1.0325941370962946,0.0006737615935393265
1261,Kävlinge,2024,3,52.03075350112226,-0.11709152495451036,-0.012287686451406349,1.2756880852031457e-07
1262,Lomma,2022,3,73.18966515217272,-15.829525999225837,-1.6815653988664463,0.006126073182965753
1262,Lomma,2023,3,70.97585919242167,-18.87856760189095,-2.0072530070808208,0.009122951368168177
1262,Lomma,2024,3,72.46692280287384,-12.260570385313656,-1.3044225105891163,0.003970887444313936
1263,Svedala,2022,3,66.23278084090136,-8.048308151104038,-0.8434260845769079,0.0004956767336213788
1263,Svedala,2023,3,57.801142755362164,-1.2182710041904556,-0.1279329952365855,1.50141347102757e-05
1263,Svedala,2024,3,62.54945498241308,-2.755553112263385,-0.2891720872945434,7.071101742133686e-05
1264,Skurup,2022,3,69.4602333221726,12.842079749371237,1.3540896045284578,0.002487149113902418
1264,Skurup,2023,3,60.49454294957009,7.947423719073527,0.834031448430648,0.0005896710757840049
1264,Skurup,2024,3,61.473146914087735,8.881844605884197,0.9304521612465605,0.0005710321714647286
1265,Sjöbo,2022,3,54.96654503713195,6.833219632638347,0.7168544552175549,0.00041658494394576314
1265,Sjöbo,2023,3,50.60228432132364,10.209569359799993,1.0718673243950019,0.0010241869623105744
1265,Sjöbo,2024,3,52.336189417043855,7.445576110183737,0.7816856905299091,0.0005447423148338688
1266,Hörby,2022,3,58.658091346202355,11.89795904188773,1.2454705720854613,0.0008976656075266635
1266,Hörby,2023,3,54.85746543814139,8.408495421659701,0.8804349272227275,0.0004709966165789058
1266,Hörby,2024,3,56.59558492863208,4.643330377883792,0.4864864423300993,0.00015902456302847555
1267,Höör,2022,3,66.39170707449175,11.887763353906237,1.253708253902924,0.002165009290423499
1267,Höör,2023,3,67.89945647376251,-2.1190697334310187,-0.2236382400069382,7.268072055630238e-05
1267,Höör,2024,3,68.61380669759623,-0.7978459714859412,-0.08430184653698818,1.1244249324381647e-05
1270,Tomelilla,2022,3,59.705520967417634,9.50965424254472,0.9950826079268679,0.0005326087608054492
1270,Tomelilla,2023,3,53.57891774531224,6.4503648315545234,0.6751090988299263,0.00025578807352619534
1270,Tomelilla,2024,3,55.17659859272223,16.01630411275471,1.6773911044194958,0.001773798527707868
1272,Bromölla,2022,3,60.26083216866858,0.05738203223381788,0.006004764198456898,1.9620890284209927e-08
1272,Bromölla,2023,3,59.068962202355124,-7.140653672990425,-0.7470651546026067,0.0002901005495189343
1272,Bromölla,2024,3,59.92180082900502,-4.589002112084415,-0.4802454990047248,0.00012691558292033384
1273,Osby,2022,3,56.532375341494365,0.047168396230368614,0.004931195810985497,1.07401673561624e-08
1273,Osby,2023,3,52.948128104070605,1.7596393306920959,0.18400301451378515,1.5782819066584616e-05
1273,Osby,2024,3,52.7320927719598,-3.4542677932002377,-0.36096659397266995,5.149713714255392e-05
1275,Perstorp,2022,3,88.95274911552548,-3.626223987871626,-0.3835354562685799,0.00024865087194110444
1275,Perstorp,2023,3,77.98805356183861,9.134710332740113,0.9639439746586898,0.0013401645395083
1275,Perstorp,2024,3,79.78609419181852,-4.872479817250451,-0.5146914311641897,0.00041112156298885
1276,Klippan,2022,3,66.48950561042591,12.939545607038411,1.3540834464142064,0.0010006010863497245
1276,Klippan,2023,3,63.52409715942363,7.005722848475713,0.7336362771062693,0.0003334781843884962
1276,Klippan,2024,3,66.14596797189826,2.218037899164173,0.23212546805020798,2.976655241307583e-05
1277,Åstorp,2022,3,68.44563508332122,21.51213983865418,2.2655412761154357,0.0062948118160978325
1277,Åstorp,2023,3,62.59604148354501,27.32983043284824,2.882908611898278,0.011649780662851092
1277,Åstorp,2024,3,70.4575732202885,15.991451036505225,1.6852608929019302,0.0036882121371010173
1278,Båstad,2022,3,64.63459699118683,22.25872960133087,2.3422631427048004,0.0062483563649823335
1278,Båstad,2023,3,67.03987084463793,11.328656053300733,1.1998279935796974,0.0026460786444768617
1278,Båstad,2024,3,70.69056553625926,2.2534005189011026,0.2391941824583387,0.00011913937416798616
1280,Malmö,2022,3,83.00285715921324,-16.084728684241426,-1.704932900245835,0.00560049206898116
1280,Malmö,2023,3,77.67064401848285,-11.39941217824736,-1.206679203374292,0.0025919740847978865
1280,Malmö,2024,3,79.69675013308463,-14.111098515664409,-1.492164974558276,0.003710845925512962
1281,Lund,2022,3,103.31816115185401,-12.714970723140155,-1.3904307584636815,0.010511410918384206
1281,Lund,2023,3,94.72016517313679,5.642109172927306,0.6169405578259904,0.00206614770092402
1281,Lund,2024,3,99.80677550984488,-3.6064563366554268,-0.3994856755060727,0.0011091975350937323
1282,Landskrona,2022,3,71.29431862726706,-3.25755579857163,-0.3419959695765454,0.00010413589572601364
1282,Landskrona,2023,3,71.97518900503758,-10.830367856821852,-1.1364196622132374,0.0010755203412095994
1282,Landskrona,2024,3,72.06474744017933,-9.307132610020169,-0.976070516677,0.0007394422405284553
1283,Helsingborg,2022,3,68.64271758008712,-5.784628492489837,-0.6069651654673982,0.00030615300839627226
1283,Helsingborg,2023,3,63.21296872486652,-3.810169100264723,-0.4002434209483306,0.00015253815956852825
1283,Helsingborg,2024,3,66.40504801610366,-4.04764356745121,-0.4256045774716197,0.00019145564048267302
1284,Höganäs,2022,3,71.07245996331558,-2.6100182311161717,-0.27558938084871676,0.00011449846084719741
1284,Höganäs,2023,3,60.998058406023034,-7.438664230163781,-0.7804493313466686,0.0005003959769021945
1284,Höganäs,2024,3,64.29424088311488,-3.7947684947926845,-0.3985305313705597,0.0001471744366787406
1285,Eslöv,2022,3,73.90168521924703,-4.998771758539846,-0.5226000182853215,0.00012095933420538832
1285,Eslöv,2023,3,64.72146797796395,6.162787953020953,0.6449590844679824,0.00022991158633424392
1285,Eslöv,2024,3,70.44749175914257,2.629651588890198,0.2748869121556868,3.253821201031571e-05
1286,Ystad,2022,3,66.62693894532546,-8.10388918812044,-0.8508745960287574,0.0006522620470495555
1286,Ystad,2023,3,65.59212774330791,-7.963097001557422,-0.838687706719454,0.000867876884663069
1286,Ystad,2024,3,62.36703850995491,-5.025731589130139,-0.5276745069124519,0.00025049551741005777
1287,Trelleborg,2022,3,57.71394387364319,-0.7137938168359668,-0.0747084287059583,3.1421191524639487e-06
1287,Trelleborg,2023,3,55.361588495563545,-1.8632077217438763,-0.19498591160276996,2.0892844325714968e-05
1287,Trelleborg,2024,3,59.234659131485316,-2.2628594318936166,-0.23665168663708425,2.6801884620407854e-05
1290,Kristianstad,2022,3,48.83292810133746,-0.3190126317624191,-0.03367164120691966,1.66331419831848e-06
1290,Kristianstad,2023,3,42.748875335145314,2.445209692581116,0.2580983458566793,9.793825743421255e-05
1290,Kristianstad,2024,3,42.34474949874382,2.978766633649464,0.3147559123275897,0.00015722825287256773
1291,Simrishamn,2022,3,63.71056787653057,-5.463739733508653,-0.5742876230916243,0.00033517479882289595
1291,Simrishamn,2023,3,55.747959780224264,2.4210097377590714,0.2545961253707447,6.933186429482534e-05
1291,Simrishamn,2024,3,59.122636707339,0.6444358178065812,0.06783811300360139,5.422338136387682e-06
1292,Ängelholm,2022,3,59.46586245130091,1.255200167294916,0.1314805663400123,1.1222938292408751e-05
1292,Ängelholm,2023,3,53.41272003711123,7.345983658337438,0.7693847658631386,0.0003763195642091057
1292,Ängelholm,2024,3,56.86329478492637,-4.214214758324729,-0.44136458831522657,0.00012322926375394813
1293,Hässleholm,2022,3,51.975213665461375,0.25033961987919184,0.026199006220200598,3.7942155701345075e-07
1293,Hässleholm,2023,3,47.06985311440523,3.216320580585297,0.33672697934787965,6.721518043274856e-05
1293,Hässleholm,2024,3,51.01911960623164,-1.3779483278803326,-0.144377956522564,1.414348642264387e-05
1315,Hylte,2022,3,59.656850917948745,-2.4129671258998187,-0.254621420450151,9.328941836306238e-05
1315,Hylte,2023,3,53.26073416925355,0.5308960861110492,0.05605271156818412,4.71167746073386e-06
1315,Hylte,2024,3,51.52199147436852,0.6553329665887162,0.06878920974287518,4.130489038564784e-06
1380,Halmstad,2022,3,50.52170372299496,3.221591441915457,0.33973727595506537,0.00015830655027898634
1380,Halmstad,2023,3,47.38442018801996,5.774489411586835,0.6126486238756834,0.0007613247641799106
1380,Halmstad,2024,3,52.528396402649705,-2.115516043688878,-0.22369028339647115,8.307819552892796e-05
1381,Laholm,2022,3,51.263498231066976,9.771308918509696,1.0262269119015444,0.0009796049901521398
1381,Laholm,2023,3,43.06789636013341,12.004567407982535,1.2592807561146278,0.0012740087896509814
1381,Laholm,2024,3,48.633114993370626,3.4067421226286214,0.3575460694690851,0.00010952521580429028
1382,Falkenberg,2022,3,52.51633308397875,-7.89417514110702,-0.8273777999486428,0.0004861860431442874
1382,Falkenberg,2023,3,50.60518223838385,-9.18971140540431,-0.9631958205579391,0.0006624643893547868
1382,Falkenberg,2024,3,50.62100899365444,-8.328510525225937,-0.8727815407539727,0.0005299920668714886
1383,Varberg,2022,3,55.40353409841854,-7.851911679539484,-0.827555649301777,0.0008965915749676246
1383,Varberg,2023,3,44.98382417994209,-5.100911629631078,-0.5356262001208683,0.00026143989726881955
1383,Varberg,2024,3,58.01579556161731,-16.130751403516832,-1.7107996367988447,0.0058237849431989055
1384,Kungsbacka,2022,3,46.602598932110226,-0.28612243416731076,-0.03016923711663281,1.2347117753416616e-06
1384,Kungsbacka,2023,3,40.93935796987043,1.1257185598483233,0.11879538892260719,2.039897275673831e-05
1384,Kungsbacka,2024,3,42.60595201152833,2.6313661533355273,0.27773305240923846,0.00011296755210589631
1401,Härryda,2022,3,70.90154953172656,5.628806084188128,0.5944576698560962,0.0005402944284319121
1401,Härryda,2023,3,65.45639612899035,-3.2871171321251467,-0.3469249839467359,0.0001754903709939885
1401,Härryda,2024,3,62.13636719856643,-1.0909456051859365,-0.11495015608408744,1.692047286579955e-05
1402,Partille,2022,3,78.07106193581902,6.040149546666171,0.6361459913724306,0.0004983907433608048
1402,Partille,2023,3,80.66755564591146,11.353067973042627,1.1961000964135273,0.0018134802533686367
1402,Partille,2024,3,79.27990592316576,6.03426845579186,0.6351542070623785,0.00047138032370404195
1407,Öckerö,2022,3,58.23220546121655,-13.544705461216552,-1.4241775030927804,0.002139047576046128
1407,Öckerö,2023,3,53.176661796600385,-6.995212385569886,-0.734449204503594,0.00048448584197738364
1407,Öckerö,2024,3,58.36577689965351,-11.38433456937397,-1.1959176659449078,0.0013666885962163634
1415,Stenungsund,2022,3,63.24024729700784,-2.6015677132259967,-0.2730279435587645,6.348358788578944e-05
1415,Stenungsund,2023,3,56.23449696327354,-5.986847835429167,-0.6279368442460787,0.00031112443156744955
1415,Stenungsund,2024,3,54.68681426570143,-1.7982285775753297,-0.18862249624407876,2.834303330884525e-05
1419,Tjörn,2022,3,62.189377965347504,-8.057273510662405,-0.8490005775432704,0.000925416308242024
1419,Tjörn,2023,3,56.54785111989404,-8.30060722047623,-0.8753390098250419,0.0010497050031668701
1419,Tjörn,2024,3,60.20609368115767,-12.294087715460428,-1.2931205652696947,0.0018247493897435361
1421,Orust,2022,3,57.091231232474286,1.0339714921445946,0.10851352960767342,1.0037764962323475e-05
1421,Orust,2023,3,51.800075652553055,-3.2772816787710184,-0.3438414316021652,9.697233352947599e-05
1421,Orust,2024,3,53.22377822518028,3.1206720093168485,0.3274042394878151,8.770447219791312e-05
1427,Sotenäs,2022,3,57.236979670357925,9.902758320908447,1.0455797161981495,0.0016432231355443853
1427,Sotenäs,2023,3,54.410869265313295,-3.4828975463561562,-0.36816233882673854,0.00022056953781887073
1427,Sotenäs,2024,3,50.21995116633873,8.32574303401276,0.878990027098329,0.00115360669675786
1430,Munkedal,2022,3,62.16770854413744,-5.729818583842487,-0.6006635781056023,0.0002645188672875323
1430,Munkedal,2023,3,53.813089913808255,-2.2990925799670805,-0.2406352978420159,3.268468858482736e-05
1430,Munkedal,2024,3,53.91862177938583,-8.042631823813103,-0.8417884485001216,0.00040030386394794245
1435,Tanum,2022,3,56.441842078422496,2.345524401251673,0.2459826740869462,4.6951607535225705e-05
1435,Tanum,2023,3,50.83461073988978,0.6228319340317086,0.06528581079045898,3.0803584306938885e-06
1435,Tanum,2024,3,53.167495937675994,-4.627607109679438,-0.4845421615290437,0.0001424315740902485
1438,Dals-Ed,2022,3,60.77950136270492,-15.188103513242552,-1.5915734199893952,0.0017530456258558114
1438,Dals-Ed,2023,3,56.354708222619145,-12.064651774507986,-1.2647173750560676,0.001168071982908044
1438,Dals-Ed,2024,3,58.59024360022852,-13.431754672742628,-1.407861021454787,0.001422286297915256
1439,Färgelanda,2022,3,61.191050392151894,3.305264104162603,0.34648786198905435,8.776490398290394e-05
1439,Färgelanda,2023,3,55.21207902056358,-0.03644955211471057,-0.003818649948600424,9.71398626967206e-09
1439,Färgelanda,2024,3,58.48642150381389,-3.279395155005858,-0.34357483875391537,7.892406210408643e-05
1440,Ale,2022,3,66.37021936757571,-0.5246924181406314,-0.05493440197407889,1.804513352920708e-06
1440,Ale,2023,3,63.903686605527234,-3.0641378167705327,-0.32091064358375865,6.501971815315727e-05
1440,Ale,2024,3,60.63334903777755,-1.9705297843394334,-0.2065748825236399,3.132875791265413e-05
1441,Lerum,2022,3,61.78284555721187,-6.380419978380559,-0.6700364443244242,0.00041300569619083695
1441,Lerum,2023,3,57.74451982766591,-6.904818184870869,-0.7253719489392715,0.000504724197480112
1441,Lerum,2024,3,58.732987365435136,-11.659312818728687,-1.225503325031028,0.0015270794625277895
1442,Vårgårda,2022,3,64.20291704403525,-5.432131259881352,-0.5699730823885536,0.00026963634426952485
1442,Vårgårda,2023,3,56.85261308303062,-2.0238017135215713,-0.21234370714154435,3.728337754630702e-05
1442,Vårgårda,2024,3,59.989215668477854,0.3763446970825086,0.039524577291911,1.4495567840830664e-06
1443,Bollebygd,2022,3,64.93967390204385,0.09175967520030781,0.00962364898537853,7.23973474607986e-08
1443,Bollebygd,2023,3,62.6403242501227,3.937298271196525,0.41319411635548636,0.00014471788462950354
1443,Bollebygd,2024,3,63.01049114875369,0.24190632115041666,0.025369556307196953,4.995942812031287e-07
1444,Grästorp,2022,3,57.4148422203517,-15.61533814667122,-1.6346604627017298,0.001556261755857879
1444,Grästorp,2023,3,48.86282032247194,1.8292523002136605,0.19147879310293983,2.109210515459721e-05
1444,Grästorp,2024,3,50.79088294025074,10.05520166821011,1.0528540124630916,0.0006730993691417411
1445,Essunga,2022,3,54.1324295139998,8.487825864695317,0.8879188031500624,0.0004013700288627259
1445,Essunga,2023,3,49.959663410876644,4.142175344427457,0.43378649785082485,0.00011749840025519997
1445,Essunga,2024,3,50.91944093761256,-3.6172826642312685,-0.3788430969492626,9.065294355160676e-05
1446,Karlsborg,2022,3,59.686026606739155,4.505556218824118,0.47334642706083424,0.00021615349580577828
1446,Karlsborg,2023,3,53.78467285977251,1.0234279758031875,0.10738791117825994,9.611318376610452e-06
1446,Karlsborg,2024,3,54.93096174020842,-9.081609611488496,-0.9524477000710795,0.0007069875469359406
1447,Gullspång,2022,3,65.11450457806211,10.742253219396503,1.127143071478142,0.0010543198761701917
1447,Gullspång,2023,3,61.26708435481795,4.761436840728052,0.49968043877265006,0.0002115486710558905
1447,Gullspång,2024,3,59.410713807904855,3.0023253493203512,0.31546639333561977,9.759705850205611e-05
1452,Tranemo,2022,3,49.35731032828234,6.756592519288851,0.707607293381888,0.0003147447389157065
1452,Tranemo,2023,3,42.70639529633861,7.280981628680323,0.7621065329328418,0.00033109143774727787
1452,Tranemo,2024,3,44.82897549540493,7.3713792642876115,0.770974682765921,0.00029018207997792624
1460,Bengtsfors,2022,3,56.22463563242357,-5.76542439525447,-0.6045714914204002,0.0002792891735250923
1460,Bengtsfors,2023,3,49.224070175964115,0.13027431954912316,0.01367026344705508,1.5666769027024827e-07
1460,Bengtsfors,2024,3,49.96835468307985,2.4776567757125676,0.2598087709916195,5.151650327028476e-05
1461,Mellerud,2022,3,62.97602551073675,-5.003446432684278,-0.5234189721630121,0.00013970419857397564
1461,Mellerud,2023,3,56.728001022238736,-3.2637347920150575,-0.34147584507860296,6.131367495905852e-05
1461,Mellerud,2024,3,60.099850038096136,-15.35835644551991,-1.6073402995064225,0.0014331054267773377
1462,Lilla Edet,2022,3,64.79919612099296,9.847324533290376,1.03360825082235,0.0009271320842707061
1462,Lilla Edet,2023,3,61.420462500656996,7.898822124325676,0.8286663191657204,0.0005586589788353155
1462,Lilla Edet,2024,3,60.280710609647954,6.6767745032173025,0.7009227494218602,0.0004343109812564677
1463,Mark,2022,3,51.70261847646348,-2.1682416189243483,-0.22711632892767747,3.338739028017969e-05
1463,Mark,2023,3,47.20422143435826,-2.343507857120187,-0.24559520928867465,4.219214870159196e-05
1463,Mark,2024,3,49.608200850029576,-8.817417177721225,-0.9236701880366474,0.0005595262090429255
1465,Svenljunga,2022,3,51.657894891978316,21.47450155772583,2.2451306329880647,0.002247750407508801
1465,Svenljunga,2023,3,48.27139221419009,14.187944155360988,1.4840315711708822,0.001092576820089297
1465,Svenljunga,2024,3,50.28036164860133,10.852977888013541,1.1351798878047121,0.0006367951887369391
1466,Herrljunga,2022,3,59.080255164383296,-1.0787841125812605,-0.11317465069272502,1.0411817559535695e-05
1466,Herrljunga,2023,3,54.41048391105146,-0.2848616252766476,-0.02990353933462633,7.872452147038562e-07
1466,Herrljunga,2024,3,60.9500960635626,-4.721813447999786,-0.49709418069204026,0.0002933399858532722
1470,Vara,2022,3,44.05779045066553,10.696896179291784,1.120584737917162,0.0008270317648763355
1470,Vara,2023,3,40.28070714342914,8.206781964002701,0.860357399842062,0.0005455235600773087
1470,Vara,2024,3,41.78444310577696,8.563642423810315,0.8976735942755447,0.0005847470962145625
1471,Götene,2022,3,47.766219030690856,3.7592046981227014,0.39562730711374783,0.00018039632411118975
1471,Götene,2023,3,44.897180468518854,2.159862957112857,0.2267526768853051,4.57419620654978e-05
1471,Götene,2024,3,47.03035827096957,3.0975959665737065,0.3254679998289584,0.00010357443691758098
1472,Tibro,2022,3,63.33628382459348,-3.418747198573655,-0.35802933529951303,8.01699213376537e-05
1472,Tibro,2023,3,58.93308448479207,-7.750592426902905,-0.811571088561234,0.0004022497660374311
1472,Tibro,2024,3,57.680312969618626,-3.6143401349035074,-0.378432912250844,8.634608856933766e-05
1473,Töreboda,2022,3,58.230373275967736,-5.868082833990812,-0.6134706180778875,0.00016589239741960594
1473,Töreboda,2023,3,54.14784581999352,-3.168740689263842,-0.33142237510237715,5.3724508004118354e-05
1473,Töreboda,2024,3,51.71654316959733,-0.18497178841851536,-0.019341337236615568,1.7252982199529652e-07
1480,Göteborg,2022,3,69.72495746539055,-3.109225637315731,-0.32864125111183534,0.00017497844577622618
1480,Göteborg,2023,3,65.90001418639417,-1.3334132363696938,-0.1410885291147167,3.45252823246322e-05
1480,Göteborg,2024,3,65.39227991171516,-2.498289340394969,-0.2641526627058627,0.00011552839780326813
1481,Mölndal,2022,3,79.70675008513874,5.232416070419035,0.5524119223378083,0.00045562068899591393
1481,Mölndal,2023,3,75.11470103045565,7.398696763516057,0.7825680004480096,0.001037643232745791
1481,Mölndal,2024,3,80.75079981595312,7.263761931456571,0.7667639992403933,0.0008689224493092863
1482,Kungälv,2022,3,68.11871047057942,-0.9873825175346553,-0.10352119416981172,7.997612485452924e-06
1482,Kungälv,2023,3,58.999660062907495,2.5650682689193616,0.26863979013154543,4.548538652040266e-05
1482,Kungälv,2024,3,67.2486645854517,-9.768490475380752,-1.0262210366883542,0.0010115020331562257
1484,Lysekil,2022,3,49.58811225939195,0.023743774482433366,0.002496468557975715,6.54464542751144e-09
1484,Lysekil,2023,3,45.75094156075657,-5.733760660191038,-0.6025751998826476,0.0003629297586925761
1484,Lysekil,2024,3,42.05979905075165,6.333096613302423,0.6667057802092374,0.0005263758191964534
1485,Uddevalla,2022,3,54.75197761624051,-7.878614256022637,-0.8260836851856106,0.0005143665819979004
1485,Uddevalla,2023,3,52.59748701941141,-8.158885915020143,-0.8555934759931736,0.0005630030492524704
1485,Uddevalla,2024,3,50.529292651327935,-4.695228452064647,-0.49238457368004057,0.00018712174585965025
1486,Strömstad,2022,3,70.42160790941927,-15.116867503098725,-1.585021883102718,0.0018931660295782153
1486,Strömstad,2023,3,61.98039001727025,1.1689124463688074,0.12275541791846377,1.389787275839871e-05
1486,Strömstad,2024,3,76.38731346068911,-18.97743362090273,-2.0322872918638453,0.012627359775927476
1487,Vänersborg,2022,3,57.621511647578856,1.0693464117635685,0.11257451677910986,1.5018682713283655e-05
1487,Vänersborg,2023,3,54.93208047937432,-0.048545539856178266,-0.00510689281837084,2.8877756732572386e-08
1487,Vänersborg,2024,3,53.430316618237754,0.9389548784781141,0.09866401380916302,9.591553346967404e-06
1488,Trollhättan,2022,3,57.058471711601,-3.6455081862779224,-0.385126935090631,0.00023199977073287283
1488,Trollhättan,2023,3,53.289826487854675,-0.7108140794785953,-0.07497311992623663,7.816867218724308e-06
1488,Trollhättan,2024,3,55.19633351136659,0.5804913958415199,0.061148454833796835,4.679742303325976e-06
1489,Alingsås,2022,3,59.65014671998933,-9.933328785915066,-1.040671827968337,0.000721803352750638
1489,Alingsås,2023,3,58.4782135808492,-10.958039922220536,-1.1479085864847858,0.0008638145465126724
1489,Alingsås,2024,3,55.76587640970229,-5.393702822323419,-0.5650133845882412,0.0002090660254131387
1490,Borås,2022,3,50.514776752486945,1.0558466910885684,0.11098309317776264,1.2567982886597471e-05
1490,Borås,2023,3,48.00605843490514,0.8716991747011136,0.09183135352186489,1.062689924139146e-05
1490,Borås,2024,3,48.86281116767489,0.4790650075462253,0.050431628092265424,3.0058201286137396e-06
1491,Ulricehamn,2022,3,50.44510250890879,4.477631281118292,0.46896137013766354,0.00013954835744110124
1491,Ulricehamn,2023,3,49.57997629526321,-3.859084996981231,-0.4048840228665639,0.00013453489677151445
1491,Ulricehamn,2024,3,46.87336273335174,-4.567979503413781,-0.47849252148445687,0.00014877586154059616
1492,Åmål,2022,3,61.082971172780205,-15.814470845340779,-1.6560260811835512,0.0016888678123683004
1492,Åmål,2023,3,57.26092131021403,-13.033035253242517,-1.3639406892655606,0.0010259344046283233
1492,Åmål,2024,3,53.86365556587356,-6.156617097874232,-0.6447345239612498,0.0002586684710196211
1493,Mariestad,2022,3,60.233335870553205,-16.386436645747004,-1.7208315926948998,0.0027276047166457087
1493,Mariestad,2023,3,53.95343160101171,-14.678874859826166,-1.5423866784512694,0.0023360373674818687
1493,Mariestad,2024,3,56.035863429295944,-13.89291911818664,-1.4589775757064951,0.0019613209230125855
1494,Lidköping,2022,3,48.37532391789256,-12.114602658283587,-1.2695045168212533,0.0011161132246451406
1494,Lidköping,2023,3,44.13091209012037,-7.400849681082157,-0.7759282468747778,0.0004487374186554903
1494,Lidköping,2024,3,45.40280975514156,-8.915487553533644,-0.9351173156192883,0.000690676831686857
1495,Skara,2022,3,59.518720059705906,0.5719224356286716,0.0600071885462185,2.9727508538448515e-06
1495,Skara,2023,3,54.784926590598154,5.0413841202413465,0.5284865913059628,0.00020433943304349188
1495,Skara,2024,3,59.91225475943524,1.5086037427297256,0.15839547856932915,2.2575935038379355e-05
1496,Skövde,2022,3,53.49290643040298,4.091974275442517,0.43436842045545054,0.00039351366639214775
1496,Skövde,2023,3,47.98396183052613,8.211180388541443,0.8790943174142627,0.002339396734214845
1496,Skövde,2024,3,48.32977142578174,7.778513771217995,0.8237948240287393,0.0012442996992846481
1497,Hjo,2022,3,58.06437463350152,-10.352592744504442,-1.0828989757624627,0.0005861018421207473
1497,Hjo,2023,3,54.20504617148648,-4.086230012488855,-0.42766946330777394,0.00010245720007359349
1497,Hjo,2024,3,53.29960269257273,0.3902368796197777,0.04084355689025683,9.384968096185375e-07
1498,Tidaholm,2022,3,55.908597762450995,-15.329113378932028,-1.6058154144812713,0.0016930622044271687
1498,Tidaholm,2023,3,52.370998345082555,-11.947289333477286,-1.2516572784798752,0.0010430178891248439
1498,Tidaholm,2024,3,50.71335565488488,-10.182313093385467,-1.0673687412452209,0.0008289929591336583
1499,Falköping,2022,3,46.62266838488956,1.7954718773503089,0.18829778228813895,2.7530358567625826e-05
1499,Falköping,2023,3,42.66899447890801,1.2217636066304678,0.128115480323149,1.2533958646123465e-05
1499,Falköping,2024,3,42.94204103230372,2.0802109947644993,0.21800727868171452,3.336381275431296e-05
1715,Kil,2022,3,58.323008546852165,-7.889661456468346,-0.8256641314752526,0.00037514232605148336
1715,Kil,2023,3,53.64292887527823,-9.704161808666726,-1.0157717019594097,0.0005912953282423769
1715,Kil,2024,3,52.5943952267569,-5.997927272192605,-0.628122186983531,0.00024591259350601564
1730,Eda,2022,3,53.80432124535717,-2.3690546958551195,-0.250752721331356,0.00011131657806681054
1730,Eda,2023,3,51.101290339564684,-1.3307290970655643,-0.1400978246077773,2.335785511303312e-05
1730,Eda,2024,3,50.62423295859152,-3.786382269100315,-0.3999532260771716,0.0002477685074944722
1737,Torsby,2022,3,33.29310282514,8.07049370452436,0.8492199779686262,0.0008186460683125263
1737,Torsby,2023,3,23.924794250107233,18.843274600336258,1.9849210844319107,0.004928258673432713
1737,Torsby,2024,3,27.937450790028763,13.401653529377647,1.4108082350886695,0.0023528248314600097
1760,Storfors,2022,3,55.85541221662763,8.54438170403182,0.8954715629070553,0.0005643949978305459
1760,Storfors,2023,3,50.16848580505211,0.34453708366138613,0.03608051043066936,8.094134056372701e-07
1760,Storfors,2024,3,50.17635576223144,18.46144782805368,1.9345341732548211,0.0025784882408466337
1761,Hammarö,2022,3,73.6054463830745,-21.46513722730755,-2.273130574959059,0.00943294288562963
1761,Hammarö,2023,3,66.22550553537972,-10.676509077292359,-1.1310932409261685,0.0023928514568762977
1761,Hammarö,2024,3,68.95946505670689,-14.286677862733256,-1.5144092138505314,0.004429361909411633
1762,Munkfors,2022,3,61.779968850346066,19.819598834063555,2.084403357559857,0.004681225688124635
1762,Munkfors,2023,3,59.953917195307895,9.002201638161722,0.9475250131330314,0.0010462421648533128
1762,Munkfors,2024,3,58.965309902000044,8.896759063517194,0.9349847486939049,0.0008740110064949608
1763,Forshaga,2022,3,58.23178445612385,-3.040905202366723,-0.31780417870846983,4.104554293424038e-05
1763,Forshaga,2023,3,55.20377688203206,3.4719034785156992,0.3627634325444395,5.0239090817144886e-05
1763,Forshaga,2024,3,54.530064418836645,1.633130025607798,0.17069718725960253,1.2189210216982178e-05
1764,Grums,2022,3,55.92377522992335,3.8236163131848286,0.39984144811783084,7.500448515967056e-05
1764,Grums,2023,3,52.00085538217273,6.186182268263394,0.6467679232824928,0.00018727568002787867
1764,Grums,2024,3,51.24832036815684,1.7281345407725226,0.1808288545493871,1.7554513497864304e-05
1765,Årjäng,2022,3,48.9140398331933,-7.054043867891707,-0.7391843175431803,0.0003769877057182168
1765,Årjäng,2023,3,43.77968652477705,-7.18815716058014,-0.7545681582488405,0.0005001732290068187
1765,Årjäng,2024,3,45.68538821969349,-5.5836070492100305,-0.5851165668160118,0.00023730399731449256
1766,Sunne,2022,3,55.666614105421395,-6.404428980961711,-0.6707572378556677,0.0002850655984227314
1766,Sunne,2023,3,52.83894593009722,-6.377775796923494,-0.6670688609392272,0.00021833100659714806
1766,Sunne,2024,3,54.171954082059585,-3.857488673254551,-0.40390141929994366,9.879289287764302e-05
1780,Karlstad,2022,3,61.00724102396159,2.9323853729036244,0.3076435725468063,7.721873647576815e-05
1780,Karlstad,2023,3,63.1356681160522,-0.9962709977898854,-0.10486194167572908,1.2809861763895187e-05
1780,Karlstad,2024,3,60.370145925433775,2.8919559464311604,0.30386039527076975,9.025340928712266e-05
1781,Kristinehamn,2022,3,63.099998877637134,-15.579939009845177,-1.632554675799881,0.001830645895615646
1781,Kristinehamn,2023,3,56.21872887585586,-15.155622691197841,-1.5882407735460728,0.001757746259207863
1781,Kristinehamn,2024,3,56.40211754398757,-9.845458173723216,-1.0322370067350155,0.0007950805109739757
1782,Filipstad,2022,3,66.72695537753785,-14.085171567552393,-1.4823637439449597,0.002533872358108942
1782,Filipstad,2023,3,61.10301498352077,-17.75041382745141,-1.867077204568633,0.0038136394564282135
1782,Filipstad,2024,3,60.09090946023149,-14.059812897220027,-1.4789192922125454,0.002398814856057072
1783,Hagfors,2022,3,60.27146469378446,-9.102252509816907,-0.9565359647895325,0.0009101858903593602
1783,Hagfors,2023,3,58.67616710868296,-14.119995125326511,-1.482669267983655,0.0020009411825808493
1783,Hagfors,2024,3,58.37743903069712,-15.813066986556287,-1.6620931529928584,0.0028073831731571914
1784,Arvika,2022,3,49.69994182646914,-11.762499893982302,-1.2304113925923028,0.0007610624026843385
1784,Arvika,2023,3,44.32285239189855,-10.797426023235673,-1.1298385811317035,0.0006871785504950372
1784,Arvika,2024,3,44.14556531553832,-8.759805735157059,-0.9171728557535979,0.0005065340208091037
1785,Säffle,2022,3,51.94150782368611,-4.638004346452149,-0.485895478381442,0.00015693180100374485
1785,Säffle,2023,3,46.32460079628045,-8.019357974349866,-0.8399728129389198,0.00045407848118324886
1785,Säffle,2024,3,45.55432258312588,-0.38350574978136365,-0.04018594860997467,1.1093630250341345e-06
1814,Lekeberg,2022,3,58.98712462292458,8.281034353777102,0.8703432743576561,0.0007635660742206953
1814,Lekeberg,2023,3,52.01338420447809,-11.22788571505211,-1.1777922950104154,0.001112642313457514
1814,Lekeberg,2024,3,50.81399036826096,4.961050301039528,0.5206541787207228,0.00023110987584285211
1860,Laxå,2022,3,58.09534313358937,9.157167626812353,0.9595297952818517,0.0006313329282594941
1860,Laxå,2023,3,53.75023568265249,9.37510541249032,0.9821356679977621,0.0006372842892493969
1860,Laxå,2024,3,53.036728713313224,10.765594723898651,1.1276718966191006,0.0008243602906921584
1861,Hallsberg,2022,3,52.877135066689156,22.076824417657072,2.312907918279242,0.0035690111314919735
1861,Hallsberg,2023,3,51.43618840831218,11.156221645901724,1.1693139249610143,0.0009767546354619327
1861,Hallsberg,2024,3,53.93509213319088,8.285751539265696,0.8680806066218975,0.0005039344639105638
1862,Degerfors,2022,3,54.28639336571485,8.56775144016133,0.9012025025098928,0.0008888538539581711
1862,Degerfors,2023,3,48.73807516781997,4.05662398789233,0.4264971609824159,0.00018989247571676938
1862,Degerfors,2024,3,48.1872417436888,5.056991927360997,0.531704186858964,0.00029697859598773056
1863,Hällefors,2022,3,74.2266239034713,-10.07397967270208,-1.0610532501720873,0.0013940769880788782
1863,Hällefors,2023,3,67.51447789052774,-7.314323925939597,-0.7695437779863206,0.0006632999485103805
1863,Hällefors,2024,3,66.52070455227506,-18.42704848519707,-1.9371877181849197,0.003884697078345235
1864,Ljusnarsberg,2022,3,73.26033121889735,-13.264758936408974,-1.4061166730540535,0.003823511169410251
1864,Ljusnarsberg,2023,3,69.3198578361809,-15.768689240764516,-1.6746114714127383,0.0059853891102198105
1864,Ljusnarsberg,2024,3,66.89892626305705,-4.413231596085204,-0.4672836528808654,0.00039496064174764604
1880,Örebro,2022,3,52.66157148312699,4.349506798758661,0.4583616544254023,0.0002722595294928467
1880,Örebro,2023,3,52.01283174411073,3.7644607226914886,0.39648648386695884,0.00019424741184148497
1880,Örebro,2024,3,48.053744082815896,7.884809682639329,0.8295392437645904,0.0007684705938130161
1881,Kumla,2022,3,58.189168546805064,10.586132845605633,1.1105218121956713,0.000994947870024579
1881,Kumla,2023,3,53.542514685465676,4.815985936314391,0.505566946670116,0.00022532394250864547
1881,Kumla,2024,3,54.96544070000398,6.231155570001754,0.6542157763916272,0.00038352375746743663
1882,Askersund,2022,3,42.92972712643189,6.2135276356799665,0.6507076019508488,0.0002644039559704467
1882,Askersund,2023,3,37.026253845338,12.111226551943759,1.2694003099392208,0.0011497278712142098
1882,Askersund,2024,3,40.15143113644929,10.210161614269538,1.069463491542364,0.0007382581968040294
1883,Karlskoga,2022,3,50.43150316436544,-6.637329176651583,-0.7032712681014504,0.0009325458771576635
1883,Karlskoga,2023,3,46.150392234917405,0.8407845272517207,0.08898782675389456,1.397045486619927e-05
1883,Karlskoga,2024,3,46.297215834867515,-2.8909865439463758,-0.3060161028638495,0.00016643809501694902
1884,Nora,2022,3,59.55151401312472,-4.883725955933798,-0.5106933218397618,0.00012206367507155957
1884,Nora,2023,3,55.28034404920151,-3.3371804094160566,-0.3492858482966246,6.881640561648521e-05
1884,Nora,2024,3,55.53994102518878,-4.2193281856361935,-0.4415897787002929,0.00010877095020274001
1885,Lindesberg,2022,3,46.586052118554434,4.6620810156465495,0.4878206491185598,0.00012718176473644369
1885,Lindesberg,2023,3,41.53234590159011,4.878438917231804,0.5104490119993721,0.0001386888040029185
1885,Lindesberg,2024,3,42.09922325597516,5.089748698564399,0.5325438475866496,0.00015008954729456403
1904,Skinnskatteberg,2022,3,64.19916685522594,1.4528095191493406,0.15229807620940639,1.6978531422776755e-05
1904,Skinnskatteberg,2023,3,61.5771586171234,5.580155090328304,0.5850926040748248,0.00025837988325463066
1904,Skinnskatteberg,2024,3,61.08463132762397,-0.6992929817593065,-0.07333100600851983,4.124968104391195e-06
1907,Surahammar,2022,3,61.38200715346726,-0.7819872192501833,-0.08189967738064374,4.245919775129049e-06
1907,Surahammar,2023,3,55.813988941224466,-0.44857722389005517,-0.04699115311841868,1.449980441451687e-06
1907,Surahammar,2024,3,54.92356421310407,4.599036091619141,0.48177634417948845,0.00015239953555019407
1960,Kungsör,2022,3,61.91194268420931,8.50577016673796,0.8917536907396532,0.0005910035989952704
1960,Kungsör,2023,3,56.95807516022752,1.0079088730942374,0.1056822994476737,8.437004002180363e-06
1960,Kungsör,2024,3,57.18822407984261,10.674669870007861,1.118045434422445,0.0007981611870227731
1961,Hallstahammar,2022,3,62.92608060217195,3.1381884421701045,0.3287370678802739,7.07175992773929e-05
1961,Hallstahammar,2023,3,59.06748420793538,2.239108802752746,0.23469107181213567,3.9447339997504e-05
1961,Hallstahammar,2024,3,63.5712673999773,-7.48527688775728,-0.7842525688988701,0.0004143160463614791
1962,Norberg,2022,3,62.554072947684084,5.155185982474087,0.5409334229294464,0.00024396935146281935
1962,Norberg,2023,3,58.95088816511975,3.22058183669283,0.33783439695615347,9.150948077528541e-05
1962,Norberg,2024,3,58.99720016553741,0.2471138476687571,0.025921590940047166,5.379235483872797e-07
1980,Västerås,2022,3,62.78504482238884,-10.457008163769089,-1.0964420687079088,0.0009073343257507844
1980,Västerås,2023,3,58.904149441523685,-10.019630896096473,-1.052188030189316,0.0010164099217642149
1980,Västerås,2024,3,61.23099104725773,-9.436227796638313,-0.9914962985072964,0.000963431965954701
1981,Sala,2022,3,51.62787632165181,-2.282765142851936,-0.23864120345690523,2.4917661582494207e-05
1981,Sala,2023,3,48.24195821041345,-6.365618123772748,-0.6659415199527807,0.0002278039753592235
1981,Sala,2024,3,48.01786207775491,-0.3008371685923663,-0.03147975990443812,5.343684658246747e-07
1982,Fagersta,2022,3,72.8824996814081,-8.494522768133237,-0.9011799330577619,0.001642109045488591
1982,Fagersta,2023,3,70.89276832652604,-11.59765412292598,-1.231597589905184,0.003229871177616009
1982,Fagersta,2024,3,71.21193338724228,-16.438371575736774,-1.7448456837792485,0.006328958285351949
1983,Köping,2022,3,56.355008224034265,-5.8190204751828105,-0.6106198097336079,0.00031285384005146327
1983,Köping,2023,3,52.811837023347955,-5.810528223594318,-0.6102099782682812,0.0003438795262469585
1983,Köping,2024,3,51.96714627159946,-7.503700354540889,-0.7878244508486569,0.0005564097523500676
1984,Arboga,2022,3,57.94237893406415,0.9939272506976167,0.10401993414367486,5.999041947865578e-06
1984,Arboga,2023,3,58.868751209363815,-1.019872477754042,-0.10684696540780417,7.601317456696836e-06
1984,Arboga,2024,3,53.63326817730686,2.1607232390021522,0.2262156959323502,3.0398717799916157e-05
2021,Vansbro,2022,3,39.51546492619592,0.3374762502746691,0.03561463969387242,1.838360437129845e-06
2021,Vansbro,2023,3,35.1273519594222,-0.6445933387325411,-0.06807833020439047,7.107396167913633e-06
2021,Vansbro,2024,3,36.16099259858649,5.752514510418251,0.6066387795839038,0.0005047193042045841
2023,Malung-Sälen,2022,3,29.544157971665197,19.97816606810864,2.1858449666331996,0.026271403513187484
2023,Malung-Sälen,2023,3,29.612103792045296,21.84988451204827,2.3935269168526725,0.03230757214052081
2023,Malung-Sälen,2024,3,25.92277171521693,26.739603943062765,2.924833175575138,0.04676851831521158
2026,Gagnef,2022,3,53.69947484038977,-7.885587803529113,-0.8271557233088912,0.0005458237536217046
2026,Gagnef,2023,3,49.15721359568393,-8.217616280247682,-0.8623464323105209,0.0006266994282138688
2026,Gagnef,2024,3,53.748443620685066,-7.523482141486298,-0.7885606323586999,0.0004445527872999605
2029,Leksand,2022,3,54.66105962600343,3.676928334028844,0.3851140076639274,9.466916421534195e-05
2029,Leksand,2023,3,50.80563527498522,1.054989296478972,0.110457169674275,7.314245592182932e-06
2029,Leksand,2024,3,49.670995807334066,7.712656668342952,0.8079154984806506,0.00042589569034992206
2031,Rättvik,2022,3,54.36752687912828,-4.060999652298129,-0.4254207112897968,0.00011914297992016288
2031,Rättvik,2023,3,52.0462947023925,-2.1459143365167535,-0.22473557760163873,3.168461972427709e-05
2031,Rättvik,2024,3,56.681146933942,-6.853905617338981,-0.7174996837061246,0.0003007643961798939
2034,Orsa,2022,3,55.89456499242689,12.464246660298812,1.3070234912859866,0.0013057555947107835
2034,Orsa,2023,3,50.76473314209659,8.876262804631843,0.9337975886932703,0.0009687846579932172
2034,Orsa,2024,3,52.0291114356245,0.08006970581470796,0.008375735689093698,3.533576220738362e-08
2039,Älvdalen,2022,3,51.06715998211665,-8.177447813407618,-0.8634390522910548,0.0011229915789451898
2039,Älvdalen,2023,3,48.26858228964463,-9.157599463840036,-0.9704778567498352,0.0017934182715052902
2039,Älvdalen,2024,3,56.92618655386076,-11.445221718057212,-1.2189210834447377,0.0036344511865464345
2061,Smedjebacken,2022,3,48.52642389271547,4.66896156782289,0.48857812307646115,0.00012952657712622827
2061,Smedjebacken,2023,3,42.86975922394977,2.947156381291684,0.30869854190976903,6.146438126168012e-05
2061,Smedjebacken,2024,3,44.197722240097235,0.152273140111582,0.015944970529907627,1.5581635169994906e-07
2062,Mora,2022,3,50.78514247829693,-3.0555617442188847,-0.3210011653667292,9.902189978568982e-05
2062,Mora,2023,3,46.1811009902044,-4.352117741275691,-0.4569249108189996,0.00018666241742931682
2062,Mora,2024,3,45.249174591789725,0.6125586117156274,0.0643677580339967,4.089160513793727e-06
2080,Falun,2022,3,51.8962487213745,-8.447788391707846,-0.8852668850269354,0.0005439125557531452
2080,Falun,2023,3,47.229687734487754,-2.9860308812219927,-0.3129977260121646,7.07769785273701e-05
2080,Falun,2024,3,51.67865938685617,-5.386224655018651,-0.5642270486664425,0.0002083061635057959
2081,Borlänge,2022,3,55.76044275695475,-7.330069802836157,-0.7696945951058283,0.0005393264711719901
2081,Borlänge,2023,3,53.335859514555004,-5.089991146912212,-0.5334361694406382,0.0001998830722071308
2081,Borlänge,2024,3,53.00981246877922,-3.5980477628968615,-0.37696973183384513,9.542931019037653e-05
2082,Säter,2022,3,51.76850723387223,2.4414120279501503,0.2555587447798112,3.7613157103490536e-05
2082,Säter,2023,3,45.99005749256631,5.419708584103617,0.5678099843804724,0.00021552184175850755
2082,Säter,2024,3,51.49383892503958,1.6113914055315632,0.16890711056276522,2.0611321796110242e-05
2083,Hedemora,2022,3,56.73923944200291,-3.252222670650198,-0.34048840430421057,6.882378970315718e-05
2083,Hedemora,2023,3,52.30364859783022,-2.6457795851224972,-0.27711274179471235,4.899177850044182e-05
2083,Hedemora,2024,3,51.93467086105626,-5.537183785603084,-0.5796931192191213,0.00019843608100819895
2084,Avesta,2022,3,53.9798825382413,-5.75033430869307,-0.6045073163621847,0.0003776092180933678
2084,Avesta,2023,3,46.92336500637615,-8.335046982379318,-0.8759984010636762,0.0007714870864890828
2084,Avesta,2024,3,46.06770394996312,-6.32108308187194,-0.6639123339338348,0.000413109492245429
2085,Ludvika,2022,3,49.96118700571482,-0.36531556792785125,-0.03853164957046936,2.064647190551754e-06
2085,Ludvika,2023,3,45.082575521032545,6.352921789777241,0.6683945903370331,0.0005004211523282877
2085,Ludvika,2024,3,46.48520102185505,11.410721483213663,1.2000739539851253,0.0015545653889167347
2101,Ockelbo,2022,3,60.39026806692311,-5.588687582470271,-0.5951269976609151,0.000861745905976476
2101,Ockelbo,2023,3,54.53362064387008,-6.773981880410545,-0.7208292761637968,0.0012232210568139746
2101,Ockelbo,2024,3,51.89794677967356,-3.6039835250803876,-0.38337513893895037,0.0003405315937773832
2104,Hofors,2022,3,65.04136379009918,-16.688323249558643,-1.7552069444429945,0.0033412338570498693
2104,Hofors,2023,3,59.163213188189346,-17.025385153198947,-1.7882061316891746,0.002998046805113878
2104,Hofors,2024,3,58.14213113297495,-11.918663834192493,-1.2504548621118656,0.0012809951134656861
2121,Ovanåker,2022,3,46.44823432565072,-15.386454941723688,-1.6086525447048479,0.0011572187046073475
2121,Ovanåker,2023,3,41.71754319304867,-7.444224321031314,-0.7790006480307823,0.000329971829754645
2121,Ovanåker,2024,3,42.60666184685968,-11.568834494774325,-1.2102822260381998,0.0007529742251375371
2132,Nordanstig,2022,3,52.53931794301542,5.856381435080927,0.6132768563161565,0.00023297613813801155
2132,Nordanstig,2023,3,49.65140584096909,0.18850878016218076,0.0197517695452028,2.653273037515801e-07
2132,Nordanstig,2024,3,50.09977447784763,1.0770771740634046,0.11286186670481009,8.744173036317101e-06
2161,Ljusdal,2022,3,37.64331008457802,3.8036027064293876,0.3999087177804578,0.0001675207985215975
2161,Ljusdal,2023,3,32.17218037619486,-0.4535483770579525,-0.0476797880476513,2.350389403970508e-06
2161,Ljusdal,2024,3,31.695627964037204,4.303287731273176,0.452055696513583,0.00019517253577122976
2180,Gävle,2022,3,54.62191465212503,-8.06804144330897,-0.8467445270006706,0.0006127679349014862
2180,Gävle,2023,3,49.02633972354434,-4.643926556600789,-0.4877781897280599,0.0002240361850538913
2180,Gävle,2024,3,47.86641130465985,-0.17674085646169146,-0.018578991726022766,3.5469816939249606e-07
2181,Sandviken,2022,3,51.375587656356245,-5.004929310660813,-0.5263776850531571,0.00029939678882560483
2181,Sandviken,2023,3,45.45634083161496,-5.718326955670051,-0.602997748271919,0.0004963514787214589
2181,Sandviken,2024,3,46.10174336702016,0.4311033483083051,0.04536679857904352,2.3549910163374604e-06
2182,Söderhamn,2022,3,47.34022496682641,-8.857368050205935,-0.9287932189864506,0.0006587367902382654
2182,Söderhamn,2023,3,43.61701459084429,-12.681299730437178,-1.3289574062962441,0.001232736403742039
2182,Söderhamn,2024,3,43.44453650776555,-9.792061461931368,-1.0258710831207207,0.0007013327357523931
2183,Bollnäs,2022,3,45.18166804541086,-5.743567083872399,-0.6009734148524999,0.00019242426915522468
2183,Bollnäs,2023,3,41.3580933102548,-4.483708514313257,-0.4688723702502426,0.00010334087862059869
2183,Bollnäs,2024,3,41.97782247726964,-5.168006526349394,-0.5402921093564486,0.00012924923847524146
2184,Hudiksvall,2022,3,47.672534890863254,-8.906880040513009,-0.9356498157926794,0.0008352793503137066
2184,Hudiksvall,2023,3,42.734445866295566,-5.624603921814227,-0.5909477020741404,0.00033917764224043577
2184,Hudiksvall,2024,3,42.278397569989565,-7.237894478964201,-0.7607182786050352,0.0005841308589909744
2260,Ånge,2022,3,49.20468165480451,-5.345991946831198,-0.5608443362994879,0.0002556444060659111
2260,Ånge,2023,3,43.08108338083666,-0.9249740384280543,-0.0969959049696112,7.206240861687549e-06
2260,Ånge,2024,3,44.45893295715824,-0.23071535432763568,-0.024194935802543456,4.5185713996524187e-07
2262,Timrå,2022,3,60.64902800482173,-9.111346355615915,-0.95455531670398,0.0006071873517448306
2262,Timrå,2023,3,56.04967550354552,-9.356402983591131,-0.9804974289119355,0.0006687256753516728
2262,Timrå,2024,3,58.65507221296345,-5.632984432585616,-0.5902364184445827,0.00023804507983996191
2280,Härnösand,2022,3,63.79952626756665,-14.601407372112654,-1.5318034566357437,0.0019037328341238466
2280,Härnösand,2023,3,59.589003407033715,-11.929394418634267,-1.2519166950647076,0.0013289810968837947
2280,Härnösand,2024,3,57.95765397776843,-8.84486588884328,-0.929740860617749,0.0008851551625744134
2281,Sundsvall,2022,3,51.87777525217983,-12.103618389829414,-1.2731089556183017,0.0017717721980480183
2281,Sundsvall,2023,3,50.775655784483206,-14.248184586152341,-1.497221363878707,0.002215612074648481
2281,Sundsvall,2024,3,49.66907648813917,-11.435088926552865,-1.2020508425871226,0.0014840972510027106
2282,Kramfors,2022,3,35.836507730414795,16.27475232320451,1.7164762035475274,0.004078117916107097
2282,Kramfors,2023,3,31.09424722011976,14.847559824290649,1.5689341110615285,0.003914041232044479
2282,Kramfors,2024,3,32.023930737824806,21.03192656021419,2.217200882181901,0.0065631716074591165
2283,Sollefteå,2022,3,37.636365840595346,6.880696354722595,0.7226358539316541,0.00048528287484923545
2283,Sollefteå,2023,3,32.452853273449364,6.849635524261593,0.7194779336149285,0.0004890835043552485
2283,Sollefteå,2024,3,32.58166928999468,7.427028252949441,0.7800992663915793,0.000572687942235028
2284,Örnsköldsvik,2022,3,30.279235907917645,-1.0479959201573266,-0.11030394291676152,1.4146930620130158e-05
2284,Örnsköldsvik,2023,3,27.880867525974303,1.319896740942312,0.13891548717171387,2.2338740168512607e-05
2284,Örnsköldsvik,2024,3,27.187844566803026,4.249848198739965,0.44751575069061833,0.00024296021663649305
2303,Ragunda,2022,3,51.04279621400126,-0.21171774473183547,-0.02219223178109134,3.5542141581742797e-07
2303,Ragunda,2023,3,45.268337226281524,-0.08820090690469584,-0.009233699887925186,5.021137864373674e-08
2303,Ragunda,2024,3,48.11772928816785,7.070766630992665,0.7413628132133279,0.00041293316397102235
2305,Bräcke,2022,3,51.45869523827504,23.51696201586323,2.467034316149152,0.0049164896617749
2305,Bräcke,2023,3,47.38843257791281,9.178217692623342,0.9623068319366099,0.0006936703962896156
2305,Bräcke,2024,3,48.67482135601344,8.160307061550768,0.8557523763987321,0.0005641142609329445
2309,Krokom,2022,3,53.97234270381608,12.406745629946471,1.3026558390770104,0.0015286938673587079
2309,Krokom,2023,3,50.86873695525486,2.6740652249310983,0.2806935440131857,6.881543922758872e-05
2309,Krokom,2024,3,53.35930429087854,5.696818158101053,0.5981766588579166,0.00032457562239844687
2313,Strömsund,2022,3,44.732114725583806,-2.4402835419389888,-0.25671375116782025,7.29940373581701e-05
2313,Strömsund,2023,3,39.90940575086094,-3.195647089833315,-0.33603048944790315,0.00011978974727385185
2313,Strömsund,2024,3,41.263207766287096,-0.07659795044748563,-0.008054042092107685,6.844518539240098e-08
2321,Åre,2022,3,69.32777405642639,14.613831782989664,1.5515243424125735,0.005062602795670427
2321,Åre,2023,3,84.26614567790276,2.2229428971935192,0.2418201140221802,0.00028263056728171745
2321,Åre,2024,3,71.55834121235401,21.012367052043686,2.2290712920988205,0.010017333062218553
2326,Berg,2022,3,55.64964190198042,3.5755531927798927,0.37673958160717663,0.00018145248139476094
2326,Berg,2023,3,47.551195070069745,11.55244638651289,1.220565883862802,0.002345661644215793
2326,Berg,2024,3,52.55592486920105,10.190276593939075,1.0759646178668805,0.0017433049433752297
2361,Härjedalen,2022,3,39.16576366589252,27.795453810788878,2.9502255160898887,0.018056945101300834
2361,Härjedalen,2023,3,35.37130544360741,21.898285487885936,2.3330776656701286,0.01354677813818087
2361,Härjedalen,2024,3,37.34621847574155,23.78400265447958,2.540281811979093,0.01782981936368651
2380,Östersund,2022,3,63.30117723096522,-8.320802041670788,-0.8758658942758526,0.0008997694361444142
2380,Östersund,2023,3,58.30379014233272,-7.164011162353994,-0.7547748624810308,0.0007230992237624455
2380,Östersund,2024,3,60.3762777315913,-9.667587231583603,-1.0183085303154693,0.0012904940936134847
2401,Nordmaling,2022,3,53.74385114693857,-5.201535834173214,-0.5448776901302783,0.00019411779013932297
2401,Nordmaling,2023,3,51.33852989322982,0.7018511674839587,0.07353813034923057,3.668739085795668e-06
2401,Nordmaling,2024,3,49.94492165882912,-5.289202845806933,-0.5541814122713082,0.00020791178495516326
2403,Bjurholm,2022,3,66.21319045721884,-10.563949310507205,-1.1127114057072232,0.0015393053171700402
2403,Bjurholm,2023,3,60.02356240914415,-8.064448269450793,-0.8523930060726925,0.0011762801596878509
2403,Bjurholm,2024,3,60.18425425076799,0.8585605012455702,0.09048359129014341,1.0672121085016287e-05
2404,Vindeln,2022,3,62.50635667051711,-9.454031089121756,-0.9936907644920314,0.0010022195757426523
2404,Vindeln,2023,3,53.01337147700121,-7.051093505933636,-0.7400991286015606,0.0004747656279287208
2404,Vindeln,2024,3,58.00157418539693,-7.604675533006308,-0.7995805505091845,0.0006721848947995064
2409,Robertsfors,2022,3,59.28311466685931,-6.16874863638143,-0.6469529724525592,0.00032591836046778146
2409,Robertsfors,2023,3,51.65072917011733,-5.063192078129198,-0.5310167341327034,0.0002201397955404118
2409,Robertsfors,2024,3,52.62589836910236,-1.355345304827324,-0.14217782938285073,1.6269397101109427e-05
2417,Norsjö,2022,3,50.9511135307726,-2.053216393706478,-0.21590201473774862,4.947526580243944e-05
2417,Norsjö,2023,3,46.09009797857788,-2.002432331279202,-0.2102932039232764,4.088151532368177e-05
2417,Norsjö,2024,3,47.07491773299677,13.156937105712913,1.3826364748212028,0.0019020779582773041
2418,Malå,2022,3,57.319153935916745,-7.203756639510544,-0.7577361186760192,0.0006288655210019903
2418,Malå,2023,3,53.643683976687484,-12.172112070332972,-1.2802938029330881,0.001789130110043913
2418,Malå,2024,3,53.59419269470838,-4.640782836504464,-0.4882238611268097,0.00026512981053439277
2421,Storuman,2022,3,55.7738234300069,-3.3986711766573237,-0.3591915204950027,0.00020731705388038848
2421,Storuman,2023,3,48.04379286469087,-3.745625278852053,-0.39528090172141567,0.00022630745854340529
2421,Storuman,2024,3,47.69735238677181,-0.8979978951096257,-0.09482779034487876,1.3649216967383243e-05
2422,Sorsele,2022,3,60.887709855501896,-14.500189330050333,-1.5322308141770526,0.00373358105974923
2422,Sorsele,2023,3,53.98950890399196,-7.068687789622459,-0.7444648890157061,0.0006820598657392696
2422,Sorsele,2024,3,55.359786575029645,-10.387364003964734,-1.0943189209804962,0.0015133029565937554
2425,Dorotea,2022,3,52.76426956253454,-3.03364378549351,-0.32097386949555073,0.0001781235291381061
2425,Dorotea,2023,3,48.68751508445846,-10.209533040850083,-1.0786009957618157,0.0018223555068983216
2425,Dorotea,2024,3,48.27029648623876,-3.8064778288717207,-0.40329619713843634,0.00030549930930815524
2460,Vännäs,2022,3,64.2760004798469,-6.3712810778609565,-0.6698020413717545,0.0004648338626579319
2460,Vännäs,2023,3,56.66683144019387,12.546105970116322,1.3196798269880425,0.001907764315190956
2460,Vännäs,2024,3,59.37026129858742,-5.931803129511643,-0.6234793314295287,0.00039465833537651106
2462,Vilhelmina,2022,3,49.97655750254842,-17.91023496226999,-1.8870341290621555,0.004535124676630707
2462,Vilhelmina,2023,3,44.21433275764795,-9.885736238407972,-1.041125195255972,0.0013308641753351773
2462,Vilhelmina,2024,3,40.832930173418376,1.710014119405514,0.18007903343544718,3.9570512002900217e-05
2463,Åsele,2022,3,53.583881025494875,-3.6198263885430393,-0.38445765100273405,0.00031704931264752025
2463,Åsele,2023,3,48.33781481135543,-11.54605616529215,-1.222703535271017,0.00272802971658749
2463,Åsele,2024,3,48.30194400105404,7.377343304068454,0.7815215907253659,0.0011380398805942813
2480,Umeå,2022,3,64.94154387061656,-8.640262061715738,-0.9215221353969861,0.0022126503289881636
2480,Umeå,2023,3,60.90952959992636,-5.706698454319216,-0.6091484474594113,0.0010007721048607282
2480,Umeå,2024,3,61.62140353565066,-3.1628675316580797,-0.33806170047607287,0.0003250514054740508
2481,Lycksele,2022,3,46.14956428253254,-4.166390223886779,-0.4390069549736784,0.0002470336090344779
2481,Lycksele,2023,3,41.56079278782097,0.8530285500976404,0.08988187806884342,1.034938894675091e-05
2481,Lycksele,2024,3,42.208012427808484,-4.495518616948608,-0.4736937822627814,0.00028797109825685744
2482,Skellefteå,2022,3,41.59410896030149,0.4208906364835414,0.04430623519822908,2.3136912122808264e-06
2482,Skellefteå,2023,3,41.045343932786906,19.15689797361742,2.0172832226362805,0.004943720929465607
2482,Skellefteå,2024,3,44.152186351434096,19.22593265048529,2.027949613248988,0.005739857010468991
2505,Arvidsjaur,2022,3,34.62027582247224,9.725985018633963,1.0245216262087862,0.001313126729411074
2505,Arvidsjaur,2023,3,27.689075495364772,21.87742213264112,2.3084169617508596,0.0076340749200234
2505,Arvidsjaur,2024,3,28.913377337871044,19.69887426337711,2.081865460766983,0.006958328132426295
2506,Arjeplog,2022,3,53.078304550621844,-17.082803988192147,-1.8098743162499058,0.0061430941515295745
2506,Arjeplog,2023,3,45.188122720361186,-8.009126936535964,-0.8509557037148433,0.001582680194875425
2506,Arjeplog,2024,3,42.63506485439153,3.1517762383364456,0.33583478817631607,0.0002821579285267644
2510,Jokkmokk,2022,3,53.73353930438904,-1.8427830018680353,-0.19649893443176436,9.969366351992017e-05
2510,Jokkmokk,2023,3,50.28050101618838,-7.34479881652679,-0.7841962383991664,0.0016753002588303354
2510,Jokkmokk,2024,3,50.524483672276816,0.9539251769042068,0.10184505942527354,2.820605215961395e-05
2513,Överkalix,2022,3,40.34946210163701,4.587246759122486,0.48330498648743797,0.0002969507894991946
2513,Överkalix,2023,3,36.58105231079949,13.703577670225172,1.4467389030165516,0.0031226666880209745
2513,Överkalix,2024,3,40.638334113067785,15.906495627638243,1.6776698898791929,0.003901826852066358
2514,Kalix,2022,3,51.83815263538486,-9.941019950535221,-1.0404483122139458,0.0006075067193171456
2514,Kalix,2023,3,46.816331507484065,-8.545282430491717,-0.8943806513978539,0.0004501613790313203
2514,Kalix,2024,3,47.392192940332535,-9.058101588243652,-0.9485226085352063,0.0005536169806581364
2518,Övertorneå,2022,3,63.67883295225321,-17.308354680828103,-1.8385485078580055,0.007300624112159464
2518,Övertorneå,2023,3,56.748574701075434,-8.55875082632005,-0.9106048819349037,0.0019376484922864314
2518,Övertorneå,2024,3,59.58798871022583,-3.142339215525311,-0.33449486984669075,0.0002675967974713236
2521,Pajala,2022,3,54.32113105007901,-9.276086005033967,-0.979252768051032,0.0014244045091087842
2521,Pajala,2023,3,46.27269886688998,4.6555927359034115,0.49188812074431115,0.00038120354157806873
2521,Pajala,2024,3,48.54443674045751,-1.7628079202423876,-0.1863678196554858,5.710476129382505e-05
2523,Gällivare,2022,3,35.48607979012017,-0.5836687683061683,-0.06222305117626919,9.896983590137389e-06
2523,Gällivare,2023,3,34.31613549484253,2.094712745203637,0.22355843446032223,0.00013388210112796618
2523,Gällivare,2024,3,33.23407189893022,4.484259209988714,0.4785699911782282,0.000612833527827419
2560,Älvsbyn,2022,3,55.04511574153349,-8.401202203422002,-0.8801730477407004,0.0005177829722134169
2560,Älvsbyn,2023,3,48.396374771880346,-1.7562617049395755,-0.1839516759120417,2.1685246793335517e-05
2560,Älvsbyn,2024,3,46.84589300129598,1.9063580920922405,0.19992903756285554,3.108367586406885e-05
2580,Luleå,2022,3,56.45844942035993,-5.729056658762843,-0.6037335450239762,0.00047179277246296443
2580,Luleå,2023,3,47.26906842645634,0.4675985762657078,0.04933583197928338,3.4695345531689317e-06
2580,Luleå,2024,3,48.10166145785783,3.6404441357136434,0.3842076696503668,0.0002149143622528139
2581,Piteå,2022,3,43.136722133379756,-9.450871606964576,-0.9943125106200337,0.0011053782878166622
2581,Piteå,2023,3,35.775731588693375,-2.831276648205936,-0.2981384677260831,0.0001078513529915803
2581,Piteå,2024,3,37.01005888631458,-0.7295208035289917,-0.0768926913094478,7.778094007095034e-06
2582,Boden,2022,3,50.66440288751397,-4.27963392002966,-0.4482628904478835,0.00012934656323467365
2582,Boden,2023,3,45.688703286534576,2.8386559805448357,0.2974924915576695,6.211992619846058e-05
2582,Boden,2024,3,48.73048558133458,5.3177870843576045,0.5579534037679809,0.000257073094618184
2583,Haparanda,2022,3,69.06471960009628,-29.128959428790075,-3.142749326342327,0.03845796566333864
2583,Haparanda,2023,3,65.96095357951889,-24.44411801234007,-2.6290619102513912,0.024477052393716073
2583,Haparanda,2024,3,69.79016036944272,-22.363649605591775,-2.4187376494075017,0.024399721292403906
2584,Kiruna,2022,3,47.12197252698222,-2.7924894069715194,-0.2960769998186862,0.000171531203012435
2584,Kiruna,2023,3,49.26602132060495,-2.682862581247754,-0.2871066415723328,0.0002456195406759344
2584,Kiruna,2024,3,46.297154503208915,2.1733707799445696,0.23169875541143697,0.00013729816524292492
0114,Upplands Väsby,2021,4,93.68067826920345,9.205143562666052,0.9319390264470081,0.0006677114187287734
0114,Upplands Väsby,2022,4,94.57775879807224,15.79128833765104,1.6019319867695427,0.002495653404017373
0114,Upplands Väsby,2023,4,92.88153417607339,5.821319545738632,0.5915056425816986,0.00039874746344731825
0114,Upplands Väsby,2024,4,94.02294286378192,-7.064693156888453,-0.7201900105976982,0.0007646909417703549
0115,Vallentuna,2021,4,76.95471047646555,-3.135870319950925,-0.3182104843862708,0.00010156284153438784
0115,Vallentuna,2022,4,79.3760460012405,-0.4973911563293001,-0.05039168089192969,2.132753400148972e-06
0115,Vallentuna,2023,4,75.60141428898416,-5.125875459014949,-0.5191472124407372,0.00021763765022674546
0115,Vallentuna,2024,4,75.32929060566367,-6.933265661901032,-0.7021596889964401,0.00039531246103761524
0117,Österåker,2021,4,73.09698323271346,15.16026269339676,1.5323912433984725,0.001424910550780234
0117,Österåker,2022,4,68.21958301846483,7.058206065339959,0.7132233318242427,0.00029306192294258055
0117,Österåker,2023,4,64.07278734351225,-4.355243412665281,-0.44017424244983844,0.00011527929812395344
0117,Österåker,2024,4,65.810749721247,0.7126399186188195,0.0720792271310878,3.4882541862932785e-06
0120,Värmdö,2021,4,74.47980779936778,6.611211408107565,0.6700021336818316,0.00039115455914527213
0120,Värmdö,2022,4,74.45522706669558,-1.0324920644354307,-0.10460498567555922,9.202750017469774e-06
0120,Värmdö,2023,4,69.9185819932947,-3.597849527655825,-0.3647345101941216,0.00012024234852151696
0120,Värmdö,2024,4,68.97504546700624,-4.088157936181759,-0.4147524102351849,0.00016869455976505486
0123,Järfälla,2021,4,96.36170726026971,8.411648517053848,0.8550747645169215,0.0008652335230982151
0123,Järfälla,2022,4,96.14736696952303,16.689047727411207,1.6963891947888825,0.0033857721182082986
0123,Järfälla,2023,4,101.63016335241184,-1.9776671170359634,-0.20203883222721886,6.917875198208154e-05
0123,Järfälla,2024,4,91.41414062289638,21.952919523253144,2.2251669263619616,0.004401617611018845
0125,Ekerö,2021,4,64.90547498900487,3.9356028223781294,0.4000549250854962,0.00018884192815992268
0125,Ekerö,2022,4,69.40671293677772,-14.123946738240484,-1.435897696815946,0.002461507614435146
0125,Ekerö,2023,4,62.78521268940327,-8.737725880183604,-0.8882743026819512,0.00093850770401051
0125,Ekerö,2024,4,65.0293310615947,-5.119265340390967,-0.521630032096982,0.0003883398411231444
0126,Huddinge,2021,4,80.91908746662864,33.95484957648638,3.433666115126629,0.007685670039766247
0126,Huddinge,2022,4,80.83882976857372,24.432601797135774,2.4742459690546275,0.0048729078580967795
0126,Huddinge,2023,4,77.02623510618928,20.3842283769568,2.0728889021449106,0.005245709234299367
0126,Huddinge,2024,4,78.91409641005401,22.700895191289774,2.304663148735667,0.005587185933887849
0127,Botkyrka,2021,4,94.12067373372366,4.4231479998418735,0.4528377164790901,0.00039299822488710675
0127,Botkyrka,2022,4,93.25091197290278,-4.639733880370571,-0.4752671963553743,0.0004455182370217841
0127,Botkyrka,2023,4,89.76028452651782,-3.4978357860374416,-0.3601210319960312,0.00032456083773179615
0127,Botkyrka,2024,4,91.05340362078782,-1.8922545670367157,-0.1943342304575233,8.468331064246304e-05
0128,Salem,2021,4,91.58265827032811,5.797355641102442,0.5898011737233507,0.0004406023185585122
0128,Salem,2022,4,91.69631928647975,-18.04486700432207,-1.8372281121594687,0.004541388841436171
0128,Salem,2023,4,85.1117794153518,-7.981528999902835,-0.8133334395095457,0.0009484350982791931
0128,Salem,2024,4,88.03587650693152,-7.610903638935852,-0.7737147192189296,0.0007114705035399372
0136,Haninge,2021,4,81.2659498424002,13.937796838483777,1.4154995241338317,0.0021788593265097697
0136,Haninge,2022,4,81.98203096830359,7.624144108219454,0.7738524434777575,0.0006162215698434447
0136,Haninge,2023,4,80.78843323423885,9.095377454375793,0.9248757845110563,0.0010404376162338022
0136,Haninge,2024,4,85.78460641284701,-1.6872775065583028,-0.17184464412147749,4.070995662694193e-05
0138,Tyresö,2021,4,69.31019269325066,5.065087564382537,0.5125524228313338,0.0001893494031817291
0138,Tyresö,2022,4,71.5580418569053,-2.045301579748397,-0.2068577536746736,2.8474871170946e-05
0138,Tyresö,2023,4,67.41474831372983,-6.751376137942309,-0.6831742625986451,0.0003350721281346372
0138,Tyresö,2024,4,69.5286184496248,-4.7652031707456075,-0.48190091553097747,0.00015247203633366127
0139,Upplands-Bro,2021,4,100.37752826127218,18.85546832839387,1.935242316899645,0.008153215205578435
0139,Upplands-Bro,2022,4,87.97258749490621,27.08721848883158,2.7428593801803687,0.0059285121474452925
0139,Upplands-Bro,2023,4,85.22105513811562,19.114445431939544,1.9350866853728326,0.0028628788865935335
0139,Upplands-Bro,2024,4,86.22762878165386,14.113128185609128,1.4299120038387547,0.001729365036520371
0140,Nykvarn,2021,4,68.81396480765206,9.968643888000116,1.0127487008784937,0.0011515666446053547
0140,Nykvarn,2022,4,70.82867748895433,2.302323882787789,0.23377088660070158,5.825056756606017e-05
0140,Nykvarn,2023,4,76.38113431846647,12.24528015250074,1.2509102737997544,0.002642865969774175
0140,Nykvarn,2024,4,86.93785098273247,-8.506478433712857,-0.8901980739219089,0.0033636659494591845
0160,Täby,2021,4,94.15446675631247,-0.976182664635104,-0.09965602375786291,1.6100508760493076e-05
0160,Täby,2022,4,86.0445365624128,2.287443686998273,0.23280405894369766,7.075121960225369e-05
0160,Täby,2023,4,82.56778580461325,5.380818537433711,0.5477455091106134,0.000398066595362404
0160,Täby,2024,4,88.79843133124712,-2.476657303669427,-0.2525747823454034,9.662883846975421e-05
0162,Danderyd,2021,4,87.44546950731058,9.557853359500385,1.0011405234432162,0.004354013978029783
0162,Danderyd,2022,4,86.63164563699887,-2.1155560738029777,-0.22202776190088877,0.0002246312147533019
0162,Danderyd,2023,4,78.89196255334477,4.20745445519961,0.44864184070554725,0.0012715929605608262
0162,Danderyd,2024,4,81.58178518156384,13.067405257911872,1.397741577892697,0.013032298457230734
0163,Sollentuna,2021,4,89.50080239476601,17.57167989739993,1.7777405446547243,0.0022068179982691143
0163,Sollentuna,2022,4,94.49020172856427,14.420169875774832,1.4624396243833373,0.0020202492241851184
0163,Sollentuna,2023,4,84.89127311161744,16.059371503566837,1.6276634880013066,0.0023338847626429705
0163,Sollentuna,2024,4,88.76107204208391,13.848945478270622,1.4039246961075396,0.0017784026179869703
0180,Stockholm,2021,4,66.69474404457395,7.98265718349802,0.8160905637257343,0.0011777652291374754
0180,Stockholm,2022,4,66.60442208398312,6.696564564377681,0.6832641216779601,0.0007306826252233269
0180,Stockholm,2023,4,62.593162309131834,6.490697933571745,0.6638417042401217,0.0007984675211661481
0180,Stockholm,2024,4,64.93579806363073,7.36319728980358,0.7523174031193536,0.0009663352696647462
0181,Södertälje,2021,4,84.66661749679847,-3.7350797877014514,-0.38125585047488736,0.0002337199952742541
0181,Södertälje,2022,4,85.0612891555599,-9.416433357227447,-0.9616752947479235,0.0015365952724850332
0181,Södertälje,2023,4,83.20146237691507,-13.936253001092055,-1.4303862790415804,0.004458715346221022
0181,Södertälje,2024,4,84.4505576281458,-15.779570075794737,-1.6140306965124025,0.004747141228530927
0182,Nacka,2021,4,89.86183628294353,7.113236245097568,0.7214752583991135,0.0004973870031263525
0182,Nacka,2022,4,85.6936284627382,2.1258187725247524,0.21597166456463093,5.242367910019383e-05
0182,Nacka,2023,4,85.04671076923862,-4.202839591561073,-0.42770679429329356,0.00023721542781420963
0182,Nacka,2024,4,85.49348104986386,-2.478281963236199,-0.25207901783804804,7.913835496194188e-05
0183,Sundbyberg,2021,4,104.57849774305053,51.10442362204542,5.239719716778823,0.05681332816839728
0183,Sundbyberg,2022,4,106.82617942655854,38.799860891547624,3.9706825933224805,0.02955231478903053
0183,Sundbyberg,2023,4,101.84578006842015,52.754305780771446,5.399714032818892,0.055193883031905276
0183,Sundbyberg,2024,4,108.13441985687606,27.54102528652942,2.828121485150406,0.017835113237953944
0184,Solna,2021,4,109.7361642085065,50.834945345225066,5.233819698415942,0.06860313817864783
0184,Solna,2022,4,108.75801018238431,43.295822468288605,4.451668223826052,0.04685733325554157
0184,Solna,2023,4,100.75832146185105,35.804317547349896,3.6811621444552918,0.031951655783307276
0184,Solna,2024,4,101.56446876143325,35.86573790841952,3.687032895149706,0.03188222539297163
0186,Lidingö,2021,4,84.85679313306828,-0.26728273067635655,-0.02735868126878601,1.4189431882125223e-06
0186,Lidingö,2022,4,79.81115413119164,1.6226086702619398,0.16662290405093164,6.192803831262053e-05
0186,Lidingö,2023,4,74.68305679775024,-3.414122106913382,-0.35213859812288684,0.0003339254037615753
0186,Lidingö,2024,4,75.5191867340852,4.06408630888977,0.42128579087662377,0.0005722729849219954
0187,Vaxholm,2021,4,88.28238295243622,-9.506124199518581,-0.9677515375836893,0.0012492050253736214
0187,Vaxholm,2022,4,91.78712890884917,-30.269354305941363,-3.082012353030016,0.0128290270154444
0187,Vaxholm,2023,4,81.68520835086498,-23.717873155807013,-2.4190968604288687,0.008938280036920623
0187,Vaxholm,2024,4,86.55551821243834,-21.9302433012558,-2.2360572677927926,0.0074731031035526274
0188,Norrtälje,2021,4,60.186673324488126,4.558084403809332,0.4626633174233482,0.00022105456092411956
0188,Norrtälje,2022,4,62.274404477099566,-0.4176340805270726,-0.0424161916622965,1.964996108932073e-06
0188,Norrtälje,2023,4,54.77418785231012,-4.188814581822058,-0.42481967527928827,0.00017072458485582244
0188,Norrtälje,2024,4,55.843814453050456,2.1872736298510986,0.2218398846176345,4.682086726520557e-05
0191,Sigtuna,2021,4,89.40291698665584,18.388541649192433,1.862657957063794,0.002853116617293601
0191,Sigtuna,2022,4,91.49442770906236,23.375647084676558,2.369077635264675,0.004917484371461529
0191,Sigtuna,2023,4,93.75939742552868,3.710571543992927,0.3773149969052005,0.000173183228934377
0191,Sigtuna,2024,4,92.66580902515875,0.21421068412925592,0.021760428599961325,5.272632846775166e-07
0192,Nynäshamn,2021,4,71.17403398778887,15.17958526971239,1.534694323188786,0.001483576064121634
0192,Nynäshamn,2022,4,80.01517431963572,0.13660812552620882,0.013853915281139804,1.8077732457847436e-07
0192,Nynäshamn,2023,4,69.7181156632363,3.621595992598216,0.36597677616613744,7.786037504282415e-05
0192,Nynäshamn,2024,4,70.95315360227147,5.144822132710047,0.5201328293678655,0.00016926943509963755
0305,Håbo,2021,4,58.87098558228629,18.55472154266895,1.8784978401316041,0.002712352934259883
0305,Håbo,2022,4,65.39935885937447,8.529918540142333,0.8653358734325959,0.0007305653637154015
0305,Håbo,2023,4,57.5808060654344,10.14793076750719,1.029631339200217,0.0010503535344868397
0305,Håbo,2024,4,58.68433753389388,5.739116085572448,0.5811084202529313,0.00026397473744262437
0319,Älvkarleby,2021,4,74.22012274604606,-7.013308577561588,-0.7132334461263219,0.0006242746102982454
0319,Älvkarleby,2022,4,63.54801112614918,0.1403005621625084,0.014184134170542739,1.258570969946455e-07
0319,Älvkarleby,2023,4,61.344136375768514,-8.063735205689113,-0.8150877332989009,0.0004039406262195164
0319,Älvkarleby,2024,4,60.76147632769613,-1.8209403142957967,-0.18393034923401375,1.812341308779646e-05
0330,Knivsta,2021,4,93.53768104020178,1.678788835668641,0.1708185919990761,3.739442835052339e-05
0330,Knivsta,2022,4,97.07899436378585,-13.037867855068825,-1.3299639333862898,0.0027250503560935337
0330,Knivsta,2023,4,85.95595874172653,2.872852690155284,0.2911674718113811,7.455474802890263e-05
0330,Knivsta,2024,4,86.2291752717334,2.196248217154448,0.22242596603467574,3.973752837901728e-05
0331,Heby,2021,4,64.77668742591015,8.424738848298048,0.8523482710345179,0.000508239094584293
0331,Heby,2022,4,67.13469434989861,5.606447041128362,0.5680166207770988,0.00027193168318747523
0331,Heby,2023,4,58.339665940153694,-1.3083614710746971,-0.1325487163502816,1.4702684028051282e-05
0331,Heby,2024,4,58.1880507100514,4.900133326198166,0.4965601243995622,0.0002130502276155488
0360,Tierp,2021,4,63.62092603915674,-1.0656549197711271,-0.10766842865078587,6.518159590877223e-06
0360,Tierp,2022,4,61.71637709140384,-2.57408053903535,-0.2602284270832782,4.219176778082901e-05
0360,Tierp,2023,4,56.82611778105172,-5.535597326184551,-0.5601233015054524,0.00022376982241874342
0360,Tierp,2024,4,58.56054064505216,-4.7792669528611,-0.48307227902990957,0.00014094454864635578
0380,Uppsala,2021,4,79.48609935337008,-10.966427305019096,-1.1244550908962196,0.0026247901743785646
0380,Uppsala,2022,4,84.65317991340612,-12.55439408702469,-1.2846024079981253,0.003068683804302176
0380,Uppsala,2023,4,77.74416337195657,-8.91821943544683,-0.9148220191895301,0.0017737788824516813
0380,Uppsala,2024,4,76.83418907954399,-8.34264014721704,-0.8560017946769085,0.0015728422844999337
0381,Enköping,2021,4,64.08752189817352,6.813107721317309,0.6882213104591104,0.00025651562306657817
0381,Enköping,2022,4,63.422909946559,-2.856115096199531,-0.2885490543626217,4.627576624460998e-05
0381,Enköping,2023,4,61.522077686388585,-2.506091601736884,-0.25368059402822285,4.847296345792345e-05
0381,Enköping,2024,4,57.21303237310258,-0.4123902788875995,-0.04163895063552929,8.617350212042011e-07
0382,Östhammar,2021,4,51.322749853362154,-3.16499632089927,-0.32136778212193123,0.00011020831505701628
0382,Östhammar,2022,4,51.35736225396527,-4.409635794960614,-0.4473322086290656,0.00019465017272314608
0382,Östhammar,2023,4,46.93955116162201,-4.994755924385856,-0.5065509978174043,0.0002424596265305243
0382,Östhammar,2024,4,46.196306762468424,-2.9222982702830436,-0.2964148067174348,8.439186776046472e-05
0428,Vingåker,2021,4,47.36974576737471,16.957739612742245,1.7195616145595929,0.0027530035359166235
0428,Vingåker,2022,4,51.250914846699075,7.762558040507251,0.7865661612108662,0.0005297141283726655
0428,Vingåker,2023,4,46.88614283481242,12.960288962838895,1.3125849010890447,0.0013873253351918576
0428,Vingåker,2024,4,45.041676698830074,6.386894729741357,0.6462050516092323,0.0002940744448027011
0461,Gnesta,2021,4,71.42610979461337,-3.763467564091343,-0.38208658062974615,0.00015388186884572372
0461,Gnesta,2022,4,69.30055097546337,-3.6787803933069796,-0.37351489494142776,0.00014805399460808373
0461,Gnesta,2023,4,67.13266897965461,-11.750724535210168,-1.1932570510710037,0.0015328945678763947
0461,Gnesta,2024,4,70.43453738266862,-15.974771280382008,-1.6220627161604995,0.0028100557856896207
0480,Nyköping,2021,4,56.46853561731579,-1.690890865177252,-0.17143422665495114,2.6895706890242714e-05
0480,Nyköping,2022,4,53.15531434678093,0.5666139205705392,0.05744746224726727,3.0214371014857236e-06
0480,Nyköping,2023,4,51.47880355141747,-0.5509684998710824,-0.055823934255996265,2.6413571089203543e-06
0480,Nyköping,2024,4,50.48830814098817,0.2281322813346094,0.02313599423506501,5.048496442641153e-07
0481,Oxelösund,2021,4,75.25246855337961,-8.486889918364781,-0.8636625964739358,0.0009658772762285777
0481,Oxelösund,2022,4,74.61764051032654,-8.921794076436086,-0.9063909890443937,0.0009219637452669097
0481,Oxelösund,2023,4,68.24141887640263,-4.306180151803261,-0.43741302925719827,0.00021184057246539302
0481,Oxelösund,2024,4,67.83571537010305,-9.320213749290147,-0.9459816530339006,0.0009186945644548578
0482,Flen,2021,4,66.59872203893302,11.48414140799025,1.1639516041594868,0.0011935934043722416
0482,Flen,2022,4,63.70508899645304,6.664820083133449,0.6751160694052672,0.0003752562283939312
0482,Flen,2023,4,56.80794595750308,2.740177606448924,0.27770457349086025,6.736471956418447e-05
0482,Flen,2024,4,57.551886935016896,4.02863643433605,0.40812038686047464,0.00013870200643685052
0483,Katrineholm,2021,4,58.167043795788075,-7.424896747117039,-0.7500244723439184,0.00030493724309239525
0483,Katrineholm,2022,4,57.598309752393185,-6.910527993059006,-0.6981968220554388,0.0002735129940369636
0483,Katrineholm,2023,4,53.16901362455908,-5.097693265626553,-0.5149762287163164,0.0001455159386555945
0483,Katrineholm,2024,4,50.902825254907825,0.5699158588709423,0.057544780558395806,1.6487906700045581e-06
0484,Eskilstuna,2021,4,59.46124522595742,-14.49549466597675,-1.4710309555923065,0.002186907944751171
0484,Eskilstuna,2022,4,60.25793199785564,-15.84458112033753,-1.6062320507623278,0.002328123913885578
0484,Eskilstuna,2023,4,56.01282806844006,-13.925881256365763,-1.4111567547078712,0.001715330427598619
0484,Eskilstuna,2024,4,52.15801900640654,-10.209566071320772,-1.0340666945303796,0.0008681769414772927
0486,Strängnäs,2021,4,66.12140592842164,6.211988600676946,0.6269502959513084,0.0001781033804236805
0486,Strängnäs,2022,4,65.58697161742886,-1.2927287684437516,-0.13048186144354337,7.873780475676416e-06
0486,Strängnäs,2023,4,63.846336581750094,-1.5856278940300754,-0.16014030408132707,1.3390369695221816e-05
0486,Strängnäs,2024,4,70.76343849467466,-8.748328988913208,-0.8926213138327249,0.0012481139327215791
0488,Trosa,2021,4,74.36806838849822,3.5416055097143584,0.35907648219433497,0.00011814031040916528
0488,Trosa,2022,4,73.53999624878966,-9.515606004887218,-0.9657489852705917,0.0009511275827909201
0488,Trosa,2023,4,69.10473150114287,-7.969360322103562,-0.8088716602935758,0.0006715786997500842
0488,Trosa,2024,4,72.39827230613872,-11.635895405220921,-1.1808718983947681,0.0014139185033038237
0509,Ödeshög,2021,4,55.74633709650537,6.977339678781874,0.705059049851958,0.0002869023304774475
0509,Ödeshög,2022,4,52.12666260898507,9.374183732937063,0.9488211400238629,0.0006698075117079542
0509,Ödeshög,2023,4,50.01622181214836,4.539565268738173,0.4586452404122847,0.00011782909500649665
0509,Ödeshög,2024,4,51.05286662748848,1.0762149077416154,0.10887119578573258,8.162931074137727e-06
0512,Ydre,2021,4,54.923054502167304,-6.749847465631447,-0.6841352884644736,0.0004136311250904714
0512,Ydre,2022,4,51.18600074040731,3.6605917113982827,0.37129914578282563,0.00013233132244718244
0512,Ydre,2023,4,46.36748683883252,0.6492852260561222,0.06580104574641331,3.7749456877076777e-06
0512,Ydre,2024,4,49.38388460456673,7.979601330347776,0.8080562633251877,0.0005177923732452295
0513,Kinda,2021,4,48.35081913428187,6.187397426227683,0.6255701770562088,0.0002470521129797129
0513,Kinda,2022,4,45.64289979578949,3.820747403256995,0.38621696174067477,9.121112789139691e-05
0513,Kinda,2023,4,39.835732650787804,1.597413866425967,0.1616924450462865,1.958251707541943e-05
0513,Kinda,2024,4,43.15462451607324,4.249211980863585,0.429470963703877,0.00011030919812702389
0560,Boxholm,2021,4,66.51614364493932,-1.566941903284743,-0.15835141256762014,1.466716150032803e-05
0560,Boxholm,2022,4,63.505334498861174,-3.1197397371296347,-0.3154550102245159,6.400636843452903e-05
0560,Boxholm,2023,4,56.01804116073684,-5.139895225556685,-0.5200367717195032,0.00019040090910242243
0560,Boxholm,2024,4,62.102592541501416,-8.631503181341905,-0.8727339892410467,0.0004857115970929161
0561,Åtvidaberg,2021,4,48.52836679913041,1.4629087199762054,0.14774333510140034,1.1353241326010129e-05
0561,Åtvidaberg,2022,4,49.05360504229401,1.4417886653367944,0.14560158799876222,1.0897420442417114e-05
0561,Åtvidaberg,2023,4,43.64938204652101,-1.1537450482662095,-0.11650109626763647,6.836734000091931e-06
0561,Åtvidaberg,2024,4,41.89777031200761,7.374053181495491,0.7448210705597621,0.00029564330335022173
0562,Finspång,2021,4,55.11537359882824,-1.8009234183723066,-0.181691646342716,1.371025536034358e-05
0562,Finspång,2022,4,53.5243150008509,1.3996680151743064,0.14126995120872118,9.146241486367864e-06
0562,Finspång,2023,4,46.87209041558164,1.8049631476155596,0.18242955747276285,1.9915023281922185e-05
0562,Finspång,2024,4,49.2330977731459,2.5173531356086656,0.25438256358864897,3.7461300572057904e-05
0563,Valdemarsvik,2021,4,48.760793781607994,11.421973842412896,1.155440383930525,0.0009170517711456442
0563,Valdemarsvik,2022,4,46.26877901334774,14.674864499103116,1.4840886325758897,0.0014509215964120217
0563,Valdemarsvik,2023,4,41.841124698550644,15.976140916089328,1.6158003814072779,0.001738211592480422
0563,Valdemarsvik,2024,4,43.48446205357354,24.289624325164,2.4538396616989258,0.003320594927545517
0580,Linköping,2021,4,62.85705287789277,-3.4286816756115712,-0.34860306502654803,0.00014613190621419155
0580,Linköping,2022,4,62.84109634061634,-1.7814166084461647,-0.18098946295453228,3.6949424642354945e-05
0580,Linköping,2023,4,57.27207825543566,1.2510155774476672,0.1272357214817428,2.0010472629583426e-05
0580,Linköping,2024,4,56.70823027921671,2.1068975215390893,0.21419582446248867,5.477595353396669e-05
0581,Norrköping,2021,4,54.247315494080354,-8.974641083525036,-0.9071079786821848,0.0004952713615379103
0581,Norrköping,2022,4,56.085964432293444,-10.399635876615385,-1.0520467639728774,0.0007629922615651285
0581,Norrköping,2023,4,52.22795785551284,-9.710236397565566,-0.9860514432201744,0.001046843971344365
0581,Norrköping,2024,4,54.511271794252885,-12.333040314048716,-1.2513205971316337,0.0015492097545740896
0582,Söderköping,2021,4,53.76300505058417,5.87033509798804,0.5929204149345755,0.00018635515405532248
0582,Söderköping,2022,4,52.43275106244958,10.867774756614729,1.098317560481911,0.0007107282148526879
0582,Söderköping,2023,4,47.52545029867554,8.639209686526591,0.8729908796819004,0.0004398596658032859
0582,Söderköping,2024,4,50.80095062347908,3.9018690397841524,0.3940202408336054,7.913077598289802e-05
0583,Motala,2021,4,47.110430555888584,-7.452968450287997,-0.753229020261826,0.00033565633645587384
0583,Motala,2022,4,44.15184235018478,-3.560001881834978,-0.36008061870583097,8.734246788870066e-05
0583,Motala,2023,4,41.661773959843416,-3.4711409558185338,-0.35069710896366807,6.88140579710196e-05
0583,Motala,2024,4,41.90162682492628,-6.227566372104768,-0.6294311186132467,0.00023735069303556822
0584,Vadstena,2021,4,63.7948210210059,11.922500976868704,1.2076053374381617,0.0011896192722518273
0584,Vadstena,2022,4,62.37038254005918,2.7278663571470787,0.27645200978974926,6.662129915555005e-05
0584,Vadstena,2023,4,55.403138222237146,1.497588170014673,0.15171340600705466,1.9174239915713567e-05
0584,Vadstena,2024,4,55.18397031138014,10.9041471786065,1.1052599329676798,0.0010866555860340264
0586,Mjölby,2021,4,53.46121714895547,0.9446691575994137,0.09531444603695928,3.855906712959654e-06
0586,Mjölby,2022,4,52.17985022858267,1.4887950596053088,0.15041127593808565,1.2582084134189713e-05
0586,Mjölby,2023,4,50.068874513986785,-2.2315284893507297,-0.2251639327937404,2.1723073015770122e-05
0586,Mjölby,2024,4,52.859915830191966,-3.72243543291021,-0.3756931520048809,6.407420436608023e-05
0604,Aneby,2021,4,57.9492043076108,6.473314554838424,0.6540644962002771,0.00024274109623860648
0604,Aneby,2022,4,59.73364486452278,-4.927079800044467,-0.49788056547287113,0.0001430622884224154
0604,Aneby,2023,4,50.535221200257254,-0.7687296649391016,-0.07765852210477205,3.311939876658294e-06
0604,Aneby,2024,4,54.441223986983616,-8.979991090117352,-0.9073283632270006,0.0004661100712029654
0617,Gnosjö,2021,4,52.389232161024864,-5.57627500324012,-0.5656878288152127,0.00031166863429466304
0617,Gnosjö,2022,4,52.15828912959846,-6.809698326462197,-0.6910669536511765,0.0004830348319722027
0617,Gnosjö,2023,4,48.1566516209034,-1.7582090511435098,-0.17869016718217062,3.708711609533346e-05
0617,Gnosjö,2024,4,48.17524851524567,-5.1350557652730515,-0.5213287806443153,0.00028602357138013455
0642,Mullsjö,2021,4,63.6022881235663,-2.3640647049929484,-0.23861351114788187,2.6237965145067426e-05
0642,Mullsjö,2022,4,61.20811780344819,5.573613476424356,0.5627478856602309,0.00015634351780992946
0642,Mullsjö,2023,4,56.483011470323646,1.0595515493411298,0.10704851693040866,6.408053124460412e-06
0642,Mullsjö,2024,4,59.391374711424895,-6.191480057750944,-0.6255506390833773,0.00021968053856048772
0643,Habo,2021,4,64.88776287014323,-7.588777702305606,-0.7694250415038512,0.0005435164068872756
0643,Habo,2022,4,66.95677645183002,-2.5905363543285063,-0.262827947953143,6.80773982307308e-05
0643,Habo,2023,4,63.639604617305224,-17.763898402615958,-1.8029947188800985,0.0033367857665067228
0643,Habo,2024,4,61.67219388493312,-12.995023849261301,-1.3181518361642552,0.0016742084439818172
0662,Gislaved,2021,4,41.15358840282313,0.902170157198519,0.09145303287314126,7.512164964633415e-06
0662,Gislaved,2022,4,40.39805471164,2.884059192230289,0.2923882492950535,7.771085279218307e-05
0662,Gislaved,2023,4,37.41427232892602,2.5319605241793823,0.25674645235591476,6.133848270532576e-05
0662,Gislaved,2024,4,38.262507925880755,2.7590569068535586,0.27971362213896156,7.106845502288118e-05
0665,Vaggeryd,2021,4,56.51642758627164,2.075732999649965,0.20993609477419783,2.934074420433684e-05
0665,Vaggeryd,2022,4,50.64268150957301,1.733782742480308,0.17516435718976978,1.7104009916813343e-05
0665,Vaggeryd,2023,4,48.26403012149416,-4.310212013331309,-0.4355902464548967,0.0001114461463223083
0665,Vaggeryd,2024,4,48.669902270743236,-1.3849107024464402,-0.13990401792248022,1.0716723530169023e-05
0680,Jönköping,2021,4,56.85025290071739,-4.18238364407123,-0.4229003923025758,0.00011483149093712518
0680,Jönköping,2022,4,55.189271611284,-1.6313791956659358,-0.1650187272805436,1.8526927624155e-05
0680,Jönköping,2023,4,54.64865189393612,-4.498475034171889,-0.4559953773832038,0.00018605439257448275
0680,Jönköping,2024,4,52.880203967185935,0.027268908591217667,0.002761753936234538,6.149810187386544e-09
0682,Nässjö,2021,4,52.686730523010255,5.459389922524956,0.5511144208401234,0.00014434219602995778
0682,Nässjö,2022,4,49.144854542887366,8.80029947664682,0.8879178136825029,0.0003339494126849423
0682,Nässjö,2023,4,45.663323266447705,5.840721222935514,0.5893171096206042,0.0001476920393578047
0682,Nässjö,2024,4,46.70005973244002,4.998423820920543,0.5043835132920302,0.000110860881108208
0683,Värnamo,2021,4,46.00836566797793,-4.290007859490004,-0.4333432635121001,0.00010131123337698304
0683,Värnamo,2022,4,44.90807642654771,-5.042977844742104,-0.5092211820481165,0.00013057164102961172
0683,Värnamo,2023,4,42.112030438725185,-0.35023164678275265,-0.03537639682450522,6.705939834072598e-07
0683,Värnamo,2024,4,44.427598428423714,-5.402643301332056,-0.5456849768103595,0.00015799748928843613
0684,Sävsjö,2021,4,59.56245048516311,-6.69713320785506,-0.6767252151713425,0.00026300482289398847
0684,Sävsjö,2022,4,55.66405855737808,-3.077192530702348,-0.31099808717943583,5.734023800751895e-05
0684,Sävsjö,2023,4,50.18851902082941,-5.107956799369006,-0.516296656591554,0.00016107771402240205
0684,Sävsjö,2024,4,52.009926584931975,-4.098484917544617,-0.41482550104595256,0.0001276768445770499
0685,Vetlanda,2021,4,37.649057742342436,4.456586513839454,0.4514359772221246,0.00016797069350445992
0685,Vetlanda,2022,4,37.0187175540843,6.85075810811351,0.6943394381008212,0.0004243863905559781
0685,Vetlanda,2023,4,32.58467291707465,6.07268398160889,0.6149759586738274,0.0003014168374172988
0685,Vetlanda,2024,4,34.54061523439615,6.799111589201644,0.6880117962628024,0.00034033428526989627
0686,Eksjö,2021,4,59.55600143259248,-2.2497325080662947,-0.2276929947198578,3.818381772833579e-05
0686,Eksjö,2022,4,56.094926101291605,0.7983430217904868,0.0806982350881649,3.969188026778011e-06
0686,Eksjö,2023,4,51.7568985967436,-1.6160535263210676,-0.16333917116019106,1.6013204048226877e-05
0686,Eksjö,2024,4,54.06494975743703,2.1962912497572162,0.22201244485277885,3.0189981984786937e-05
0687,Tranås,2021,4,52.04209986024803,-0.8605803095433586,-0.08711594694421075,5.744667400402378e-06
0687,Tranås,2022,4,51.81357298577073,-2.994172858138313,-0.3031931046356393,7.25111606223359e-05
0687,Tranås,2023,4,45.36889890024488,2.1384324780542414,0.21630475741390548,3.174737930755668e-05
0687,Tranås,2024,4,47.91334603324832,-2.5467582026742477,-0.2579185902214856,5.328912694604782e-05
0760,Uppvidinge,2021,4,53.37304706520354,4.834170629790641,0.48802405362756335,0.00011438123671454738
0760,Uppvidinge,2022,4,50.66099068436302,12.409724966518269,1.253512633931843,0.0008450098659945527
0760,Uppvidinge,2023,4,45.44776792083935,9.609988745467469,0.9710600758652717,0.0005414965113627792
0760,Uppvidinge,2024,4,47.25755230591186,1.6332985935473658,0.1650826207244056,1.636424099867076e-05
0761,Lessebo,2021,4,70.9100453687678,-1.9807241651288905,-0.20120938219100581,4.506062757161094e-05
0761,Lessebo,2022,4,65.350577089548,7.955256734847993,0.8060369461296899,0.0005517528560942432
0761,Lessebo,2023,4,60.7844828484183,5.027073133360652,0.5088089424148773,0.00019192813543196632
0761,Lessebo,2024,4,58.06570671796952,7.68408215885519,0.7767688380943523,0.0003713106631697393
0763,Tingsryd,2021,4,48.006690549731516,12.712523672202082,1.2852189347088703,0.0010340394546705647
0763,Tingsryd,2022,4,47.218936821275875,13.52758672105152,1.3681825180680238,0.0012497236545265704
0763,Tingsryd,2023,4,42.08404088152592,11.474165617857047,1.1604938976393537,0.0008984905961208406
0763,Tingsryd,2024,4,45.67527548123219,9.898851211062642,1.001388765000108,0.0006915180402759573
0764,Alvesta,2021,4,50.53755014075077,5.7546566912105845,0.5820795994948967,0.00022930215568380815
0764,Alvesta,2022,4,50.936716975204575,1.341507835971811,0.1357095349081786,1.2697131796445437e-05
0764,Alvesta,2023,4,43.08346732843282,11.257850036836643,1.14006694868325,0.0010351073666301507
0764,Alvesta,2024,4,46.329583784602754,2.838343598150651,0.28724599089163516,6.0195791681072616e-05
0765,Älmhult,2021,4,59.59332852293036,1.9220085588488516,0.19499591264263008,3.736823143812218e-05
0765,Älmhult,2022,4,57.04784799521473,6.95834258625775,0.7062586439106708,0.0005122068953214588
0765,Älmhult,2023,4,55.39512657920501,-5.317053860043735,-0.5396301668297309,0.0002967820392980816
0765,Älmhult,2024,4,52.80036307169357,-4.7065546538609055,-0.4779768751822932,0.00024780592223619006
0767,Markaryd,2021,4,56.27554859291013,22.697319624144143,2.2905257254441036,0.002326233844185604
0767,Markaryd,2022,4,56.75483177805839,10.036433222925282,1.0132799940383108,0.0005004516792547235
0767,Markaryd,2023,4,49.18261106345469,14.334657693988746,1.446966965761014,0.0009821751741972643
0767,Markaryd,2024,4,49.374902960929816,2.1445174455906084,0.21636032151119886,1.953197389323281e-05
0780,Växjö,2021,4,56.090597953589324,3.381249538467557,0.34307376386116184,0.0001167795853948659
0780,Växjö,2022,4,54.39517798539744,8.114473331814331,0.8235472580017142,0.0006917119440497052
0780,Växjö,2023,4,50.236618712253915,6.7150282428775725,0.6825184206831063,0.0005450605693396674
0780,Växjö,2024,4,55.46530735468789,4.727504897432439,0.48083647213860553,0.0002868221106290345
0781,Ljungby,2021,4,43.63107939952835,-3.3609707229905297,-0.34065613270198203,0.00010264991618434093
0781,Ljungby,2022,4,43.576582281938315,-0.8844501329371539,-0.08959939878515205,6.688106230391822e-06
0781,Ljungby,2023,4,40.95727938370855,-1.8461996776599392,-0.18756866055364682,3.963330790280067e-05
0781,Ljungby,2024,4,38.11590352373206,-0.704305221044649,-0.0714299099640676,4.833497556789633e-06
0821,Högsby,2021,4,60.10333231645652,8.09861631064711,0.8211021496177165,0.000617693139036267
0821,Högsby,2022,4,56.04348988813993,22.573988621888716,2.2833780921413735,0.003536565965311154
0821,Högsby,2023,4,54.7590472531259,3.5344430006438685,0.3580133974739312,0.00010517691928203968
0821,Högsby,2024,4,59.55437577402933,3.403714810447269,0.345306007059312,0.00011664361749720174
0834,Torsås,2021,4,58.61565915851471,-1.3964830021812347,-0.14118901074039142,1.2571633960465294e-05
0834,Torsås,2022,4,54.50736899865171,2.4366809871477813,0.24639129154323888,3.915583581593401e-05
0834,Torsås,2023,4,49.72243660076623,1.9770778236839277,0.2000327636763483,2.814847786227223e-05
0834,Torsås,2024,4,54.86850604394494,-0.601610282203815,-0.0608864551387777,2.7188097901709527e-06
0840,Mörbylånga,2021,4,61.89601987463961,4.38053527101615,0.4440194115555923,0.0001754695977971349
0840,Mörbylånga,2022,4,54.60672481065406,12.456146631322795,1.2606881571473239,0.0011724865415657377
0840,Mörbylånga,2023,4,53.39738948136768,8.978725483944508,0.9088541014318816,0.0006200859947466954
0840,Mörbylånga,2024,4,55.980672148285144,0.17070852232629363,0.01729278473890353,2.4758734994214705e-07
0860,Hultsfred,2021,4,50.311773439904584,8.59545479003281,0.8678488082869481,0.0003715088802146546
0860,Hultsfred,2022,4,46.70347104740226,13.805630204019813,1.3948711471472277,0.0010967496384204985
0860,Hultsfred,2023,4,38.16159039438763,8.586230681748653,0.868426570464401,0.000504695182267349
0860,Hultsfred,2024,4,44.16694465087457,1.5435797402612437,0.15591020475241954,1.2953053315684205e-05
0861,Mönsterås,2021,4,52.82220907644806,0.654936797741108,0.06618761709523624,2.5709288233478153e-06
0861,Mönsterås,2022,4,51.30211611466702,0.06877873317871774,0.00694781129339766,2.6266273339315436e-08
0861,Mönsterås,2023,4,47.40233933596133,-1.9477938814158762,-0.19668862563831577,1.9631842579139532e-05
0861,Mönsterås,2024,4,46.85870403150015,2.4182108051361624,0.24410964058568485,2.8223710483558024e-05
0862,Emmaboda,2021,4,54.06486218853749,1.8896881384000181,0.1909334770788932,2.066921497529906e-05
0862,Emmaboda,2022,4,55.253919949037495,0.8068482118697489,0.08145847350316152,3.2255614849398747e-06
0862,Emmaboda,2023,4,48.31921818307491,-7.572751751979503,-0.7645932650328325,0.00028857356979854133
0862,Emmaboda,2024,4,50.267481694807806,-2.077386202913516,-0.2097238070276964,2.1238497419566517e-05
0880,Kalmar,2021,4,61.4570677456925,2.585103631606742,0.2613570201924798,4.293446933946341e-05
0880,Kalmar,2022,4,57.17631540188078,5.196980163116862,0.5257892399302238,0.00019340023162428292
0880,Kalmar,2023,4,56.64567757482727,1.9402927725947308,0.19662489674328504,3.3471380807180804e-05
0880,Kalmar,2024,4,53.55068876475248,5.730781305670057,0.5796837156647658,0.00022854034221141839
0881,Nybro,2021,4,48.36750479816823,5.51733054002937,0.5573646841965034,0.0001702373891378143
0881,Nybro,2022,4,47.281791473847036,7.783962355636291,0.7870189293522012,0.0003933996430117789
0881,Nybro,2023,4,44.107397266669096,5.036310849488757,0.5084604636901823,0.0001256886297934774
0881,Nybro,2024,4,43.70020520622896,4.868788829157737,0.4922310381289447,0.00015183081650942291
0882,Oskarshamn,2021,4,46.5924286150907,-1.4050663814389708,-0.142563027069944,2.0164305845784664e-05
0882,Oskarshamn,2022,4,45.594212871205436,-6.930604761097399,-0.7031505754787153,0.00048671556981778603
0882,Oskarshamn,2023,4,41.588698177322854,-3.510089068176555,-0.35603651752323623,0.00012178724186070952
0882,Oskarshamn,2024,4,42.55398008797013,0.7547150797303459,0.07655949354736452,5.685827826845281e-06
0883,Västervik,2021,4,41.81552719661457,-5.349965382044672,-0.5426323944788234,0.00028139740963909745
0883,Västervik,2022,4,41.155885011593206,-3.775257453612305,-0.3825614652958177,0.00012613771678405135
0883,Västervik,2023,4,36.064114962620536,-0.3557107248206819,-0.03603342277316258,1.0746458438523216e-06
0883,Västervik,2024,4,37.0662106501132,1.2359815742125377,0.1252283630152808,1.328115758131068e-05
0884,Vimmerby,2021,4,43.18527154117942,-1.9733059486771722,-0.19954953280890048,2.595810623848132e-05
0884,Vimmerby,2022,4,41.06624955211571,3.0296558280989885,0.30787556735631105,0.00010901955296522512
0884,Vimmerby,2023,4,37.48948730400383,3.1288426875879196,0.3177071415522583,0.00010804714924968286
0884,Vimmerby,2024,4,38.13959337297268,3.2020602931739646,0.32537920102821066,0.00012122828045247414
0885,Borgholm,2021,4,61.31969005241267,0.9106908562610343,0.09216887985187752,6.245926055991385e-06
0885,Borgholm,2022,4,63.02581120372003,-1.4065793717222448,-0.1424561626625127,1.6361590097901185e-05
0885,Borgholm,2023,4,54.849031916136724,2.9291593752663303,0.2962884535326516,5.9591415745098916e-05
0885,Borgholm,2024,4,52.710796721592914,3.1676956841824477,0.3207021110647667,7.910549835630542e-05
0980,Gotland,2021,4,52.06899331455092,0.7006334128797747,0.07149853055592566,8.085671516145129e-06
0980,Gotland,2022,4,51.264912122889314,-2.5015688178364286,-0.2556710332620012,0.00011369893998115554
0980,Gotland,2023,4,47.57083791699587,-3.985001675209176,-0.40744355341462835,0.0002954760379261706
0980,Gotland,2024,4,47.02585568564417,-3.595372341103321,-0.36747104092575045,0.00023520389183241265
1060,Olofström,2021,4,62.20380458847142,-12.818296030829863,-1.29415578931195,0.0008187617279729636
1060,Olofström,2022,4,62.18116312272635,-12.481337908044388,-1.2613722878042268,0.0009355095859286404
1060,Olofström,2023,4,56.270402821888915,-6.886741540210636,-0.6961571067340441,0.0002975279941888273
1060,Olofström,2024,4,58.98338233089255,-9.137228484738706,-0.9235058974476692,0.0005100186095332313
1080,Karlskrona,2021,4,50.9828318546635,-5.471049159934232,-0.5543315844604996,0.00026083466498458426
1080,Karlskrona,2022,4,48.64518987573189,-3.430589233879516,-0.34808458893750516,0.00012038056980175134
1080,Karlskrona,2023,4,45.58299594635662,-1.5149441547275941,-0.15380294611262718,2.490305461220418e-05
1080,Karlskrona,2024,4,47.73984639263915,-4.769152134633991,-0.4835576053261979,0.00021536099803752518
1081,Ronneby,2021,4,50.11870642973503,-6.111857114666535,-0.6190694180271162,0.00031339671716422185
1081,Ronneby,2022,4,47.05544730240844,-1.0134163791680137,-0.10279221378688239,1.014138297916788e-05
1081,Ronneby,2023,4,43.99222046659652,0.8718434870921854,0.08821495718442596,5.52225242118967e-06
1081,Ronneby,2024,4,43.611327741980716,-3.911943586940879,-0.39576921181099817,0.00010916651210441335
1082,Karlshamn,2021,4,60.85706203888661,-21.603043544503194,-2.1795602391791364,0.0019886228540325797
1082,Karlshamn,2022,4,58.90539968410019,-16.224744109230556,-1.6361075277822985,0.0009839333979115667
1082,Karlshamn,2023,4,54.9617327738359,-18.582185330405473,-1.8751761531640447,0.0015465652176821652
1082,Karlshamn,2024,4,55.321780980708695,-16.58284362440496,-1.6727397423650934,0.001116379725132861
1083,Sölvesborg,2021,4,56.43155601022718,-4.379104470888528,-0.44137729968536304,6.215494031886544e-05
1083,Sölvesborg,2022,4,54.49731676226081,-6.364394528619151,-0.6412832655550185,0.00011864320703188288
1083,Sölvesborg,2023,4,50.579486630744825,-3.1975123818177877,-0.32226096348549726,3.2430620404923954e-05
1083,Sölvesborg,2024,4,51.102055133409124,-5.261550256759669,-0.5300974510888489,7.77621037667035e-05
1214,Svalöv,2021,4,67.7091276473735,13.750766884960655,1.3876714913048354,0.000853418458815524
1214,Svalöv,2022,4,65.75015412305946,15.474787118472406,1.5623426589498115,0.0011906236879340158
1214,Svalöv,2023,4,63.736005251555255,12.034071756145508,1.2156957457767088,0.0008105281091514623
1214,Svalöv,2024,4,67.02253257313664,9.165324127681615,0.9265238974941757,0.0005300849424009055
1230,Staffanstorp,2021,4,69.60403073123041,5.733214905535078,0.5799085232502745,0.00022746232078540402
1230,Staffanstorp,2022,4,69.66210121188475,8.6484522275058,0.8742733490414654,0.0004719925922028513
1230,Staffanstorp,2023,4,65.42307426244237,6.910455495954807,0.6985971070475462,0.00030264695279172
1230,Staffanstorp,2024,4,73.93532333195492,-6.506835619981871,-0.6589987936078457,0.0003499074585783733
1231,Burlöv,2021,4,106.74479457246288,17.13512240217389,1.7569377689009635,0.006402247560443394
1231,Burlöv,2022,4,99.20338242693096,11.399172648011202,1.1611208401292565,0.0018760101699930138
1231,Burlöv,2023,4,93.20715271803599,7.528586044310316,0.7682842583365216,0.0009339252962275114
1231,Burlöv,2024,4,92.66589726953765,12.801492412567711,1.3047403599972949,0.002473374619127531
1233,Vellinge,2021,4,52.49115137813615,16.183418738279528,1.6517318586683114,0.004356036143936747
1233,Vellinge,2022,4,52.59571425167116,4.5418548237102385,0.4636831768561682,0.0003493568400684073
1233,Vellinge,2023,4,48.52091149905703,1.6937262665903319,0.17311562656347165,5.229860565208549e-05
1233,Vellinge,2024,4,49.38661908881588,5.299228171602991,0.5422890425312109,0.0005500375127947144
1256,Östra Göinge,2021,4,59.72204305527832,3.0582260030176442,0.30987215333274243,8.182033738973139e-05
1256,Östra Göinge,2022,4,59.904961035559566,0.5327147550695059,0.054024247026509147,2.747641595488714e-06
1256,Östra Göinge,2023,4,51.06455894246333,11.03857412571056,1.1184373764381048,0.0010617245216497958
1256,Östra Göinge,2024,4,51.33256227111908,5.757150134089102,0.5832079151446854,0.00028209568194628525
1257,Örkelljunga,2021,4,64.84577691502591,10.685226037636255,1.0782562244639922,0.0005094646208902677
1257,Örkelljunga,2022,4,63.47617091163819,6.633824305961042,0.6698412253263272,0.0002247336854466358
1257,Örkelljunga,2023,4,56.25362356795479,6.048686409999775,0.6106681380195162,0.00018125689070544313
1257,Örkelljunga,2024,4,57.79503649473598,0.9769786847911206,0.09865284514882015,4.912269096841844e-06
1260,Bjuv,2021,4,69.37720550083783,25.560302389580045,2.5919951342498417,0.0062841969504340185
1260,Bjuv,2022,4,72.05320456577951,28.37015491622772,2.874941969191614,0.007148258807453539
1260,Bjuv,2023,4,70.7729257531315,23.979078254884527,2.4294652280590454,0.004981358726081086
1260,Bjuv,2024,4,73.78698910169874,12.856739393765764,1.30385808741206,0.0016026429897585401
1261,Kävlinge,2021,4,60.676113157706475,-3.936989444772429,-0.3975398794906789,7.947039218124689e-05
1261,Kävlinge,2022,4,62.67641643314451,-9.026893796864869,-0.9115748953571083,0.00042511981813320474
1261,Kävlinge,2023,4,54.227401984718796,-8.128111204576953,-0.8210080967243224,0.00036111913897779143
1261,Kävlinge,2024,4,55.26794401610989,-3.3542820399421345,-0.3388744091935714,6.369804943284298e-05
1262,Lomma,2021,4,79.31871086762348,-26.43292468367998,-2.6934770404248365,0.010376653278189022
1262,Lomma,2022,4,74.05908376070279,-16.698944607755905,-1.7043971318512412,0.004646874060985976
1262,Lomma,2023,4,71.534395382328,-19.437103791797284,-1.9861864026254505,0.0067859598118111515
1262,Lomma,2024,4,74.8310954659143,-14.62474304835412,-1.4948400926693233,0.0039066418539232825
1263,Svedala,2021,4,67.19364403407883,6.443424263225452,0.650870832474317,0.00022895721703415273
1263,Svedala,2022,4,68.15559017872923,-9.97111748893191,-1.0073024594074984,0.0005573535316465586
1263,Svedala,2023,4,61.446284037191646,-4.863412286019937,-0.49174765283816607,0.0001545297021537137
1263,Svedala,2024,4,64.09430116975662,-4.300399299606923,-0.4349692930973502,0.0001274641197584591
1264,Skurup,2021,4,69.46195745727441,11.054517358487814,1.117672591069648,0.0007905941873888251
1264,Skurup,2022,4,65.08133993397053,17.22097313757331,1.7404566486592152,0.001797596933894661
1264,Skurup,2023,4,59.25616272790649,9.185803940737124,0.9282101623805767,0.0004959511490875224
1264,Skurup,2024,4,61.02826793067511,9.326723589296819,0.9415619320525801,0.00042587497853960484
1265,Sjöbo,2021,4,58.38162500615012,9.731418026111257,0.9837586125085027,0.0005984152638253114
1265,Sjöbo,2022,4,55.4943481047974,6.305416564972894,0.6375501533794005,0.00025968994639054385
1265,Sjöbo,2023,4,51.296239988001595,9.515613693122035,0.9627593643701828,0.0006528353741200707
1265,Sjöbo,2024,4,54.99376485741891,4.788000669808682,0.4841797017758693,0.00015260756089980848
1266,Hörby,2021,4,62.18953622396177,8.054985846536809,0.8126977843827278,0.00027807434797033094
1266,Hörby,2022,4,62.21324498380834,8.342805404281748,0.8421042620616019,0.0003297717373181541
1266,Hörby,2023,4,54.618911835629376,8.647049024171714,0.8730578920065757,0.0003759661665703143
1266,Hörby,2024,4,57.46575341913253,3.7731618873833384,0.3810770961746367,7.60973340785213e-05
1267,Höör,2021,4,69.58833599405943,1.36837038791532,0.13910274312209817,2.2939246146347745e-05
1267,Höör,2022,4,71.59902233773435,6.680448090663631,0.6779665796804577,0.00046602210228179097
1267,Höör,2023,4,65.28173893730103,0.4986478030304653,0.05060379146794904,2.5881589875553686e-06
1267,Höör,2024,4,68.47043139276012,-0.6544706666498286,-0.06651738603106498,5.154634579610723e-06
1270,Tomelilla,2021,4,63.28336536498241,8.916167890560182,0.8998946347624386,0.0003689979635336392
1270,Tomelilla,2022,4,60.67362753052408,8.541547679438274,0.8618524245317819,0.0003182564912505874
1270,Tomelilla,2023,4,55.87668638845413,4.15259618841263,0.41896619937084884,7.369866179084655e-05
1270,Tomelilla,2024,4,55.107294847449054,16.085607858027885,1.624484041457697,0.0013647759066049423
1272,Bromölla,2021,4,60.707467655965715,-9.482171213277965,-0.9569235649425444,0.0004078946833000372
1272,Bromölla,2022,4,60.265798480322196,0.05241572058019983,0.005289377205526416,1.2290344917611824e-08
1272,Bromölla,2023,4,59.45437099347416,-7.526062464109458,-0.7592595139306348,0.00023710351916114085
1272,Bromölla,2024,4,58.32536557785169,-2.9925668609310847,-0.3019721745216806,3.9636166063547114e-05
1273,Osby,2021,4,56.92129729749834,2.013060981196361,0.20293934229699084,1.3947613767590527e-05
1273,Osby,2022,4,57.150593902214254,-0.5710501644895203,-0.05757643501514622,1.1697148484738572e-06
1273,Osby,2023,4,51.71527529647658,2.9924921382861243,0.30173413326722265,3.256626197897441e-05
1273,Osby,2024,4,52.51882733590194,-3.241002357142378,-0.3266908381091507,3.486522616026956e-05
1275,Perstorp,2021,4,87.8136913002612,12.516777966097024,1.2733337289026703,0.002043669623711146
1275,Perstorp,2022,4,87.54684188230435,-2.220316754650497,-0.22558662903275248,5.752940443590995e-05
1275,Perstorp,2023,4,77.68073440071083,9.442029493867892,0.9586398542867504,0.0009722373017977739
1275,Perstorp,2024,4,81.55306077797489,-6.639446403406822,-0.6747905126794645,0.0005296292345712755
1276,Klippan,2021,4,70.13074576066981,5.109652372378605,0.5156070040471596,0.00011582781889338083
1276,Klippan,2022,4,67.42099656379403,12.008054653670285,1.211639547472895,0.0006305269357251331
1276,Klippan,2023,4,67.47783454303848,3.051985464860863,0.30809035746152685,4.5064799884819134e-05
1276,Klippan,2024,4,66.49357411040026,1.8704317606621714,0.18873668063958055,1.5412232255667007e-05
1277,Åstorp,2021,4,65.85018369154315,30.850821949859835,3.1280518887997086,0.009012329296405582
1277,Åstorp,2022,4,66.66807068640892,23.289704235566475,2.3614657886963286,0.005150023902997775
1277,Åstorp,2023,4,64.0775879435886,25.84828397280465,2.625185824335473,0.007514929461316014
1277,Åstorp,2024,4,69.93074855239092,16.518275704402797,1.6751383724264888,0.002636423735010743
1278,Båstad,2021,4,67.121856934192,15.124241812290478,1.5338416329918547,0.0022219737413938425
1278,Båstad,2022,4,61.14313097887222,25.750195613645474,2.607614038367244,0.00539588529235087
1278,Båstad,2023,4,59.15620066684912,19.21232623108955,1.9450552909630328,0.0029041937146800753
1278,Båstad,2024,4,61.33246227645561,11.611503778704751,1.1755660104329049,0.001062971837584893
1280,Malmö,2021,4,81.41312095973316,-14.737735955084958,-1.506099901894757,0.0039205966351110845
1280,Malmö,2022,4,82.00990517700677,-15.091776702034963,-1.53612167007579,0.003105529775456664
1280,Malmö,2023,4,78.62944704204884,-12.358215201813351,-1.2582862428941384,0.0021355581724776373
1280,Malmö,2024,4,79.64214025648273,-14.056488639062508,-1.4294822481053968,0.0025043731010834487
1281,Lund,2021,4,99.03163632879767,-3.6761533492724823,-0.381988787669709,0.0005078869187135099
1281,Lund,2022,4,95.67515610442756,-5.071965675713699,-0.5275572938268177,0.0009986738931729068
1281,Lund,2023,4,91.67450283793488,8.687771508129217,0.9052798707499062,0.0030989650822376303
1281,Lund,2024,4,102.83837792835595,-6.638058755166497,-0.6980393527346459,0.002325326843447711
1282,Landskrona,2021,4,71.73475079754654,-14.149997742994827,-1.4324041232096638,0.0015545122344860045
1282,Landskrona,2022,4,71.16850671979157,-3.1317438910961357,-0.3168004067160028,6.87784307819269e-05
1282,Landskrona,2023,4,79.32006450869437,-18.175243360478646,-1.8478097018788575,0.004084036063523288
1282,Landskrona,2024,4,72.89343577124751,-10.135820941088348,-1.0249310529648334,0.0006797556662089515
1283,Helsingborg,2021,4,68.22776796720824,-7.065545848614413,-0.7150691984555444,0.00037463319683695004
1283,Helsingborg,2022,4,66.90169994149652,-4.0436108538992315,-0.4089287972588673,0.00010987034505793709
1283,Helsingborg,2023,4,66.1983557433988,-6.795556118797009,-0.6877017801212953,0.00034349972153984283
1283,Helsingborg,2024,4,65.5209964099747,-3.163591961322247,-0.32036247764504866,8.140570290344474e-05
1284,Höganäs,2021,4,63.845213898713524,5.276537523954929,0.533082428945601,0.00015803568609534484
1284,Höganäs,2022,4,63.554385570481,4.908056161718406,0.4958346352320589,0.0001356922578032593
1284,Höganäs,2023,4,56.744118767990216,-3.184724592130962,-0.3216798238281648,5.529627259965132e-05
1284,Höganäs,2024,4,64.49701451962434,-3.997542131302147,-0.4045071514538581,0.00011723945814910383
1285,Eslöv,2021,4,74.86452325254092,-4.734728207300549,-0.47752199265465434,8.721974850641506e-05
1285,Eslöv,2022,4,69.11709028527835,-0.21417682457116882,-0.021586477727914832,1.4700809913962478e-07
1285,Eslöv,2023,4,66.60424413663151,4.280011794353399,0.43172733941820285,7.415901261733648e-05
1285,Eslöv,2024,4,71.18711003551807,1.8900333125146886,0.1905744017304943,1.3022182221597585e-05
1286,Ystad,2021,4,68.58666977704121,0.9000222381679208,0.09096095679808552,4.9027247798222164e-06
1286,Ystad,2022,4,68.59843856176052,-10.075388804555494,-1.0199025750017214,0.0007851033484280179
1286,Ystad,2023,4,58.96488964197741,-1.335858900226917,-0.13528196901447304,1.459383546158014e-05
1286,Ystad,2024,4,62.12448812296076,-4.783181202135992,-0.48390529009704814,0.00016288045165634835
1287,Trelleborg,2021,4,58.684090440101656,-3.9156450246877554,-0.39583526398561014,9.683887035454216e-05
1287,Trelleborg,2022,4,63.00960634570839,-6.00945628890117,-0.6065627364561781,0.00016996423891781578
1287,Trelleborg,2023,4,57.2986212904169,-3.8002405165972277,-0.38360524147527536,6.910430461918541e-05
1287,Trelleborg,2024,4,57.064958724512,-0.09315902492030403,-0.009397316117579489,3.542945308885988e-08
1290,Kristianstad,2021,4,47.621575882376135,1.0620727366379583,0.10775434215822552,1.1439087917966166e-05
1290,Kristianstad,2022,4,46.10101191118494,2.4129035583900986,0.2448885089400382,6.116606291809645e-05
1290,Kristianstad,2023,4,41.50653018364629,3.6875548440801396,0.37455108358813105,0.00015443750895650644
1290,Kristianstad,2024,4,40.604461387091405,4.719054745301882,0.4796074657734113,0.00026721568343588174
1291,Simrishamn,2021,4,62.116701183576126,5.615690989569671,0.5685209164045074,0.0002474544296030849
1291,Simrishamn,2022,4,62.081946989532966,-3.835118846511051,-0.3881841930757489,0.00011239952206231144
1291,Simrishamn,2023,4,53.83067768080619,4.338291837177145,0.4395223070603747,0.00016231209041924272
1291,Simrishamn,2024,4,58.55951406415467,1.20755846099091,0.12238497480093383,1.3138268554437865e-05
1292,Ängelholm,2021,4,56.938285372559264,4.368523693972946,0.44076749975437096,8.22711122868918e-05
1292,Ängelholm,2022,4,59.55917188721021,1.1618907313856113,0.11732742717010468,6.979200432380363e-06
1292,Ängelholm,2023,4,51.986938301722034,8.771765393726632,0.8852611339321387,0.00035180794598730454
1292,Ängelholm,2024,4,53.70486752212099,-1.055787495519354,-0.10649057811625767,4.433250572948652e-06
1293,Hässleholm,2021,4,52.22259773712561,-1.3135763450133524,-0.13254647858740995,7.594922131823164e-06
1293,Hässleholm,2022,4,51.313870956606095,0.9116823287344715,0.09199651803708195,3.6881666808875837e-06
1293,Hässleholm,2023,4,47.891112766515334,2.395060928475189,0.24178833658125934,2.8070102471756677e-05
1293,Hässleholm,2024,4,49.91327879381316,-0.27210751546185463,-0.027480274430121555,3.9099544798257706e-07
1315,Hylte,2021,4,66.64094212802291,-6.089101088376999,-0.6168163664477397,0.00031437400864344536
1315,Hylte,2022,4,57.67842999944959,-0.43454620740066474,-0.044122147876353796,2.073547816593604e-06
1315,Hylte,2023,4,51.72587536794896,2.0657548874156433,0.20995208872500576,5.1316096027625726e-05
1315,Hylte,2024,4,52.930056083238334,-0.7527316422810983,-0.07613334485181093,3.884601029463751e-06
1380,Halmstad,2021,4,50.29961891649157,1.6736437803804733,0.169494288907854,2.2994109091850354e-05
1380,Halmstad,2022,4,49.74989506258713,3.9934001023232852,0.40554000222774583,0.00017788858021446874
1380,Halmstad,2023,4,47.59974123157147,5.559168368035323,0.5673002363444163,0.0005087955476053601
1380,Halmstad,2024,4,48.055373250093275,2.3575071088675514,0.23969280981760266,6.905878803412445e-05
1381,Laholm,2021,4,49.30338732794438,10.577307227319878,1.0687021509175638,0.0006447891394504262
1381,Laholm,2022,4,50.98211202920291,10.052695120373762,1.0169467770461318,0.0007126400380350028
1381,Laholm,2023,4,43.041912521660194,12.030551246455751,1.2160841905812387,0.0009026104042103157
1381,Laholm,2024,4,45.85640035588291,6.183456760116336,0.6249184617004113,0.00023051841479960182
1382,Falkenberg,2021,4,55.549529046707725,-4.494433158054015,-0.45399904303327276,0.00011148985703405221
1382,Falkenberg,2022,4,57.6604281985285,-13.03827025565677,-1.3179251736115096,0.0010571473040825086
1382,Falkenberg,2023,4,49.43662196065202,-8.021151127672482,-0.8101636293415464,0.0003483185811052413
1382,Falkenberg,2024,4,50.48260759513958,-8.190109126711071,-0.8272916434395864,0.0003684432447495464
1383,Varberg,2021,4,53.60249718826566,-4.7261432622552775,-0.4787669060133924,0.00019018127620886103
1383,Varberg,2022,4,52.55347482468805,-5.001852405808997,-0.5065466589904658,0.00020516634285660642
1383,Varberg,2023,4,47.38906615787412,-7.506153607563107,-0.7596781077101602,0.0004241563349581575
1383,Varberg,2024,4,46.8748369615425,-4.989792803442022,-0.5049501519927564,0.00018464737144466238
1384,Kungsbacka,2021,4,51.991476252674644,-4.078790586621494,-0.41385490786973383,0.00017019518974955252
1384,Kungsbacka,2022,4,48.78698136008886,-2.470504862145944,-0.2506701316089368,6.244161958230595e-05
1384,Kungsbacka,2023,4,42.04278458052937,0.02229194918938049,0.0022637898676042805,5.539718096436995e-09
1384,Kungsbacka,2024,4,44.38306663640859,0.854251528455265,0.0867505404253645,8.13213409360671e-06
1401,Härryda,2021,4,69.44275828040135,4.674044262797139,0.47415140334741424,0.00021851942798940314
1401,Härryda,2022,4,69.98109215609988,6.54926345981481,0.6646795029705909,0.00044971281765665046
1401,Härryda,2023,4,67.0770171684346,-4.907738171569392,-0.4986303885567794,0.0002810118840816961
1401,Härryda,2024,4,63.71599686669592,-2.6705752733154213,-0.2708680389291751,7.008605789007504e-05
1402,Partille,2021,4,80.4081322295267,2.3412416478797553,0.23711743029059676,4.5333615899852936e-05
1402,Partille,2022,4,80.15060417545291,3.9606073070322765,0.40132809879293435,0.00013818045440580517
1402,Partille,2023,4,83.0120637963688,9.008559822585283,0.9141861083015016,0.0008427406820880495
1402,Partille,2024,4,81.87840674042829,3.4357676385293274,0.3482561445923459,0.00010794973336868802
1407,Öckerö,2021,4,65.14508974802355,-18.485657101922172,-1.8711308953353354,0.0026199348256997
1407,Öckerö,2022,4,58.195785112371915,-13.508285112371915,-1.3678495281213094,0.001473951017548434
1407,Öckerö,2023,4,53.13631034582952,-6.954860934799022,-0.7035940574255958,0.00034320864793341776
1407,Öckerö,2024,4,58.119311205671664,-11.137868875392122,-1.1270525796774207,0.0009127903066535978
1415,Stenungsund,2021,4,60.95037091251579,2.992146143660726,0.30238161016812454,5.3557765771982625e-05
1415,Stenungsund,2022,4,62.00329645105185,-1.3646168672700085,-0.13788290368000916,1.081332651816888e-05
1415,Stenungsund,2023,4,56.29467202613082,-6.047022898286443,-0.6111159767288188,0.0002195777655576035
1415,Stenungsund,2024,4,53.03659114894892,-0.14800546082282295,-0.014972987995082485,1.5527285109656433e-07
1419,Tjörn,2021,4,64.62844440344008,-4.733888248462158,-0.480317887823164,0.0002289276703143641
1419,Tjörn,2022,4,66.95692502203863,-12.824820567353534,-1.300940239692314,0.0016377998979490087
1419,Tjörn,2023,4,57.567169633449566,-9.319925734031756,-0.9462640714977519,0.0009493540208444462
1419,Tjörn,2024,4,71.28725437677534,-23.375248411078097,-2.388017964087721,0.009664062895471183
1421,Orust,2021,4,61.06744515322937,-0.00520989744573086,-0.0005271192234722091,1.9561546295981023e-10
1421,Orust,2022,4,55.164777621859066,2.960425102759814,0.29948108278380636,6.179512969400379e-05
1421,Orust,2023,4,51.42476761923236,-2.901973645450326,-0.2934291421325594,5.519379704237546e-05
1421,Orust,2024,4,51.674482546970054,4.669967687527077,0.47237500400732335,0.0001515386221014851
1427,Sotenäs,2021,4,62.211711605797994,5.1855486681746115,0.5268883579229777,0.00031549925469461935
1427,Sotenäs,2022,4,56.16587329413396,10.973864697132413,1.114534188334487,0.001356134904142414
1427,Sotenäs,2023,4,53.55532638582717,-2.6273546668700334,-0.267047559667815,8.350040579324899e-05
1427,Sotenäs,2024,4,48.85438619962198,9.691308000729514,0.984421906182778,0.001072824055726211
1430,Munkedal,2021,4,64.75649018587622,-7.238545342657481,-0.7311535338264942,0.00028633526421675175
1430,Munkedal,2022,4,61.52746462530489,-5.089574665009934,-0.514171939566067,0.00014588640308293147
1430,Munkedal,2023,4,54.18800779078674,-2.6740104569455667,-0.2698666292469211,3.272213690796731e-05
1430,Munkedal,2024,4,55.8253774676234,-9.94938751205067,-1.0039448697049063,0.0004358697798989833
1435,Tanum,2021,4,61.84530357085601,-3.6115974389624483,-0.36525886212664227,8.837549112140782e-05
1435,Tanum,2022,4,56.911715826705375,1.875650652968794,0.18954976234357496,2.103471904093328e-05
1435,Tanum,2023,4,49.37301429437068,2.0844283795508147,0.2105971321458338,2.4872399380220374e-05
1435,Tanum,2024,4,48.591854608624324,-0.0519657806277678,-0.005246250247683955,1.329680666768005e-08
1438,Dals-Ed,2021,4,60.459757579555045,-11.258748328083222,-1.1368962547475907,0.0006542493129502304
1438,Dals-Ed,2022,4,61.548940942749844,-15.957543093287477,-1.6120010735706571,0.001417248715975674
1438,Dals-Ed,2023,4,54.67444358797273,-10.384387139861573,-1.0492811992528106,0.0006291196087040306
1438,Dals-Ed,2024,4,59.114864262180824,-13.956375334694933,-1.4097268570671122,0.001066790912667093
1439,Färgelanda,2021,4,62.46275626620197,3.8389468968150666,0.38805781802783357,9.212889341422427e-05
1439,Färgelanda,2022,4,60.52985343958673,3.9664610567277663,0.4007397023287705,8.982563410623948e-05
1439,Färgelanda,2023,4,55.23119668111683,-0.05556721266795961,-0.005611281933454024,1.6031102875315105e-08
1439,Färgelanda,2024,4,57.62550828070955,-2.4184819319015247,-0.24420918554470666,3.002681612820128e-05
1440,Ale,2021,4,68.74849557101807,-2.243580801825587,-0.2265414856888743,2.5682719583348246e-05
1440,Ale,2022,4,68.6149520608137,-2.7694251113786237,-0.279525707520009,3.594240066218397e-05
1440,Ale,2023,4,64.54743684645291,-3.707888057696209,-0.37436818517650705,6.903774902406317e-05
1440,Ale,2024,4,63.48483070918813,-4.822011455750015,-0.486916306090418,0.00011975194263003585
1441,Lerum,2021,4,64.8631952480848,-7.511643369009249,-0.759865831887554,0.00039602171209640667
1441,Lerum,2022,4,63.587334223968355,-8.184908645137043,-0.8279052797654289,0.0004644959459962174
1441,Lerum,2023,4,58.43281075551577,-7.593109112720725,-0.768649858901439,0.0004475921867000841
1441,Lerum,2024,4,58.692384378477826,-11.618709831771376,-1.1772352093886105,0.0011784475598908039
1442,Vårgårda,2021,4,63.85028217707149,10.862361501089424,1.097817437523214,0.0007152965007048247
1442,Vårgårda,2022,4,63.00466877646231,-4.233882992308416,-0.42790230087469,0.0001086669807857799
1442,Vårgårda,2023,4,55.31775143196728,-0.4889400624582336,-0.04945331084165485,1.6418912819780848e-06
1442,Vårgårda,2024,4,61.49898053536944,-1.133420169809078,-0.11467685203322962,9.274223421159325e-06
1443,Bollebygd,2021,4,65.76486982923485,-0.3714714484999604,-0.037523424631500595,7.606286385768546e-07
1443,Bollebygd,2022,4,66.18506819044579,-1.153634613201632,-0.11660803441621431,8.242297505585456e-06
1443,Bollebygd,2023,4,61.86678789975541,4.710834621563819,0.47631479807459765,0.00014471837025101169
1443,Bollebygd,2024,4,65.45666703047516,-2.2042695605710563,-0.2228794713252425,3.179259031583619e-05
1444,Grästorp,2021,4,56.455775161849985,-1.481953172321191,-0.14966356976014522,1.1603112698913902e-05
1444,Grästorp,2022,4,56.089891081988576,-14.290387008308095,-1.4424652675486105,0.0009712784618440522
1444,Grästorp,2023,4,49.289183074357624,1.4028895483279769,0.14160184343899662,9.285581991545263e-06
1444,Grästorp,2024,4,51.81138821018574,9.03469639827511,0.9119214828541239,0.00038481290057229805
1445,Essunga,2021,4,56.82922967014285,5.9998331589199765,0.6049268953816868,0.00012854466179337495
1445,Essunga,2022,4,52.2075231334958,10.412732245199322,1.0507311258600514,0.00048087196620929905
1445,Essunga,2023,4,49.69311443088928,4.40872432441482,0.4452091958567332,0.00010127298427303019
1445,Essunga,2024,4,52.799715663214116,-5.497557389832821,-0.5552118830753955,0.00016021138543860858
1446,Karlsborg,2021,4,62.45395947429889,-12.346278210838733,-1.2502657442863334,0.0012417322600716777
1446,Karlsborg,2022,4,61.11920608526906,3.07237674029421,0.3110137761634368,7.319499776736286e-05
1446,Karlsborg,2023,4,54.87120011119073,-0.06309927561503059,-0.006382543116225211,2.763071030378077e-08
1446,Karlsborg,2024,4,54.1691041536302,-8.31975202491028,-0.8409965233693076,0.0004326196788337421
1447,Gullspång,2021,4,65.5674631731122,4.54394673852822,0.4592018894560822,0.00012340971625902344
1447,Gullspång,2022,4,62.60323094869312,13.253526848765496,1.340201043431401,0.0011634199154475246
1447,Gullspång,2023,4,60.85431392830447,5.174207267241535,0.5232345818042471,0.00017823518723923958
1447,Gullspång,2024,4,59.28771149865102,3.125327658574186,0.31636621497436374,7.548768007114602e-05
1452,Tranemo,2021,4,49.542406528806865,8.261061679285618,0.833977755001566,0.00033392158214602457
1452,Tranemo,2022,4,48.7665988913882,7.347303956182991,0.7415788333913624,0.0002526161241003374
1452,Tranemo,2023,4,43.83443764404271,6.152939280976227,0.6209523363574622,0.00017230879600343426
1452,Tranemo,2024,4,44.577569489059144,7.6227852706334005,0.7688061180820204,0.00022674083516926904
1460,Bengtsfors,2021,4,58.549822233148504,-10.51071074414861,-1.0628081880924345,0.0007275235325706907
1460,Bengtsfors,2022,4,52.53854697530384,-2.0793357381347377,-0.21015912476160303,2.6396111241599305e-05
1460,Bengtsfors,2023,4,48.21334051402677,1.1410039814864703,0.11535860076632651,8.384958071317786e-06
1460,Bengtsfors,2024,4,49.55844462774081,2.8875668310516076,0.29178118154518956,4.892971236761731e-05
1461,Mellerud,2021,4,80.12828548100968,-25.423926395985944,-2.6136119016049757,0.016022560343154343
1461,Mellerud,2022,4,62.530986106666305,-4.558407028613836,-0.4598110541612794,8.420527671372741e-05
1461,Mellerud,2023,4,55.51145672494972,-2.0471904947260384,-0.20655865201116444,1.816991704080241e-05
1461,Mellerud,2024,4,56.79800044539293,-12.056506852816703,-1.216801255524623,0.00066939800297368
1462,Lilla Edet,2021,4,68.12794229564562,13.821192723997356,1.3975446391552415,0.0012567620183529533
1462,Lilla Edet,2022,4,67.88510185194485,6.761418802338483,0.6835368450102542,0.0002901726991006542
1462,Lilla Edet,2023,4,62.20413268607211,7.115151938910564,0.7193799926104247,0.0003274454674818052
1462,Lilla Edet,2024,4,64.16826151345792,2.789223599407336,0.28194689257264965,4.862722292114181e-05
1463,Mark,2021,4,51.88147709146854,-0.1784004743269847,-0.018013757460714368,1.625599226321545e-07
1463,Mark,2022,4,52.00916401407467,-2.474787156535541,-0.2498867103061245,3.123819247898855e-05
1463,Mark,2023,4,47.67515547244349,-2.8144418952054195,-0.284296818287363,4.3713297458514966e-05
1463,Mark,2024,4,50.6899400017045,-9.899156329396149,-0.9995922812997458,0.0005043658985520335
1465,Svenljunga,2021,4,55.10153660978413,19.272542918934583,1.945077024328275,0.0017101581129033289
1465,Svenljunga,2022,4,52.589306015384665,20.54309043431948,2.071329767111833,0.0015267637252543347
1465,Svenljunga,2023,4,48.42693490763796,14.032401461913118,1.4155135132287873,0.0008053174436128675
1465,Svenljunga,2024,4,50.340973982874885,10.792365553739984,1.0886372699407725,0.000472072734985005
1466,Herrljunga,2021,4,58.963151475975195,-1.179760253998559,-0.11925392917739551,8.682696265567262e-06
1466,Herrljunga,2022,4,58.48377510163252,-0.48230404983048203,-0.04873862823251463,1.380253254444503e-06
1466,Herrljunga,2023,4,54.796486478154215,-0.6708641923794048,-0.06782920991886124,2.9196412992133616e-06
1466,Herrljunga,2024,4,58.750061189160945,-2.5217785735981337,-0.2551449848651751,4.583718772826462e-05
1470,Vara,2021,4,46.19832966818436,12.210283127261754,1.2327228087950028,0.0007370216552097146
1470,Vara,2022,4,44.25329815724959,10.501388472707724,1.0604679518471787,0.0005744992972568453
1470,Vara,2023,4,40.03550476592379,8.451984341508052,0.8540288435992368,0.000417249558742811
1470,Vara,2024,4,40.89679584026847,9.451289689318806,0.954905634669522,0.0005121974477402169
1471,Götene,2021,4,49.72523395795037,6.446069668680103,0.6525112083386139,0.00032096784823096276
1471,Götene,2022,4,47.44439607680854,4.0810276520050195,0.41353843422788716,0.00014705938674707575
1471,Götene,2023,4,45.033822455025415,2.023220970606296,0.20466946886292603,2.8807196028225123e-05
1471,Götene,2024,4,47.13390811346642,2.99404612407686,0.302994418815119,6.670134756915099e-05
1472,Tibro,2021,4,64.07118900252613,-9.466100801125542,-0.9558957345546065,0.0004643551784001409
1472,Tibro,2022,4,63.87557152236033,-3.958034896340507,-0.3996018657892928,7.775106065598831e-05
1472,Tibro,2023,4,58.35122613581774,-7.168734077928576,-0.7237189926005201,0.0002525471817978041
1472,Tibro,2024,4,59.313037767508256,-5.247064932793137,-0.5296194189630488,0.00013002960570071358
1473,Töreboda,2021,4,62.24293030617038,-1.3110306645933179,-0.1322023222817837,6.392788937137174e-06
1473,Töreboda,2022,4,59.06914420226926,-6.706853760292333,-0.6763282698804327,0.0001686350956529772
1473,Töreboda,2023,4,52.02310145262062,-1.043996321890944,-0.1052852692783712,4.163643157019153e-06
1473,Töreboda,2024,4,53.23161327550706,-1.700041894328244,-0.17144408792899823,1.100112673381659e-05
1480,Göteborg,2021,4,66.91001555737742,-3.7408160523148624,-0.3805567380212659,0.00018265808247540805
1480,Göteborg,2022,4,69.02858229592177,-2.412850467846951,-0.24530441956279928,7.194669442165465e-05
1480,Göteborg,2023,4,64.93421556500432,-0.3676146149798427,-0.03743351998867683,1.9047010028169798e-06
1480,Göteborg,2024,4,65.14295408409897,-2.2489635127787793,-0.22882155827548642,6.679785692907397e-05
1481,Mölndal,2021,4,82.48217902617996,3.773772248429367,0.38362281925260355,0.0001743545229296708
1481,Mölndal,2022,4,82.70749445706478,2.2316716984929883,0.22651656360537253,5.2829682595598844e-05
1481,Mölndal,2023,4,77.6151943675538,4.898203426417908,0.49784258051009245,0.00028934072972201406
1481,Mölndal,2024,4,81.75639246630037,6.258169281109318,0.6355237712397446,0.0004362557113625954
1482,Kungälv,2021,4,66.99767290441183,7.042641155789951,0.710855081259213,0.0002340193814101004
1482,Kungälv,2022,4,65.59708182409761,1.5342461289471458,0.15489107584062947,1.1589456233624893e-05
1482,Kungälv,2023,4,62.084503767826874,-0.5197754360000175,-0.052480437399102124,1.3627033682211891e-06
1482,Kungälv,2024,4,65.17321120839182,-7.693037098320865,-0.7772306056778062,0.00033689005096573793
1484,Lysekil,2021,4,51.19838834726377,2.00503237333065,0.20302638169832787,3.2404488052154595e-05
1484,Lysekil,2022,4,47.377163801237664,2.234692232636718,0.22628566408628475,4.035311934199742e-05
1484,Lysekil,2023,4,43.629059640835955,-3.61187874027042,-0.3655968929634857,0.00010002187297273217
1484,Lysekil,2024,4,41.91578660230343,6.477109061750646,0.6565403185375436,0.0003841844079737994
1485,Uddevalla,2021,4,55.034049492788114,-5.123332080932784,-0.5174372598392741,0.00014016239970664592
1485,Uddevalla,2022,4,55.403637365699694,-8.530274005481822,-0.8620264497699459,0.00043267391814072806
1485,Uddevalla,2023,4,51.3468198140433,-6.908218709652033,-0.6986129776807724,0.0003197852636163407
1485,Uddevalla,2024,4,51.644221879068034,-5.810157679804746,-0.587107594479112,0.0001984690312276644
1486,Strömstad,2021,4,69.53608221742546,-16.662692144366787,-1.6855686039972138,0.001948209290422726
1486,Strömstad,2022,4,71.09550496227388,-15.790764555953338,-1.5957374164025973,0.0014830544107944004
1486,Strömstad,2023,4,71.11251587399411,-7.963213410355053,-0.8124537058376045,0.0010289951726315312
1486,Strömstad,2024,4,61.77513484085014,-4.365255001063758,-0.4415706199864442,0.00013321609173446848
1487,Vänersborg,2021,4,53.473784301390594,-3.21644249091527,-0.3261935621597818,0.0001003087552108509
1487,Vänersborg,2022,4,56.613038530505534,2.0778195288368906,0.21057160138957928,3.8603435167172204e-05
1487,Vänersborg,2023,4,53.40783758091357,1.4756973586045703,0.1494868723543714,1.8480603062588903e-05
1487,Vänersborg,2024,4,53.812549215273265,0.5567222814426032,0.0563662755110649,2.4602830161372056e-06
1488,Trollhättan,2021,4,58.0713796910855,-6.1729450966371076,-0.6274749239223606,0.0004641627277725766
1488,Trollhättan,2022,4,56.303781595884445,-2.890818070561366,-0.29364462174902145,9.550654982101564e-05
1488,Trollhättan,2023,4,52.90077994903345,-0.321767540657369,-0.032659475982920835,1.0975669373645722e-06
1488,Trollhättan,2024,4,54.3062782666982,1.4705466405099088,0.14910708877743548,2.054193136405749e-05
1489,Alingsås,2021,4,61.29299441765795,-7.270582643113713,-0.734523537942303,0.00029892936672249956
1489,Alingsås,2022,4,62.11887529300368,-12.402057358929419,-1.2528459118240505,0.0008577622474719752
1489,Alingsås,2023,4,55.996171623870616,-8.475997965241952,-0.8557122153835649,0.0003546660036006221
1489,Alingsås,2024,4,54.74805740970923,-4.3758838223303655,-0.44207559272937863,0.00010801900280005207
1490,Borås,2021,4,51.76842753199051,-2.5971519712539077,-0.26272633357762365,4.741169199254434e-05
1490,Borås,2022,4,51.36455897260053,0.2060644709749866,0.02086458289076704,3.397372052944199e-07
1490,Borås,2023,4,50.81172594413512,-1.9339683345288634,-0.19635236294677966,4.075770053952203e-05
1490,Borås,2024,4,48.30066659912169,1.0412095760994262,0.10561031650368152,1.069431112655608e-05
1491,Ulricehamn,2021,4,51.88628937791199,0.9693616783977532,0.09786263997964832,4.625787349804764e-06
1491,Ulricehamn,2022,4,50.909983880623344,4.0127499094037375,0.4052144017383267,8.357382648557728e-05
1491,Ulricehamn,2023,4,48.377819541566225,-2.6569282432842485,-0.26851795077926155,4.2585111809393266e-05
1491,Ulricehamn,2024,4,49.8440466417361,-7.53866341179814,-0.7613945188585807,0.00030485986349357204
1492,Åmål,2021,4,61.313988920621966,-17.313339464541436,-1.7486766221911567,0.0016174905433519271
1492,Åmål,2022,4,61.24579643209374,-15.977296104654314,-1.6128051002606287,0.0012246346671761015
1492,Åmål,2023,4,54.680314065381,-10.452428008409484,-1.0546945350124943,0.0004800148047544269
1492,Åmål,2024,4,53.66860880194682,-5.961570333947492,-0.6018567876962563,0.00017507851124517036
1493,Mariestad,2021,4,59.41960947678285,-11.690773979472652,-1.1832853300859234,0.0010402126350031037
1493,Mariestad,2022,4,60.076683840714956,-16.229784615908756,-1.6420771029876937,0.0018990318030907927
1493,Mariestad,2023,4,55.41312866049482,-16.13857191930928,-1.633302759668899,0.0019540625492577373
1493,Mariestad,2024,4,56.51973186991391,-14.376787558804608,-1.4544701139586829,0.0014712005073404901
1494,Lidköping,2021,4,49.60439536929912,-11.418532788972868,-1.1534947219099627,0.0007275431160933562
1494,Lidköping,2022,4,49.28425347246239,-13.023532212853418,-1.3153738010011944,0.0009118849745244485
1494,Lidköping,2023,4,43.170185191504984,-6.440122782466773,-0.6508467731759513,0.000249311907967588
1494,Lidköping,2024,4,45.78247396326101,-9.295151761653095,-0.9394271596064323,0.0005239389135227122
1495,Skara,2021,4,59.18342628195402,0.18022949425780865,0.01823619636312764,2.363583395251809e-07
1495,Skara,2022,4,60.674669984159756,-0.5840274888251784,-0.0590236774653783,2.0571884816521692e-06
1495,Skara,2023,4,55.17247675996838,4.6538339508711175,0.4701259607457997,0.00012075186422439619
1495,Skara,2024,4,59.42665448674781,1.9942040154171607,0.20172967208758968,2.7894885824210524e-05
1496,Skövde,2021,4,56.398602755960354,0.7257132255185255,0.07362703543349307,5.3301874108566596e-06
1496,Skövde,2022,4,54.42707481300852,3.1578058928369828,0.32210341389242514,0.00015926399128337736
1496,Skövde,2023,4,46.97587572975691,9.219266489310662,0.9464139157022622,0.0019686042529495976
1496,Skövde,2024,4,51.05534963644121,5.052935560558531,0.5143248597355989,0.000348676563202268
1497,Hjo,2021,4,58.924331045808884,-10.077802290258141,-1.0168357490620745,0.0004402804759185564
1497,Hjo,2022,4,58.85391346720661,-11.14213157820953,-1.1238301120288265,0.0004930724379921045
1497,Hjo,2023,4,53.22784377852255,-3.109027619524923,-0.3138231036600127,4.594916540912538e-05
1497,Hjo,2024,4,55.92791573189222,-2.238076159699709,-0.2258160620056244,2.165462752906552e-05
1498,Tidaholm,2021,4,57.347945547689875,-16.412273033069994,-1.6567461804713288,0.001297786889818942
1498,Tidaholm,2022,4,57.13069781122512,-16.551213427706152,-1.6711639379635816,0.0013866829490354212
1498,Tidaholm,2023,4,52.4699021088839,-12.046193097278632,-1.2166087740670988,0.000773449728732213
1498,Tidaholm,2024,4,53.512408766238366,-12.981366204738954,-1.3111032721662212,0.0009044138622135909
1499,Falköping,2021,4,49.25785277090284,-2.9699056714138123,-0.2999496094010829,4.7108601642526486e-05
1499,Falköping,2022,4,47.22324294160224,1.1948973206376294,0.12073606397358763,8.31398985995939e-06
1499,Falköping,2023,4,43.23476024902154,0.6559978365169385,0.06628433238139428,2.5079631395362567e-06
1499,Falköping,2024,4,44.27042467692999,0.7518273501382282,0.0759431493853233,3.10683678986333e-06
1715,Kil,2021,4,61.321794106435576,-12.450852949356296,-1.2560858493345648,0.0006481198458905175
1715,Kil,2022,4,59.85778983481755,-9.424442744433733,-0.9509848634872483,0.0003920221432118234
1715,Kil,2023,4,53.71093047389073,-9.772163407279223,-0.9864707428779272,0.00046152041253093887
1715,Kil,2024,4,54.6084946639395,-8.012026709375206,-0.8087875548020824,0.00031001994983646813
1730,Eda,2021,4,56.17328560237865,-0.6962538002585035,-0.07101605532108678,7.716715184303801e-06
1730,Eda,2022,4,54.902594723312596,-3.467328173810543,-0.3529111251588522,0.00016347677511768653
1730,Eda,2023,4,50.7719785318404,-1.0014172893412834,-0.10150010391894383,9.112758679608405e-06
1730,Eda,2024,4,51.651285754615756,-4.813435065124551,-0.48919646403990263,0.0002778538304855911
1737,Torsby,2021,4,33.940426241240814,6.505877803389588,0.6589028240229773,0.00034987492089740734
1737,Torsby,2022,4,30.472424904665242,10.891171624999114,1.1033389552862616,0.001014912978286584
1737,Torsby,2023,4,25.74503483822775,17.023034012215742,1.7287163657057818,0.003229541962600785
1737,Torsby,2024,4,25.008523291446227,16.330581027960182,1.655007166750326,0.002388678649793318
1760,Storfors,2021,4,58.49008388792627,7.366045797990658,0.7442073637056138,0.0003098351254028868
1760,Storfors,2022,4,58.177414985208515,6.222378935450934,0.6289333543343671,0.00023866467834356142
1760,Storfors,2023,4,47.62886852922145,2.884154359492044,0.2912701693295257,4.3866381544547885e-05
1760,Storfors,2024,4,51.3454277447608,17.29237584552432,1.7467920211306047,0.00165510266064132
1761,Hammarö,2021,4,74.84632781276557,-22.83320523596867,-2.325920704404564,0.007558483777712636
1761,Hammarö,2022,4,74.15274574548505,-22.012436589718106,-2.240938692514344,0.006700067565005004
1761,Hammarö,2023,4,71.37444137245922,-15.82544491437185,-1.609697468579357,0.0032284609984637555
1761,Hammarö,2024,4,70.98132962327594,-16.308542429302307,-1.6611485468360314,0.00383266939990285
1762,Munkfors,2021,4,65.59754963337474,-2.5540713725051774,-0.2586142705524454,5.239623930386466e-05
1762,Munkfors,2022,4,61.214321327681056,20.385246356728565,2.0646018235605377,0.0034399883777694947
1762,Munkfors,2023,4,59.931756255376385,9.024362578093232,0.9145273958273128,0.0007258377964245124
1762,Munkfors,2024,4,57.64319962400613,10.218869341511109,1.0346309809299743,0.0008294037478609841
1763,Forshaga,2021,4,59.86918386633617,2.5123429301484066,0.25329645926165795,2.233640052055228e-05
1763,Forshaga,2022,4,58.48204589200999,-3.291166638252868,-0.33177896017875946,3.701502443709679e-05
1763,Forshaga,2023,4,55.357194818911196,3.318485541636562,0.3344879442726688,3.610676492527404e-05
1763,Forshaga,2024,4,56.90573519003854,-0.7425407455940984,-0.0748437632529594,1.8009849206661841e-06
1764,Grums,2021,4,58.51794112101828,-3.408492215507337,-0.3438144338637884,4.6955492765111376e-05
1764,Grums,2022,4,57.012692729533505,2.734698813574674,0.2758160056883255,2.930368817692582e-05
1764,Grums,2023,4,52.5824768101664,5.604560840269727,0.5651565010223469,0.00011689580450651979
1764,Grums,2024,4,52.576981168064776,0.3994737408645861,0.04030675584574332,6.935536391784031e-07
1765,Årjäng,2021,4,53.12342148870465,-14.19765202581992,-1.4348499015707084,0.0012142686554032318
1765,Årjäng,2022,4,48.95808757548494,-7.098091610183346,-0.7169531611044138,0.00027435193249138407
1765,Årjäng,2023,4,44.405410915781815,-7.813881551584906,-0.7903458556995014,0.0004209072494305895
1765,Årjäng,2024,4,46.57882325382844,-6.477042083344976,-0.6542385963571727,0.00022947591149177535
1766,Sunne,2021,4,61.095355676151684,-14.071769004493127,-1.4211501898904795,0.0010507576849839815
1766,Sunne,2022,4,55.67264959144126,-6.410464466981573,-0.6470795282467666,0.00019611632399921873
1766,Sunne,2023,4,52.057351827939,-5.596181694765278,-0.5643580704128142,0.0001192101916122874
1766,Sunne,2024,4,53.9964341104297,-3.681968701624669,-0.37161496287225737,6.291511930064182e-05
1780,Karlstad,2021,4,61.35361745052255,-0.3629248461287844,-0.036691485452103934,8.437994152007559e-07
1780,Karlstad,2022,4,60.22071872601986,3.718907670845354,0.37594186114560485,8.715621566608668e-05
1780,Karlstad,2023,4,58.19780823329194,3.941588884970379,0.39868367636492485,0.00010735603669168868
1780,Karlstad,2024,4,59.69216584428118,3.5699360275837577,0.3614270524642175,0.00010052853433179315
1781,Kristinehamn,2021,4,65.1446117546987,-21.11788865415511,-2.133015442619305,0.002422354069370524
1781,Kristinehamn,2022,4,61.38944123949857,-13.86938137170661,-1.4010213450553517,0.0010652272757896396
1781,Kristinehamn,2023,4,58.211503955387485,-17.148397770729467,-1.7320631759568093,0.0015949446902405202
1781,Kristinehamn,2024,4,56.56564443506379,-10.008985064799433,-1.01137813527043,0.0005874667938187511
1782,Filipstad,2021,4,66.52066393753452,-16.919587325018902,-1.7156168162141412,0.0027270973313614434
1782,Filipstad,2022,4,67.52745359837415,-14.885669788388697,-1.5082976031826758,0.0019415495049760903
1782,Filipstad,2023,4,57.188334135418074,-13.835732979348712,-1.4028441301436743,0.0018126427289054134
1782,Filipstad,2024,4,59.61437162075346,-13.583275057742,-1.3758298688552009,0.001545286068034456
1783,Hagfors,2021,4,59.963075772779,-10.36556863177666,-1.0487256985365223,0.0007715005344434884
1783,Hagfors,2022,4,59.860244397485445,-8.691032213517893,-0.8798521589515731,0.0005917950573353972
1783,Hagfors,2023,4,57.50987348609254,-12.953701502736088,-1.31034638634536,0.0011737553998720687
1783,Hagfors,2024,4,59.13492188721059,-16.570549843069756,-1.6775188380049293,0.002146060066738717
1784,Arvika,2021,4,49.65210201006501,-10.354507827346666,-1.0445366290512963,0.0004416053461971953
1784,Arvika,2022,4,49.724385616683875,-11.786943684197034,-1.1888732569238292,0.0005524438918353454
1784,Arvika,2023,4,44.80528209094483,-11.279855722281951,-1.1378989039264815,0.000525855683961931
1784,Arvika,2024,4,45.62846966620292,-10.242710085821656,-1.033352682517396,0.0004419852962900968
1785,Säffle,2021,4,53.77976245655364,-0.9088869044621859,-0.09174663664263803,3.966321063621956e-06
1785,Säffle,2022,4,52.773913189522105,-5.470409712288145,-0.5525006254577038,0.00016035066751550253
1785,Säffle,2023,4,45.712908757355684,-7.407665935425101,-0.7479757679026149,0.00027999021840071606
1785,Säffle,2024,4,42.28653304338362,2.8842837899608966,0.29155183745988633,5.187418590073017e-05
1814,Lekeberg,2021,4,59.611314087687,14.200147030527582,1.4385037771673101,0.0017173341632018256
1814,Lekeberg,2022,4,55.19102777799249,12.077131198709196,1.2212899448618062,0.0009718699584732826
1814,Lekeberg,2023,4,55.60836346385567,-14.822864974429685,-1.498603594167622,0.0014107637590717076
1814,Lekeberg,2024,4,51.867434207617634,3.907606461682853,0.39506762031579723,9.826293109219823e-05
1860,Laxå,2021,4,62.337049492696835,-4.2933375614893805,-0.43373997252810365,0.00010414403520582901
1860,Laxå,2022,4,56.495113407989265,10.757397352412454,1.086544858150963,0.0006277184404601864
1860,Laxå,2023,4,55.42350738640077,7.701833708742036,0.7779476163301112,0.0003240089064742074
1860,Laxå,2024,4,54.212643280599664,9.58968015661221,0.968276262639303,0.00046681569379055006
1861,Hallsberg,2021,4,54.34033650153884,21.85131575827839,2.206025007285709,0.0023525562514329352
1861,Hallsberg,2022,4,58.93532969647275,16.01862978787348,1.6206251968908776,0.001835286482288058
1861,Hallsberg,2023,4,48.7215054511169,13.870904603097003,1.4007317887162722,0.0010020305402940418
1861,Hallsberg,2024,4,49.4441017994873,12.776741872969275,1.2886435335822302,0.0006407059047662221
1862,Degerfors,2021,4,54.7652149565687,-0.748013362274591,-0.0756704520490664,3.9474050087888715e-06
1862,Degerfors,2022,4,52.49959104733554,10.35455375854064,1.0485970464205996,0.0008762766035046921
1862,Degerfors,2023,4,48.149795147314364,4.644904008397937,0.47027231998566177,0.00017083888090958717
1862,Degerfors,2024,4,47.54572388031248,5.698509790737319,0.5770034695357541,0.0002606451851534714
1863,Hällefors,2021,4,74.3601248700042,-6.320995070033405,-0.640665315892564,0.0003625182712966927
1863,Hällefors,2022,4,72.24012727622916,-8.087483045459933,-0.8201694173613104,0.0006326702500659845
1863,Hällefors,2023,4,68.86775497409586,-8.667601009507713,-0.8780104361797637,0.0006366426429286825
1863,Hällefors,2024,4,67.14437537025515,-19.050719303177154,-1.9286021083291645,0.0028372341760053827
1864,Ljusnarsberg,2021,4,75.28269140089424,-14.466010254065395,-1.4746958697747192,0.0032061963327112606
1864,Ljusnarsberg,2022,4,71.93898275684434,-11.943410474355964,-1.2167802165546524,0.0020881067676208546
1864,Ljusnarsberg,2023,4,67.24561590423119,-13.694447308814802,-1.3971613602080024,0.003039244707024201
1864,Ljusnarsberg,2024,4,59.66961285579558,2.816081811176268,0.2875448460979607,0.00013577006618924634
1880,Örebro,2021,4,49.124439249265855,4.0391985041786995,0.4103012605285171,0.00018671606611767714
1880,Örebro,2022,4,52.809498024406096,4.201580257479556,0.4260422067371291,0.0001685780818334429
1880,Örebro,2023,4,50.178928212600134,5.598364254202082,0.567384671618443,0.00028211877178214604
1880,Örebro,2024,4,52.753399337103524,3.1851544283517015,0.32282057288619276,9.167528563984037e-05
1881,Kumla,2021,4,56.90067969628154,9.25719602626181,0.9352507811750084,0.0004871009681837807
1881,Kumla,2022,4,58.941659501100624,9.833641891310073,0.9944078086020368,0.0006431961102212065
1881,Kumla,2023,4,57.10183799083756,1.2566626309425075,0.12736562064354484,1.4281000979252425e-05
1881,Kumla,2024,4,51.92971402298356,9.266882247022174,0.9370486190371377,0.0005666994403338194
1882,Askersund,2021,4,50.12994797774334,8.045880009078232,0.8140808323578067,0.0004687865835888064
1882,Askersund,2022,4,43.224612847972544,5.9186419141393145,0.5975682237716297,0.0001753270776210435
1882,Askersund,2023,4,39.218098249063615,9.91938214821814,1.0020648070719274,0.0005504334423359565
1882,Askersund,2024,4,40.429143164918045,9.932449585800782,1.0030535831472904,0.0005179405735500637
1883,Karlskoga,2021,4,53.38397867553134,-5.054642670011738,-0.5143534983628273,0.0003410573792178966
1883,Karlskoga,2022,4,49.96053048903223,-6.166356501318376,-0.6279086042210221,0.000535909304521163
1883,Karlskoga,2023,4,45.31152481994566,1.6796519422234653,0.17091631370795335,3.7610779242383e-05
1883,Karlskoga,2024,4,48.742546313873675,-5.336317022952535,-0.5428031677772241,0.00036796976128828767
1884,Nora,2021,4,63.98117089953685,-3.818872606467174,-0.3851043556871746,5.4831837246669574e-05
1884,Nora,2022,4,60.583444493760226,-5.915656436569307,-0.596512901553197,0.0001293817559951787
1884,Nora,2023,4,53.84514051405712,-1.9019768742716678,-0.19195786551845903,1.668095164375052e-05
1884,Nora,2024,4,57.09344928010465,-5.772836440552062,-0.582410461094572,0.0001408907113770761
1885,Lindesberg,2021,4,48.7855646211912,0.7886059648009223,0.0795465841151294,2.513041850469674e-06
1885,Lindesberg,2022,4,46.80438759347341,4.443745540727576,0.4483192427285482,8.340305270255956e-05
1885,Lindesberg,2023,4,41.93384611132652,4.4769387074954,0.45166102426744487,8.433225979280728e-05
1885,Lindesberg,2024,4,43.30741951275772,3.8815524417818423,0.39153171658559316,6.0882694972544307e-05
1904,Skinnskatteberg,2021,4,64.9718082530686,4.119932767292866,0.41660027353083456,0.0001120509035591183
1904,Skinnskatteberg,2022,4,63.43714279468554,2.2148335796897385,0.22377839690392123,2.8218430161833277e-05
1904,Skinnskatteberg,2023,4,61.11979327340289,6.037520434048815,0.610114499970724,0.00021631869104311895
1904,Skinnskatteberg,2024,4,63.31800235541775,-2.9326640095530863,-0.2964399070734128,5.355783552164435e-05
1907,Surahammar,2021,4,61.678084043738394,7.9327685159209835,0.8010024654473835,0.00032153391587328513
1907,Surahammar,2022,4,64.10701953658806,-3.506999602370975,-0.35422126801696213,6.666950945844801e-05
1907,Surahammar,2023,4,56.06746891710263,-0.7020571997682197,-0.07090449014195596,2.627243644342497e-06
1907,Surahammar,2024,4,58.515182678664985,1.0074176260582277,0.10169646923320806,4.911776180041834e-06
1960,Kungsör,2021,4,64.6267053918341,-0.21336750632140422,-0.021563053894177384,2.7337267600178537e-07
1960,Kungsör,2022,4,61.56874707530528,8.848965775641986,0.894045000614225,0.0004485199734258905
1960,Kungsör,2023,4,57.867470601257104,0.09851343206465657,0.009956805216396638,5.927078270487012e-08
1960,Kungsör,2024,4,59.892330779336284,7.97056317051419,0.8049419889869297,0.0003347271350775368
1961,Hallstahammar,2021,4,60.67536486297148,14.469143807548747,1.4603022018848888,0.0009649885061989098
1961,Hallstahammar,2022,4,63.26518763458793,2.7990814097541232,0.28268557418750767,4.1515960804373235e-05
1961,Hallstahammar,2023,4,58.413345192421545,2.8932478182665804,0.2924022392029303,5.052890377934325e-05
1961,Hallstahammar,2024,4,60.65202919298308,-4.566038680763057,-0.4611105816040579,0.00010934469020234226
1962,Norberg,2021,4,64.43878265185985,9.064892531899332,0.9157866641200264,0.00046372489123219665
1962,Norberg,2022,4,63.00115088212704,4.708108048031129,0.4760490555057977,0.00014503630530827137
1962,Norberg,2023,4,59.907390504061176,2.2640794977514034,0.22887629537774318,3.2351214362069635e-05
1962,Norberg,2024,4,59.99662785440745,-0.7523138412012855,-0.07603658277095621,3.455195337171134e-06
1980,Västerås,2021,4,61.02243225500585,-10.728498386938163,-1.0840813641239404,0.0006748040229062053
1980,Västerås,2022,4,61.17365292063182,-8.845616262012065,-0.8941279839959615,0.00048673137886165696
1980,Västerås,2023,4,60.375964691568,-11.491446146140788,-1.163937823332978,0.0011043282846410739
1980,Västerås,2024,4,58.64745121224393,-6.852687961624511,-0.6935345685590737,0.0003529483276027897
1981,Sala,2021,4,53.70795823890848,-0.9642413939654446,-0.09718490542660589,2.987895757032432e-06
1981,Sala,2022,4,51.93337478578361,-2.5882636069837375,-0.2609523390347788,2.3746333485158758e-05
1981,Sala,2023,4,47.37930253758533,-5.502962450944629,-0.5552567423037692,0.000132167120889927
1981,Sala,2024,4,49.759645029019254,-2.042620119856707,-0.20600513471706133,1.615482109304023e-05
1982,Fagersta,2021,4,73.48181245712462,-13.942808027362624,-1.4210045612124955,0.002925073631019641
1982,Fagersta,2022,4,73.2748325654629,-8.886855652188032,-0.9059586424825454,0.0012113207163198054
1982,Fagersta,2023,4,71.0443836094516,-11.749269405851543,-1.1988704698162584,0.0022580323984097853
1982,Fagersta,2024,4,72.50641765325635,-17.73285584175084,-1.8081611077462516,0.004901336003176063
1983,Köping,2021,4,55.36249749267168,-3.8567384906435933,-0.3902381134962153,0.00010827247569632171
1983,Köping,2022,4,56.70432512911605,-6.168337380264596,-0.6236519057158905,0.00024609341911518566
1983,Köping,2023,4,52.23894478953068,-5.23763598977704,-0.5300191068477449,0.00020279480087423825
1983,Köping,2024,4,53.666854507252175,-9.203408590193604,-0.9307319418121077,0.000568669694370354
1984,Arboga,2021,4,63.69968418837513,-2.919542344403496,-0.2949150112978265,4.7087909975701296e-05
1984,Arboga,2022,4,57.49246209531496,1.4438440894468059,0.1456947871960552,9.229892448308966e-06
1984,Arboga,2023,4,57.00208180733483,0.8467969242749405,0.08549086210185973,3.546011656234222e-06
1984,Arboga,2024,4,54.54066290273522,1.2533285135737913,0.12647763932766332,7.048948278309143e-06
2021,Vansbro,2021,4,40.48549330879179,2.460197364171613,0.24971521601534485,6.428400101374567e-05
2021,Vansbro,2022,4,42.15712067825673,-2.3041795017861446,-0.23413497385952592,6.263769978293274e-05
2021,Vansbro,2023,4,32.95021106836722,1.5325475523224412,0.15578175525886825,2.8601943108684863e-05
2021,Vansbro,2024,4,40.99010585908525,0.9234012499194932,0.0938743843836364,1.0498387174629354e-05
2023,Malung-Sälen,2021,4,55.79350658213546,-9.306914294016451,-1.0252351487011282,0.010622598566963303
2023,Malung-Sälen,2022,4,25.784203223924354,23.73812081584948,2.477400874249465,0.024236697577087116
2023,Malung-Sälen,2023,4,20.48064735598018,30.981340948113385,3.2356636966348487,0.042158823345482245
2023,Malung-Sälen,2024,4,19.447331289676704,33.21504436860299,3.46928341844953,0.04859157919460872
2026,Gagnef,2021,4,57.12084140514051,-2.750245328202787,-0.2781464621298334,5.126031656791243e-05
2026,Gagnef,2022,4,58.814757016375594,-13.000869979514938,-1.3140205578010415,0.0010343830712428671
2026,Gagnef,2023,4,50.7105425666829,-9.770945251246658,-0.9879761711672921,0.0006257403360922983
2026,Gagnef,2024,4,54.2035169389509,-7.97855545975213,-0.8060523922356998,0.00036036270862653996
2029,Leksand,2021,4,57.89696058853224,3.0573236982526737,0.30880803152863795,5.085352620302572e-05
2029,Leksand,2022,4,55.11960796235464,3.21837999767763,0.3248788996517916,4.9828833114144944e-05
2029,Leksand,2023,4,50.240834797748505,1.6197897737156879,0.16351510190476454,1.2716151931577987e-05
2029,Leksand,2024,4,54.04396024892077,3.3396922267562488,0.3372225276775101,5.7017251318612995e-05
2031,Rättvik,2021,4,56.858359857951484,-4.259963028265815,-0.42993079096034387,8.333514298753257e-05
2031,Rättvik,2022,4,54.50429487299935,-4.197767646169204,-0.423899415311717,9.152761358154128e-05
2031,Rättvik,2023,4,51.43845503422766,-1.5380746683519106,-0.15530924765904847,1.2148706406564421e-05
2031,Rättvik,2024,4,52.703145672608215,-2.8759043560051936,-0.2903950902105552,4.23737459603598e-05
2034,Orsa,2021,4,57.80621081957648,1.8931242483622341,0.19168252401443756,2.864664301870367e-05
2034,Orsa,2022,4,55.88699429521584,12.471817357509863,1.2604318490292938,0.0009368843401495387
2034,Orsa,2023,4,49.310615491277105,10.330380455451326,1.046925642852254,0.0009561782093424734
2034,Orsa,2024,4,51.42226275470222,0.6869183867369912,0.06929724563572723,1.9621786519676473e-06
2039,Älvdalen,2021,4,57.773021591910926,-11.479355019914337,-1.1681816077895262,0.0017662135602571944
2039,Älvdalen,2022,4,53.255121127872755,-10.365408959163723,-1.0527226340741236,0.0012082487087778863
2039,Älvdalen,2023,4,49.05282642579985,-9.94184359999526,-1.0131842293691082,0.0014812689896533471
2039,Älvdalen,2024,4,49.60389994935106,-4.122935113547513,-0.4199187440832332,0.00024347260502631822
2061,Smedjebacken,2021,4,47.813374533745574,3.224766873004633,0.3253209487059053,4.3315102624587425e-05
2061,Smedjebacken,2022,4,47.05891042557809,6.13647503496027,0.6192510969823647,0.0001688874067096875
2061,Smedjebacken,2023,4,41.465008420433705,4.35190718480775,0.43957633439903143,0.00010337948379595648
2061,Smedjebacken,2024,4,46.13570137988634,-1.7857059996775249,-0.1802871320301944,1.5878372936334242e-05
2062,Mora,2021,4,51.14147809807001,-1.6010813878619814,-0.16193455682923388,1.7521522480093967e-05
2062,Mora,2022,4,50.81276783132222,-3.0831870972441706,-0.31199998319131983,7.023746564892508e-05
2062,Mora,2023,4,45.2583461272003,-3.42936287827159,-0.3469428559755651,8.375400198997562e-05
2062,Mora,2024,4,46.580028096220076,-0.7182948927147237,-0.07267946117249137,3.754919660507446e-06
2080,Falun,2021,4,53.49195704312318,-4.99353633352878,-0.5040007040094209,0.0001163061447088758
2080,Falun,2022,4,52.651963681491914,-9.203503351825262,-0.929302465309251,0.00043175032692372453
2080,Falun,2023,4,48.39231540046025,-4.148658547194486,-0.41905976608428414,9.45101691967828e-05
2080,Falun,2024,4,49.27874695785722,-2.986312226019706,-0.3015811895576062,4.684788550676342e-05
2081,Borlänge,2021,4,53.736434716535435,-6.0463057311946,-0.6123937465552307,0.00030443508000017926
2081,Borlänge,2022,4,54.74442929399343,-6.314056339874831,-0.638649384653702,0.00027518925274799415
2081,Borlänge,2023,4,53.471369898638635,-5.225501530995842,-0.5279179754602316,0.00015454292223811422
2081,Borlänge,2024,4,53.53184477199258,-4.120080066110226,-0.4160882754554087,8.961129333041523e-05
2082,Säter,2021,4,55.766732509743875,4.631773094241183,0.46769902547825604,0.00011013529537886056
2082,Säter,2022,4,52.727388786064765,1.4825304757576134,0.1496155531101883,9.990203033549592e-06
2082,Säter,2023,4,48.020868408540295,3.38889766812963,0.34222262971917194,5.981390323388502e-05
2082,Säter,2024,4,51.36260120919246,1.742629121378684,0.17609983550443356,1.8030460025945104e-05
2083,Hedemora,2021,4,58.29977873742886,-5.899726984291327,-0.5950239650547133,0.00013577096844349758
2083,Hedemora,2022,4,57.476720011300074,-3.98970323994736,-0.4026719321885594,7.378259773094531e-05
2083,Hedemora,2023,4,53.44840073835763,-3.790531725649906,-0.3826492748860578,6.96897631270234e-05
2083,Hedemora,2024,4,53.819218505126614,-7.421731429673436,-0.7488762779721504,0.00024139492393864356
2084,Avesta,2021,4,53.615431086516324,-10.910959985098657,-1.1042012916287374,0.0008884582869394249
2084,Avesta,2022,4,52.5931115511181,-4.36356332156987,-0.4418798559217694,0.00015495401469892462
2084,Avesta,2023,4,48.651639453578326,-10.063321429581492,-1.018532613181663,0.0007676541063582501
2084,Avesta,2024,4,46.47619182374625,-6.7295709556550705,-0.6808304075998789,0.00032329221215477333
2085,Ludvika,2021,4,50.02507921501156,-1.906424272942644,-0.19335893443243002,3.5642081940275185e-05
2085,Ludvika,2022,4,47.95952440168706,1.636347036099906,0.16604717308186187,2.7652634301981615e-05
2085,Ludvika,2023,4,45.82832475887729,5.6071725519325,0.5678880154060008,0.0002601437066466245
2085,Ludvika,2024,4,47.046383613869565,10.849538891199145,1.0985335090500128,0.0009404948315780247
2101,Ockelbo,2021,4,63.19001402436733,-10.163586061877986,-1.0410957079105299,0.0021375394765397043
2101,Ockelbo,2022,4,60.17847624388463,-5.37689575943179,-0.5497033113780004,0.0005347879451307278
2101,Ockelbo,2023,4,54.87232006423578,-7.112681300776245,-0.7271055309554126,0.0009315503351011593
2101,Ockelbo,2024,4,51.34567892059811,-3.051715666004938,-0.3117935577555997,0.00016571303962888945
2104,Hofors,2021,4,64.77102064391521,-14.029738539091653,-1.4195172798940798,0.00142399860675332
2104,Hofors,2022,4,65.21806320241768,-16.86502266187714,-1.7080928957068764,0.002357424183349771
2104,Hofors,2023,4,58.48289441951617,-16.345066384525772,-1.6543487354716224,0.0020295448985522104
2104,Hofors,2024,4,59.8641356430783,-13.64066834429584,-1.3786137585110187,0.0011284860258610025
2121,Ovanåker,2021,4,50.0180426069466,-12.019579623426836,-1.212291207652484,0.0005687359305313511
2121,Ovanåker,2022,4,47.2765254749705,-16.214746091043462,-1.635018977093918,0.0009693919245531904
2121,Ovanåker,2023,4,42.17110988897037,-7.897791016953015,-0.7969202728837266,0.0002740104246794065
2121,Ovanåker,2024,4,44.09676265589106,-13.058935303805708,-1.317145320740829,0.0006746931723958285
2132,Nordanstig,2021,4,55.378942765314434,3.903757656626496,0.3941866625552072,7.823026906867418e-05
2132,Nordanstig,2022,4,53.76234899113915,4.633350386957197,0.46785272916935233,0.00010994470077744584
2132,Nordanstig,2023,4,49.16466416691483,0.6752504542164388,0.06821471483969767,2.5529195547951816e-06
2132,Nordanstig,2024,4,52.83280429602366,-1.6559526441126238,-0.16731173521740653,1.578360309052305e-05
2161,Ljusdal,2021,4,38.69688797321416,1.9327652920485505,0.19576148361057213,3.117624726861138e-05
2161,Ljusdal,2022,4,36.915264413540825,4.531648377466581,0.45885524822480517,0.00016494989081260173
2161,Ljusdal,2023,4,33.86416828976505,-2.14553629062814,-0.21731898596874377,3.8571786674183546e-05
2161,Ljusdal,2024,4,31.95048985143884,4.0484258438715415,0.40967141991722983,0.00012089201438043629
2180,Gävle,2021,4,53.777979017328676,-9.128196206283064,-0.9232211361990299,0.0005684486190323019
2180,Gävle,2022,4,53.29856481900645,-6.744691610190394,-0.6820561560643018,0.00030344714593802266
2180,Gävle,2023,4,48.51205951570239,-4.12964634875884,-0.4180038468927506,0.0001306743621586301
2180,Gävle,2024,4,48.01755790964167,-0.32788746144350966,-0.03320008844116438,8.622270079652775e-07
2181,Sandviken,2021,4,52.92542528156012,-5.384024007674775,-0.5452632787944535,0.00023847051902292085
2181,Sandviken,2022,4,51.711967518161075,-5.3413091724656425,-0.5407441329198756,0.000223923241901336
2181,Sandviken,2023,4,45.267190138432134,-5.529176262487226,-0.5608271481241435,0.0003016067348061268
2181,Sandviken,2024,4,46.073346342957095,0.4595003723713731,0.046539580470042696,1.756188588490617e-06
2182,Söderhamn,2021,4,47.49312843217534,-6.347172289756102,-0.6407763798111732,0.0001978540584860458
2182,Söderhamn,2022,4,45.56519704885332,-7.082340132232844,-0.7157236117800087,0.00029957766642063193
2182,Söderhamn,2023,4,41.901222713931915,-10.965507853524802,-1.107702016209195,0.0006677503069100608
2182,Söderhamn,2024,4,44.7075948331682,-11.055119787334021,-1.1160248382507412,0.0005956027782280283
2183,Bollnäs,2021,4,46.833187532256346,-9.117791128114753,-0.9198479510820147,0.0003487905253453106
2183,Bollnäs,2022,4,46.37095854762356,-6.932857586085099,-0.6992822749714576,0.0001917955953894682
2183,Bollnäs,2023,4,41.89793996668746,-5.023555170745915,-0.5064897019721176,8.9859038176052e-05
2183,Bollnäs,2024,4,41.894806594321196,-5.08499064340095,-0.5126161404670692,8.855366838423978e-05
2184,Hudiksvall,2021,4,48.7890652579173,-8.385292472838877,-0.8485608593097176,0.000521245062377413
2184,Hudiksvall,2022,4,46.54280657570683,-7.777151725356582,-0.7871074217110456,0.0004555230477425574
2184,Hudiksvall,2023,4,47.483926511107015,-10.374084566625676,-1.0508704824883024,0.0009116490709160163
2184,Hudiksvall,2024,4,43.96775310421084,-8.927250013185478,-0.9034113983535607,0.0005913976277190762
2260,Ånge,2021,4,51.044532687069456,-6.205368818337732,-0.6279954991157887,0.0002877138180103076
2260,Ånge,2022,4,48.18228767373782,-4.323597965764506,-0.4370687336141112,0.00011776496068783666
2260,Ånge,2023,4,40.57898936159471,1.5771199808138974,0.1594585553497334,1.6141443427238054e-05
2260,Ånge,2024,4,45.47392273830708,-1.2457051354764772,-0.12587996592278075,9.166438771084112e-06
2262,Timrå,2021,4,64.93520727763422,-9.364153324612964,-0.9459100002824486,0.0004842459520877462
2262,Timrå,2022,4,61.8981073798637,-10.360425730657887,-1.046113494789057,0.0005464216806433292
2262,Timrå,2023,4,56.11666445986136,-9.42339193990697,-0.9520462386337554,0.0005052103990597283
2262,Timrå,2024,4,59.41689517771489,-6.394807397337061,-0.6458811571801842,0.00022032114148556973
2280,Härnösand,2021,4,65.46347920977124,-17.606450583511844,-1.7799315503993032,0.0019730741406046126
2280,Härnösand,2022,4,63.44987462295408,-14.251755727500083,-1.4406374973657543,0.0012707061881671816
2280,Härnösand,2023,4,58.61803040617775,-10.958421417778304,-1.108251029781533,0.0008103597303459486
2280,Härnösand,2024,4,58.267307210270864,-9.154519121345714,-0.9266189202034066,0.0006417844898913941
2281,Sundsvall,2021,4,52.361191155526406,-13.92403389523038,-1.410873061427163,0.001700793625754467
2281,Sundsvall,2022,4,53.92219480928499,-14.148037946934572,-1.4321633977294037,0.0015478350716877992
2281,Sundsvall,2023,4,48.456085257817506,-11.928614059486641,-1.2077866775560118,0.0011362611282838542
2281,Sundsvall,2024,4,50.999458001164136,-12.765470439577832,-1.291788079191996,0.0012039491194002735
2282,Kramfors,2021,4,34.018950606717986,19.910513431049303,2.020335390480582,0.004079304573431884
2282,Kramfors,2022,4,34.11223308706589,17.999026966553416,1.8268246143032922,0.003419026437418922
2282,Kramfors,2023,4,28.606198825308315,17.335608219102095,1.7618196902261698,0.003599646393265034
2282,Kramfors,2024,4,31.139469266331496,21.9163880317075,2.2238192515466046,0.004930198967771366
2283,Sollefteå,2021,4,35.71154448211615,9.30812172390064,0.9418692073855361,0.0006346722658611815
2283,Sollefteå,2022,4,36.44750393971898,8.069558255598963,0.8164755866877323,0.00047146530167698137
2283,Sollefteå,2023,4,30.01325210782458,9.289236689886376,0.940047999800261,0.0006407771134528616
2283,Sollefteå,2024,4,32.32807670263637,7.680620840307746,0.7771467725848187,0.00042901204660815315
2284,Örnsköldsvik,2021,4,30.051059030536557,1.8891806556143145,0.19143460807929105,3.151922014428841e-05
2284,Örnsköldsvik,2022,4,29.66580765722077,-0.4345676694604528,-0.0440357836610117,1.6684223392785009e-06
2284,Örnsköldsvik,2023,4,26.703035748410947,2.4977285185056672,0.2531252109743821,5.5755284173282606e-05
2284,Örnsköldsvik,2024,4,26.80979051641912,4.627902249123871,0.46909175172110446,0.00019578586902713603
2303,Ragunda,2021,4,51.359755173287596,8.525081678919697,0.8618642040489072,0.00046413432968019883
2303,Ragunda,2022,4,50.658716760720964,0.17236170854845767,0.01740872414897058,1.6013177564744165e-07
2303,Ragunda,2023,4,44.02880641064887,1.1513299087279592,0.11620505065886087,6.1900554681391845e-06
2303,Ragunda,2024,4,48.18571216910716,7.002783750053354,0.7074365773086512,0.0002749927232250406
2305,Bräcke,2021,4,49.23801292986703,12.138505288756448,1.229444862649425,0.001228151218190444
2305,Bräcke,2022,4,50.46202304698146,24.513634207156812,2.478859987304633,0.003988482623805155
2305,Bräcke,2023,4,46.73450055766484,9.832149712871313,0.993742863708191,0.00059062830936496
2305,Bräcke,2024,4,47.50447729031299,9.330651127251215,0.943290760588477,0.0005545947056931132
2309,Krokom,2021,4,54.36015202034939,15.728435785799647,1.5917645901081137,0.0018510287738666875
2309,Krokom,2022,4,55.785337360053646,10.593750973708907,1.0714011715768323,0.000760636286346825
2309,Krokom,2023,4,52.37528290792343,1.1675192722625312,0.11808839033909482,9.373037750051178e-06
2309,Krokom,2024,4,55.03315490362927,4.022967545350326,0.4070741820320071,0.00011849516396535184
2313,Strömsund,2021,4,44.579395135572724,-1.3474592861872097,-0.13659764000102909,1.683751771424051e-05
2313,Strömsund,2022,4,44.35568496750358,-2.063853783858761,-0.20907153944594004,3.625402340985352e-05
2313,Strömsund,2023,4,39.664705021657674,-2.9509463606300486,-0.2988304777410054,7.088065673800918e-05
2313,Strömsund,2024,4,40.669879773695314,0.516730042144296,0.052328577703820045,2.180940102570666e-06
2321,Åre,2021,4,81.20167876442243,19.849580301668354,2.0247048889122916,0.00629338614052273
2321,Åre,2022,4,70.92433033372183,13.01727550569423,1.3266313450874976,0.0025431670073933397
2321,Åre,2023,4,67.17976982072331,19.309318754372967,1.9711253376936646,0.0062755942785758445
2321,Åre,2024,4,69.01814692877602,23.552561335621675,2.400830817140519,0.00845646285613864
2326,Berg,2021,4,54.92471638507797,3.7998806716844697,0.38473587691741984,0.00011503806671954771
2326,Berg,2022,4,53.2271367648506,5.9980583299097106,0.6088447359110543,0.0003839563058309124
2326,Berg,2023,4,62.54290582561333,-3.4392643690306954,-0.35488398000086924,0.00034484704627375275
2326,Berg,2024,4,49.47318299219597,13.273018470944152,1.3491971740748343,0.002146750025111134
2361,Härjedalen,2021,4,42.29994363395291,22.165154250168115,2.2595836558312024,0.0075321553811624805
2361,Härjedalen,2022,4,41.49277263148704,25.468444845194355,2.601152038202223,0.011276023153915713
2361,Härjedalen,2023,4,39.9555568330797,17.31403409841365,1.782451946239185,0.007928573456394073
2361,Härjedalen,2024,4,31.89888400710822,29.23133712311291,2.9930737260264357,0.01729222429432691
2380,Östersund,2021,4,65.42552375790973,-11.852984736704578,-1.2011232180541733,0.001245172698085945
2380,Östersund,2022,4,62.73017307221794,-7.749797882923502,-0.785441203535835,0.0005416261851102987
2380,Östersund,2023,4,59.159131974653114,-8.019352994674385,-0.8127990321983061,0.0005831942384685487
2380,Östersund,2024,4,59.83646530066214,-9.127774800654443,-0.9255593103365426,0.0007954920677521299
2401,Nordmaling,2021,4,56.402134745427716,-4.852838970779828,-0.49000196727315815,0.0001199266478506551
2401,Nordmaling,2022,4,54.75020404027162,-6.2078887275062655,-0.6267209572538863,0.0001896425354793259
2401,Nordmaling,2023,4,50.368970629085695,1.6714104316280824,0.16880733700631198,1.4937607685966219e-05
2401,Nordmaling,2024,4,51.17406759810122,-6.518348785079034,-0.6580814566921784,0.00021028095530007795
2403,Bjurholm,2021,4,69.2294047010602,-4.511241861811769,-0.4575397938723427,0.0001989829059014364
2403,Bjurholm,2022,4,66.39207336556095,-10.742832218849308,-1.0895531102654228,0.0011275015181653938
2403,Bjurholm,2023,4,60.156915913090785,-8.19780177339743,-0.8338265937202486,0.0008646391816962376
2403,Bjurholm,2024,4,61.5992373353254,-0.5564225833118357,-0.05646001037992945,3.1822203241731135e-06
2404,Vindeln,2021,4,57.75533192602465,2.785208614515888,0.2817883815047719,5.563691658780571e-05
2404,Vindeln,2022,4,58.40875528996015,-5.3564297085647965,-0.5416904459338089,0.00019261498311593048
2404,Vindeln,2023,4,51.871492710259446,-5.909214739191874,-0.5977597026610113,0.0002446498207427023
2404,Vindeln,2024,4,53.888950291450996,-3.492051639060371,-0.35385635290402945,0.00010767497320956698
2409,Robertsfors,2021,4,59.64274556705837,-8.360694285007085,-0.8448262964880897,0.00041017183973377245
2409,Robertsfors,2022,4,61.37230277866549,-8.25793674818761,-0.8344639655716974,0.0004019482728426253
2409,Robertsfors,2023,4,53.161191916280785,-6.573654824292653,-0.6645051424305376,0.0002708792348880014
2409,Robertsfors,2024,4,55.32271667677002,-4.0521636124949865,-0.40959608204460957,0.00010203299386252131
2417,Norsjö,2021,4,51.04501102753426,-1.9389923924297534,-0.1962766925348445,2.9038569742530707e-05
2417,Norsjö,2022,4,53.54923146343694,-4.651334326370815,-0.47114675655985677,0.0001821704539746636
2417,Norsjö,2023,4,46.65763723918971,-2.569971591891033,-0.26005840415692494,4.8606477092746394e-05
2417,Norsjö,2024,4,48.5331427889203,11.698712049789378,1.1841270705835616,0.0010462942524050052
2418,Malå,2021,4,58.14006029038014,-13.9739429535311,-1.4162467983814921,0.0017593983134319502
2418,Malå,2022,4,57.740131745847776,-7.624734449441576,-0.7723018447102447,0.00048721009180340165
2418,Malå,2023,4,55.424637767486175,-13.953065861131662,-1.4131033805778899,0.0016040080735874886
2418,Malå,2024,4,52.811145042832685,-3.8577351846287655,-0.39095970531863417,0.00013334564062458318
2421,Storuman,2021,4,59.12024612260026,-10.738703422875737,-1.0935870796898353,0.001635106127389264
2421,Storuman,2022,4,51.30400748527562,1.0711447680739568,0.10892678109491478,1.4498391512777778e-05
2421,Storuman,2023,4,47.46681485560924,-3.1686472697704247,-0.3218726166937486,0.000114966818701254
2421,Storuman,2024,4,44.52157494468083,2.277779546981357,0.23142098344417386,6.0450685856081176e-05
2422,Sorsele,2021,4,59.968778886716834,-7.529754496472933,-0.7671338253665748,0.0008308963167014906
2422,Sorsele,2022,4,59.00691595982782,-12.619395434376258,-1.2831120641901985,0.00198829934716551
2422,Sorsele,2023,4,53.623481337222074,-6.702660222852572,-0.6795826787376277,0.00042406499969062855
2422,Sorsele,2024,4,51.69808722691708,-6.725664655852171,-0.682532858166126,0.00047075170680360907
2425,Dorotea,2021,4,57.4656788359399,-15.985402300762999,-1.6249132951066396,0.003114360651535071
2425,Dorotea,2022,4,50.34073312663015,-0.6101073495891214,-0.06206199918615224,4.827423110758782e-06
2425,Dorotea,2023,4,43.880648123811746,-5.4026660802033675,-0.5495472619213385,0.0003768973959017757
2425,Dorotea,2024,4,47.943030992282985,-3.4792123349159425,-0.3542405601535605,0.0001690697271302568
2460,Vännäs,2021,4,66.32117955259844,-4.470064023550499,-0.4524169637446272,0.00015105393599469641
2460,Vännäs,2022,4,65.53413176110163,-7.62941235911569,-0.7723560301637188,0.00045436499768896043
2460,Vännäs,2023,4,56.48488137406392,12.728056036246272,1.2896657337824218,0.0014180844803152004
2460,Vännäs,2024,4,60.13877468364647,-6.700316514570687,-0.6783893329787295,0.00035669076603979817
2462,Vilhelmina,2021,4,48.571660824285104,-14.801421811177931,-1.5014636381990216,0.0021844258819696174
2462,Vilhelmina,2022,4,48.681612230071586,-16.61528968979316,-1.6850912706921684,0.002687520339354872
2462,Vilhelmina,2023,4,43.64807969319744,-9.319483173957458,-0.9448100215479776,0.0008107844131815499
2462,Vilhelmina,2024,4,40.430824417153055,2.1121198756708353,0.21413095595980286,4.1734663458746143e-05
2463,Åsele,2021,4,50.36146378443956,-1.9111609700469643,-0.1947921196918716,5.52250584228857e-05
2463,Åsele,2022,4,52.38525564604895,-2.4212010090971106,-0.24704295495423514,9.559397447300594e-05
2463,Åsele,2023,4,43.665817939793754,-6.874059293730475,-0.7000609568903504,0.0006724975036889855
2463,Åsele,2024,4,45.080920014681766,10.598367290440727,1.0793216723045522,0.0015955943205030352
2480,Umeå,2021,4,65.47179365038637,-11.615598470344082,-1.1888483779352126,0.002666037771605473
2480,Umeå,2022,4,62.97629988889166,-6.675018079990842,-0.6832393471545396,0.0008845253131053866
2480,Umeå,2023,4,60.08432930474325,-4.8814981591361075,-0.49982198420437196,0.0004818328438708018
2480,Umeå,2024,4,62.1030611020813,-3.644525098088721,-0.37346394315560233,0.000280540005613586
2481,Lycksele,2021,4,47.75612455534093,-8.61718130680864,-0.8741751413582007,0.0007443823427633594
2481,Lycksele,2022,4,46.759963396025135,-4.776789337379377,-0.48436319847806697,0.00021762013740788858
2481,Lycksele,2023,4,43.57731977000769,-1.163498432089078,-0.1179530267254167,1.2606146790775122e-05
2481,Lycksele,2024,4,42.88737977592315,-5.174885965063275,-0.5246307608609097,0.000250010383043867
2482,Skellefteå,2021,4,40.92427705259199,-4.081526381547064,-0.4138812217815798,0.00015962005099972633
2482,Skellefteå,2022,4,41.18980987162182,0.825189725163213,0.08363367338805852,6.147585142095828e-06
2482,Skellefteå,2023,4,41.28352825609424,18.91871365031008,1.9185532966771557,0.003455085993491161
2482,Skellefteå,2024,4,41.503898992560345,21.874220009359043,2.219545125209784,0.0049123053640787425
2505,Arvidsjaur,2021,4,35.492312616044686,9.111301253400214,0.9240766774038095,0.0008106264625423547
2505,Arvidsjaur,2022,4,33.46671340929537,10.879547431810828,1.103442985122061,0.0011591336609727788
2505,Arvidsjaur,2023,4,26.30257019798109,23.2639274300248,2.3628028953874556,0.00610897431263324
2505,Arvidsjaur,2024,4,17.27206412500822,31.340187476239933,3.211072844093016,0.020593374401329644
2506,Arjeplog,2021,4,55.70115925728227,-9.155167384360219,-0.9311941964019281,0.0010774687062350557
2506,Arjeplog,2022,4,53.20005699655772,-17.204556434128023,-1.751812572831239,0.004154159652329994
2506,Arjeplog,2023,4,55.01385947342531,-17.83486368960009,-1.8313120891699082,0.007457848162709341
2506,Arjeplog,2024,4,47.20529221674187,-1.4184511240138917,-0.14519778864152144,4.007402601394634e-05
2510,Jokkmokk,2021,4,54.96319303297069,-4.126372949288687,-0.4225995483664027,0.0003486483607120638
2510,Jokkmokk,2022,4,50.98602934436964,0.9047269581513646,0.09261752755009015,1.636688476402103e-05
2510,Jokkmokk,2023,4,50.68411386364828,-7.748411663986687,-0.7935091954031138,0.0012260264459007502
2510,Jokkmokk,2024,4,46.69725117833268,4.781157670848344,0.4904149333727861,0.0005081390753897318
2513,Överkalix,2021,4,39.45961135853615,0.2082853204306403,0.021134474308446078,4.4553500780498776e-07
2513,Överkalix,2022,4,39.742708621307585,5.19400023945191,0.5269048109602054,0.0002702383453174435
2513,Överkalix,2023,4,34.187359453168206,16.09727052785646,1.6349889817472203,0.0029365177917453646
2513,Överkalix,2024,4,39.10304282307595,17.441786917630075,1.770446846422399,0.0032437293428045437
2514,Kalix,2021,4,53.044387869972915,-10.363007859825785,-1.046383159508631,0.000547648441056688
2514,Kalix,2022,4,51.55185344883233,-9.654720763982695,-0.9743279155793065,0.00042197862396664457
2514,Kalix,2023,4,46.35135977519829,-8.080310698205942,-0.8155109697760713,0.00030123566313487797
2514,Kalix,2024,4,48.41175339888624,-10.077662046797357,-1.017111947304743,0.0004703156572972176
2518,Övertorneå,2021,4,63.05185088231467,-11.75762148312208,-1.1985207459761693,0.0021083556194946146
2518,Övertorneå,2022,4,61.97230870230065,-15.601830430875545,-1.5921063507283195,0.004003405832752636
2518,Övertorneå,2023,4,54.50736241540274,-6.317538540647355,-0.6455179951997612,0.0007140049968719004
2518,Övertorneå,2024,4,59.07342289665192,-2.6277734019514014,-0.26856025112098875,0.00012518971973256467
2521,Pajala,2021,4,53.407195608425816,-3.683438702348468,-0.3738935351783213,0.00014475394622968766
2521,Pajala,2022,4,54.618080276945626,-9.573035231900583,-0.9724288941571545,0.0010489185043031084
2521,Pajala,2023,4,45.61478185316659,5.313509749626803,0.5401438596017487,0.0003456013545835841
2521,Pajala,2024,4,46.62905781167103,0.15257100854409344,0.015521152805079663,3.037792879969676e-07
2523,Gällivare,2021,4,34.02629584123402,1.7923757158752736,0.18332496474167412,6.104933978527199e-05
2523,Gällivare,2022,4,18.141757874417856,16.760653147396148,1.7346224571789217,0.00918663824689909
2523,Gällivare,2023,4,23.61458050924355,12.796267730802615,1.3115700811209043,0.003501432543547655
2523,Gällivare,2024,4,25.957442849262588,11.760888259656344,1.2067375296749225,0.0031263376207261388
2560,Älvsbyn,2021,4,55.13165472687436,-9.932503771698933,-1.0024543392789667,0.0004561331266688345
2560,Älvsbyn,2022,4,54.397787542196944,-7.7538740040854535,-0.7831112974363786,0.00032097983769998354
2560,Älvsbyn,2023,4,47.150930301496054,-0.510817234555283,-0.05159613214651268,1.4223908815383144e-06
2560,Älvsbyn,2024,4,47.35379274321212,1.3984583501760994,0.14134067586140017,1.191131362448998e-05
2580,Luleå,2021,4,53.17076830816741,-1.8945691374115796,-0.19193846756783453,3.0862367251916016e-05
2580,Luleå,2022,4,53.77333345336707,-3.0439406917699827,-0.3085323274669545,8.449313390420721e-05
2580,Luleå,2023,4,46.408851209187645,1.3278157935344055,0.13475399236312416,1.8415596560577453e-05
2580,Luleå,2024,4,48.318827924096965,3.4232776694745084,0.34747375004878783,0.00012460443953187403
2581,Piteå,2021,4,45.098357333569645,-8.049943941324294,-0.8158230610551594,0.0005811909484102051
2581,Piteå,2022,4,43.07811328293303,-9.392262756517852,-0.9516129181379235,0.0007667922033150742
2581,Piteå,2023,4,36.84663475897483,-3.90217981848739,-0.3955351999927752,0.00013935446650325384
2581,Piteå,2024,4,38.920029439728445,-2.6394913569428553,-0.2676475155652672,6.658130835978429e-05
2582,Boden,2021,4,51.36771621245993,-3.889023030641752,-0.39281610173310644,8.234286724184417e-05
2582,Boden,2022,4,49.218228265848055,-2.833459298363742,-0.2861124634403293,4.122771338915232e-05
2582,Boden,2023,4,44.605971181756246,3.9213880853231657,0.39611719810845913,8.501469311828021e-05
2582,Boden,2024,4,47.5621157950232,6.486156870668978,0.6557483835409698,0.00026963414357598166
2583,Haparanda,2021,4,70.02467585493993,-24.21591427111516,-2.504948815121185,0.018826710938631794
2583,Haparanda,2022,4,67.19780640178207,-27.262046230475868,-2.8121544316437923,0.021384665809729253
2583,Haparanda,2023,4,65.33486071590227,-23.81802514872345,-2.453193861542095,0.015319044533417713
2583,Haparanda,2024,4,64.78760921478647,-17.36109845093553,-1.7900895146179407,0.008522702435435741
2584,Kiruna,2021,4,47.449301388627376,-8.211881747749523,-0.8359276386161871,0.0009263787463144695
2584,Kiruna,2022,4,44.23787084657481,0.09161227343589218,0.009330374993146318,1.1992925494091205e-07
2584,Kiruna,2023,4,38.679175632081495,7.9039831072757,0.804822798669179,0.0008783644261039641
2584,Kiruna,2024,4,42.994840022933786,5.475685260219699,0.5592110705368027,0.0005192294384927594
0114,Upplands Väsby,2021,5,93.68067826920345,9.205143562666052,0.9319390264470081,0.0006677114187287734
0114,Upplands Väsby,2022,5,94.57775879807224,15.79128833765104,1.6019319867695427,0.002495653404017373
0114,Upplands Väsby,2023,5,92.88153417607339,5.821319545738632,0.5915056425816986,0.00039874746344731825
0114,Upplands Väsby,2024,5,94.02294286378192,-7.064693156888453,-0.7201900105976982,0.0007646909417703549
0115,Vallentuna,2021,5,76.95471047646555,-3.135870319950925,-0.3182104843862708,0.00010156284153438784
0115,Vallentuna,2022,5,79.3760460012405,-0.4973911563293001,-0.05039168089192969,2.132753400148972e-06
0115,Vallentuna,2023,5,75.60141428898416,-5.125875459014949,-0.5191472124407372,0.00021763765022674546
0115,Vallentuna,2024,5,75.32929060566367,-6.933265661901032,-0.7021596889964401,0.00039531246103761524
0117,Österåker,2021,5,73.09698323271346,15.16026269339676,1.5323912433984725,0.001424910550780234
0117,Österåker,2022,5,68.21958301846483,7.058206065339959,0.7132233318242427,0.00029306192294258055
0117,Österåker,2023,5,64.07278734351225,-4.355243412665281,-0.44017424244983844,0.00011527929812395344
0117,Österåker,2024,5,65.810749721247,0.7126399186188195,0.0720792271310878,3.4882541862932785e-06
0120,Värmdö,2021,5,74.47980779936778,6.611211408107565,0.6700021336818316,0.00039115455914527213
0120,Värmdö,2022,5,74.45522706669558,-1.0324920644354307,-0.10460498567555922,9.202750017469774e-06
0120,Värmdö,2023,5,69.9185819932947,-3.597849527655825,-0.3647345101941216,0.00012024234852151696
0120,Värmdö,2024,5,68.97504546700624,-4.088157936181759,-0.4147524102351849,0.00016869455976505486
0123,Järfälla,2021,5,96.36170726026971,8.411648517053848,0.8550747645169215,0.0008652335230982151
0123,Järfälla,2022,5,96.14736696952303,16.689047727411207,1.6963891947888825,0.0033857721182082986
0123,Järfälla,2023,5,101.63016335241184,-1.9776671170359634,-0.20203883222721886,6.917875198208154e-05
0123,Järfälla,2024,5,91.41414062289638,21.952919523253144,2.2251669263619616,0.004401617611018845
0125,Ekerö,2021,5,64.90547498900487,3.9356028223781294,0.4000549250854962,0.00018884192815992268
0125,Ekerö,2022,5,69.40671293677772,-14.123946738240484,-1.435897696815946,0.002461507614435146
0125,Ekerö,2023,5,62.78521268940327,-8.737725880183604,-0.8882743026819512,0.00093850770401051
0125,Ekerö,2024,5,65.0293310615947,-5.119265340390967,-0.521630032096982,0.0003883398411231444
0126,Huddinge,2021,5,80.91908746662864,33.95484957648638,3.433666115126629,0.007685670039766247
0126,Huddinge,2022,5,80.83882976857372,24.432601797135774,2.4742459690546275,0.0048729078580967795
0126,Huddinge,2023,5,77.02623510618928,20.3842283769568,2.0728889021449106,0.005245709234299367
0126,Huddinge,2024,5,78.91409641005401,22.700895191289774,2.304663148735667,0.005587185933887849
0127,Botkyrka,2021,5,94.12067373372366,4.4231479998418735,0.4528377164790901,0.00039299822488710675
0127,Botkyrka,2022,5,93.25091197290278,-4.639733880370571,-0.4752671963553743,0.0004455182370217841
0127,Botkyrka,2023,5,89.76028452651782,-3.4978357860374416,-0.3601210319960312,0.00032456083773179615
0127,Botkyrka,2024,5,91.05340362078782,-1.8922545670367157,-0.1943342304575233,8.468331064246304e-05
0128,Salem,2021,5,91.58265827032811,5.797355641102442,0.5898011737233507,0.0004406023185585122
0128,Salem,2022,5,91.69631928647975,-18.04486700432207,-1.8372281121594687,0.004541388841436171
0128,Salem,2023,5,85.1117794153518,-7.981528999902835,-0.8133334395095457,0.0009484350982791931
0128,Salem,2024,5,88.03587650693152,-7.610903638935852,-0.7737147192189296,0.0007114705035399372
0136,Haninge,2021,5,81.2659498424002,13.937796838483777,1.4154995241338317,0.0021788593265097697
0136,Haninge,2022,5,81.98203096830359,7.624144108219454,0.7738524434777575,0.0006162215698434447
0136,Haninge,2023,5,80.78843323423885,9.095377454375793,0.9248757845110563,0.0010404376162338022
0136,Haninge,2024,5,85.78460641284701,-1.6872775065583028,-0.17184464412147749,4.070995662694193e-05
0138,Tyresö,2021,5,69.31019269325066,5.065087564382537,0.5125524228313338,0.0001893494031817291
0138,Tyresö,2022,5,71.5580418569053,-2.045301579748397,-0.2068577536746736,2.8474871170946e-05
0138,Tyresö,2023,5,67.41474831372983,-6.751376137942309,-0.6831742625986451,0.0003350721281346372
0138,Tyresö,2024,5,69.5286184496248,-4.7652031707456075,-0.48190091553097747,0.00015247203633366127
0139,Upplands-Bro,2021,5,100.37752826127218,18.85546832839387,1.935242316899645,0.008153215205578435
0139,Upplands-Bro,2022,5,87.97258749490621,27.08721848883158,2.7428593801803687,0.0059285121474452925
0139,Upplands-Bro,2023,5,85.22105513811562,19.114445431939544,1.9350866853728326,0.0028628788865935335
0139,Upplands-Bro,2024,5,86.22762878165386,14.113128185609128,1.4299120038387547,0.001729365036520371
0140,Nykvarn,2021,5,68.81396480765206,9.968643888000116,1.0127487008784937,0.0011515666446053547
0140,Nykvarn,2022,5,70.82867748895433,2.302323882787789,0.23377088660070158,5.825056756606017e-05
0140,Nykvarn,2023,5,76.38113431846647,12.24528015250074,1.2509102737997544,0.002642865969774175
0140,Nykvarn,2024,5,86.93785098273247,-8.506478433712857,-0.8901980739219089,0.0033636659494591845
0160,Täby,2021,5,94.15446675631247,-0.976182664635104,-0.09965602375786291,1.6100508760493076e-05
0160,Täby,2022,5,86.0445365624128,2.287443686998273,0.23280405894369766,7.075121960225369e-05
0160,Täby,2023,5,82.56778580461325,5.380818537433711,0.5477455091106134,0.000398066595362404
0160,Täby,2024,5,88.79843133124712,-2.476657303669427,-0.2525747823454034,9.662883846975421e-05
0162,Danderyd,2021,5,87.44546950731058,9.557853359500385,1.0011405234432162,0.004354013978029783
0162,Danderyd,2022,5,86.63164563699887,-2.1155560738029777,-0.22202776190088877,0.0002246312147533019
0162,Danderyd,2023,5,78.89196255334477,4.20745445519961,0.44864184070554725,0.0012715929605608262
0162,Danderyd,2024,5,81.58178518156384,13.067405257911872,1.397741577892697,0.013032298457230734
0163,Sollentuna,2021,5,89.50080239476601,17.57167989739993,1.7777405446547243,0.0022068179982691143
0163,Sollentuna,2022,5,94.49020172856427,14.420169875774832,1.4624396243833373,0.0020202492241851184
0163,Sollentuna,2023,5,84.89127311161744,16.059371503566837,1.6276634880013066,0.0023338847626429705
0163,Sollentuna,2024,5,88.76107204208391,13.848945478270622,1.4039246961075396,0.0017784026179869703
0180,Stockholm,2021,5,66.69474404457395,7.98265718349802,0.8160905637257343,0.0011777652291374754
0180,Stockholm,2022,5,66.60442208398312,6.696564564377681,0.6832641216779601,0.0007306826252233269
0180,Stockholm,2023,5,62.593162309131834,6.490697933571745,0.6638417042401217,0.0007984675211661481
0180,Stockholm,2024,5,64.93579806363073,7.36319728980358,0.7523174031193536,0.0009663352696647462
0181,Södertälje,2021,5,84.66661749679847,-3.7350797877014514,-0.38125585047488736,0.0002337199952742541
0181,Södertälje,2022,5,85.0612891555599,-9.416433357227447,-0.9616752947479235,0.0015365952724850332
0181,Södertälje,2023,5,83.20146237691507,-13.936253001092055,-1.4303862790415804,0.004458715346221022
0181,Södertälje,2024,5,84.4505576281458,-15.779570075794737,-1.6140306965124025,0.004747141228530927
0182,Nacka,2021,5,89.86183628294353,7.113236245097568,0.7214752583991135,0.0004973870031263525
0182,Nacka,2022,5,85.6936284627382,2.1258187725247524,0.21597166456463093,5.242367910019383e-05
0182,Nacka,2023,5,85.04671076923862,-4.202839591561073,-0.42770679429329356,0.00023721542781420963
0182,Nacka,2024,5,85.49348104986386,-2.478281963236199,-0.25207901783804804,7.913835496194188e-05
0183,Sundbyberg,2021,5,104.57849774305053,51.10442362204542,5.239719716778823,0.05681332816839728
0183,Sundbyberg,2022,5,106.82617942655854,38.799860891547624,3.9706825933224805,0.02955231478903053
0183,Sundbyberg,2023,5,101.84578006842015,52.754305780771446,5.399714032818892,0.055193883031905276
0183,Sundbyberg,2024,5,108.13441985687606,27.54102528652942,2.828121485150406,0.017835113237953944
0184,Solna,2021,5,109.7361642085065,50.834945345225066,5.233819698415942,0.06860313817864783
0184,Solna,2022,5,108.75801018238431,43.295822468288605,4.451668223826052,0.04685733325554157
0184,Solna,2023,5,100.75832146185105,35.804317547349896,3.6811621444552918,0.031951655783307276
0184,Solna,2024,5,101.56446876143325,35.86573790841952,3.687032895149706,0.03188222539297163
0186,Lidingö,2021,5,84.85679313306828,-0.26728273067635655,-0.02735868126878601,1.4189431882125223e-06
0186,Lidingö,2022,5,79.81115413119164,1.6226086702619398,0.16662290405093164,6.192803831262053e-05
0186,Lidingö,2023,5,74.68305679775024,-3.414122106913382,-0.35213859812288684,0.0003339254037615753
0186,Lidingö,2024,5,75.5191867340852,4.06408630888977,0.42128579087662377,0.0005722729849219954
0187,Vaxholm,2021,5,88.28238295243622,-9.506124199518581,-0.9677515375836893,0.0012492050253736214
0187,Vaxholm,2022,5,91.78712890884917,-30.269354305941363,-3.082012353030016,0.0128290270154444
0187,Vaxholm,2023,5,81.68520835086498,-23.717873155807013,-2.4190968604288687,0.008938280036920623
0187,Vaxholm,2024,5,86.55551821243834,-21.9302433012558,-2.2360572677927926,0.0074731031035526274
0188,Norrtälje,2021,5,60.186673324488126,4.558084403809332,0.4626633174233482,0.00022105456092411956
0188,Norrtälje,2022,5,62.274404477099566,-0.4176340805270726,-0.0424161916622965,1.964996108932073e-06
0188,Norrtälje,2023,5,54.77418785231012,-4.188814581822058,-0.42481967527928827,0.00017072458485582244
0188,Norrtälje,2024,5,55.843814453050456,2.1872736298510986,0.2218398846176345,4.682086726520557e-05
0191,Sigtuna,2021,5,89.40291698665584,18.388541649192433,1.862657957063794,0.002853116617293601
0191,Sigtuna,2022,5,91.49442770906236,23.375647084676558,2.369077635264675,0.004917484371461529
0191,Sigtuna,2023,5,93.75939742552868,3.710571543992927,0.3773149969052005,0.000173183228934377
0191,Sigtuna,2024,5,92.66580902515875,0.21421068412925592,0.021760428599961325,5.272632846775166e-07
0192,Nynäshamn,2021,5,71.17403398778887,15.17958526971239,1.534694323188786,0.001483576064121634
0192,Nynäshamn,2022,5,80.01517431963572,0.13660812552620882,0.013853915281139804,1.8077732457847436e-07
0192,Nynäshamn,2023,5,69.7181156632363,3.621595992598216,0.36597677616613744,7.786037504282415e-05
0192,Nynäshamn,2024,5,70.95315360227147,5.144822132710047,0.5201328293678655,0.00016926943509963755
0305,Håbo,2021,5,58.87098558228629,18.55472154266895,1.8784978401316041,0.002712352934259883
0305,Håbo,2022,5,65.39935885937447,8.529918540142333,0.8653358734325959,0.0007305653637154015
0305,Håbo,2023,5,57.5808060654344,10.14793076750719,1.029631339200217,0.0010503535344868397
0305,Håbo,2024,5,58.68433753389388,5.739116085572448,0.5811084202529313,0.00026397473744262437
0319,Älvkarleby,2021,5,74.22012274604606,-7.013308577561588,-0.7132334461263219,0.0006242746102982454
0319,Älvkarleby,2022,5,63.54801112614918,0.1403005621625084,0.014184134170542739,1.258570969946455e-07
0319,Älvkarleby,2023,5,61.344136375768514,-8.063735205689113,-0.8150877332989009,0.0004039406262195164
0319,Älvkarleby,2024,5,60.76147632769613,-1.8209403142957967,-0.18393034923401375,1.812341308779646e-05
0330,Knivsta,2021,5,93.53768104020178,1.678788835668641,0.1708185919990761,3.739442835052339e-05
0330,Knivsta,2022,5,97.07899436378585,-13.037867855068825,-1.3299639333862898,0.0027250503560935337
0330,Knivsta,2023,5,85.95595874172653,2.872852690155284,0.2911674718113811,7.455474802890263e-05
0330,Knivsta,2024,5,86.2291752717334,2.196248217154448,0.22242596603467574,3.973752837901728e-05
0331,Heby,2021,5,64.77668742591015,8.424738848298048,0.8523482710345179,0.000508239094584293
0331,Heby,2022,5,67.13469434989861,5.606447041128362,0.5680166207770988,0.00027193168318747523
0331,Heby,2023,5,58.339665940153694,-1.3083614710746971,-0.1325487163502816,1.4702684028051282e-05
0331,Heby,2024,5,58.1880507100514,4.900133326198166,0.4965601243995622,0.0002130502276155488
0360,Tierp,2021,5,63.62092603915674,-1.0656549197711271,-0.10766842865078587,6.518159590877223e-06
0360,Tierp,2022,5,61.71637709140384,-2.57408053903535,-0.2602284270832782,4.219176778082901e-05
0360,Tierp,2023,5,56.82611778105172,-5.535597326184551,-0.5601233015054524,0.00022376982241874342
0360,Tierp,2024,5,58.56054064505216,-4.7792669528611,-0.48307227902990957,0.00014094454864635578
0380,Uppsala,2021,5,79.48609935337008,-10.966427305019096,-1.1244550908962196,0.0026247901743785646
0380,Uppsala,2022,5,84.65317991340612,-12.55439408702469,-1.2846024079981253,0.003068683804302176
0380,Uppsala,2023,5,77.74416337195657,-8.91821943544683,-0.9148220191895301,0.0017737788824516813
0380,Uppsala,2024,5,76.83418907954399,-8.34264014721704,-0.8560017946769085,0.0015728422844999337
0381,Enköping,2021,5,64.08752189817352,6.813107721317309,0.6882213104591104,0.00025651562306657817
0381,Enköping,2022,5,63.422909946559,-2.856115096199531,-0.2885490543626217,4.627576624460998e-05
0381,Enköping,2023,5,61.522077686388585,-2.506091601736884,-0.25368059402822285,4.847296345792345e-05
0381,Enköping,2024,5,57.21303237310258,-0.4123902788875995,-0.04163895063552929,8.617350212042011e-07
0382,Östhammar,2021,5,51.322749853362154,-3.16499632089927,-0.32136778212193123,0.00011020831505701628
0382,Östhammar,2022,5,51.35736225396527,-4.409635794960614,-0.4473322086290656,0.00019465017272314608
0382,Östhammar,2023,5,46.93955116162201,-4.994755924385856,-0.5065509978174043,0.0002424596265305243
0382,Östhammar,2024,5,46.196306762468424,-2.9222982702830436,-0.2964148067174348,8.439186776046472e-05
0428,Vingåker,2021,5,47.36974576737471,16.957739612742245,1.7195616145595929,0.0027530035359166235
0428,Vingåker,2022,5,51.250914846699075,7.762558040507251,0.7865661612108662,0.0005297141283726655
0428,Vingåker,2023,5,46.88614283481242,12.960288962838895,1.3125849010890447,0.0013873253351918576
0428,Vingåker,2024,5,45.041676698830074,6.386894729741357,0.6462050516092323,0.0002940744448027011
0461,Gnesta,2021,5,71.42610979461337,-3.763467564091343,-0.38208658062974615,0.00015388186884572372
0461,Gnesta,2022,5,69.30055097546337,-3.6787803933069796,-0.37351489494142776,0.00014805399460808373
0461,Gnesta,2023,5,67.13266897965461,-11.750724535210168,-1.1932570510710037,0.0015328945678763947
0461,Gnesta,2024,5,70.43453738266862,-15.974771280382008,-1.6220627161604995,0.0028100557856896207
0480,Nyköping,2021,5,56.46853561731579,-1.690890865177252,-0.17143422665495114,2.6895706890242714e-05
0480,Nyköping,2022,5,53.15531434678093,0.5666139205705392,0.05744746224726727,3.0214371014857236e-06
0480,Nyköping,2023,5,51.47880355141747,-0.5509684998710824,-0.055823934255996265,2.6413571089203543e-06
0480,Nyköping,2024,5,50.48830814098817,0.2281322813346094,0.02313599423506501,5.048496442641153e-07
0481,Oxelösund,2021,5,75.25246855337961,-8.486889918364781,-0.8636625964739358,0.0009658772762285777
0481,Oxelösund,2022,5,74.61764051032654,-8.921794076436086,-0.9063909890443937,0.0009219637452669097
0481,Oxelösund,2023,5,68.24141887640263,-4.306180151803261,-0.43741302925719827,0.00021184057246539302
0481,Oxelösund,2024,5,67.83571537010305,-9.320213749290147,-0.9459816530339006,0.0009186945644548578
0482,Flen,2021,5,66.59872203893302,11.48414140799025,1.1639516041594868,0.0011935934043722416
0482,Flen,2022,5,63.70508899645304,6.664820083133449,0.6751160694052672,0.0003752562283939312
0482,Flen,2023,5,56.80794595750308,2.740177606448924,0.27770457349086025,6.736471956418447e-05
0482,Flen,2024,5,57.551886935016896,4.02863643433605,0.40812038686047464,0.00013870200643685052
0483,Katrineholm,2021,5,58.167043795788075,-7.424896747117039,-0.7500244723439184,0.00030493724309239525
0483,Katrineholm,2022,5,57.598309752393185,-6.910527993059006,-0.6981968220554388,0.0002735129940369636
0483,Katrineholm,2023,5,53.16901362455908,-5.097693265626553,-0.5149762287163164,0.0001455159386555945
0483,Katrineholm,2024,5,50.902825254907825,0.5699158588709423,0.057544780558395806,1.6487906700045581e-06
0484,Eskilstuna,2021,5,59.46124522595742,-14.49549466597675,-1.4710309555923065,0.002186907944751171
0484,Eskilstuna,2022,5,60.25793199785564,-15.84458112033753,-1.6062320507623278,0.002328123913885578
0484,Eskilstuna,2023,5,56.01282806844006,-13.925881256365763,-1.4111567547078712,0.001715330427598619
0484,Eskilstuna,2024,5,52.15801900640654,-10.209566071320772,-1.0340666945303796,0.0008681769414772927
0486,Strängnäs,2021,5,66.12140592842164,6.211988600676946,0.6269502959513084,0.0001781033804236805
0486,Strängnäs,2022,5,65.58697161742886,-1.2927287684437516,-0.13048186144354337,7.873780475676416e-06
0486,Strängnäs,2023,5,63.846336581750094,-1.5856278940300754,-0.16014030408132707,1.3390369695221816e-05
0486,Strängnäs,2024,5,70.76343849467466,-8.748328988913208,-0.8926213138327249,0.0012481139327215791
0488,Trosa,2021,5,74.36806838849822,3.5416055097143584,0.35907648219433497,0.00011814031040916528
0488,Trosa,2022,5,73.53999624878966,-9.515606004887218,-0.9657489852705917,0.0009511275827909201
0488,Trosa,2023,5,69.10473150114287,-7.969360322103562,-0.8088716602935758,0.0006715786997500842
0488,Trosa,2024,5,72.39827230613872,-11.635895405220921,-1.1808718983947681,0.0014139185033038237
0509,Ödeshög,2021,5,55.74633709650537,6.977339678781874,0.705059049851958,0.0002869023304774475
0509,Ödeshög,2022,5,52.12666260898507,9.374183732937063,0.9488211400238629,0.0006698075117079542
0509,Ödeshög,2023,5,50.01622181214836,4.539565268738173,0.4586452404122847,0.00011782909500649665
0509,Ödeshög,2024,5,51.05286662748848,1.0762149077416154,0.10887119578573258,8.162931074137727e-06
0512,Ydre,2021,5,54.923054502167304,-6.749847465631447,-0.6841352884644736,0.0004136311250904714
0512,Ydre,2022,5,51.18600074040731,3.6605917113982827,0.37129914578282563,0.00013233132244718244
0512,Ydre,2023,5,46.36748683883252,0.6492852260561222,0.06580104574641331,3.7749456877076777e-06
0512,Ydre,2024,5,49.38388460456673,7.979601330347776,0.8080562633251877,0.0005177923732452295
0513,Kinda,2021,5,48.35081913428187,6.187397426227683,0.6255701770562088,0.0002470521129797129
0513,Kinda,2022,5,45.64289979578949,3.820747403256995,0.38621696174067477,9.121112789139691e-05
0513,Kinda,2023,5,39.835732650787804,1.597413866425967,0.1616924450462865,1.958251707541943e-05
0513,Kinda,2024,5,43.15462451607324,4.249211980863585,0.429470963703877,0.00011030919812702389
0560,Boxholm,2021,5,66.51614364493932,-1.566941903284743,-0.15835141256762014,1.466716150032803e-05
0560,Boxholm,2022,5,63.505334498861174,-3.1197397371296347,-0.3154550102245159,6.400636843452903e-05
0560,Boxholm,2023,5,56.01804116073684,-5.139895225556685,-0.5200367717195032,0.00019040090910242243
0560,Boxholm,2024,5,62.102592541501416,-8.631503181341905,-0.8727339892410467,0.0004857115970929161
0561,Åtvidaberg,2021,5,48.52836679913041,1.4629087199762054,0.14774333510140034,1.1353241326010129e-05
0561,Åtvidaberg,2022,5,49.05360504229401,1.4417886653367944,0.14560158799876222,1.0897420442417114e-05
0561,Åtvidaberg,2023,5,43.64938204652101,-1.1537450482662095,-0.11650109626763647,6.836734000091931e-06
0561,Åtvidaberg,2024,5,41.89777031200761,7.374053181495491,0.7448210705597621,0.00029564330335022173
0562,Finspång,2021,5,55.11537359882824,-1.8009234183723066,-0.181691646342716,1.371025536034358e-05
0562,Finspång,2022,5,53.5243150008509,1.3996680151743064,0.14126995120872118,9.146241486367864e-06
0562,Finspång,2023,5,46.87209041558164,1.8049631476155596,0.18242955747276285,1.9915023281922185e-05
0562,Finspång,2024,5,49.2330977731459,2.5173531356086656,0.25438256358864897,3.7461300572057904e-05
0563,Valdemarsvik,2021,5,48.760793781607994,11.421973842412896,1.155440383930525,0.0009170517711456442
0563,Valdemarsvik,2022,5,46.26877901334774,14.674864499103116,1.4840886325758897,0.0014509215964120217
0563,Valdemarsvik,2023,5,41.841124698550644,15.976140916089328,1.6158003814072779,0.001738211592480422
0563,Valdemarsvik,2024,5,43.48446205357354,24.289624325164,2.4538396616989258,0.003320594927545517
0580,Linköping,2021,5,62.85705287789277,-3.4286816756115712,-0.34860306502654803,0.00014613190621419155
0580,Linköping,2022,5,62.84109634061634,-1.7814166084461647,-0.18098946295453228,3.6949424642354945e-05
0580,Linköping,2023,5,57.27207825543566,1.2510155774476672,0.1272357214817428,2.0010472629583426e-05
0580,Linköping,2024,5,56.70823027921671,2.1068975215390893,0.21419582446248867,5.477595353396669e-05
0581,Norrköping,2021,5,54.247315494080354,-8.974641083525036,-0.9071079786821848,0.0004952713615379103
0581,Norrköping,2022,5,56.085964432293444,-10.399635876615385,-1.0520467639728774,0.0007629922615651285
0581,Norrköping,2023,5,52.22795785551284,-9.710236397565566,-0.9860514432201744,0.001046843971344365
0581,Norrköping,2024,5,54.511271794252885,-12.333040314048716,-1.2513205971316337,0.0015492097545740896
0582,Söderköping,2021,5,53.76300505058417,5.87033509798804,0.5929204149345755,0.00018635515405532248
0582,Söderköping,2022,5,52.43275106244958,10.867774756614729,1.098317560481911,0.0007107282148526879
0582,Söderköping,2023,5,47.52545029867554,8.639209686526591,0.8729908796819004,0.0004398596658032859
0582,Söderköping,2024,5,50.80095062347908,3.9018690397841524,0.3940202408336054,7.913077598289802e-05
0583,Motala,2021,5,47.110430555888584,-7.452968450287997,-0.753229020261826,0.00033565633645587384
0583,Motala,2022,5,44.15184235018478,-3.560001881834978,-0.36008061870583097,8.734246788870066e-05
0583,Motala,2023,5,41.661773959843416,-3.4711409558185338,-0.35069710896366807,6.88140579710196e-05
0583,Motala,2024,5,41.90162682492628,-6.227566372104768,-0.6294311186132467,0.00023735069303556822
0584,Vadstena,2021,5,63.7948210210059,11.922500976868704,1.2076053374381617,0.0011896192722518273
0584,Vadstena,2022,5,62.37038254005918,2.7278663571470787,0.27645200978974926,6.662129915555005e-05
0584,Vadstena,2023,5,55.403138222237146,1.497588170014673,0.15171340600705466,1.9174239915713567e-05
0584,Vadstena,2024,5,55.18397031138014,10.9041471786065,1.1052599329676798,0.0010866555860340264
0586,Mjölby,2021,5,53.46121714895547,0.9446691575994137,0.09531444603695928,3.855906712959654e-06
0586,Mjölby,2022,5,52.17985022858267,1.4887950596053088,0.15041127593808565,1.2582084134189713e-05
0586,Mjölby,2023,5,50.068874513986785,-2.2315284893507297,-0.2251639327937404,2.1723073015770122e-05
0586,Mjölby,2024,5,52.859915830191966,-3.72243543291021,-0.3756931520048809,6.407420436608023e-05
0604,Aneby,2021,5,57.9492043076108,6.473314554838424,0.6540644962002771,0.00024274109623860648
0604,Aneby,2022,5,59.73364486452278,-4.927079800044467,-0.49788056547287113,0.0001430622884224154
0604,Aneby,2023,5,50.535221200257254,-0.7687296649391016,-0.07765852210477205,3.311939876658294e-06
0604,Aneby,2024,5,54.441223986983616,-8.979991090117352,-0.9073283632270006,0.0004661100712029654
0617,Gnosjö,2021,5,52.389232161024864,-5.57627500324012,-0.5656878288152127,0.00031166863429466304
0617,Gnosjö,2022,5,52.15828912959846,-6.809698326462197,-0.6910669536511765,0.0004830348319722027
0617,Gnosjö,2023,5,48.1566516209034,-1.7582090511435098,-0.17869016718217062,3.708711609533346e-05
0617,Gnosjö,2024,5,48.17524851524567,-5.1350557652730515,-0.5213287806443153,0.00028602357138013455
0642,Mullsjö,2021,5,63.6022881235663,-2.3640647049929484,-0.23861351114788187,2.6237965145067426e-05
0642,Mullsjö,2022,5,61.20811780344819,5.573613476424356,0.5627478856602309,0.00015634351780992946
0642,Mullsjö,2023,5,56.483011470323646,1.0595515493411298,0.10704851693040866,6.408053124460412e-06
0642,Mullsjö,2024,5,59.391374711424895,-6.191480057750944,-0.6255506390833773,0.00021968053856048772
0643,Habo,2021,5,64.88776287014323,-7.588777702305606,-0.7694250415038512,0.0005435164068872756
0643,Habo,2022,5,66.95677645183002,-2.5905363543285063,-0.262827947953143,6.80773982307308e-05
0643,Habo,2023,5,63.639604617305224,-17.763898402615958,-1.8029947188800985,0.0033367857665067228
0643,Habo,2024,5,61.67219388493312,-12.995023849261301,-1.3181518361642552,0.0016742084439818172
0662,Gislaved,2021,5,41.15358840282313,0.902170157198519,0.09145303287314126,7.512164964633415e-06
0662,Gislaved,2022,5,40.39805471164,2.884059192230289,0.2923882492950535,7.771085279218307e-05
0662,Gislaved,2023,5,37.41427232892602,2.5319605241793823,0.25674645235591476,6.133848270532576e-05
0662,Gislaved,2024,5,38.262507925880755,2.7590569068535586,0.27971362213896156,7.106845502288118e-05
0665,Vaggeryd,2021,5,56.51642758627164,2.075732999649965,0.20993609477419783,2.934074420433684e-05
0665,Vaggeryd,2022,5,50.64268150957301,1.733782742480308,0.17516435718976978,1.7104009916813343e-05
0665,Vaggeryd,2023,5,48.26403012149416,-4.310212013331309,-0.4355902464548967,0.0001114461463223083
0665,Vaggeryd,2024,5,48.669902270743236,-1.3849107024464402,-0.13990401792248022,1.0716723530169023e-05
0680,Jönköping,2021,5,56.85025290071739,-4.18238364407123,-0.4229003923025758,0.00011483149093712518
0680,Jönköping,2022,5,55.189271611284,-1.6313791956659358,-0.1650187272805436,1.8526927624155e-05
0680,Jönköping,2023,5,54.64865189393612,-4.498475034171889,-0.4559953773832038,0.00018605439257448275
0680,Jönköping,2024,5,52.880203967185935,0.027268908591217667,0.002761753936234538,6.149810187386544e-09
0682,Nässjö,2021,5,52.686730523010255,5.459389922524956,0.5511144208401234,0.00014434219602995778
0682,Nässjö,2022,5,49.144854542887366,8.80029947664682,0.8879178136825029,0.0003339494126849423
0682,Nässjö,2023,5,45.663323266447705,5.840721222935514,0.5893171096206042,0.0001476920393578047
0682,Nässjö,2024,5,46.70005973244002,4.998423820920543,0.5043835132920302,0.000110860881108208
0683,Värnamo,2021,5,46.00836566797793,-4.290007859490004,-0.4333432635121001,0.00010131123337698304
0683,Värnamo,2022,5,44.90807642654771,-5.042977844742104,-0.5092211820481165,0.00013057164102961172
0683,Värnamo,2023,5,42.112030438725185,-0.35023164678275265,-0.03537639682450522,6.705939834072598e-07
0683,Värnamo,2024,5,44.427598428423714,-5.402643301332056,-0.5456849768103595,0.00015799748928843613
0684,Sävsjö,2021,5,59.56245048516311,-6.69713320785506,-0.6767252151713425,0.00026300482289398847
0684,Sävsjö,2022,5,55.66405855737808,-3.077192530702348,-0.31099808717943583,5.734023800751895e-05
0684,Sävsjö,2023,5,50.18851902082941,-5.107956799369006,-0.516296656591554,0.00016107771402240205
0684,Sävsjö,2024,5,52.009926584931975,-4.098484917544617,-0.41482550104595256,0.0001276768445770499
0685,Vetlanda,2021,5,37.649057742342436,4.456586513839454,0.4514359772221246,0.00016797069350445992
0685,Vetlanda,2022,5,37.0187175540843,6.85075810811351,0.6943394381008212,0.0004243863905559781
0685,Vetlanda,2023,5,32.58467291707465,6.07268398160889,0.6149759586738274,0.0003014168374172988
0685,Vetlanda,2024,5,34.54061523439615,6.799111589201644,0.6880117962628024,0.00034033428526989627
0686,Eksjö,2021,5,59.55600143259248,-2.2497325080662947,-0.2276929947198578,3.818381772833579e-05
0686,Eksjö,2022,5,56.094926101291605,0.7983430217904868,0.0806982350881649,3.969188026778011e-06
0686,Eksjö,2023,5,51.7568985967436,-1.6160535263210676,-0.16333917116019106,1.6013204048226877e-05
0686,Eksjö,2024,5,54.06494975743703,2.1962912497572162,0.22201244485277885,3.0189981984786937e-05
0687,Tranås,2021,5,52.04209986024803,-0.8605803095433586,-0.08711594694421075,5.744667400402378e-06
0687,Tranås,2022,5,51.81357298577073,-2.994172858138313,-0.3031931046356393,7.25111606223359e-05
0687,Tranås,2023,5,45.36889890024488,2.1384324780542414,0.21630475741390548,3.174737930755668e-05
0687,Tranås,2024,5,47.91334603324832,-2.5467582026742477,-0.2579185902214856,5.328912694604782e-05
0760,Uppvidinge,2021,5,53.37304706520354,4.834170629790641,0.48802405362756335,0.00011438123671454738
0760,Uppvidinge,2022,5,50.66099068436302,12.409724966518269,1.253512633931843,0.0008450098659945527
0760,Uppvidinge,2023,5,45.44776792083935,9.609988745467469,0.9710600758652717,0.0005414965113627792
0760,Uppvidinge,2024,5,47.25755230591186,1.6332985935473658,0.1650826207244056,1.636424099867076e-05
0761,Lessebo,2021,5,70.9100453687678,-1.9807241651288905,-0.20120938219100581,4.506062757161094e-05
0761,Lessebo,2022,5,65.350577089548,7.955256734847993,0.8060369461296899,0.0005517528560942432
0761,Lessebo,2023,5,60.7844828484183,5.027073133360652,0.5088089424148773,0.00019192813543196632
0761,Lessebo,2024,5,58.06570671796952,7.68408215885519,0.7767688380943523,0.0003713106631697393
0763,Tingsryd,2021,5,48.006690549731516,12.712523672202082,1.2852189347088703,0.0010340394546705647
0763,Tingsryd,2022,5,47.218936821275875,13.52758672105152,1.3681825180680238,0.0012497236545265704
0763,Tingsryd,2023,5,42.08404088152592,11.474165617857047,1.1604938976393537,0.0008984905961208406
0763,Tingsryd,2024,5,45.67527548123219,9.898851211062642,1.001388765000108,0.0006915180402759573
0764,Alvesta,2021,5,50.53755014075077,5.7546566912105845,0.5820795994948967,0.00022930215568380815
0764,Alvesta,2022,5,50.936716975204575,1.341507835971811,0.1357095349081786,1.2697131796445437e-05
0764,Alvesta,2023,5,43.08346732843282,11.257850036836643,1.14006694868325,0.0010351073666301507
0764,Alvesta,2024,5,46.329583784602754,2.838343598150651,0.28724599089163516,6.0195791681072616e-05
0765,Älmhult,2021,5,59.59332852293036,1.9220085588488516,0.19499591264263008,3.736823143812218e-05
0765,Älmhult,2022,5,57.04784799521473,6.95834258625775,0.7062586439106708,0.0005122068953214588
0765,Älmhult,2023,5,55.39512657920501,-5.317053860043735,-0.5396301668297309,0.0002967820392980816
0765,Älmhult,2024,5,52.80036307169357,-4.7065546538609055,-0.4779768751822932,0.00024780592223619006
0767,Markaryd,2021,5,56.27554859291013,22.697319624144143,2.2905257254441036,0.002326233844185604
0767,Markaryd,2022,5,56.75483177805839,10.036433222925282,1.0132799940383108,0.0005004516792547235
0767,Markaryd,2023,5,49.18261106345469,14.334657693988746,1.446966965761014,0.0009821751741972643
0767,Markaryd,2024,5,49.374902960929816,2.1445174455906084,0.21636032151119886,1.953197389323281e-05
0780,Växjö,2021,5,56.090597953589324,3.381249538467557,0.34307376386116184,0.0001167795853948659
0780,Växjö,2022,5,54.39517798539744,8.114473331814331,0.8235472580017142,0.0006917119440497052
0780,Växjö,2023,5,50.236618712253915,6.7150282428775725,0.6825184206831063,0.0005450605693396674
0780,Växjö,2024,5,55.46530735468789,4.727504897432439,0.48083647213860553,0.0002868221106290345
0781,Ljungby,2021,5,43.63107939952835,-3.3609707229905297,-0.34065613270198203,0.00010264991618434093
0781,Ljungby,2022,5,43.576582281938315,-0.8844501329371539,-0.08959939878515205,6.688106230391822e-06
0781,Ljungby,2023,5,40.95727938370855,-1.8461996776599392,-0.18756866055364682,3.963330790280067e-05
0781,Ljungby,2024,5,38.11590352373206,-0.704305221044649,-0.0714299099640676,4.833497556789633e-06
0821,Högsby,2021,5,60.10333231645652,8.09861631064711,0.8211021496177165,0.000617693139036267
0821,Högsby,2022,5,56.04348988813993,22.573988621888716,2.2833780921413735,0.003536565965311154
0821,Högsby,2023,5,54.7590472531259,3.5344430006438685,0.3580133974739312,0.00010517691928203968
0821,Högsby,2024,5,59.55437577402933,3.403714810447269,0.345306007059312,0.00011664361749720174
0834,Torsås,2021,5,58.61565915851471,-1.3964830021812347,-0.14118901074039142,1.2571633960465294e-05
0834,Torsås,2022,5,54.50736899865171,2.4366809871477813,0.24639129154323888,3.915583581593401e-05
0834,Torsås,2023,5,49.72243660076623,1.9770778236839277,0.2000327636763483,2.814847786227223e-05
0834,Torsås,2024,5,54.86850604394494,-0.601610282203815,-0.0608864551387777,2.7188097901709527e-06
0840,Mörbylånga,2021,5,61.89601987463961,4.38053527101615,0.4440194115555923,0.0001754695977971349
0840,Mörbylånga,2022,5,54.60672481065406,12.456146631322795,1.2606881571473239,0.0011724865415657377
0840,Mörbylånga,2023,5,53.39738948136768,8.978725483944508,0.9088541014318816,0.0006200859947466954
0840,Mörbylånga,2024,5,55.980672148285144,0.17070852232629363,0.01729278473890353,2.4758734994214705e-07
0860,Hultsfred,2021,5,50.311773439904584,8.59545479003281,0.8678488082869481,0.0003715088802146546
0860,Hultsfred,2022,5,46.70347104740226,13.805630204019813,1.3948711471472277,0.0010967496384204985
0860,Hultsfred,2023,5,38.16159039438763,8.586230681748653,0.868426570464401,0.000504695182267349
0860,Hultsfred,2024,5,44.16694465087457,1.5435797402612437,0.15591020475241954,1.2953053315684205e-05
0861,Mönsterås,2021,5,52.82220907644806,0.654936797741108,0.06618761709523624,2.5709288233478153e-06
0861,Mönsterås,2022,5,51.30211611466702,0.06877873317871774,0.00694781129339766,2.6266273339315436e-08
0861,Mönsterås,2023,5,47.40233933596133,-1.9477938814158762,-0.19668862563831577,1.9631842579139532e-05
0861,Mönsterås,2024,5,46.85870403150015,2.4182108051361624,0.24410964058568485,2.8223710483558024e-05
0862,Emmaboda,2021,5,54.06486218853749,1.8896881384000181,0.1909334770788932,2.066921497529906e-05
0862,Emmaboda,2022,5,55.253919949037495,0.8068482118697489,0.08145847350316152,3.2255614849398747e-06
0862,Emmaboda,2023,5,48.31921818307491,-7.572751751979503,-0.7645932650328325,0.00028857356979854133
0862,Emmaboda,2024,5,50.267481694807806,-2.077386202913516,-0.2097238070276964,2.1238497419566517e-05
0880,Kalmar,2021,5,61.4570677456925,2.585103631606742,0.2613570201924798,4.293446933946341e-05
0880,Kalmar,2022,5,57.17631540188078,5.196980163116862,0.5257892399302238,0.00019340023162428292
0880,Kalmar,2023,5,56.64567757482727,1.9402927725947308,0.19662489674328504,3.3471380807180804e-05
0880,Kalmar,2024,5,53.55068876475248,5.730781305670057,0.5796837156647658,0.00022854034221141839
0881,Nybro,2021,5,48.36750479816823,5.51733054002937,0.5573646841965034,0.0001702373891378143
0881,Nybro,2022,5,47.281791473847036,7.783962355636291,0.7870189293522012,0.0003933996430117789
0881,Nybro,2023,5,44.107397266669096,5.036310849488757,0.5084604636901823,0.0001256886297934774
0881,Nybro,2024,5,43.70020520622896,4.868788829157737,0.4922310381289447,0.00015183081650942291
0882,Oskarshamn,2021,5,46.5924286150907,-1.4050663814389708,-0.142563027069944,2.0164305845784664e-05
0882,Oskarshamn,2022,5,45.594212871205436,-6.930604761097399,-0.7031505754787153,0.00048671556981778603
0882,Oskarshamn,2023,5,41.588698177322854,-3.510089068176555,-0.35603651752323623,0.00012178724186070952
0882,Oskarshamn,2024,5,42.55398008797013,0.7547150797303459,0.07655949354736452,5.685827826845281e-06
0883,Västervik,2021,5,41.81552719661457,-5.349965382044672,-0.5426323944788234,0.00028139740963909745
0883,Västervik,2022,5,41.155885011593206,-3.775257453612305,-0.3825614652958177,0.00012613771678405135
0883,Västervik,2023,5,36.064114962620536,-0.3557107248206819,-0.03603342277316258,1.0746458438523216e-06
0883,Västervik,2024,5,37.0662106501132,1.2359815742125377,0.1252283630152808,1.328115758131068e-05
0884,Vimmerby,2021,5,43.18527154117942,-1.9733059486771722,-0.19954953280890048,2.595810623848132e-05
0884,Vimmerby,2022,5,41.06624955211571,3.0296558280989885,0.30787556735631105,0.00010901955296522512
0884,Vimmerby,2023,5,37.48948730400383,3.1288426875879196,0.3177071415522583,0.00010804714924968286
0884,Vimmerby,2024,5,38.13959337297268,3.2020602931739646,0.32537920102821066,0.00012122828045247414
0885,Borgholm,2021,5,61.31969005241267,0.9106908562610343,0.09216887985187752,6.245926055991385e-06
0885,Borgholm,2022,5,63.02581120372003,-1.4065793717222448,-0.1424561626625127,1.6361590097901185e-05
0885,Borgholm,2023,5,54.849031916136724,2.9291593752663303,0.2962884535326516,5.9591415745098916e-05
0885,Borgholm,2024,5,52.710796721592914,3.1676956841824477,0.3207021110647667,7.910549835630542e-05
0980,Gotland,2021,5,52.06899331455092,0.7006334128797747,0.07149853055592566,8.085671516145129e-06
0980,Gotland,2022,5,51.264912122889314,-2.5015688178364286,-0.2556710332620012,0.00011369893998115554
0980,Gotland,2023,5,47.57083791699587,-3.985001675209176,-0.40744355341462835,0.0002954760379261706
0980,Gotland,2024,5,47.02585568564417,-3.595372341103321,-0.36747104092575045,0.00023520389183241265
1060,Olofström,2021,5,62.20380458847142,-12.818296030829863,-1.29415578931195,0.0008187617279729636
1060,Olofström,2022,5,62.18116312272635,-12.481337908044388,-1.2613722878042268,0.0009355095859286404
1060,Olofström,2023,5,56.270402821888915,-6.886741540210636,-0.6961571067340441,0.0002975279941888273
1060,Olofström,2024,5,58.98338233089255,-9.137228484738706,-0.9235058974476692,0.0005100186095332313
1080,Karlskrona,2021,5,50.9828318546635,-5.471049159934232,-0.5543315844604996,0.00026083466498458426
1080,Karlskrona,2022,5,48.64518987573189,-3.430589233879516,-0.34808458893750516,0.00012038056980175134
1080,Karlskrona,2023,5,45.58299594635662,-1.5149441547275941,-0.15380294611262718,2.490305461220418e-05
1080,Karlskrona,2024,5,47.73984639263915,-4.769152134633991,-0.4835576053261979,0.00021536099803752518
1081,Ronneby,2021,5,50.11870642973503,-6.111857114666535,-0.6190694180271162,0.00031339671716422185
1081,Ronneby,2022,5,47.05544730240844,-1.0134163791680137,-0.10279221378688239,1.014138297916788e-05
1081,Ronneby,2023,5,43.99222046659652,0.8718434870921854,0.08821495718442596,5.52225242118967e-06
1081,Ronneby,2024,5,43.611327741980716,-3.911943586940879,-0.39576921181099817,0.00010916651210441335
1082,Karlshamn,2021,5,60.85706203888661,-21.603043544503194,-2.1795602391791364,0.0019886228540325797
1082,Karlshamn,2022,5,58.90539968410019,-16.224744109230556,-1.6361075277822985,0.0009839333979115667
1082,Karlshamn,2023,5,54.9617327738359,-18.582185330405473,-1.8751761531640447,0.0015465652176821652
1082,Karlshamn,2024,5,55.321780980708695,-16.58284362440496,-1.6727397423650934,0.001116379725132861
1083,Sölvesborg,2021,5,56.43155601022718,-4.379104470888528,-0.44137729968536304,6.215494031886544e-05
1083,Sölvesborg,2022,5,54.49731676226081,-6.364394528619151,-0.6412832655550185,0.00011864320703188288
1083,Sölvesborg,2023,5,50.579486630744825,-3.1975123818177877,-0.32226096348549726,3.2430620404923954e-05
1083,Sölvesborg,2024,5,51.102055133409124,-5.261550256759669,-0.5300974510888489,7.77621037667035e-05
1214,Svalöv,2021,5,67.7091276473735,13.750766884960655,1.3876714913048354,0.000853418458815524
1214,Svalöv,2022,5,65.75015412305946,15.474787118472406,1.5623426589498115,0.0011906236879340158
1214,Svalöv,2023,5,63.736005251555255,12.034071756145508,1.2156957457767088,0.0008105281091514623
1214,Svalöv,2024,5,67.02253257313664,9.165324127681615,0.9265238974941757,0.0005300849424009055
1230,Staffanstorp,2021,5,69.60403073123041,5.733214905535078,0.5799085232502745,0.00022746232078540402
1230,Staffanstorp,2022,5,69.66210121188475,8.6484522275058,0.8742733490414654,0.0004719925922028513
1230,Staffanstorp,2023,5,65.42307426244237,6.910455495954807,0.6985971070475462,0.00030264695279172
1230,Staffanstorp,2024,5,73.93532333195492,-6.506835619981871,-0.6589987936078457,0.0003499074585783733
1231,Burlöv,2021,5,106.74479457246288,17.13512240217389,1.7569377689009635,0.006402247560443394
1231,Burlöv,2022,5,99.20338242693096,11.399172648011202,1.1611208401292565,0.0018760101699930138
1231,Burlöv,2023,5,93.20715271803599,7.528586044310316,0.7682842583365216,0.0009339252962275114
1231,Burlöv,2024,5,92.66589726953765,12.801492412567711,1.3047403599972949,0.002473374619127531
1233,Vellinge,2021,5,52.49115137813615,16.183418738279528,1.6517318586683114,0.004356036143936747
1233,Vellinge,2022,5,52.59571425167116,4.5418548237102385,0.4636831768561682,0.0003493568400684073
1233,Vellinge,2023,5,48.52091149905703,1.6937262665903319,0.17311562656347165,5.229860565208549e-05
1233,Vellinge,2024,5,49.38661908881588,5.299228171602991,0.5422890425312109,0.0005500375127947144
1256,Östra Göinge,2021,5,59.72204305527832,3.0582260030176442,0.30987215333274243,8.182033738973139e-05
1256,Östra Göinge,2022,5,59.904961035559566,0.5327147550695059,0.054024247026509147,2.747641595488714e-06
1256,Östra Göinge,2023,5,51.06455894246333,11.03857412571056,1.1184373764381048,0.0010617245216497958
1256,Östra Göinge,2024,5,51.33256227111908,5.757150134089102,0.5832079151446854,0.00028209568194628525
1257,Örkelljunga,2021,5,64.84577691502591,10.685226037636255,1.0782562244639922,0.0005094646208902677
1257,Örkelljunga,2022,5,63.47617091163819,6.633824305961042,0.6698412253263272,0.0002247336854466358
1257,Örkelljunga,2023,5,56.25362356795479,6.048686409999775,0.6106681380195162,0.00018125689070544313
1257,Örkelljunga,2024,5,57.79503649473598,0.9769786847911206,0.09865284514882015,4.912269096841844e-06
1260,Bjuv,2021,5,69.37720550083783,25.560302389580045,2.5919951342498417,0.0062841969504340185
1260,Bjuv,2022,5,72.05320456577951,28.37015491622772,2.874941969191614,0.007148258807453539
1260,Bjuv,2023,5,70.7729257531315,23.979078254884527,2.4294652280590454,0.004981358726081086
1260,Bjuv,2024,5,73.78698910169874,12.856739393765764,1.30385808741206,0.0016026429897585401
1261,Kävlinge,2021,5,60.676113157706475,-3.936989444772429,-0.3975398794906789,7.947039218124689e-05
1261,Kävlinge,2022,5,62.67641643314451,-9.026893796864869,-0.9115748953571083,0.00042511981813320474
1261,Kävlinge,2023,5,54.227401984718796,-8.128111204576953,-0.8210080967243224,0.00036111913897779143
1261,Kävlinge,2024,5,55.26794401610989,-3.3542820399421345,-0.3388744091935714,6.369804943284298e-05
1262,Lomma,2021,5,79.31871086762348,-26.43292468367998,-2.6934770404248365,0.010376653278189022
1262,Lomma,2022,5,74.05908376070279,-16.698944607755905,-1.7043971318512412,0.004646874060985976
1262,Lomma,2023,5,71.534395382328,-19.437103791797284,-1.9861864026254505,0.0067859598118111515
1262,Lomma,2024,5,74.8310954659143,-14.62474304835412,-1.4948400926693233,0.0039066418539232825
1263,Svedala,2021,5,67.19364403407883,6.443424263225452,0.650870832474317,0.00022895721703415273
1263,Svedala,2022,5,68.15559017872923,-9.97111748893191,-1.0073024594074984,0.0005573535316465586
1263,Svedala,2023,5,61.446284037191646,-4.863412286019937,-0.49174765283816607,0.0001545297021537137
1263,Svedala,2024,5,64.09430116975662,-4.300399299606923,-0.4349692930973502,0.0001274641197584591
1264,Skurup,2021,5,69.46195745727441,11.054517358487814,1.117672591069648,0.0007905941873888251
1264,Skurup,2022,5,65.08133993397053,17.22097313757331,1.7404566486592152,0.001797596933894661
1264,Skurup,2023,5,59.25616272790649,9.185803940737124,0.9282101623805767,0.0004959511490875224
1264,Skurup,2024,5,61.02826793067511,9.326723589296819,0.9415619320525801,0.00042587497853960484
1265,Sjöbo,2021,5,58.38162500615012,9.731418026111257,0.9837586125085027,0.0005984152638253114
1265,Sjöbo,2022,5,55.4943481047974,6.305416564972894,0.6375501533794005,0.00025968994639054385
1265,Sjöbo,2023,5,51.296239988001595,9.515613693122035,0.9627593643701828,0.0006528353741200707
1265,Sjöbo,2024,5,54.99376485741891,4.788000669808682,0.4841797017758693,0.00015260756089980848
1266,Hörby,2021,5,62.18953622396177,8.054985846536809,0.8126977843827278,0.00027807434797033094
1266,Hörby,2022,5,62.21324498380834,8.342805404281748,0.8421042620616019,0.0003297717373181541
1266,Hörby,2023,5,54.618911835629376,8.647049024171714,0.8730578920065757,0.0003759661665703143
1266,Hörby,2024,5,57.46575341913253,3.7731618873833384,0.3810770961746367,7.60973340785213e-05
1267,Höör,2021,5,69.58833599405943,1.36837038791532,0.13910274312209817,2.2939246146347745e-05
1267,Höör,2022,5,71.59902233773435,6.680448090663631,0.6779665796804577,0.00046602210228179097
1267,Höör,2023,5,65.28173893730103,0.4986478030304653,0.05060379146794904,2.5881589875553686e-06
1267,Höör,2024,5,68.47043139276012,-0.6544706666498286,-0.06651738603106498,5.154634579610723e-06
1270,Tomelilla,2021,5,63.28336536498241,8.916167890560182,0.8998946347624386,0.0003689979635336392
1270,Tomelilla,2022,5,60.67362753052408,8.541547679438274,0.8618524245317819,0.0003182564912505874
1270,Tomelilla,2023,5,55.87668638845413,4.15259618841263,0.41896619937084884,7.369866179084655e-05
1270,Tomelilla,2024,5,55.107294847449054,16.085607858027885,1.624484041457697,0.0013647759066049423
1272,Bromölla,2021,5,60.707467655965715,-9.482171213277965,-0.9569235649425444,0.0004078946833000372
1272,Bromölla,2022,5,60.265798480322196,0.05241572058019983,0.005289377205526416,1.2290344917611824e-08
1272,Bromölla,2023,5,59.45437099347416,-7.526062464109458,-0.7592595139306348,0.00023710351916114085
1272,Bromölla,2024,5,58.32536557785169,-2.9925668609310847,-0.3019721745216806,3.9636166063547114e-05
1273,Osby,2021,5,56.92129729749834,2.013060981196361,0.20293934229699084,1.3947613767590527e-05
1273,Osby,2022,5,57.150593902214254,-0.5710501644895203,-0.05757643501514622,1.1697148484738572e-06
1273,Osby,2023,5,51.71527529647658,2.9924921382861243,0.30173413326722265,3.256626197897441e-05
1273,Osby,2024,5,52.51882733590194,-3.241002357142378,-0.3266908381091507,3.486522616026956e-05
1275,Perstorp,2021,5,87.8136913002612,12.516777966097024,1.2733337289026703,0.002043669623711146
1275,Perstorp,2022,5,87.54684188230435,-2.220316754650497,-0.22558662903275248,5.752940443590995e-05
1275,Perstorp,2023,5,77.68073440071083,9.442029493867892,0.9586398542867504,0.0009722373017977739
1275,Perstorp,2024,5,81.55306077797489,-6.639446403406822,-0.6747905126794645,0.0005296292345712755
1276,Klippan,2021,5,70.13074576066981,5.109652372378605,0.5156070040471596,0.00011582781889338083
1276,Klippan,2022,5,67.42099656379403,12.008054653670285,1.211639547472895,0.0006305269357251331
1276,Klippan,2023,5,67.47783454303848,3.051985464860863,0.30809035746152685,4.5064799884819134e-05
1276,Klippan,2024,5,66.49357411040026,1.8704317606621714,0.18873668063958055,1.5412232255667007e-05
1277,Åstorp,2021,5,65.85018369154315,30.850821949859835,3.1280518887997086,0.009012329296405582
1277,Åstorp,2022,5,66.66807068640892,23.289704235566475,2.3614657886963286,0.005150023902997775
1277,Åstorp,2023,5,64.0775879435886,25.84828397280465,2.625185824335473,0.007514929461316014
1277,Åstorp,2024,5,69.93074855239092,16.518275704402797,1.6751383724264888,0.002636423735010743
1278,Båstad,2021,5,67.121856934192,15.124241812290478,1.5338416329918547,0.0022219737413938425
1278,Båstad,2022,5,61.14313097887222,25.750195613645474,2.607614038367244,0.00539588529235087
1278,Båstad,2023,5,59.15620066684912,19.21232623108955,1.9450552909630328,0.0029041937146800753
1278,Båstad,2024,5,61.33246227645561,11.611503778704751,1.1755660104329049,0.001062971837584893
1280,Malmö,2021,5,81.41312095973316,-14.737735955084958,-1.506099901894757,0.0039205966351110845
1280,Malmö,2022,5,82.00990517700677,-15.091776702034963,-1.53612167007579,0.003105529775456664
1280,Malmö,2023,5,78.62944704204884,-12.358215201813351,-1.2582862428941384,0.0021355581724776373
1280,Malmö,2024,5,79.64214025648273,-14.056488639062508,-1.4294822481053968,0.0025043731010834487
1281,Lund,2021,5,99.03163632879767,-3.6761533492724823,-0.381988787669709,0.0005078869187135099
1281,Lund,2022,5,95.67515610442756,-5.071965675713699,-0.5275572938268177,0.0009986738931729068
1281,Lund,2023,5,91.67450283793488,8.687771508129217,0.9052798707499062,0.0030989650822376303
1281,Lund,2024,5,102.83837792835595,-6.638058755166497,-0.6980393527346459,0.002325326843447711
1282,Landskrona,2021,5,71.73475079754654,-14.149997742994827,-1.4324041232096638,0.0015545122344860045
1282,Landskrona,2022,5,71.16850671979157,-3.1317438910961357,-0.3168004067160028,6.87784307819269e-05
1282,Landskrona,2023,5,79.32006450869437,-18.175243360478646,-1.8478097018788575,0.004084036063523288
1282,Landskrona,2024,5,72.89343577124751,-10.135820941088348,-1.0249310529648334,0.0006797556662089515
1283,Helsingborg,2021,5,68.22776796720824,-7.065545848614413,-0.7150691984555444,0.00037463319683695004
1283,Helsingborg,2022,5,66.90169994149652,-4.0436108538992315,-0.4089287972588673,0.00010987034505793709
1283,Helsingborg,2023,5,66.1983557433988,-6.795556118797009,-0.6877017801212953,0.00034349972153984283
1283,Helsingborg,2024,5,65.5209964099747,-3.163591961322247,-0.32036247764504866,8.140570290344474e-05
1284,Höganäs,2021,5,63.845213898713524,5.276537523954929,0.533082428945601,0.00015803568609534484
1284,Höganäs,2022,5,63.554385570481,4.908056161718406,0.4958346352320589,0.0001356922578032593
1284,Höganäs,2023,5,56.744118767990216,-3.184724592130962,-0.3216798238281648,5.529627259965132e-05
1284,Höganäs,2024,5,64.49701451962434,-3.997542131302147,-0.4045071514538581,0.00011723945814910383
1285,Eslöv,2021,5,74.86452325254092,-4.734728207300549,-0.47752199265465434,8.721974850641506e-05
1285,Eslöv,2022,5,69.11709028527835,-0.21417682457116882,-0.021586477727914832,1.4700809913962478e-07
1285,Eslöv,2023,5,66.60424413663151,4.280011794353399,0.43172733941820285,7.415901261733648e-05
1285,Eslöv,2024,5,71.18711003551807,1.8900333125146886,0.1905744017304943,1.3022182221597585e-05
1286,Ystad,2021,5,68.58666977704121,0.9000222381679208,0.09096095679808552,4.9027247798222164e-06
1286,Ystad,2022,5,68.59843856176052,-10.075388804555494,-1.0199025750017214,0.0007851033484280179
1286,Ystad,2023,5,58.96488964197741,-1.335858900226917,-0.13528196901447304,1.459383546158014e-05
1286,Ystad,2024,5,62.12448812296076,-4.783181202135992,-0.48390529009704814,0.00016288045165634835
1287,Trelleborg,2021,5,58.684090440101656,-3.9156450246877554,-0.39583526398561014,9.683887035454216e-05
1287,Trelleborg,2022,5,63.00960634570839,-6.00945628890117,-0.6065627364561781,0.00016996423891781578
1287,Trelleborg,2023,5,57.2986212904169,-3.8002405165972277,-0.38360524147527536,6.910430461918541e-05
1287,Trelleborg,2024,5,57.064958724512,-0.09315902492030403,-0.009397316117579489,3.542945308885988e-08
1290,Kristianstad,2021,5,47.621575882376135,1.0620727366379583,0.10775434215822552,1.1439087917966166e-05
1290,Kristianstad,2022,5,46.10101191118494,2.4129035583900986,0.2448885089400382,6.116606291809645e-05
1290,Kristianstad,2023,5,41.50653018364629,3.6875548440801396,0.37455108358813105,0.00015443750895650644
1290,Kristianstad,2024,5,40.604461387091405,4.719054745301882,0.4796074657734113,0.00026721568343588174
1291,Simrishamn,2021,5,62.116701183576126,5.615690989569671,0.5685209164045074,0.0002474544296030849
1291,Simrishamn,2022,5,62.081946989532966,-3.835118846511051,-0.3881841930757489,0.00011239952206231144
1291,Simrishamn,2023,5,53.83067768080619,4.338291837177145,0.4395223070603747,0.00016231209041924272
1291,Simrishamn,2024,5,58.55951406415467,1.20755846099091,0.12238497480093383,1.3138268554437865e-05
1292,Ängelholm,2021,5,56.938285372559264,4.368523693972946,0.44076749975437096,8.22711122868918e-05
1292,Ängelholm,2022,5,59.55917188721021,1.1618907313856113,0.11732742717010468,6.979200432380363e-06
1292,Ängelholm,2023,5,51.986938301722034,8.771765393726632,0.8852611339321387,0.00035180794598730454
1292,Ängelholm,2024,5,53.70486752212099,-1.055787495519354,-0.10649057811625767,4.433250572948652e-06
1293,Hässleholm,2021,5,52.22259773712561,-1.3135763450133524,-0.13254647858740995,7.594922131823164e-06
1293,Hässleholm,2022,5,51.313870956606095,0.9116823287344715,0.09199651803708195,3.6881666808875837e-06
1293,Hässleholm,2023,5,47.891112766515334,2.395060928475189,0.24178833658125934,2.8070102471756677e-05
1293,Hässleholm,2024,5,49.91327879381316,-0.27210751546185463,-0.027480274430121555,3.9099544798257706e-07
1315,Hylte,2021,5,66.64094212802291,-6.089101088376999,-0.6168163664477397,0.00031437400864344536
1315,Hylte,2022,5,57.67842999944959,-0.43454620740066474,-0.044122147876353796,2.073547816593604e-06
1315,Hylte,2023,5,51.72587536794896,2.0657548874156433,0.20995208872500576,5.1316096027625726e-05
1315,Hylte,2024,5,52.930056083238334,-0.7527316422810983,-0.07613334485181093,3.884601029463751e-06
1380,Halmstad,2021,5,50.29961891649157,1.6736437803804733,0.169494288907854,2.2994109091850354e-05
1380,Halmstad,2022,5,49.74989506258713,3.9934001023232852,0.40554000222774583,0.00017788858021446874
1380,Halmstad,2023,5,47.59974123157147,5.559168368035323,0.5673002363444163,0.0005087955476053601
1380,Halmstad,2024,5,48.055373250093275,2.3575071088675514,0.23969280981760266,6.905878803412445e-05
1381,Laholm,2021,5,49.30338732794438,10.577307227319878,1.0687021509175638,0.0006447891394504262
1381,Laholm,2022,5,50.98211202920291,10.052695120373762,1.0169467770461318,0.0007126400380350028
1381,Laholm,2023,5,43.041912521660194,12.030551246455751,1.2160841905812387,0.0009026104042103157
1381,Laholm,2024,5,45.85640035588291,6.183456760116336,0.6249184617004113,0.00023051841479960182
1382,Falkenberg,2021,5,55.549529046707725,-4.494433158054015,-0.45399904303327276,0.00011148985703405221
1382,Falkenberg,2022,5,57.6604281985285,-13.03827025565677,-1.3179251736115096,0.0010571473040825086
1382,Falkenberg,2023,5,49.43662196065202,-8.021151127672482,-0.8101636293415464,0.0003483185811052413
1382,Falkenberg,2024,5,50.48260759513958,-8.190109126711071,-0.8272916434395864,0.0003684432447495464
1383,Varberg,2021,5,53.60249718826566,-4.7261432622552775,-0.4787669060133924,0.00019018127620886103
1383,Varberg,2022,5,52.55347482468805,-5.001852405808997,-0.5065466589904658,0.00020516634285660642
1383,Varberg,2023,5,47.38906615787412,-7.506153607563107,-0.7596781077101602,0.0004241563349581575
1383,Varberg,2024,5,46.8748369615425,-4.989792803442022,-0.5049501519927564,0.00018464737144466238
1384,Kungsbacka,2021,5,51.991476252674644,-4.078790586621494,-0.41385490786973383,0.00017019518974955252
1384,Kungsbacka,2022,5,48.78698136008886,-2.470504862145944,-0.2506701316089368,6.244161958230595e-05
1384,Kungsbacka,2023,5,42.04278458052937,0.02229194918938049,0.0022637898676042805,5.539718096436995e-09
1384,Kungsbacka,2024,5,44.38306663640859,0.854251528455265,0.0867505404253645,8.13213409360671e-06
1401,Härryda,2021,5,69.44275828040135,4.674044262797139,0.47415140334741424,0.00021851942798940314
1401,Härryda,2022,5,69.98109215609988,6.54926345981481,0.6646795029705909,0.00044971281765665046
1401,Härryda,2023,5,67.0770171684346,-4.907738171569392,-0.4986303885567794,0.0002810118840816961
1401,Härryda,2024,5,63.71599686669592,-2.6705752733154213,-0.2708680389291751,7.008605789007504e-05
1402,Partille,2021,5,80.4081322295267,2.3412416478797553,0.23711743029059676,4.5333615899852936e-05
1402,Partille,2022,5,80.15060417545291,3.9606073070322765,0.40132809879293435,0.00013818045440580517
1402,Partille,2023,5,83.0120637963688,9.008559822585283,0.9141861083015016,0.0008427406820880495
1402,Partille,2024,5,81.87840674042829,3.4357676385293274,0.3482561445923459,0.00010794973336868802
1407,Öckerö,2021,5,65.14508974802355,-18.485657101922172,-1.8711308953353354,0.0026199348256997
1407,Öckerö,2022,5,58.195785112371915,-13.508285112371915,-1.3678495281213094,0.001473951017548434
1407,Öckerö,2023,5,53.13631034582952,-6.954860934799022,-0.7035940574255958,0.00034320864793341776
1407,Öckerö,2024,5,58.119311205671664,-11.137868875392122,-1.1270525796774207,0.0009127903066535978
1415,Stenungsund,2021,5,60.95037091251579,2.992146143660726,0.30238161016812454,5.3557765771982625e-05
1415,Stenungsund,2022,5,62.00329645105185,-1.3646168672700085,-0.13788290368000916,1.081332651816888e-05
1415,Stenungsund,2023,5,56.29467202613082,-6.047022898286443,-0.6111159767288188,0.0002195777655576035
1415,Stenungsund,2024,5,53.03659114894892,-0.14800546082282295,-0.014972987995082485,1.5527285109656433e-07
1419,Tjörn,2021,5,64.62844440344008,-4.733888248462158,-0.480317887823164,0.0002289276703143641
1419,Tjörn,2022,5,66.95692502203863,-12.824820567353534,-1.300940239692314,0.0016377998979490087
1419,Tjörn,2023,5,57.567169633449566,-9.319925734031756,-0.9462640714977519,0.0009493540208444462
1419,Tjörn,2024,5,71.28725437677534,-23.375248411078097,-2.388017964087721,0.009664062895471183
1421,Orust,2021,5,61.06744515322937,-0.00520989744573086,-0.0005271192234722091,1.9561546295981023e-10
1421,Orust,2022,5,55.164777621859066,2.960425102759814,0.29948108278380636,6.179512969400379e-05
1421,Orust,2023,5,51.42476761923236,-2.901973645450326,-0.2934291421325594,5.519379704237546e-05
1421,Orust,2024,5,51.674482546970054,4.669967687527077,0.47237500400732335,0.0001515386221014851
1427,Sotenäs,2021,5,62.211711605797994,5.1855486681746115,0.5268883579229777,0.00031549925469461935
1427,Sotenäs,2022,5,56.16587329413396,10.973864697132413,1.114534188334487,0.001356134904142414
1427,Sotenäs,2023,5,53.55532638582717,-2.6273546668700334,-0.267047559667815,8.350040579324899e-05
1427,Sotenäs,2024,5,48.85438619962198,9.691308000729514,0.984421906182778,0.001072824055726211
1430,Munkedal,2021,5,64.75649018587622,-7.238545342657481,-0.7311535338264942,0.00028633526421675175
1430,Munkedal,2022,5,61.52746462530489,-5.089574665009934,-0.514171939566067,0.00014588640308293147
1430,Munkedal,2023,5,54.18800779078674,-2.6740104569455667,-0.2698666292469211,3.272213690796731e-05
1430,Munkedal,2024,5,55.8253774676234,-9.94938751205067,-1.0039448697049063,0.0004358697798989833
1435,Tanum,2021,5,61.84530357085601,-3.6115974389624483,-0.36525886212664227,8.837549112140782e-05
1435,Tanum,2022,5,56.911715826705375,1.875650652968794,0.18954976234357496,2.103471904093328e-05
1435,Tanum,2023,5,49.37301429437068,2.0844283795508147,0.2105971321458338,2.4872399380220374e-05
1435,Tanum,2024,5,48.591854608624324,-0.0519657806277678,-0.005246250247683955,1.329680666768005e-08
1438,Dals-Ed,2021,5,60.459757579555045,-11.258748328083222,-1.1368962547475907,0.0006542493129502304
1438,Dals-Ed,2022,5,61.548940942749844,-15.957543093287477,-1.6120010735706571,0.001417248715975674
1438,Dals-Ed,2023,5,54.67444358797273,-10.384387139861573,-1.0492811992528106,0.0006291196087040306
1438,Dals-Ed,2024,5,59.114864262180824,-13.956375334694933,-1.4097268570671122,0.001066790912667093
1439,Färgelanda,2021,5,62.46275626620197,3.8389468968150666,0.38805781802783357,9.212889341422427e-05
1439,Färgelanda,2022,5,60.52985343958673,3.9664610567277663,0.4007397023287705,8.982563410623948e-05
1439,Färgelanda,2023,5,55.23119668111683,-0.05556721266795961,-0.005611281933454024,1.6031102875315105e-08
1439,Färgelanda,2024,5,57.62550828070955,-2.4184819319015247,-0.24420918554470666,3.002681612820128e-05
1440,Ale,2021,5,68.74849557101807,-2.243580801825587,-0.2265414856888743,2.5682719583348246e-05
1440,Ale,2022,5,68.6149520608137,-2.7694251113786237,-0.279525707520009,3.594240066218397e-05
1440,Ale,2023,5,64.54743684645291,-3.707888057696209,-0.37436818517650705,6.903774902406317e-05
1440,Ale,2024,5,63.48483070918813,-4.822011455750015,-0.486916306090418,0.00011975194263003585
1441,Lerum,2021,5,64.8631952480848,-7.511643369009249,-0.759865831887554,0.00039602171209640667
1441,Lerum,2022,5,63.587334223968355,-8.184908645137043,-0.8279052797654289,0.0004644959459962174
1441,Lerum,2023,5,58.43281075551577,-7.593109112720725,-0.768649858901439,0.0004475921867000841
1441,Lerum,2024,5,58.692384378477826,-11.618709831771376,-1.1772352093886105,0.0011784475598908039
1442,Vårgårda,2021,5,63.85028217707149,10.862361501089424,1.097817437523214,0.0007152965007048247
1442,Vårgårda,2022,5,63.00466877646231,-4.233882992308416,-0.42790230087469,0.0001086669807857799
1442,Vårgårda,2023,5,55.31775143196728,-0.4889400624582336,-0.04945331084165485,1.6418912819780848e-06
1442,Vårgårda,2024,5,61.49898053536944,-1.133420169809078,-0.11467685203322962,9.274223421159325e-06
1443,Bollebygd,2021,5,65.76486982923485,-0.3714714484999604,-0.037523424631500595,7.606286385768546e-07
1443,Bollebygd,2022,5,66.18506819044579,-1.153634613201632,-0.11660803441621431,8.242297505585456e-06
1443,Bollebygd,2023,5,61.86678789975541,4.710834621563819,0.47631479807459765,0.00014471837025101169
1443,Bollebygd,2024,5,65.45666703047516,-2.2042695605710563,-0.2228794713252425,3.179259031583619e-05
1444,Grästorp,2021,5,56.455775161849985,-1.481953172321191,-0.14966356976014522,1.1603112698913902e-05
1444,Grästorp,2022,5,56.089891081988576,-14.290387008308095,-1.4424652675486105,0.0009712784618440522
1444,Grästorp,2023,5,49.289183074357624,1.4028895483279769,0.14160184343899662,9.285581991545263e-06
1444,Grästorp,2024,5,51.81138821018574,9.03469639827511,0.9119214828541239,0.00038481290057229805
1445,Essunga,2021,5,56.82922967014285,5.9998331589199765,0.6049268953816868,0.00012854466179337495
1445,Essunga,2022,5,52.2075231334958,10.412732245199322,1.0507311258600514,0.00048087196620929905
1445,Essunga,2023,5,49.69311443088928,4.40872432441482,0.4452091958567332,0.00010127298427303019
1445,Essunga,2024,5,52.799715663214116,-5.497557389832821,-0.5552118830753955,0.00016021138543860858
1446,Karlsborg,2021,5,62.45395947429889,-12.346278210838733,-1.2502657442863334,0.0012417322600716777
1446,Karlsborg,2022,5,61.11920608526906,3.07237674029421,0.3110137761634368,7.319499776736286e-05
1446,Karlsborg,2023,5,54.87120011119073,-0.06309927561503059,-0.006382543116225211,2.763071030378077e-08
1446,Karlsborg,2024,5,54.1691041536302,-8.31975202491028,-0.8409965233693076,0.0004326196788337421
1447,Gullspång,2021,5,65.5674631731122,4.54394673852822,0.4592018894560822,0.00012340971625902344
1447,Gullspång,2022,5,62.60323094869312,13.253526848765496,1.340201043431401,0.0011634199154475246
1447,Gullspång,2023,5,60.85431392830447,5.174207267241535,0.5232345818042471,0.00017823518723923958
1447,Gullspång,2024,5,59.28771149865102,3.125327658574186,0.31636621497436374,7.548768007114602e-05
1452,Tranemo,2021,5,49.542406528806865,8.261061679285618,0.833977755001566,0.00033392158214602457
1452,Tranemo,2022,5,48.7665988913882,7.347303956182991,0.7415788333913624,0.0002526161241003374
1452,Tranemo,2023,5,43.83443764404271,6.152939280976227,0.6209523363574622,0.00017230879600343426
1452,Tranemo,2024,5,44.577569489059144,7.6227852706334005,0.7688061180820204,0.00022674083516926904
1460,Bengtsfors,2021,5,58.549822233148504,-10.51071074414861,-1.0628081880924345,0.0007275235325706907
1460,Bengtsfors,2022,5,52.53854697530384,-2.0793357381347377,-0.21015912476160303,2.6396111241599305e-05
1460,Bengtsfors,2023,5,48.21334051402677,1.1410039814864703,0.11535860076632651,8.384958071317786e-06
1460,Bengtsfors,2024,5,49.55844462774081,2.8875668310516076,0.29178118154518956,4.892971236761731e-05
1461,Mellerud,2021,5,80.12828548100968,-25.423926395985944,-2.6136119016049757,0.016022560343154343
1461,Mellerud,2022,5,62.530986106666305,-4.558407028613836,-0.4598110541612794,8.420527671372741e-05
1461,Mellerud,2023,5,55.51145672494972,-2.0471904947260384,-0.20655865201116444,1.816991704080241e-05
1461,Mellerud,2024,5,56.79800044539293,-12.056506852816703,-1.216801255524623,0.00066939800297368
1462,Lilla Edet,2021,5,68.12794229564562,13.821192723997356,1.3975446391552415,0.0012567620183529533
1462,Lilla Edet,2022,5,67.88510185194485,6.761418802338483,0.6835368450102542,0.0002901726991006542
1462,Lilla Edet,2023,5,62.20413268607211,7.115151938910564,0.7193799926104247,0.0003274454674818052
1462,Lilla Edet,2024,5,64.16826151345792,2.789223599407336,0.28194689257264965,4.862722292114181e-05
1463,Mark,2021,5,51.88147709146854,-0.1784004743269847,-0.018013757460714368,1.625599226321545e-07
1463,Mark,2022,5,52.00916401407467,-2.474787156535541,-0.2498867103061245,3.123819247898855e-05
1463,Mark,2023,5,47.67515547244349,-2.8144418952054195,-0.284296818287363,4.3713297458514966e-05
1463,Mark,2024,5,50.6899400017045,-9.899156329396149,-0.9995922812997458,0.0005043658985520335
1465,Svenljunga,2021,5,55.10153660978413,19.272542918934583,1.945077024328275,0.0017101581129033289
1465,Svenljunga,2022,5,52.589306015384665,20.54309043431948,2.071329767111833,0.0015267637252543347
1465,Svenljunga,2023,5,48.42693490763796,14.032401461913118,1.4155135132287873,0.0008053174436128675
1465,Svenljunga,2024,5,50.340973982874885,10.792365553739984,1.0886372699407725,0.000472072734985005
1466,Herrljunga,2021,5,58.963151475975195,-1.179760253998559,-0.11925392917739551,8.682696265567262e-06
1466,Herrljunga,2022,5,58.48377510163252,-0.48230404983048203,-0.04873862823251463,1.380253254444503e-06
1466,Herrljunga,2023,5,54.796486478154215,-0.6708641923794048,-0.06782920991886124,2.9196412992133616e-06
1466,Herrljunga,2024,5,58.750061189160945,-2.5217785735981337,-0.2551449848651751,4.583718772826462e-05
1470,Vara,2021,5,46.19832966818436,12.210283127261754,1.2327228087950028,0.0007370216552097146
1470,Vara,2022,5,44.25329815724959,10.501388472707724,1.0604679518471787,0.0005744992972568453
1470,Vara,2023,5,40.03550476592379,8.451984341508052,0.8540288435992368,0.000417249558742811
1470,Vara,2024,5,40.89679584026847,9.451289689318806,0.954905634669522,0.0005121974477402169
1471,Götene,2021,5,49.72523395795037,6.446069668680103,0.6525112083386139,0.00032096784823096276
1471,Götene,2022,5,47.44439607680854,4.0810276520050195,0.41353843422788716,0.00014705938674707575
1471,Götene,2023,5,45.033822455025415,2.023220970606296,0.20466946886292603,2.8807196028225123e-05
1471,Götene,2024,5,47.13390811346642,2.99404612407686,0.302994418815119,6.670134756915099e-05
1472,Tibro,2021,5,64.07118900252613,-9.466100801125542,-0.9558957345546065,0.0004643551784001409
1472,Tibro,2022,5,63.87557152236033,-3.958034896340507,-0.3996018657892928,7.775106065598831e-05
1472,Tibro,2023,5,58.35122613581774,-7.168734077928576,-0.7237189926005201,0.0002525471817978041
1472,Tibro,2024,5,59.313037767508256,-5.247064932793137,-0.5296194189630488,0.00013002960570071358
1473,Töreboda,2021,5,62.24293030617038,-1.3110306645933179,-0.1322023222817837,6.392788937137174e-06
1473,Töreboda,2022,5,59.06914420226926,-6.706853760292333,-0.6763282698804327,0.0001686350956529772
1473,Töreboda,2023,5,52.02310145262062,-1.043996321890944,-0.1052852692783712,4.163643157019153e-06
1473,Töreboda,2024,5,53.23161327550706,-1.700041894328244,-0.17144408792899823,1.100112673381659e-05
1480,Göteborg,2021,5,66.91001555737742,-3.7408160523148624,-0.3805567380212659,0.00018265808247540805
1480,Göteborg,2022,5,69.02858229592177,-2.412850467846951,-0.24530441956279928,7.194669442165465e-05
1480,Göteborg,2023,5,64.93421556500432,-0.3676146149798427,-0.03743351998867683,1.9047010028169798e-06
1480,Göteborg,2024,5,65.14295408409897,-2.2489635127787793,-0.22882155827548642,6.679785692907397e-05
1481,Mölndal,2021,5,82.48217902617996,3.773772248429367,0.38362281925260355,0.0001743545229296708
1481,Mölndal,2022,5,82.70749445706478,2.2316716984929883,0.22651656360537253,5.2829682595598844e-05
1481,Mölndal,2023,5,77.6151943675538,4.898203426417908,0.49784258051009245,0.00028934072972201406
1481,Mölndal,2024,5,81.75639246630037,6.258169281109318,0.6355237712397446,0.0004362557113625954
1482,Kungälv,2021,5,66.99767290441183,7.042641155789951,0.710855081259213,0.0002340193814101004
1482,Kungälv,2022,5,65.59708182409761,1.5342461289471458,0.15489107584062947,1.1589456233624893e-05
1482,Kungälv,2023,5,62.084503767826874,-0.5197754360000175,-0.052480437399102124,1.3627033682211891e-06
1482,Kungälv,2024,5,65.17321120839182,-7.693037098320865,-0.7772306056778062,0.00033689005096573793
1484,Lysekil,2021,5,51.19838834726377,2.00503237333065,0.20302638169832787,3.2404488052154595e-05
1484,Lysekil,2022,5,47.377163801237664,2.234692232636718,0.22628566408628475,4.035311934199742e-05
1484,Lysekil,2023,5,43.629059640835955,-3.61187874027042,-0.3655968929634857,0.00010002187297273217
1484,Lysekil,2024,5,41.91578660230343,6.477109061750646,0.6565403185375436,0.0003841844079737994
1485,Uddevalla,2021,5,55.034049492788114,-5.123332080932784,-0.5174372598392741,0.00014016239970664592
1485,Uddevalla,2022,5,55.403637365699694,-8.530274005481822,-0.8620264497699459,0.00043267391814072806
1485,Uddevalla,2023,5,51.3468198140433,-6.908218709652033,-0.6986129776807724,0.0003197852636163407
1485,Uddevalla,2024,5,51.644221879068034,-5.810157679804746,-0.587107594479112,0.0001984690312276644
1486,Strömstad,2021,5,69.53608221742546,-16.662692144366787,-1.6855686039972138,0.001948209290422726
1486,Strömstad,2022,5,71.09550496227388,-15.790764555953338,-1.5957374164025973,0.0014830544107944004
1486,Strömstad,2023,5,71.11251587399411,-7.963213410355053,-0.8124537058376045,0.0010289951726315312
1486,Strömstad,2024,5,61.77513484085014,-4.365255001063758,-0.4415706199864442,0.00013321609173446848
1487,Vänersborg,2021,5,53.473784301390594,-3.21644249091527,-0.3261935621597818,0.0001003087552108509
1487,Vänersborg,2022,5,56.613038530505534,2.0778195288368906,0.21057160138957928,3.8603435167172204e-05
1487,Vänersborg,2023,5,53.40783758091357,1.4756973586045703,0.1494868723543714,1.8480603062588903e-05
1487,Vänersborg,2024,5,53.812549215273265,0.5567222814426032,0.0563662755110649,2.4602830161372056e-06
1488,Trollhättan,2021,5,58.0713796910855,-6.1729450966371076,-0.6274749239223606,0.0004641627277725766
1488,Trollhättan,2022,5,56.303781595884445,-2.890818070561366,-0.29364462174902145,9.550654982101564e-05
1488,Trollhättan,2023,5,52.90077994903345,-0.321767540657369,-0.032659475982920835,1.0975669373645722e-06
1488,Trollhättan,2024,5,54.3062782666982,1.4705466405099088,0.14910708877743548,2.054193136405749e-05
1489,Alingsås,2021,5,61.29299441765795,-7.270582643113713,-0.734523537942303,0.00029892936672249956
1489,Alingsås,2022,5,62.11887529300368,-12.402057358929419,-1.2528459118240505,0.0008577622474719752
1489,Alingsås,2023,5,55.996171623870616,-8.475997965241952,-0.8557122153835649,0.0003546660036006221
1489,Alingsås,2024,5,54.74805740970923,-4.3758838223303655,-0.44207559272937863,0.00010801900280005207
1490,Borås,2021,5,51.76842753199051,-2.5971519712539077,-0.26272633357762365,4.741169199254434e-05
1490,Borås,2022,5,51.36455897260053,0.2060644709749866,0.02086458289076704,3.397372052944199e-07
1490,Borås,2023,5,50.81172594413512,-1.9339683345288634,-0.19635236294677966,4.075770053952203e-05
1490,Borås,2024,5,48.30066659912169,1.0412095760994262,0.10561031650368152,1.069431112655608e-05
1491,Ulricehamn,2021,5,51.88628937791199,0.9693616783977532,0.09786263997964832,4.625787349804764e-06
1491,Ulricehamn,2022,5,50.909983880623344,4.0127499094037375,0.4052144017383267,8.357382648557728e-05
1491,Ulricehamn,2023,5,48.377819541566225,-2.6569282432842485,-0.26851795077926155,4.2585111809393266e-05
1491,Ulricehamn,2024,5,49.8440466417361,-7.53866341179814,-0.7613945188585807,0.00030485986349357204
1492,Åmål,2021,5,61.313988920621966,-17.313339464541436,-1.7486766221911567,0.0016174905433519271
1492,Åmål,2022,5,61.24579643209374,-15.977296104654314,-1.6128051002606287,0.0012246346671761015
1492,Åmål,2023,5,54.680314065381,-10.452428008409484,-1.0546945350124943,0.0004800148047544269
1492,Åmål,2024,5,53.66860880194682,-5.961570333947492,-0.6018567876962563,0.00017507851124517036
1493,Mariestad,2021,5,59.41960947678285,-11.690773979472652,-1.1832853300859234,0.0010402126350031037
1493,Mariestad,2022,5,60.076683840714956,-16.229784615908756,-1.6420771029876937,0.0018990318030907927
1493,Mariestad,2023,5,55.41312866049482,-16.13857191930928,-1.633302759668899,0.0019540625492577373
1493,Mariestad,2024,5,56.51973186991391,-14.376787558804608,-1.4544701139586829,0.0014712005073404901
1494,Lidköping,2021,5,49.60439536929912,-11.418532788972868,-1.1534947219099627,0.0007275431160933562
1494,Lidköping,2022,5,49.28425347246239,-13.023532212853418,-1.3153738010011944,0.0009118849745244485
1494,Lidköping,2023,5,43.170185191504984,-6.440122782466773,-0.6508467731759513,0.000249311907967588
1494,Lidköping,2024,5,45.78247396326101,-9.295151761653095,-0.9394271596064323,0.0005239389135227122
1495,Skara,2021,5,59.18342628195402,0.18022949425780865,0.01823619636312764,2.363583395251809e-07
1495,Skara,2022,5,60.674669984159756,-0.5840274888251784,-0.0590236774653783,2.0571884816521692e-06
1495,Skara,2023,5,55.17247675996838,4.6538339508711175,0.4701259607457997,0.00012075186422439619
1495,Skara,2024,5,59.42665448674781,1.9942040154171607,0.20172967208758968,2.7894885824210524e-05
1496,Skövde,2021,5,56.398602755960354,0.7257132255185255,0.07362703543349307,5.3301874108566596e-06
1496,Skövde,2022,5,54.42707481300852,3.1578058928369828,0.32210341389242514,0.00015926399128337736
1496,Skövde,2023,5,46.97587572975691,9.219266489310662,0.9464139157022622,0.0019686042529495976
1496,Skövde,2024,5,51.05534963644121,5.052935560558531,0.5143248597355989,0.000348676563202268
1497,Hjo,2021,5,58.924331045808884,-10.077802290258141,-1.0168357490620745,0.0004402804759185564
1497,Hjo,2022,5,58.85391346720661,-11.14213157820953,-1.1238301120288265,0.0004930724379921045
1497,Hjo,2023,5,53.22784377852255,-3.109027619524923,-0.3138231036600127,4.594916540912538e-05
1497,Hjo,2024,5,55.92791573189222,-2.238076159699709,-0.2258160620056244,2.165462752906552e-05
1498,Tidaholm,2021,5,57.347945547689875,-16.412273033069994,-1.6567461804713288,0.001297786889818942
1498,Tidaholm,2022,5,57.13069781122512,-16.551213427706152,-1.6711639379635816,0.0013866829490354212
1498,Tidaholm,2023,5,52.4699021088839,-12.046193097278632,-1.2166087740670988,0.000773449728732213
1498,Tidaholm,2024,5,53.512408766238366,-12.981366204738954,-1.3111032721662212,0.0009044138622135909
1499,Falköping,2021,5,49.25785277090284,-2.9699056714138123,-0.2999496094010829,4.7108601642526486e-05
1499,Falköping,2022,5,47.22324294160224,1.1948973206376294,0.12073606397358763,8.31398985995939e-06
1499,Falköping,2023,5,43.23476024902154,0.6559978365169385,0.06628433238139428,2.5079631395362567e-06
1499,Falköping,2024,5,44.27042467692999,0.7518273501382282,0.0759431493853233,3.10683678986333e-06
1715,Kil,2021,5,61.321794106435576,-12.450852949356296,-1.2560858493345648,0.0006481198458905175
1715,Kil,2022,5,59.85778983481755,-9.424442744433733,-0.9509848634872483,0.0003920221432118234
1715,Kil,2023,5,53.71093047389073,-9.772163407279223,-0.9864707428779272,0.00046152041253093887
1715,Kil,2024,5,54.6084946639395,-8.012026709375206,-0.8087875548020824,0.00031001994983646813
1730,Eda,2021,5,56.17328560237865,-0.6962538002585035,-0.07101605532108678,7.716715184303801e-06
1730,Eda,2022,5,54.902594723312596,-3.467328173810543,-0.3529111251588522,0.00016347677511768653
1730,Eda,2023,5,50.7719785318404,-1.0014172893412834,-0.10150010391894383,9.112758679608405e-06
1730,Eda,2024,5,51.651285754615756,-4.813435065124551,-0.48919646403990263,0.0002778538304855911
1737,Torsby,2021,5,33.940426241240814,6.505877803389588,0.6589028240229773,0.00034987492089740734
1737,Torsby,2022,5,30.472424904665242,10.891171624999114,1.1033389552862616,0.001014912978286584
1737,Torsby,2023,5,25.74503483822775,17.023034012215742,1.7287163657057818,0.003229541962600785
1737,Torsby,2024,5,25.008523291446227,16.330581027960182,1.655007166750326,0.002388678649793318
1760,Storfors,2021,5,58.49008388792627,7.366045797990658,0.7442073637056138,0.0003098351254028868
1760,Storfors,2022,5,58.177414985208515,6.222378935450934,0.6289333543343671,0.00023866467834356142
1760,Storfors,2023,5,47.62886852922145,2.884154359492044,0.2912701693295257,4.3866381544547885e-05
1760,Storfors,2024,5,51.3454277447608,17.29237584552432,1.7467920211306047,0.00165510266064132
1761,Hammarö,2021,5,74.84632781276557,-22.83320523596867,-2.325920704404564,0.007558483777712636
1761,Hammarö,2022,5,74.15274574548505,-22.012436589718106,-2.240938692514344,0.006700067565005004
1761,Hammarö,2023,5,71.37444137245922,-15.82544491437185,-1.609697468579357,0.0032284609984637555
1761,Hammarö,2024,5,70.98132962327594,-16.308542429302307,-1.6611485468360314,0.00383266939990285
1762,Munkfors,2021,5,65.59754963337474,-2.5540713725051774,-0.2586142705524454,5.239623930386466e-05
1762,Munkfors,2022,5,61.214321327681056,20.385246356728565,2.0646018235605377,0.0034399883777694947
1762,Munkfors,2023,5,59.931756255376385,9.024362578093232,0.9145273958273128,0.0007258377964245124
1762,Munkfors,2024,5,57.64319962400613,10.218869341511109,1.0346309809299743,0.0008294037478609841
1763,Forshaga,2021,5,59.86918386633617,2.5123429301484066,0.25329645926165795,2.233640052055228e-05
1763,Forshaga,2022,5,58.48204589200999,-3.291166638252868,-0.33177896017875946,3.701502443709679e-05
1763,Forshaga,2023,5,55.357194818911196,3.318485541636562,0.3344879442726688,3.610676492527404e-05
1763,Forshaga,2024,5,56.90573519003854,-0.7425407455940984,-0.0748437632529594,1.8009849206661841e-06
1764,Grums,2021,5,58.51794112101828,-3.408492215507337,-0.3438144338637884,4.6955492765111376e-05
1764,Grums,2022,5,57.012692729533505,2.734698813574674,0.2758160056883255,2.930368817692582e-05
1764,Grums,2023,5,52.5824768101664,5.604560840269727,0.5651565010223469,0.00011689580450651979
1764,Grums,2024,5,52.576981168064776,0.3994737408645861,0.04030675584574332,6.935536391784031e-07
1765,Årjäng,2021,5,53.12342148870465,-14.19765202581992,-1.4348499015707084,0.0012142686554032318
1765,Årjäng,2022,5,48.95808757548494,-7.098091610183346,-0.7169531611044138,0.00027435193249138407
1765,Årjäng,2023,5,44.405410915781815,-7.813881551584906,-0.7903458556995014,0.0004209072494305895
1765,Årjäng,2024,5,46.57882325382844,-6.477042083344976,-0.6542385963571727,0.00022947591149177535
1766,Sunne,2021,5,61.095355676151684,-14.071769004493127,-1.4211501898904795,0.0010507576849839815
1766,Sunne,2022,5,55.67264959144126,-6.410464466981573,-0.6470795282467666,0.00019611632399921873
1766,Sunne,2023,5,52.057351827939,-5.596181694765278,-0.5643580704128142,0.0001192101916122874
1766,Sunne,2024,5,53.9964341104297,-3.681968701624669,-0.37161496287225737,6.291511930064182e-05
1780,Karlstad,2021,5,61.35361745052255,-0.3629248461287844,-0.036691485452103934,8.437994152007559e-07
1780,Karlstad,2022,5,60.22071872601986,3.718907670845354,0.37594186114560485,8.715621566608668e-05
1780,Karlstad,2023,5,58.19780823329194,3.941588884970379,0.39868367636492485,0.00010735603669168868
1780,Karlstad,2024,5,59.69216584428118,3.5699360275837577,0.3614270524642175,0.00010052853433179315
1781,Kristinehamn,2021,5,65.1446117546987,-21.11788865415511,-2.133015442619305,0.002422354069370524
1781,Kristinehamn,2022,5,61.38944123949857,-13.86938137170661,-1.4010213450553517,0.0010652272757896396
1781,Kristinehamn,2023,5,58.211503955387485,-17.148397770729467,-1.7320631759568093,0.0015949446902405202
1781,Kristinehamn,2024,5,56.56564443506379,-10.008985064799433,-1.01137813527043,0.0005874667938187511
1782,Filipstad,2021,5,66.52066393753452,-16.919587325018902,-1.7156168162141412,0.0027270973313614434
1782,Filipstad,2022,5,67.52745359837415,-14.885669788388697,-1.5082976031826758,0.0019415495049760903
1782,Filipstad,2023,5,57.188334135418074,-13.835732979348712,-1.4028441301436743,0.0018126427289054134
1782,Filipstad,2024,5,59.61437162075346,-13.583275057742,-1.3758298688552009,0.001545286068034456
1783,Hagfors,2021,5,59.963075772779,-10.36556863177666,-1.0487256985365223,0.0007715005344434884
1783,Hagfors,2022,5,59.860244397485445,-8.691032213517893,-0.8798521589515731,0.0005917950573353972
1783,Hagfors,2023,5,57.50987348609254,-12.953701502736088,-1.31034638634536,0.0011737553998720687
1783,Hagfors,2024,5,59.13492188721059,-16.570549843069756,-1.6775188380049293,0.002146060066738717
1784,Arvika,2021,5,49.65210201006501,-10.354507827346666,-1.0445366290512963,0.0004416053461971953
1784,Arvika,2022,5,49.724385616683875,-11.786943684197034,-1.1888732569238292,0.0005524438918353454
1784,Arvika,2023,5,44.80528209094483,-11.279855722281951,-1.1378989039264815,0.000525855683961931
1784,Arvika,2024,5,45.62846966620292,-10.242710085821656,-1.033352682517396,0.0004419852962900968
1785,Säffle,2021,5,53.77976245655364,-0.9088869044621859,-0.09174663664263803,3.966321063621956e-06
1785,Säffle,2022,5,52.773913189522105,-5.470409712288145,-0.5525006254577038,0.00016035066751550253
1785,Säffle,2023,5,45.712908757355684,-7.407665935425101,-0.7479757679026149,0.00027999021840071606
1785,Säffle,2024,5,42.28653304338362,2.8842837899608966,0.29155183745988633,5.187418590073017e-05
1814,Lekeberg,2021,5,59.611314087687,14.200147030527582,1.4385037771673101,0.0017173341632018256
1814,Lekeberg,2022,5,55.19102777799249,12.077131198709196,1.2212899448618062,0.0009718699584732826
1814,Lekeberg,2023,5,55.60836346385567,-14.822864974429685,-1.498603594167622,0.0014107637590717076
1814,Lekeberg,2024,5,51.867434207617634,3.907606461682853,0.39506762031579723,9.826293109219823e-05
1860,Laxå,2021,5,62.337049492696835,-4.2933375614893805,-0.43373997252810365,0.00010414403520582901
1860,Laxå,2022,5,56.495113407989265,10.757397352412454,1.086544858150963,0.0006277184404601864
1860,Laxå,2023,5,55.42350738640077,7.701833708742036,0.7779476163301112,0.0003240089064742074
1860,Laxå,2024,5,54.212643280599664,9.58968015661221,0.968276262639303,0.00046681569379055006
1861,Hallsberg,2021,5,54.34033650153884,21.85131575827839,2.206025007285709,0.0023525562514329352
1861,Hallsberg,2022,5,58.93532969647275,16.01862978787348,1.6206251968908776,0.001835286482288058
1861,Hallsberg,2023,5,48.7215054511169,13.870904603097003,1.4007317887162722,0.0010020305402940418
1861,Hallsberg,2024,5,49.4441017994873,12.776741872969275,1.2886435335822302,0.0006407059047662221
1862,Degerfors,2021,5,54.7652149565687,-0.748013362274591,-0.0756704520490664,3.9474050087888715e-06
1862,Degerfors,2022,5,52.49959104733554,10.35455375854064,1.0485970464205996,0.0008762766035046921
1862,Degerfors,2023,5,48.149795147314364,4.644904008397937,0.47027231998566177,0.00017083888090958717
1862,Degerfors,2024,5,47.54572388031248,5.698509790737319,0.5770034695357541,0.0002606451851534714
1863,Hällefors,2021,5,74.3601248700042,-6.320995070033405,-0.640665315892564,0.0003625182712966927
1863,Hällefors,2022,5,72.24012727622916,-8.087483045459933,-0.8201694173613104,0.0006326702500659845
1863,Hällefors,2023,5,68.86775497409586,-8.667601009507713,-0.8780104361797637,0.0006366426429286825
1863,Hällefors,2024,5,67.14437537025515,-19.050719303177154,-1.9286021083291645,0.0028372341760053827
1864,Ljusnarsberg,2021,5,75.28269140089424,-14.466010254065395,-1.4746958697747192,0.0032061963327112606
1864,Ljusnarsberg,2022,5,71.93898275684434,-11.943410474355964,-1.2167802165546524,0.0020881067676208546
1864,Ljusnarsberg,2023,5,67.24561590423119,-13.694447308814802,-1.3971613602080024,0.003039244707024201
1864,Ljusnarsberg,2024,5,59.66961285579558,2.816081811176268,0.2875448460979607,0.00013577006618924634
1880,Örebro,2021,5,49.124439249265855,4.0391985041786995,0.4103012605285171,0.00018671606611767714
1880,Örebro,2022,5,52.809498024406096,4.201580257479556,0.4260422067371291,0.0001685780818334429
1880,Örebro,2023,5,50.178928212600134,5.598364254202082,0.567384671618443,0.00028211877178214604
1880,Örebro,2024,5,52.753399337103524,3.1851544283517015,0.32282057288619276,9.167528563984037e-05
1881,Kumla,2021,5,56.90067969628154,9.25719602626181,0.9352507811750084,0.0004871009681837807
1881,Kumla,2022,5,58.941659501100624,9.833641891310073,0.9944078086020368,0.0006431961102212065
1881,Kumla,2023,5,57.10183799083756,1.2566626309425075,0.12736562064354484,1.4281000979252425e-05
1881,Kumla,2024,5,51.92971402298356,9.266882247022174,0.9370486190371377,0.0005666994403338194
1882,Askersund,2021,5,50.12994797774334,8.045880009078232,0.8140808323578067,0.0004687865835888064
1882,Askersund,2022,5,43.224612847972544,5.9186419141393145,0.5975682237716297,0.0001753270776210435
1882,Askersund,2023,5,39.218098249063615,9.91938214821814,1.0020648070719274,0.0005504334423359565
1882,Askersund,2024,5,40.429143164918045,9.932449585800782,1.0030535831472904,0.0005179405735500637
1883,Karlskoga,2021,5,53.38397867553134,-5.054642670011738,-0.5143534983628273,0.0003410573792178966
1883,Karlskoga,2022,5,49.96053048903223,-6.166356501318376,-0.6279086042210221,0.000535909304521163
1883,Karlskoga,2023,5,45.31152481994566,1.6796519422234653,0.17091631370795335,3.7610779242383e-05
1883,Karlskoga,2024,5,48.742546313873675,-5.336317022952535,-0.5428031677772241,0.00036796976128828767
1884,Nora,2021,5,63.98117089953685,-3.818872606467174,-0.3851043556871746,5.4831837246669574e-05
1884,Nora,2022,5,60.583444493760226,-5.915656436569307,-0.596512901553197,0.0001293817559951787
1884,Nora,2023,5,53.84514051405712,-1.9019768742716678,-0.19195786551845903,1.668095164375052e-05
1884,Nora,2024,5,57.09344928010465,-5.772836440552062,-0.582410461094572,0.0001408907113770761
1885,Lindesberg,2021,5,48.7855646211912,0.7886059648009223,0.0795465841151294,2.513041850469674e-06
1885,Lindesberg,2022,5,46.80438759347341,4.443745540727576,0.4483192427285482,8.340305270255956e-05
1885,Lindesberg,2023,5,41.93384611132652,4.4769387074954,0.45166102426744487,8.433225979280728e-05
1885,Lindesberg,2024,5,43.30741951275772,3.8815524417818423,0.39153171658559316,6.0882694972544307e-05
1904,Skinnskatteberg,2021,5,64.9718082530686,4.119932767292866,0.41660027353083456,0.0001120509035591183
1904,Skinnskatteberg,2022,5,63.43714279468554,2.2148335796897385,0.22377839690392123,2.8218430161833277e-05
1904,Skinnskatteberg,2023,5,61.11979327340289,6.037520434048815,0.610114499970724,0.00021631869104311895
1904,Skinnskatteberg,2024,5,63.31800235541775,-2.9326640095530863,-0.2964399070734128,5.355783552164435e-05
1907,Surahammar,2021,5,61.678084043738394,7.9327685159209835,0.8010024654473835,0.00032153391587328513
1907,Surahammar,2022,5,64.10701953658806,-3.506999602370975,-0.35422126801696213,6.666950945844801e-05
1907,Surahammar,2023,5,56.06746891710263,-0.7020571997682197,-0.07090449014195596,2.627243644342497e-06
1907,Surahammar,2024,5,58.515182678664985,1.0074176260582277,0.10169646923320806,4.911776180041834e-06
1960,Kungsör,2021,5,64.6267053918341,-0.21336750632140422,-0.021563053894177384,2.7337267600178537e-07
1960,Kungsör,2022,5,61.56874707530528,8.848965775641986,0.894045000614225,0.0004485199734258905
1960,Kungsör,2023,5,57.867470601257104,0.09851343206465657,0.009956805216396638,5.927078270487012e-08
1960,Kungsör,2024,5,59.892330779336284,7.97056317051419,0.8049419889869297,0.0003347271350775368
1961,Hallstahammar,2021,5,60.67536486297148,14.469143807548747,1.4603022018848888,0.0009649885061989098
1961,Hallstahammar,2022,5,63.26518763458793,2.7990814097541232,0.28268557418750767,4.1515960804373235e-05
1961,Hallstahammar,2023,5,58.413345192421545,2.8932478182665804,0.2924022392029303,5.052890377934325e-05
1961,Hallstahammar,2024,5,60.65202919298308,-4.566038680763057,-0.4611105816040579,0.00010934469020234226
1962,Norberg,2021,5,64.43878265185985,9.064892531899332,0.9157866641200264,0.00046372489123219665
1962,Norberg,2022,5,63.00115088212704,4.708108048031129,0.4760490555057977,0.00014503630530827137
1962,Norberg,2023,5,59.907390504061176,2.2640794977514034,0.22887629537774318,3.2351214362069635e-05
1962,Norberg,2024,5,59.99662785440745,-0.7523138412012855,-0.07603658277095621,3.455195337171134e-06
1980,Västerås,2021,5,61.02243225500585,-10.728498386938163,-1.0840813641239404,0.0006748040229062053
1980,Västerås,2022,5,61.17365292063182,-8.845616262012065,-0.8941279839959615,0.00048673137886165696
1980,Västerås,2023,5,60.375964691568,-11.491446146140788,-1.163937823332978,0.0011043282846410739
1980,Västerås,2024,5,58.64745121224393,-6.852687961624511,-0.6935345685590737,0.0003529483276027897
1981,Sala,2021,5,53.70795823890848,-0.9642413939654446,-0.09718490542660589,2.987895757032432e-06
1981,Sala,2022,5,51.93337478578361,-2.5882636069837375,-0.2609523390347788,2.3746333485158758e-05
1981,Sala,2023,5,47.37930253758533,-5.502962450944629,-0.5552567423037692,0.000132167120889927
1981,Sala,2024,5,49.759645029019254,-2.042620119856707,-0.20600513471706133,1.615482109304023e-05
1982,Fagersta,2021,5,73.48181245712462,-13.942808027362624,-1.4210045612124955,0.002925073631019641
1982,Fagersta,2022,5,73.2748325654629,-8.886855652188032,-0.9059586424825454,0.0012113207163198054
1982,Fagersta,2023,5,71.0443836094516,-11.749269405851543,-1.1988704698162584,0.0022580323984097853
1982,Fagersta,2024,5,72.50641765325635,-17.73285584175084,-1.8081611077462516,0.004901336003176063
1983,Köping,2021,5,55.36249749267168,-3.8567384906435933,-0.3902381134962153,0.00010827247569632171
1983,Köping,2022,5,56.70432512911605,-6.168337380264596,-0.6236519057158905,0.00024609341911518566
1983,Köping,2023,5,52.23894478953068,-5.23763598977704,-0.5300191068477449,0.00020279480087423825
1983,Köping,2024,5,53.666854507252175,-9.203408590193604,-0.9307319418121077,0.000568669694370354
1984,Arboga,2021,5,63.69968418837513,-2.919542344403496,-0.2949150112978265,4.7087909975701296e-05
1984,Arboga,2022,5,57.49246209531496,1.4438440894468059,0.1456947871960552,9.229892448308966e-06
1984,Arboga,2023,5,57.00208180733483,0.8467969242749405,0.08549086210185973,3.546011656234222e-06
1984,Arboga,2024,5,54.54066290273522,1.2533285135737913,0.12647763932766332,7.048948278309143e-06
2021,Vansbro,2021,5,40.48549330879179,2.460197364171613,0.24971521601534485,6.428400101374567e-05
2021,Vansbro,2022,5,42.15712067825673,-2.3041795017861446,-0.23413497385952592,6.263769978293274e-05
2021,Vansbro,2023,5,32.95021106836722,1.5325475523224412,0.15578175525886825,2.8601943108684863e-05
2021,Vansbro,2024,5,40.99010585908525,0.9234012499194932,0.0938743843836364,1.0498387174629354e-05
2023,Malung-Sälen,2021,5,55.79350658213546,-9.306914294016451,-1.0252351487011282,0.010622598566963303
2023,Malung-Sälen,2022,5,25.784203223924354,23.73812081584948,2.477400874249465,0.024236697577087116
2023,Malung-Sälen,2023,5,20.48064735598018,30.981340948113385,3.2356636966348487,0.042158823345482245
2023,Malung-Sälen,2024,5,19.447331289676704,33.21504436860299,3.46928341844953,0.04859157919460872
2026,Gagnef,2021,5,57.12084140514051,-2.750245328202787,-0.2781464621298334,5.126031656791243e-05
2026,Gagnef,2022,5,58.814757016375594,-13.000869979514938,-1.3140205578010415,0.0010343830712428671
2026,Gagnef,2023,5,50.7105425666829,-9.770945251246658,-0.9879761711672921,0.0006257403360922983
2026,Gagnef,2024,5,54.2035169389509,-7.97855545975213,-0.8060523922356998,0.00036036270862653996
2029,Leksand,2021,5,57.89696058853224,3.0573236982526737,0.30880803152863795,5.085352620302572e-05
2029,Leksand,2022,5,55.11960796235464,3.21837999767763,0.3248788996517916,4.9828833114144944e-05
2029,Leksand,2023,5,50.240834797748505,1.6197897737156879,0.16351510190476454,1.2716151931577987e-05
2029,Leksand,2024,5,54.04396024892077,3.3396922267562488,0.3372225276775101,5.7017251318612995e-05
2031,Rättvik,2021,5,56.858359857951484,-4.259963028265815,-0.42993079096034387,8.333514298753257e-05
2031,Rättvik,2022,5,54.50429487299935,-4.197767646169204,-0.423899415311717,9.152761358154128e-05
2031,Rättvik,2023,5,51.43845503422766,-1.5380746683519106,-0.15530924765904847,1.2148706406564421e-05
2031,Rättvik,2024,5,52.703145672608215,-2.8759043560051936,-0.2903950902105552,4.23737459603598e-05
2034,Orsa,2021,5,57.80621081957648,1.8931242483622341,0.19168252401443756,2.864664301870367e-05
2034,Orsa,2022,5,55.88699429521584,12.471817357509863,1.2604318490292938,0.0009368843401495387
2034,Orsa,2023,5,49.310615491277105,10.330380455451326,1.046925642852254,0.0009561782093424734
2034,Orsa,2024,5,51.42226275470222,0.6869183867369912,0.06929724563572723,1.9621786519676473e-06
2039,Älvdalen,2021,5,57.773021591910926,-11.479355019914337,-1.1681816077895262,0.0017662135602571944
2039,Älvdalen,2022,5,53.255121127872755,-10.365408959163723,-1.0527226340741236,0.0012082487087778863
2039,Älvdalen,2023,5,49.05282642579985,-9.94184359999526,-1.0131842293691082,0.0014812689896533471
2039,Älvdalen,2024,5,49.60389994935106,-4.122935113547513,-0.4199187440832332,0.00024347260502631822
2061,Smedjebacken,2021,5,47.813374533745574,3.224766873004633,0.3253209487059053,4.3315102624587425e-05
2061,Smedjebacken,2022,5,47.05891042557809,6.13647503496027,0.6192510969823647,0.0001688874067096875
2061,Smedjebacken,2023,5,41.465008420433705,4.35190718480775,0.43957633439903143,0.00010337948379595648
2061,Smedjebacken,2024,5,46.13570137988634,-1.7857059996775249,-0.1802871320301944,1.5878372936334242e-05
2062,Mora,2021,5,51.14147809807001,-1.6010813878619814,-0.16193455682923388,1.7521522480093967e-05
2062,Mora,2022,5,50.81276783132222,-3.0831870972441706,-0.31199998319131983,7.023746564892508e-05
2062,Mora,2023,5,45.2583461272003,-3.42936287827159,-0.3469428559755651,8.375400198997562e-05
2062,Mora,2024,5,46.580028096220076,-0.7182948927147237,-0.07267946117249137,3.754919660507446e-06
2080,Falun,2021,5,53.49195704312318,-4.99353633352878,-0.5040007040094209,0.0001163061447088758
2080,Falun,2022,5,52.651963681491914,-9.203503351825262,-0.929302465309251,0.00043175032692372453
2080,Falun,2023,5,48.39231540046025,-4.148658547194486,-0.41905976608428414,9.45101691967828e-05
2080,Falun,2024,5,49.27874695785722,-2.986312226019706,-0.3015811895576062,4.684788550676342e-05
2081,Borlänge,2021,5,53.736434716535435,-6.0463057311946,-0.6123937465552307,0.00030443508000017926
2081,Borlänge,2022,5,54.74442929399343,-6.314056339874831,-0.638649384653702,0.00027518925274799415
2081,Borlänge,2023,5,53.471369898638635,-5.225501530995842,-0.5279179754602316,0.00015454292223811422
2081,Borlänge,2024,5,53.53184477199258,-4.120080066110226,-0.4160882754554087,8.961129333041523e-05
2082,Säter,2021,5,55.766732509743875,4.631773094241183,0.46769902547825604,0.00011013529537886056
2082,Säter,2022,5,52.727388786064765,1.4825304757576134,0.1496155531101883,9.990203033549592e-06
2082,Säter,2023,5,48.020868408540295,3.38889766812963,0.34222262971917194,5.981390323388502e-05
2082,Säter,2024,5,51.36260120919246,1.742629121378684,0.17609983550443356,1.8030460025945104e-05
2083,Hedemora,2021,5,58.29977873742886,-5.899726984291327,-0.5950239650547133,0.00013577096844349758
2083,Hedemora,2022,5,57.476720011300074,-3.98970323994736,-0.4026719321885594,7.378259773094531e-05
2083,Hedemora,2023,5,53.44840073835763,-3.790531725649906,-0.3826492748860578,6.96897631270234e-05
2083,Hedemora,2024,5,53.819218505126614,-7.421731429673436,-0.7488762779721504,0.00024139492393864356
2084,Avesta,2021,5,53.615431086516324,-10.910959985098657,-1.1042012916287374,0.0008884582869394249
2084,Avesta,2022,5,52.5931115511181,-4.36356332156987,-0.4418798559217694,0.00015495401469892462
2084,Avesta,2023,5,48.651639453578326,-10.063321429581492,-1.018532613181663,0.0007676541063582501
2084,Avesta,2024,5,46.47619182374625,-6.7295709556550705,-0.6808304075998789,0.00032329221215477333
2085,Ludvika,2021,5,50.02507921501156,-1.906424272942644,-0.19335893443243002,3.5642081940275185e-05
2085,Ludvika,2022,5,47.95952440168706,1.636347036099906,0.16604717308186187,2.7652634301981615e-05
2085,Ludvika,2023,5,45.82832475887729,5.6071725519325,0.5678880154060008,0.0002601437066466245
2085,Ludvika,2024,5,47.046383613869565,10.849538891199145,1.0985335090500128,0.0009404948315780247
2101,Ockelbo,2021,5,63.19001402436733,-10.163586061877986,-1.0410957079105299,0.0021375394765397043
2101,Ockelbo,2022,5,60.17847624388463,-5.37689575943179,-0.5497033113780004,0.0005347879451307278
2101,Ockelbo,2023,5,54.87232006423578,-7.112681300776245,-0.7271055309554126,0.0009315503351011593
2101,Ockelbo,2024,5,51.34567892059811,-3.051715666004938,-0.3117935577555997,0.00016571303962888945
2104,Hofors,2021,5,64.77102064391521,-14.029738539091653,-1.4195172798940798,0.00142399860675332
2104,Hofors,2022,5,65.21806320241768,-16.86502266187714,-1.7080928957068764,0.002357424183349771
2104,Hofors,2023,5,58.48289441951617,-16.345066384525772,-1.6543487354716224,0.0020295448985522104
2104,Hofors,2024,5,59.8641356430783,-13.64066834429584,-1.3786137585110187,0.0011284860258610025
2121,Ovanåker,2021,5,50.0180426069466,-12.019579623426836,-1.212291207652484,0.0005687359305313511
2121,Ovanåker,2022,5,47.2765254749705,-16.214746091043462,-1.635018977093918,0.0009693919245531904
2121,Ovanåker,2023,5,42.17110988897037,-7.897791016953015,-0.7969202728837266,0.0002740104246794065
2121,Ovanåker,2024,5,44.09676265589106,-13.058935303805708,-1.317145320740829,0.0006746931723958285
2132,Nordanstig,2021,5,55.378942765314434,3.903757656626496,0.3941866625552072,7.823026906867418e-05
2132,Nordanstig,2022,5,53.76234899113915,4.633350386957197,0.46785272916935233,0.00010994470077744584
2132,Nordanstig,2023,5,49.16466416691483,0.6752504542164388,0.06821471483969767,2.5529195547951816e-06
2132,Nordanstig,2024,5,52.83280429602366,-1.6559526441126238,-0.16731173521740653,1.578360309052305e-05
2161,Ljusdal,2021,5,38.69688797321416,1.9327652920485505,0.19576148361057213,3.117624726861138e-05
2161,Ljusdal,2022,5,36.915264413540825,4.531648377466581,0.45885524822480517,0.00016494989081260173
2161,Ljusdal,2023,5,33.86416828976505,-2.14553629062814,-0.21731898596874377,3.8571786674183546e-05
2161,Ljusdal,2024,5,31.95048985143884,4.0484258438715415,0.40967141991722983,0.00012089201438043629
2180,Gävle,2021,5,53.777979017328676,-9.128196206283064,-0.9232211361990299,0.0005684486190323019
2180,Gävle,2022,5,53.29856481900645,-6.744691610190394,-0.6820561560643018,0.00030344714593802266
2180,Gävle,2023,5,48.51205951570239,-4.12964634875884,-0.4180038468927506,0.0001306743621586301
2180,Gävle,2024,5,48.01755790964167,-0.32788746144350966,-0.03320008844116438,8.622270079652775e-07
2181,Sandviken,2021,5,52.92542528156012,-5.384024007674775,-0.5452632787944535,0.00023847051902292085
2181,Sandviken,2022,5,51.711967518161075,-5.3413091724656425,-0.5407441329198756,0.000223923241901336
2181,Sandviken,2023,5,45.267190138432134,-5.529176262487226,-0.5608271481241435,0.0003016067348061268
2181,Sandviken,2024,5,46.073346342957095,0.4595003723713731,0.046539580470042696,1.756188588490617e-06
2182,Söderhamn,2021,5,47.49312843217534,-6.347172289756102,-0.6407763798111732,0.0001978540584860458
2182,Söderhamn,2022,5,45.56519704885332,-7.082340132232844,-0.7157236117800087,0.00029957766642063193
2182,Söderhamn,2023,5,41.901222713931915,-10.965507853524802,-1.107702016209195,0.0006677503069100608
2182,Söderhamn,2024,5,44.7075948331682,-11.055119787334021,-1.1160248382507412,0.0005956027782280283
2183,Bollnäs,2021,5,46.833187532256346,-9.117791128114753,-0.9198479510820147,0.0003487905253453106
2183,Bollnäs,2022,5,46.37095854762356,-6.932857586085099,-0.6992822749714576,0.0001917955953894682
2183,Bollnäs,2023,5,41.89793996668746,-5.023555170745915,-0.5064897019721176,8.9859038176052e-05
2183,Bollnäs,2024,5,41.894806594321196,-5.08499064340095,-0.5126161404670692,8.855366838423978e-05
2184,Hudiksvall,2021,5,48.7890652579173,-8.385292472838877,-0.8485608593097176,0.000521245062377413
2184,Hudiksvall,2022,5,46.54280657570683,-7.777151725356582,-0.7871074217110456,0.0004555230477425574
2184,Hudiksvall,2023,5,47.483926511107015,-10.374084566625676,-1.0508704824883024,0.0009116490709160163
2184,Hudiksvall,2024,5,43.96775310421084,-8.927250013185478,-0.9034113983535607,0.0005913976277190762
2260,Ånge,2021,5,51.044532687069456,-6.205368818337732,-0.6279954991157887,0.0002877138180103076
2260,Ånge,2022,5,48.18228767373782,-4.323597965764506,-0.4370687336141112,0.00011776496068783666
2260,Ånge,2023,5,40.57898936159471,1.5771199808138974,0.1594585553497334,1.6141443427238054e-05
2260,Ånge,2024,5,45.47392273830708,-1.2457051354764772,-0.12587996592278075,9.166438771084112e-06
2262,Timrå,2021,5,64.93520727763422,-9.364153324612964,-0.9459100002824486,0.0004842459520877462
2262,Timrå,2022,5,61.8981073798637,-10.360425730657887,-1.046113494789057,0.0005464216806433292
2262,Timrå,2023,5,56.11666445986136,-9.42339193990697,-0.9520462386337554,0.0005052103990597283
2262,Timrå,2024,5,59.41689517771489,-6.394807397337061,-0.6458811571801842,0.00022032114148556973
2280,Härnösand,2021,5,65.46347920977124,-17.606450583511844,-1.7799315503993032,0.0019730741406046126
2280,Härnösand,2022,5,63.44987462295408,-14.251755727500083,-1.4406374973657543,0.0012707061881671816
2280,Härnösand,2023,5,58.61803040617775,-10.958421417778304,-1.108251029781533,0.0008103597303459486
2280,Härnösand,2024,5,58.267307210270864,-9.154519121345714,-0.9266189202034066,0.0006417844898913941
2281,Sundsvall,2021,5,52.361191155526406,-13.92403389523038,-1.410873061427163,0.001700793625754467
2281,Sundsvall,2022,5,53.92219480928499,-14.148037946934572,-1.4321633977294037,0.0015478350716877992
2281,Sundsvall,2023,5,48.456085257817506,-11.928614059486641,-1.2077866775560118,0.0011362611282838542
2281,Sundsvall,2024,5,50.999458001164136,-12.765470439577832,-1.291788079191996,0.0012039491194002735
2282,Kramfors,2021,5,34.018950606717986,19.910513431049303,2.020335390480582,0.004079304573431884
2282,Kramfors,2022,5,34.11223308706589,17.999026966553416,1.8268246143032922,0.003419026437418922
2282,Kramfors,2023,5,28.606198825308315,17.335608219102095,1.7618196902261698,0.003599646393265034
2282,Kramfors,2024,5,31.139469266331496,21.9163880317075,2.2238192515466046,0.004930198967771366
2283,Sollefteå,2021,5,35.71154448211615,9.30812172390064,0.9418692073855361,0.0006346722658611815
2283,Sollefteå,2022,5,36.44750393971898,8.069558255598963,0.8164755866877323,0.00047146530167698137
2283,Sollefteå,2023,5,30.01325210782458,9.289236689886376,0.940047999800261,0.0006407771134528616
2283,Sollefteå,2024,5,32.32807670263637,7.680620840307746,0.7771467725848187,0.00042901204660815315
2284,Örnsköldsvik,2021,5,30.051059030536557,1.8891806556143145,0.19143460807929105,3.151922014428841e-05
2284,Örnsköldsvik,2022,5,29.66580765722077,-0.4345676694604528,-0.0440357836610117,1.6684223392785009e-06
2284,Örnsköldsvik,2023,5,26.703035748410947,2.4977285185056672,0.2531252109743821,5.5755284173282606e-05
2284,Örnsköldsvik,2024,5,26.80979051641912,4.627902249123871,0.46909175172110446,0.00019578586902713603
2303,Ragunda,2021,5,51.359755173287596,8.525081678919697,0.8618642040489072,0.00046413432968019883
2303,Ragunda,2022,5,50.658716760720964,0.17236170854845767,0.01740872414897058,1.6013177564744165e-07
2303,Ragunda,2023,5,44.02880641064887,1.1513299087279592,0.11620505065886087,6.1900554681391845e-06
2303,Ragunda,2024,5,48.18571216910716,7.002783750053354,0.7074365773086512,0.0002749927232250406
2305,Bräcke,2021,5,49.23801292986703,12.138505288756448,1.229444862649425,0.001228151218190444
2305,Bräcke,2022,5,50.46202304698146,24.513634207156812,2.478859987304633,0.003988482623805155
2305,Bräcke,2023,5,46.73450055766484,9.832149712871313,0.993742863708191,0.00059062830936496
2305,Bräcke,2024,5,47.50447729031299,9.330651127251215,0.943290760588477,0.0005545947056931132
2309,Krokom,2021,5,54.36015202034939,15.728435785799647,1.5917645901081137,0.0018510287738666875
2309,Krokom,2022,5,55.785337360053646,10.593750973708907,1.0714011715768323,0.000760636286346825
2309,Krokom,2023,5,52.37528290792343,1.1675192722625312,0.11808839033909482,9.373037750051178e-06
2309,Krokom,2024,5,55.03315490362927,4.022967545350326,0.4070741820320071,0.00011849516396535184
2313,Strömsund,2021,5,44.579395135572724,-1.3474592861872097,-0.13659764000102909,1.683751771424051e-05
2313,Strömsund,2022,5,44.35568496750358,-2.063853783858761,-0.20907153944594004,3.625402340985352e-05
2313,Strömsund,2023,5,39.664705021657674,-2.9509463606300486,-0.2988304777410054,7.088065673800918e-05
2313,Strömsund,2024,5,40.669879773695314,0.516730042144296,0.052328577703820045,2.180940102570666e-06
2321,Åre,2021,5,81.20167876442243,19.849580301668354,2.0247048889122916,0.00629338614052273
2321,Åre,2022,5,70.92433033372183,13.01727550569423,1.3266313450874976,0.0025431670073933397
2321,Åre,2023,5,67.17976982072331,19.309318754372967,1.9711253376936646,0.0062755942785758445
2321,Åre,2024,5,69.01814692877602,23.552561335621675,2.400830817140519,0.00845646285613864
2326,Berg,2021,5,54.92471638507797,3.7998806716844697,0.38473587691741984,0.00011503806671954771
2326,Berg,2022,5,53.2271367648506,5.9980583299097106,0.6088447359110543,0.0003839563058309124
2326,Berg,2023,5,62.54290582561333,-3.4392643690306954,-0.35488398000086924,0.00034484704627375275
2326,Berg,2024,5,49.47318299219597,13.273018470944152,1.3491971740748343,0.002146750025111134
2361,Härjedalen,2021,5,42.29994363395291,22.165154250168115,2.2595836558312024,0.0075321553811624805
2361,Härjedalen,2022,5,41.49277263148704,25.468444845194355,2.601152038202223,0.011276023153915713
2361,Härjedalen,2023,5,39.9555568330797,17.31403409841365,1.782451946239185,0.007928573456394073
2361,Härjedalen,2024,5,31.89888400710822,29.23133712311291,2.9930737260264357,0.01729222429432691
2380,Östersund,2021,5,65.42552375790973,-11.852984736704578,-1.2011232180541733,0.001245172698085945
2380,Östersund,2022,5,62.73017307221794,-7.749797882923502,-0.785441203535835,0.0005416261851102987
2380,Östersund,2023,5,59.159131974653114,-8.019352994674385,-0.8127990321983061,0.0005831942384685487
2380,Östersund,2024,5,59.83646530066214,-9.127774800654443,-0.9255593103365426,0.0007954920677521299
2401,Nordmaling,2021,5,56.402134745427716,-4.852838970779828,-0.49000196727315815,0.0001199266478506551
2401,Nordmaling,2022,5,54.75020404027162,-6.2078887275062655,-0.6267209572538863,0.0001896425354793259
2401,Nordmaling,2023,5,50.368970629085695,1.6714104316280824,0.16880733700631198,1.4937607685966219e-05
2401,Nordmaling,2024,5,51.17406759810122,-6.518348785079034,-0.6580814566921784,0.00021028095530007795
2403,Bjurholm,2021,5,69.2294047010602,-4.511241861811769,-0.4575397938723427,0.0001989829059014364
2403,Bjurholm,2022,5,66.39207336556095,-10.742832218849308,-1.0895531102654228,0.0011275015181653938
2403,Bjurholm,2023,5,60.156915913090785,-8.19780177339743,-0.8338265937202486,0.0008646391816962376
2403,Bjurholm,2024,5,61.5992373353254,-0.5564225833118357,-0.05646001037992945,3.1822203241731135e-06
2404,Vindeln,2021,5,57.75533192602465,2.785208614515888,0.2817883815047719,5.563691658780571e-05
2404,Vindeln,2022,5,58.40875528996015,-5.3564297085647965,-0.5416904459338089,0.00019261498311593048
2404,Vindeln,2023,5,51.871492710259446,-5.909214739191874,-0.5977597026610113,0.0002446498207427023
2404,Vindeln,2024,5,53.888950291450996,-3.492051639060371,-0.35385635290402945,0.00010767497320956698
2409,Robertsfors,2021,5,59.64274556705837,-8.360694285007085,-0.8448262964880897,0.00041017183973377245
2409,Robertsfors,2022,5,61.37230277866549,-8.25793674818761,-0.8344639655716974,0.0004019482728426253
2409,Robertsfors,2023,5,53.161191916280785,-6.573654824292653,-0.6645051424305376,0.0002708792348880014
2409,Robertsfors,2024,5,55.32271667677002,-4.0521636124949865,-0.40959608204460957,0.00010203299386252131
2417,Norsjö,2021,5,51.04501102753426,-1.9389923924297534,-0.1962766925348445,2.9038569742530707e-05
2417,Norsjö,2022,5,53.54923146343694,-4.651334326370815,-0.47114675655985677,0.0001821704539746636
2417,Norsjö,2023,5,46.65763723918971,-2.569971591891033,-0.26005840415692494,4.8606477092746394e-05
2417,Norsjö,2024,5,48.5331427889203,11.698712049789378,1.1841270705835616,0.0010462942524050052
2418,Malå,2021,5,58.14006029038014,-13.9739429535311,-1.4162467983814921,0.0017593983134319502
2418,Malå,2022,5,57.740131745847776,-7.624734449441576,-0.7723018447102447,0.00048721009180340165
2418,Malå,2023,5,55.424637767486175,-13.953065861131662,-1.4131033805778899,0.0016040080735874886
2418,Malå,2024,5,52.811145042832685,-3.8577351846287655,-0.39095970531863417,0.00013334564062458318
2421,Storuman,2021,5,59.12024612260026,-10.738703422875737,-1.0935870796898353,0.001635106127389264
2421,Storuman,2022,5,51.30400748527562,1.0711447680739568,0.10892678109491478,1.4498391512777778e-05
2421,Storuman,2023,5,47.46681485560924,-3.1686472697704247,-0.3218726166937486,0.000114966818701254
2421,Storuman,2024,5,44.52157494468083,2.277779546981357,0.23142098344417386,6.0450685856081176e-05
2422,Sorsele,2021,5,59.968778886716834,-7.529754496472933,-0.7671338253665748,0.0008308963167014906
2422,Sorsele,2022,5,59.00691595982782,-12.619395434376258,-1.2831120641901985,0.00198829934716551
2422,Sorsele,2023,5,53.623481337222074,-6.702660222852572,-0.6795826787376277,0.00042406499969062855
2422,Sorsele,2024,5,51.69808722691708,-6.725664655852171,-0.682532858166126,0.00047075170680360907
2425,Dorotea,2021,5,57.4656788359399,-15.985402300762999,-1.6249132951066396,0.003114360651535071
2425,Dorotea,2022,5,50.34073312663015,-0.6101073495891214,-0.06206199918615224,4.827423110758782e-06
2425,Dorotea,2023,5,43.880648123811746,-5.4026660802033675,-0.5495472619213385,0.0003768973959017757
2425,Dorotea,2024,5,47.943030992282985,-3.4792123349159425,-0.3542405601535605,0.0001690697271302568
2460,Vännäs,2021,5,66.32117955259844,-4.470064023550499,-0.4524169637446272,0.00015105393599469641
2460,Vännäs,2022,5,65.53413176110163,-7.62941235911569,-0.7723560301637188,0.00045436499768896043
2460,Vännäs,2023,5,56.48488137406392,12.728056036246272,1.2896657337824218,0.0014180844803152004
2460,Vännäs,2024,5,60.13877468364647,-6.700316514570687,-0.6783893329787295,0.00035669076603979817
2462,Vilhelmina,2021,5,48.571660824285104,-14.801421811177931,-1.5014636381990216,0.0021844258819696174
2462,Vilhelmina,2022,5,48.681612230071586,-16.61528968979316,-1.6850912706921684,0.002687520339354872
2462,Vilhelmina,2023,5,43.64807969319744,-9.319483173957458,-0.9448100215479776,0.0008107844131815499
2462,Vilhelmina,2024,5,40.430824417153055,2.1121198756708353,0.21413095595980286,4.1734663458746143e-05
2463,Åsele,2021,5,50.36146378443956,-1.9111609700469643,-0.1947921196918716,5.52250584228857e-05
2463,Åsele,2022,5,52.38525564604895,-2.4212010090971106,-0.24704295495423514,9.559397447300594e-05
2463,Åsele,2023,5,43.665817939793754,-6.874059293730475,-0.7000609568903504,0.0006724975036889855
2463,Åsele,2024,5,45.080920014681766,10.598367290440727,1.0793216723045522,0.0015955943205030352
2480,Umeå,2021,5,65.47179365038637,-11.615598470344082,-1.1888483779352126,0.002666037771605473
2480,Umeå,2022,5,62.97629988889166,-6.675018079990842,-0.6832393471545396,0.0008845253131053866
2480,Umeå,2023,5,60.08432930474325,-4.8814981591361075,-0.49982198420437196,0.0004818328438708018
2480,Umeå,2024,5,62.1030611020813,-3.644525098088721,-0.37346394315560233,0.000280540005613586
2481,Lycksele,2021,5,47.75612455534093,-8.61718130680864,-0.8741751413582007,0.0007443823427633594
2481,Lycksele,2022,5,46.759963396025135,-4.776789337379377,-0.48436319847806697,0.00021762013740788858
2481,Lycksele,2023,5,43.57731977000769,-1.163498432089078,-0.1179530267254167,1.2606146790775122e-05
2481,Lycksele,2024,5,42.88737977592315,-5.174885965063275,-0.5246307608609097,0.000250010383043867
2482,Skellefteå,2021,5,40.92427705259199,-4.081526381547064,-0.4138812217815798,0.00015962005099972633
2482,Skellefteå,2022,5,41.18980987162182,0.825189725163213,0.08363367338805852,6.147585142095828e-06
2482,Skellefteå,2023,5,41.28352825609424,18.91871365031008,1.9185532966771557,0.003455085993491161
2482,Skellefteå,2024,5,41.503898992560345,21.874220009359043,2.219545125209784,0.0049123053640787425
2505,Arvidsjaur,2021,5,35.492312616044686,9.111301253400214,0.9240766774038095,0.0008106264625423547
2505,Arvidsjaur,2022,5,33.46671340929537,10.879547431810828,1.103442985122061,0.0011591336609727788
2505,Arvidsjaur,2023,5,26.30257019798109,23.2639274300248,2.3628028953874556,0.00610897431263324
2505,Arvidsjaur,2024,5,17.27206412500822,31.340187476239933,3.211072844093016,0.020593374401329644
2506,Arjeplog,2021,5,55.70115925728227,-9.155167384360219,-0.9311941964019281,0.0010774687062350557
2506,Arjeplog,2022,5,53.20005699655772,-17.204556434128023,-1.751812572831239,0.004154159652329994
2506,Arjeplog,2023,5,55.01385947342531,-17.83486368960009,-1.8313120891699082,0.007457848162709341
2506,Arjeplog,2024,5,47.20529221674187,-1.4184511240138917,-0.14519778864152144,4.007402601394634e-05
2510,Jokkmokk,2021,5,54.96319303297069,-4.126372949288687,-0.4225995483664027,0.0003486483607120638
2510,Jokkmokk,2022,5,50.98602934436964,0.9047269581513646,0.09261752755009015,1.636688476402103e-05
2510,Jokkmokk,2023,5,50.68411386364828,-7.748411663986687,-0.7935091954031138,0.0012260264459007502
2510,Jokkmokk,2024,5,46.69725117833268,4.781157670848344,0.4904149333727861,0.0005081390753897318
2513,Överkalix,2021,5,39.45961135853615,0.2082853204306403,0.021134474308446078,4.4553500780498776e-07
2513,Överkalix,2022,5,39.742708621307585,5.19400023945191,0.5269048109602054,0.0002702383453174435
2513,Överkalix,2023,5,34.187359453168206,16.09727052785646,1.6349889817472203,0.0029365177917453646
2513,Överkalix,2024,5,39.10304282307595,17.441786917630075,1.770446846422399,0.0032437293428045437
2514,Kalix,2021,5,53.044387869972915,-10.363007859825785,-1.046383159508631,0.000547648441056688
2514,Kalix,2022,5,51.55185344883233,-9.654720763982695,-0.9743279155793065,0.00042197862396664457
2514,Kalix,2023,5,46.35135977519829,-8.080310698205942,-0.8155109697760713,0.00030123566313487797
2514,Kalix,2024,5,48.41175339888624,-10.077662046797357,-1.017111947304743,0.0004703156572972176
2518,Övertorneå,2021,5,63.05185088231467,-11.75762148312208,-1.1985207459761693,0.0021083556194946146
2518,Övertorneå,2022,5,61.97230870230065,-15.601830430875545,-1.5921063507283195,0.004003405832752636
2518,Övertorneå,2023,5,54.50736241540274,-6.317538540647355,-0.6455179951997612,0.0007140049968719004
2518,Övertorneå,2024,5,59.07342289665192,-2.6277734019514014,-0.26856025112098875,0.00012518971973256467
2521,Pajala,2021,5,53.407195608425816,-3.683438702348468,-0.3738935351783213,0.00014475394622968766
2521,Pajala,2022,5,54.618080276945626,-9.573035231900583,-0.9724288941571545,0.0010489185043031084
2521,Pajala,2023,5,45.61478185316659,5.313509749626803,0.5401438596017487,0.0003456013545835841
2521,Pajala,2024,5,46.62905781167103,0.15257100854409344,0.015521152805079663,3.037792879969676e-07
2523,Gällivare,2021,5,34.02629584123402,1.7923757158752736,0.18332496474167412,6.104933978527199e-05
2523,Gällivare,2022,5,18.141757874417856,16.760653147396148,1.7346224571789217,0.00918663824689909
2523,Gällivare,2023,5,23.61458050924355,12.796267730802615,1.3115700811209043,0.003501432543547655
2523,Gällivare,2024,5,25.957442849262588,11.760888259656344,1.2067375296749225,0.0031263376207261388
2560,Älvsbyn,2021,5,55.13165472687436,-9.932503771698933,-1.0024543392789667,0.0004561331266688345
2560,Älvsbyn,2022,5,54.397787542196944,-7.7538740040854535,-0.7831112974363786,0.00032097983769998354
2560,Älvsbyn,2023,5,47.150930301496054,-0.510817234555283,-0.05159613214651268,1.4223908815383144e-06
2560,Älvsbyn,2024,5,47.35379274321212,1.3984583501760994,0.14134067586140017,1.191131362448998e-05
2580,Luleå,2021,5,53.17076830816741,-1.8945691374115796,-0.19193846756783453,3.0862367251916016e-05
2580,Luleå,2022,5,53.77333345336707,-3.0439406917699827,-0.3085323274669545,8.449313390420721e-05
2580,Luleå,2023,5,46.408851209187645,1.3278157935344055,0.13475399236312416,1.8415596560577453e-05
2580,Luleå,2024,5,48.318827924096965,3.4232776694745084,0.34747375004878783,0.00012460443953187403
2581,Piteå,2021,5,45.098357333569645,-8.049943941324294,-0.8158230610551594,0.0005811909484102051
2581,Piteå,2022,5,43.07811328293303,-9.392262756517852,-0.9516129181379235,0.0007667922033150742
2581,Piteå,2023,5,36.84663475897483,-3.90217981848739,-0.3955351999927752,0.00013935446650325384
2581,Piteå,2024,5,38.920029439728445,-2.6394913569428553,-0.2676475155652672,6.658130835978429e-05
2582,Boden,2021,5,51.36771621245993,-3.889023030641752,-0.39281610173310644,8.234286724184417e-05
2582,Boden,2022,5,49.218228265848055,-2.833459298363742,-0.2861124634403293,4.122771338915232e-05
2582,Boden,2023,5,44.605971181756246,3.9213880853231657,0.39611719810845913,8.501469311828021e-05
2582,Boden,2024,5,47.5621157950232,6.486156870668978,0.6557483835409698,0.00026963414357598166
2583,Haparanda,2021,5,70.02467585493993,-24.21591427111516,-2.504948815121185,0.018826710938631794
2583,Haparanda,2022,5,67.19780640178207,-27.262046230475868,-2.8121544316437923,0.021384665809729253
2583,Haparanda,2023,5,65.33486071590227,-23.81802514872345,-2.453193861542095,0.015319044533417713
2583,Haparanda,2024,5,64.78760921478647,-17.36109845093553,-1.7900895146179407,0.008522702435435741
2584,Kiruna,2021,5,47.449301388627376,-8.211881747749523,-0.8359276386161871,0.0009263787463144695
2584,Kiruna,2022,5,44.23787084657481,0.09161227343589218,0.009330374993146318,1.1992925494091205e-07
2584,Kiruna,2023,5,38.679175632081495,7.9039831072757,0.804822798669179,0.0008783644261039641
2584,Kiruna,2024,5,42.994840022933786,5.475685260219699,0.5592110705368027,0.0005192294384927594
