kommun_kod,kommun,year,inflyttning_per_1000,window,pred_naiv,pred_ols,pred_ridge
0114,Upplands Väsby,2024,86.95824970689347,1,98.70285372181202,86.59237859719667,86.02402057298166
0115,Vallentuna,2024,68.39602494376264,1,70.47553882996921,69.9353653766936,69.70010644687379
0117,Österåker,2024,66.52338963986583,1,59.717543930846965,62.16959120952359,62.71831268369782
0120,Värmdö,2024,64.88688753082448,1,66.32073246563887,66.45824446439198,66.31574425172941
0123,Järfälla,2024,113.36706014614953,1,99.65249623537588,93.34707247504167,92.28417379437914
0125,Ekerö,2024,59.910065721203736,1,54.04748680921966,58.32367579708645,58.356154920567405
0126,Huddinge,2024,101.61499160134379,1,97.41046348314607,70.44771271763648,70.4891427949801
0127,Botkyrka,2024,89.1611490537511,1,86.26244874048038,78.91981255614397,78.80008425244918
0128,Salem,2024,80.42497286799566,1,77.13025041544897,84.12226938988925,83.27222804014703
0136,Haninge,2024,84.09732890628871,1,89.88381068861464,81.09725540661901,81.15983198106932
0138,Tyresö,2024,64.7634152788792,1,60.66337217578752,66.41107427394195,66.63561930914514
0139,Upplands-Bro,2024,100.34075696726299,1,104.33550057005516,79.5750071566521,78.8693853717236
0140,Nykvarn,2024,78.43137254901961,1,88.6264144709672,96.59744812516263,95.49029720502382
0160,Täby,2024,86.32177402757769,1,87.94860434204696,92.93458743394598,93.00523783094943
0162,Danderyd,2024,94.64919043947572,1,83.09941700854438,73.59753300611143,75.49190240963287
0163,Sollentuna,2024,102.61001752035453,1,100.95064461518427,84.73137111164931,84.1776350763615
0180,Stockholm,2024,72.29899535343431,1,69.08386024270358,61.001136738698165,62.19154683084069
0181,Södertälje,2024,68.67098755235106,1,69.26520937582302,72.60460838324028,72.39244624264259
0182,Nacka,2024,83.01519908662766,1,80.84387117767754,82.33053650290574,82.35040176459661
0183,Sundbyberg,2024,135.67544514340548,1,154.6000858491916,111.3757518018094,108.9611255708407
0184,Solna,2024,137.43020666985277,1,136.56263900920095,99.21119087252833,97.21076852930773
0186,Lidingö,2024,79.58327304297497,1,71.26893469083686,69.58185699642368,71.43351829816922
0187,Vaxholm,2024,64.62527491118254,1,57.96733519505797,84.54427660864476,83.5654459584718
0188,Norrtälje,2024,58.031088082901555,1,50.58537327048806,48.938087528347864,50.01581242885402
0191,Sigtuna,2024,92.880019709288,1,97.4699689695216,83.350382991418,82.87387483008987
0192,Nynäshamn,2024,76.09797573498152,1,73.33971165583452,73.2493880216594,72.98134557770973
0305,Håbo,2024,64.42345361946633,1,67.72873683294159,60.98830107509244,61.78836775852936
0319,Älvkarleby,2024,58.94053601340033,1,53.2804011700794,58.36286514087527,57.79903128416076
0330,Knivsta,2024,88.42542348888784,1,88.82881143188182,93.31187369872859,91.88885467010809
0331,Heby,2024,63.088184036249565,1,57.031304469079,56.896207643054595,56.697837089030344
0360,Tierp,2024,53.78127369219106,1,51.29052045486717,54.163134924441636,54.791126956594965
0380,Uppsala,2024,68.49154893232695,1,68.82594393650974,81.41574539472623,81.76682938429083
0381,Enköping,2024,56.80064209421498,1,59.0159860846517,62.84299197651177,63.557980493818675
0382,Östhammar,2024,43.27400849218538,1,41.94479523723616,41.519337230806286,43.263286285039214
0428,Vingåker,2024,51.42857142857143,1,59.84643179765131,45.42289717570986,45.98947110977702
0461,Gnesta,2024,54.459766102286615,1,55.38194444444444,67.07483373524138,65.93551203292674
0480,Nyköping,2024,50.716440422322776,1,50.92783505154639,51.81328352725592,51.483342864212176
0481,Oxelösund,2024,58.5155016208129,1,63.93523872459937,69.38838795433071,69.26452422846926
0482,Flen,2024,61.580523369352946,1,59.548123563952004,56.30465736135619,56.33110371056361
0483,Katrineholm,2024,51.47274111377877,1,48.071320358932525,51.71306006800688,52.61107287594544
0484,Eskilstuna,2024,41.94845293508577,1,42.086946812074295,58.17342819023855,58.233399765288624
0486,Strängnäs,2024,62.01510950576145,1,62.26070868772002,69.47227281419649,69.65228375106763
0488,Trosa,2024,60.7623769009178,1,61.1353711790393,76.65309717108704,75.53536843572157
0509,Ödeshög,2024,52.12908153523009,1,54.55578708088653,48.1204482312782,48.51382848841532
0512,Ydre,2024,57.36348593491451,1,47.01677206488864,45.39512088295072,44.81337506330882
0513,Kinda,2024,47.403836496936826,1,41.43314651721377,39.91304277019174,40.71360216120084
0560,Boxholm,2024,53.47108936015951,1,50.87814593518016,60.47990142452275,59.75851653873573
0561,Åtvidaberg,2024,49.2718234935031,1,42.4956369982548,40.085970072454586,40.98481735506588
0562,Finspång,2024,51.750450908754566,1,48.6770535631972,46.92378182047304,47.65414381169577
0563,Valdemarsvik,2024,67.77408637873754,1,57.81726561463997,47.03208011114532,47.66982635902946
0580,Linköping,2024,58.815127800755796,1,58.523093832883326,56.779130200235016,57.38599416644415
0581,Norrköping,2024,42.17823148020417,1,42.517721457947275,51.83567267946279,52.75913510028002
0582,Söderköping,2024,54.702819663263234,1,56.16465998520213,50.96076112211085,51.205673709959655
0583,Motala,2024,35.674060452821514,1,38.19063300402488,42.49316871897969,43.6632562145799
0584,Vadstena,2024,66.08811748998664,1,56.90072639225182,55.166627345317636,55.24541535619047
0586,Mjölby,2024,49.137480397281756,1,47.837346024636055,51.57083761357404,52.40739221030093
0604,Aneby,2024,45.461232896866264,1,49.76649153531815,52.482253507102484,52.56182570347498
0617,Gnosjö,2024,43.04019274997262,1,46.398442569759894,41.63991707005931,43.010240381647094
0642,Mullsjö,2024,53.19989465367395,1,57.542563019664776,60.69409905230248,59.98945423645745
0643,Habo,2024,48.67717003567182,1,45.87570621468927,57.679135954791604,56.7725132591136
0662,Gislaved,2024,41.02156483273431,1,39.9462328531054,30.364938280673755,32.068609837613074
0665,Vaggeryd,2024,47.284991568296796,1,43.95381810816285,44.18151735068756,45.1023537495272
0680,Jönköping,2024,52.90747287577715,1,50.15017685976423,52.10092729173715,53.056947442479256
0682,Nässjö,2024,51.69848355336056,1,51.50404448938322,45.39261814560183,46.494269456551834
0683,Värnamo,2024,39.02495512709166,1,41.76179879194243,40.984438527660984,42.04785791377541
0684,Sävsjö,2024,47.91144166738736,1,45.080562221460404,50.891102413282,51.62270124564599
0685,Vetlanda,2024,41.33972682359779,1,38.65735689868354,29.220742858996175,31.305130078563362
0686,Eksjö,2024,56.26124100719424,1,50.140845070422536,52.411747858890976,53.21586735414905
0687,Tranås,2024,45.36658783057407,1,47.50733137829912,52.287420844304904,53.035934472688176
0760,Uppvidinge,2024,48.890850899459224,1,55.057756666306815,45.347757520335506,45.85356483585937
0761,Lessebo,2024,65.74978887682471,1,65.81155598177895,60.29191130929553,60.20155185186497
0763,Tingsryd,2024,55.57412669229483,1,53.55820649938297,43.66100413757778,44.73663548774775
0764,Alvesta,2024,49.167927382753405,1,54.34131736526946,44.052057127946455,44.752868047822474
0765,Älmhult,2024,48.09380841783266,1,50.07807271916128,51.636689245237505,50.51024208712584
0767,Markaryd,2024,51.519420406520425,1,63.51726875744343,43.71812770343382,44.175254797237564
0780,Växjö,2024,60.192812252120326,1,56.95164695513149,60.93142020160013,61.271703158091995
0781,Ljungby,2024,37.41159830268741,1,39.11107970604861,39.40274243609093,39.91675091375404
0821,Högsby,2024,62.9580905844766,1,58.29349025376977,57.485910939067736,56.44496221649428
0834,Torsås,2024,54.266895761741125,1,51.69951442445016,53.39879853203621,52.58131293890125
0840,Mörbylånga,2024,56.15138067061144,1,62.37611496531219,60.966725394941534,59.74876781842383
0860,Hultsfred,2024,45.71052439113581,1,46.74782107613628,46.739719504127265,46.703108849560124
0861,Mönsterås,2024,49.276914836636315,1,45.45454545454545,46.20438645753222,46.28521151808645
0862,Emmaboda,2024,48.19009549189429,1,40.746466431095406,47.57382040840707,47.77416719010982
0880,Kalmar,2024,59.281470070422536,1,58.585970347422,58.53053519070545,58.41859395811941
0881,Nybro,2024,48.568994035386694,1,49.14370811615785,42.61763226671462,42.85834926464521
0882,Oskarshamn,2024,43.30869516770048,1,38.0786091091463,41.35150572765025,41.78434443690033
0883,Västervik,2024,38.302192224325736,1,35.708404237799854,38.35006241095027,38.346073943941825
0884,Vimmerby,2024,41.34165366614665,1,40.61832999159175,36.93546242402931,37.77673307991306
0885,Borgholm,2024,55.87849240577536,1,57.778191291403054,60.41755566883063,60.04577167788501
0980,Gotland,2024,43.430483344540846,1,43.585836241786694,52.25760744203467,51.475976151919006
1060,Olofström,2024,49.84615384615385,1,49.38366128167828,57.195907133303706,57.41247104858023
1080,Karlskrona,2024,42.97069425800516,1,44.068051791629024,46.54123260058691,46.6217012314237
1081,Ronneby,2024,39.69938415503984,1,44.86406395368871,44.25045809855277,44.502547761804294
1082,Karlshamn,2024,38.73893735630374,1,36.379547443430425,53.984348528184796,54.26154114730449
1083,Sölvesborg,2024,45.840504876649455,1,47.38197424892704,48.74456234409706,49.074322502301285
1214,Svalöv,2024,76.18785670081826,1,75.77007700770076,63.11220979404504,62.36813277206765
1230,Staffanstorp,2024,67.42848771197305,1,72.33352975839718,58.657535993570065,58.49692184227062
1231,Burlöv,2024,105.46738968210536,1,100.7357387623463,84.47279094822304,82.56163280353906
1233,Vellinge,2024,54.68584726041887,1,50.21463776564736,43.22108411447249,45.14987751055901
1256,Östra Göinge,2024,57.08971240520818,1,62.10313306817389,55.779441691124845,55.87595985587815
1257,Örkelljunga,2024,58.7720151795271,1,62.302309977954565,52.28014580134379,52.319020741446494
1260,Bjuv,2024,86.6437284954645,1,94.75200400801603,64.55829471269502,64.00665300127207
1261,Kävlinge,2024,51.91366197616775,1,46.09929078014184,48.49971419308423,48.97171704257102
1262,Lomma,2024,60.20635241756018,1,52.097291590530716,70.69402166838103,70.51828417233762
1263,Svedala,2024,59.793901870149696,1,56.58287175117171,63.3301805983597,62.86080183394615
1264,Skurup,2024,70.35499151997193,1,68.44196666864362,60.84832022565584,61.082536068828
1265,Sjöbo,2024,59.78176552722759,1,60.81185368112363,48.5928690063717,48.773891970393194
1266,Hörby,2024,61.23891530651587,1,63.26596085980109,53.64192927880157,53.5313724890536
1267,Höör,2024,67.81596072611029,1,65.7803867403315,64.3388859737016,63.255343976390655
1270,Tomelilla,2024,71.19290270547694,1,60.02928257686676,53.00834188332249,52.83788720034275
1272,Bromölla,2024,55.33279871692061,1,51.9283085293647,58.9447888367834,58.3957559116883
1273,Osby,2024,49.27782497875956,1,54.7077674347627,51.74569190251452,51.614736244525666
1275,Perstorp,2024,74.91361437456807,1,87.12276389457872,79.42204565559052,78.01689791765222
1276,Klippan,2024,68.36400587106243,1,70.52982000789935,64.43926146991436,64.0703008432842
1277,Åstorp,2024,86.44902425679372,1,89.92587191639325,66.72683630020737,66.03983697699402
1278,Båstad,2024,72.94396605516036,1,78.36852689793866,69.78619545391444,69.60645628538653
1280,Malmö,2024,65.58565161742023,1,66.27123184023549,77.49179068575225,76.69659180660221
1281,Lund,2024,96.20031917318946,1,100.3622743460641,101.50078091974584,100.43271547311824
1282,Landskrona,2024,62.75761483015916,1,61.144821148215726,69.60441270124753,69.44760134296709
1283,Helsingborg,2024,62.35740444865245,1,59.4027996246018,65.13568785725542,65.38313798694242
1284,Höganäs,2024,60.4994723883222,1,53.55939417585925,64.61448809342784,64.36510146427668
1285,Eslöv,2024,73.07714334803276,1,70.8842559309849,69.72728143679402,69.05186806751561
1286,Ystad,2024,57.34130692082477,1,57.62903074175049,62.64052817733929,63.14881281046618
1287,Trelleborg,2024,56.9717996995917,1,53.49838077381967,58.02819230788913,58.770692459878134
1290,Kristianstad,2024,45.32351613239329,1,45.19408502772643,37.57155245832183,37.899054539270544
1291,Simrishamn,2024,59.76707252514558,1,58.168969517983335,54.9452595079984,54.86908447138947
1292,Ängelholm,2024,52.64908002660164,1,60.758703695448666,55.51957565901273,56.231940563033056
1293,Hässleholm,2024,49.64117127835131,1,50.286173694990524,48.65276125162819,48.9138662559905
1315,Hylte,2024,52.177324440957236,1,53.7916302553646,47.10712100766824,46.630677747161926
1380,Halmstad,2024,50.41288035896083,1,53.158909599606794,49.62320160557482,49.8389878414072
1381,Laholm,2024,52.03985711599925,1,55.072463768115945,45.22789832846502,45.764571305139455
1382,Falkenberg,2024,42.292498468428505,1,41.41547083297954,49.093403632752484,50.346257495722476
1383,Varberg,2024,41.88504415810048,1,39.88291255031101,61.570072687303934,62.613714291337665
1384,Kungsbacka,2024,45.23731816486386,1,42.06507652971875,39.78620305481962,41.874318597234556
1401,Härryda,2024,61.045421593380496,1,62.1692789968652,58.669415209782244,58.18642004122616
1402,Partille,2024,85.31417437895762,1,92.02062361895409,76.89974265304295,75.96176787116026
1407,Öckerö,2024,46.98144233027954,1,46.1814494110305,55.565708136079536,55.972285331152705
1415,Stenungsund,2024,52.8885856881261,1,50.247649127844376,51.30534237989872,51.56558806795297
1419,Tjörn,2024,47.91200596569724,1,48.24724389941781,58.523796668542616,58.1001325804299
1421,Orust,2024,56.34445023449713,1,48.522793973782036,50.25529826427021,50.24527758778797
1427,Sotenäs,2024,58.54569420035149,1,50.92797171895714,45.81133098405195,46.73552152362497
1430,Munkedal,2024,45.87598995557273,1,51.513997333841175,50.85690481944272,50.76602153821174
1435,Tanum,2024,48.539888827996556,1,51.45744267392149,50.961293933630145,51.10468985820983
1438,Dals-Ed,2024,45.15848892748589,1,44.29005644811116,56.29081739022729,56.0485515351662
1439,Färgelanda,2024,55.20702634880803,1,55.17562946844887,56.879759869140116,56.40764782024283
1440,Ale,2024,58.662819253438116,1,60.8395487887567,56.58252576754367,56.73475789768792
1441,Lerum,2024,47.07367454670645,1,50.83970164279504,55.70298954303888,55.6060228949224
1442,Vårgårda,2024,60.36556036556036,1,54.82881136950905,58.98935150952698,58.666434306361126
1443,Bollebygd,2024,63.2523974699041,1,66.57762252131923,63.06117000913804,62.42704737582026
1444,Grästorp,2024,60.84608460846085,1,50.6920726226856,47.87746685593328,48.147468858052896
1445,Essunga,2024,47.302158273381295,1,54.1018387553041,50.436920841785934,50.3825618550253
1446,Karlsborg,2024,45.84935212871992,1,54.8081008355757,56.447926476335994,56.30294845850744
1447,Gullspång,2024,62.41303915722521,1,66.028521195546,58.578768194480546,57.78968955789508
1452,Tranemo,2024,52.200354759692544,1,49.987376925018935,40.891295796527686,41.382838974001984
1460,Bengtsfors,2024,52.44601145879242,1,49.35434449551324,48.49999116422828,48.87963569483641
1461,Mellerud,2024,44.74149359257623,1,53.46426623022368,58.4189512542394,57.84113594872278
1462,Lilla Edet,2024,66.95748511286526,1,69.31928462498267,55.81632761824443,55.450831441870434
1463,Mark,2024,40.79078367230835,1,44.86071357723807,46.36497059271841,47.06732048520524
1465,Svenljunga,2024,61.13333953661487,1,62.459336369551075,46.72326460874086,47.09087737785532
1466,Herrljunga,2024,56.22828261556281,1,54.12562228577481,59.913812710374714,59.86300967579945
1470,Vara,2024,50.34808552958727,1,48.48748910743184,40.697708392013794,41.48416902984105
1471,Götene,2024,50.12795423754328,1,47.05704342563171,45.61575602973778,45.55149999608814
1472,Tibro,2024,54.06597283471512,1,51.182492057889164,55.66704783709747,55.59455833111562
1473,Töreboda,2024,51.531571381178814,1,50.97910513072968,49.7271589125848,49.74455976174583
1480,Göteborg,2024,62.893990571320195,1,64.56660095002448,63.00518218418179,63.748388017034785
1481,Mölndal,2024,88.01456174740969,1,82.5133977939717,81.37559110253147,80.31840752569431
1482,Kungälv,2024,57.480174110070955,1,61.564728331826856,69.01554057772839,68.81380703404717
1484,Lysekil,2024,48.39289566405407,1,40.017180900565535,39.03936041708215,40.11612094915121
1485,Uddevalla,2024,45.83406419926329,1,44.43860110439127,47.743304935494336,48.07840941702514
1486,Strömstad,2024,57.409879839786385,1,63.14930246363906,78.3242026663647,78.51900088409494
1487,Vänersborg,2024,54.36927149671587,1,54.88353493951814,50.687551338939784,50.73380739359107
1488,Trollhättan,2024,55.77682490720811,1,52.57901240837608,52.26566821391634,52.46247222783104
1489,Alingsås,2024,50.37217358737887,1,47.520173658628664,54.94202515026495,55.51916111172637
1490,Borås,2024,49.34187617522112,1,48.877757609606256,45.9446852556174,46.58058078840403
1491,Ulricehamn,2024,42.30538322993796,1,45.72089129828198,46.82314869170989,47.707917341237305
1492,Åmål,2024,47.707038467999325,1,44.22788605697151,51.09162053235741,51.49149612034089
1493,Mariestad,2024,42.142944311109304,1,39.27455674118554,55.72969199921687,56.168309048143506
1494,Lidköping,2024,36.48732220160792,1,36.73006240903821,45.68741851194642,45.97321089033837
1495,Skara,2024,61.42085850216497,1,59.8263107108395,60.68197722614036,61.096977445117076
1496,Skövde,2024,56.10828519699974,1,56.19514221906757,49.874153424010274,50.88760787169296
1497,Hjo,2024,53.68983957219251,1,50.118816158997625,52.86058592577018,53.11590793392024
1498,Tidaholm,2024,40.53104256149941,1,40.42370901160527,51.34955701228154,51.85728689297863
1499,Falköping,2024,45.02225202706822,1,43.89075808553848,42.78138199427951,44.35039390017537
1715,Kil,2024,46.5964679545643,1,43.938767066611504,52.385647747210214,51.801183853425954
1730,Eda,2024,46.837850689491205,1,49.77056124249912,48.68759752436489,48.686203435133905
1737,Torsby,2024,41.33910431940641,1,42.76806885044349,24.93444543204191,25.622502287278433
1760,Storfors,2024,68.63780359028512,1,50.51302288871349,47.170934221256516,47.34420013503248
1761,Hammarö,2024,54.67278719397363,1,55.548996458087366,67.54632732658104,65.58382892959851
1762,Munkfors,2024,67.86206896551724,1,68.95611883346962,56.9428403020226,56.74501383010626
1763,Forshaga,2024,56.16319444444444,1,58.67568036054776,52.70552120031806,52.399536235675164
1764,Grums,2024,52.97645490892936,1,58.187037650436125,50.32232567480668,50.47409945531675
1765,Årjäng,2024,40.10178117048346,1,36.59152936419691,43.132629534085936,44.056497109245356
1766,Sunne,2024,50.314465408805034,1,46.461170133173724,50.42271274466714,51.13826161019975
1780,Karlstad,2024,63.262101871864935,1,62.139397118262316,60.013879041962156,60.38581659509703
1781,Kristinehamn,2024,46.556659370264356,1,41.06310618465802,56.55449957291469,56.70838504100186
1782,Filipstad,2024,46.03109656301146,1,43.35260115606936,58.022625163754356,58.15410929031134
1783,Hagfors,2024,42.56437204414083,1,44.55617198335645,55.68770276161655,55.49699757721826
1784,Arvika,2024,35.38575958038126,1,33.52542636866288,40.558849967341416,41.871824832580025
1785,Säffle,2024,45.17081683334452,1,38.305242821930584,43.380305273880765,44.22437720935284
1814,Lekeberg,2024,55.77504066930049,1,40.78549848942598,47.25559534969602,46.88240804715595
1860,Laxå,2024,63.802323437211875,1,63.12534109514281,52.143018358059294,52.447340919249484
1861,Hallsberg,2024,62.220843672456574,1,62.5924100542139,54.77102954841922,54.99787469226322
1862,Degerfors,2024,53.2442336710498,1,52.7946991557123,48.90035403501622,48.799145775418495
1863,Hällefors,2024,48.093656067077994,1,60.20015396458815,64.40294546936238,64.4582555299248
1864,Ljusnarsberg,2024,62.485694666971845,1,53.551168595416385,62.2476594494041,61.61675056150264
1880,Örebro,2024,55.938553765455225,1,55.777292466802216,48.288512045077766,49.155446745027035
1881,Kumla,2024,61.196596270005735,1,58.35850062178007,58.6256231703112,58.75208389988603
1882,Askersund,2024,50.36159275071883,1,49.137480397281756,38.730346644597205,40.283608939025044
1883,Karlskoga,2024,43.40622929092114,1,46.991176762169125,45.14576256612952,45.088359136942216
1884,Nora,2024,51.32061283955259,1,51.94316363978545,55.667864456380755,55.24776014033554
1885,Lindesberg,2024,47.18897195453956,1,46.41078481882192,40.51646473495248,41.64963007827795
1904,Skinnskatteberg,2024,60.38533834586466,1,67.1573137074517,58.15403131033031,58.17653895348674
1907,Surahammar,2024,59.52260030472321,1,55.36541171733441,52.70978412018496,53.12414117392856
1960,Kungsör,2024,67.86289394985047,1,57.96598403332176,57.79426583594102,57.354065627520775
1961,Hallstahammar,2024,56.08599051222002,1,61.306593010688125,63.8387616363824,63.79659354083011
1962,Norberg,2024,59.244314013206164,1,62.17147000181258,58.64820789126259,58.84029925472815
1980,Västerås,2024,51.79476325061942,1,48.88451854542721,59.28236592759734,59.751647863410994
1981,Sala,2024,47.71702490916255,1,41.8763400866407,46.25193807219324,47.00451991769
1982,Fagersta,2024,54.77356181150551,1,59.29511420360006,68.65412123914393,68.62254178014057
1983,Köping,2024,44.46344591705857,1,47.00130879975364,48.31953402746416,49.57773899684642
1984,Arboga,2024,55.79399141630901,1,57.84887873160977,51.63833154966943,52.51386287618056
2021,Vansbro,2024,41.91350710900474,1,34.48275862068966,35.27717282939204,35.03824010784554
2023,Malung-Sälen,2024,52.66237565827969,1,51.461988304093566,17.356019451907343,19.334367253142716
2026,Gagnef,2024,46.22496147919877,1,40.939597315436245,51.148208624123015,50.81315163662067
2029,Leksand,2024,57.38365247567702,1,51.86062457146419,46.828391878598495,47.23184923209012
2031,Rättvik,2024,49.82724131660302,1,49.90038036587575,54.74643921786463,54.73727684224776
2034,Orsa,2024,52.10918114143921,1,59.64099594672843,47.89109403515107,47.92274495762466
2039,Älvdalen,2024,45.48096483580355,1,39.11098282580459,54.564877454356974,54.38769225927452
2061,Smedjebacken,2024,44.34999538020882,1,45.816915605241455,43.883182275807656,44.066893037228866
2062,Mora,2024,45.86173320350535,1,41.82898324892871,41.95351359370352,41.49564551600591
2080,Falun,2024,46.29243473183752,1,44.24365685326576,50.878725964257114,50.87802415368351
2081,Borlänge,2024,49.411764705882355,1,48.24586836764279,51.4446729360954,51.74851580216506
2082,Säter,2024,53.105230330571146,1,51.409766076669925,52.32446377577975,52.530144658470775
2083,Hedemora,2024,46.39748707545318,1,49.65786901270772,51.60622184369754,51.82028473750891
2084,Avesta,2024,39.74662086809118,1,38.588318023996834,45.567917455135216,46.04638318458945
2085,Ludvika,2024,57.89592250506871,1,51.43549731080979,46.80582351207386,46.373957436003394
2101,Ockelbo,2024,48.29396325459317,1,47.759638763459535,48.915575260191645,48.64032725750408
2104,Hofors,2024,46.22346729878246,1,42.1378280349904,53.43857977954889,53.88179887421866
2121,Ovanåker,2024,31.037827352085355,1,34.273318872017356,41.044772723552455,41.8680779441228
2132,Nordanstig,2024,51.176851651911036,1,49.83991462113127,46.83688438513656,46.94103490374614
2161,Ljusdal,2024,35.99891569531038,1,31.718631999136907,30.072885488782504,30.61954703050113
2180,Gävle,2024,47.68967044819816,1,44.38241316694355,45.44653114114027,45.738660060896706
2181,Sandviken,2024,46.53284671532847,1,39.73801387594491,43.95669503495617,44.86232508863547
2182,Söderhamn,2024,33.65247504583418,1,30.935714860407113,39.673349858765675,40.610373112834836
2183,Bollnäs,2024,36.809815950920246,1,36.874384795941545,39.72578590940685,40.39822867151243
2184,Hudiksvall,2024,35.040503091025364,1,37.10984194448134,39.63756468576304,39.66338150440424
2260,Ånge,2024,44.228217602830604,1,42.156109342408605,40.02587998754217,41.49587735481492
2262,Timrå,2024,53.02208778037783,1,46.69327251995439,59.414523671381374,59.386633539995195
2280,Härnösand,2024,49.11278808892515,1,47.65960898839945,56.984206080431875,56.71903190894852
2281,Sundsvall,2024,38.233987561586304,1,36.527471198330865,49.72894131611241,50.26546928293769
2282,Kramfors,2024,53.055857298038994,1,45.94180704441041,31.85693573024247,31.68840576693271
2283,Sollefteå,2024,40.00869754294412,1,39.30248879771096,30.921733859253777,31.029081616087584
2284,Örnsköldsvik,2024,31.43769276554299,1,29.200764266916615,25.916224764644937,26.842009299589453
2303,Ragunda,2024,55.188495919160516,1,45.18013631937683,42.25126187950707,42.758207879247536
2305,Bräcke,2024,56.835128417564206,1,56.56665027053615,42.995586010073,43.610668908945506
2309,Krokom,2024,59.05612244897959,1,53.54280218018596,48.3749070557426,48.25577048278275
2313,Strömsund,2024,41.18660981583961,1,36.713758661027626,37.23344773384173,37.213134951794274
2321,Åre,2024,92.5707082643977,1,86.48908857509628,66.21606804707227,65.66180252804854
2326,Berg,2024,62.746201463140125,1,59.103641456582636,43.367711246162855,43.820044150707105
2361,Härjedalen,2024,61.13022113022113,1,57.26959093149335,29.972860767186262,31.096756006147082
2380,Östersund,2024,50.7086905000077,1,51.13977897997873,59.581482669976,59.419631647971926
2401,Nordmaling,2024,44.65571881302218,1,52.04038106071378,44.01947745709458,44.669088075777786
2403,Bjurholm,2024,61.04281475201356,1,51.959114139693355,53.84667559021244,53.194980112346975
2404,Vindeln,2024,50.396898652390625,1,45.96227797106757,51.79411915035672,52.133564046527965
2409,Robertsfors,2024,51.270553064275035,1,46.58753709198813,46.190706782464815,46.048891018252235
2417,Norsjö,2024,60.23185483870968,1,44.08766564729868,41.6071443772185,42.549840554156525
2418,Malå,2024,48.95340985820392,1,41.47157190635451,46.96283012955632,47.25086639908947
2421,Storuman,2024,46.799354491662186,1,44.29816758583882,41.311783960629555,40.51251134316244
2422,Sorsele,2024,44.97242257106491,1,46.9208211143695,48.98931665507064,47.86874890988008
2425,Dorotea,2024,44.46381865736704,1,38.47798204360838,39.56400511393656,40.60305776304964
2460,Vännäs,2024,53.43845816907578,1,69.21293741031019,56.11916062025884,55.947094071436304
2462,Vilhelmina,2024,42.54294429282389,1,34.32859651923998,38.600088064134354,37.52559713386999
2463,Åsele,2024,55.67928730512249,1,36.79175864606328,46.09799462909831,44.35057527878486
2480,Umeå,2024,58.45853600399258,1,55.20283114560714,64.24684857944061,64.45169869448814
2481,Lycksele,2024,37.712493810859876,1,42.41382133791861,39.731069417991876,39.809408239164036
2482,Skellefteå,2024,63.37811900191939,1,60.202241906404325,44.34186723466138,44.536336273406384
2505,Arvidsjaur,2024,48.612251601248154,1,49.56649762800589,30.69020935119653,30.774799559678705
2506,Arjeplog,2024,45.786841092727975,1,37.17899578382522,33.70592112050946,33.69935175207843
2510,Jokkmokk,2024,51.47840884918102,1,42.93570219966159,45.98414369067149,44.06250353528482
2513,Överkalix,2024,56.54482974070603,1,50.284629981024665,37.9148213061535,37.229679496545245
2514,Kalix,2024,38.33409135208888,1,38.27104907699235,43.444544267598815,44.46959892397152
2518,Övertorneå,2024,56.44564949470052,1,48.18982387475538,47.39942484862189,47.80387848912595
2521,Pajala,2024,46.781628820215126,1,50.928291602793394,39.817832706989236,40.54134195259761
2523,Gällivare,2024,37.71833110891893,1,36.410848240046164,30.258269006258672,32.05528388814709
2560,Älvsbyn,2024,48.75225109338822,1,46.64011306694077,43.59168690176631,44.6031301755056
2580,Luleå,2024,51.74210559357147,1,47.73666700272205,48.38694874440705,49.173440938424804
2581,Piteå,2024,36.28053808278559,1,32.94445494048744,37.44224228793536,39.02104823904675
2582,Boden,2024,54.04827266569218,1,48.52735926707941,45.41930657472284,46.708038951644305
2583,Haparanda,2024,47.42651076385094,1,41.516835567178816,62.54465403211151,60.87301159638155
2584,Kiruna,2024,48.470525283153485,1,46.583158739357195,45.388364944459965,46.69525538751402
0114,Upplands Väsby,2024,86.95824970689347,2,98.70285372181202,87.21856389744477,86.97458730457906
0115,Vallentuna,2024,68.39602494376264,2,70.47553882996921,71.89005877828328,71.81390418632708
0117,Österåker,2024,66.52338963986583,2,59.717543930846965,64.13268857003868,64.4115460816931
0120,Värmdö,2024,64.88688753082448,2,66.32073246563887,68.55218881835239,68.31391966984184
0123,Järfälla,2024,113.36706014614953,2,99.65249623537588,94.67879278676406,94.1954439416543
0125,Ekerö,2024,59.910065721203736,2,54.04748680921966,60.07467522231286,60.18975079990654
0126,Huddinge,2024,101.61499160134379,2,97.41046348314607,71.78106584411222,71.7332536548746
0127,Botkyrka,2024,89.1611490537511,2,86.26244874048038,79.84394317366085,79.95673776544582
0128,Salem,2024,80.42497286799566,2,77.13025041544897,85.155312418417,84.9205197672066
0136,Haninge,2024,84.09732890628871,2,89.88381068861464,83.10878364558425,83.15699151416008
0138,Tyresö,2024,64.7634152788792,2,60.66337217578752,66.55925859834244,66.83676119844993
0139,Upplands-Bro,2024,100.34075696726299,2,104.33550057005516,80.2309094779772,79.90178139335956
0140,Nykvarn,2024,78.43137254901961,2,88.6264144709672,97.53776802667383,97.35913371193396
0160,Täby,2024,86.32177402757769,2,87.94860434204696,93.76119473874328,93.96510703722029
0162,Danderyd,2024,94.64919043947572,2,83.09941700854438,71.58545535166036,72.90398035622454
0163,Sollentuna,2024,102.61001752035453,2,100.95064461518427,85.11246934782423,84.91393992704604
0180,Stockholm,2024,72.29899535343431,2,69.08386024270358,59.59455967130873,60.29626545133259
0181,Södertälje,2024,68.67098755235106,2,69.26520937582302,72.88419164779984,72.82627463403024
0182,Nacka,2024,83.01519908662766,2,80.84387117767754,82.56634377596495,82.63092821284421
0183,Sundbyberg,2024,135.67544514340548,2,154.6000858491916,109.62257815972993,108.64283429130799
0184,Solna,2024,137.43020666985277,2,136.56263900920095,97.79919185311456,96.6791943051915
0186,Lidingö,2024,79.58327304297497,2,71.26893469083686,66.72193644340817,68.0481415105334
0187,Vaxholm,2024,64.62527491118254,2,57.96733519505797,84.29774305382054,83.84008243433257
0188,Norrtälje,2024,58.031088082901555,2,50.58537327048806,51.33828985747974,51.74393484817352
0191,Sigtuna,2024,92.880019709288,2,97.4699689695216,84.10112876478041,83.74311857915453
0192,Nynäshamn,2024,76.09797573498152,2,73.33971165583452,74.20522266038196,74.13958983622197
0305,Håbo,2024,64.42345361946633,2,67.72873683294159,62.590043582221455,63.13313897689477
0319,Älvkarleby,2024,58.94053601340033,2,53.2804011700794,59.81950050098192,59.51914569276003
0330,Knivsta,2024,88.42542348888784,2,88.82881143188182,94.85848491681219,94.18500472685382
0331,Heby,2024,63.088184036249565,2,57.031304469079,59.16322951195164,59.085968984070725
0360,Tierp,2024,53.78127369219106,2,51.29052045486717,55.83603658984302,56.20115621674817
0380,Uppsala,2024,68.49154893232695,2,68.82594393650974,83.15647708310067,83.30896870424544
0381,Enköping,2024,56.80064209421498,2,59.0159860846517,64.03957655710929,64.52974509744857
0382,Östhammar,2024,43.27400849218538,2,41.94479523723616,42.93323948362661,43.85327709235293
0428,Vingåker,2024,51.42857142857143,2,59.84643179765131,46.37316475432044,46.723721473323735
0461,Gnesta,2024,54.459766102286615,2,55.38194444444444,67.53170178910037,67.1175167563421
0480,Nyköping,2024,50.716440422322776,2,50.92783505154639,51.14478696698478,51.07149710808817
0481,Oxelösund,2024,58.5155016208129,2,63.93523872459937,70.12466557394453,70.15619121497274
0482,Flen,2024,61.580523369352946,2,59.548123563952004,56.80087317645717,57.01074326241763
0483,Katrineholm,2024,51.47274111377877,2,48.071320358932525,51.59767837225715,52.20123463101782
0484,Eskilstuna,2024,41.94845293508577,2,42.086946812074295,57.58667955606944,57.85968007289801
0486,Strängnäs,2024,62.01510950576145,2,62.26070868772002,69.85403858079448,70.21402534159002
0488,Trosa,2024,60.7623769009178,2,61.1353711790393,77.57825300691627,77.0683900801778
0509,Ödeshög,2024,52.12908153523009,2,54.55578708088653,48.91032913791014,49.246153647911356
0512,Ydre,2024,57.36348593491451,2,47.01677206488864,46.95764767413516,46.69636142987289
0513,Kinda,2024,47.403836496936826,2,41.43314651721377,40.6192513069081,41.13562844595117
0560,Boxholm,2024,53.47108936015951,2,50.87814593518016,61.36715473090197,61.097044134614876
0561,Åtvidaberg,2024,49.2718234935031,2,42.4956369982548,40.15114537733206,40.722837847800676
0562,Finspång,2024,51.750450908754566,2,48.6770535631972,47.24778522019818,47.67612195830158
0563,Valdemarsvik,2024,67.77408637873754,2,57.81726561463997,47.542335751242035,48.07418778143409
0580,Linköping,2024,58.815127800755796,2,58.523093832883326,56.657463168561804,56.96749615347278
0581,Norrköping,2024,42.17823148020417,2,42.517721457947275,51.50725853039677,52.150056587712314
0582,Söderköping,2024,54.702819663263234,2,56.16465998520213,51.15902363997736,51.386734365588474
0583,Motala,2024,35.674060452821514,2,38.19063300402488,42.866750682447616,43.59585437062643
0584,Vadstena,2024,66.08811748998664,2,56.90072639225182,54.2192229784535,54.403702612150994
0586,Mjölby,2024,49.137480397281756,2,47.837346024636055,51.95347931076961,52.481483228055886
0604,Aneby,2024,45.461232896866264,2,49.76649153531815,53.80218094623754,53.95978959674892
0617,Gnosjö,2024,43.04019274997262,2,46.398442569759894,42.66960754419779,43.5437109014765
0642,Mullsjö,2024,53.19989465367395,2,57.542563019664776,62.092279087904075,61.71580381715348
0643,Habo,2024,48.67717003567182,2,45.87570621468927,59.09744835880181,58.65521698766827
0662,Gislaved,2024,41.02156483273431,2,39.9462328531054,31.434271417261016,32.28863905814552
0665,Vaggeryd,2024,47.284991568296796,2,43.95381810816285,44.988992526894094,45.53161142553972
0680,Jönköping,2024,52.90747287577715,2,50.15017685976423,51.74877341809207,52.329825520920984
0682,Nässjö,2024,51.69848355336056,2,51.50404448938322,46.18888164570859,46.82889609164701
0683,Värnamo,2024,39.02495512709166,2,41.76179879194243,40.756857312348416,41.42005441036425
0684,Sävsjö,2024,47.91144166738736,2,45.080562221460404,51.834510375874004,52.43628030722417
0685,Vetlanda,2024,41.33972682359779,2,38.65735689868354,29.890445514806004,31.065117122039027
0686,Eksjö,2024,56.26124100719424,2,50.140845070422536,52.56066608131081,53.11849444650164
0687,Tranås,2024,45.36658783057407,2,47.50733137829912,51.50224317314465,52.11986799059787
0760,Uppvidinge,2024,48.890850899459224,2,55.057756666306815,46.83351431382107,47.161031282682075
0761,Lessebo,2024,65.74978887682471,2,65.81155598177895,62.22903685903424,62.12359747720452
0763,Tingsryd,2024,55.57412669229483,2,53.55820649938297,45.287305406963696,45.96130340363995
0764,Alvesta,2024,49.167927382753405,2,54.34131736526946,45.440872872677005,45.92104787935133
0765,Älmhult,2024,48.09380841783266,2,50.07807271916128,51.4521831840253,50.879554707536684
0767,Markaryd,2024,51.519420406520425,2,63.51726875744343,44.55875071675513,44.85761533929782
0780,Växjö,2024,60.192812252120326,2,56.95164695513149,60.716252676495685,61.09297662918113
0781,Ljungby,2024,37.41159830268741,2,39.11107970604861,38.85803611239493,39.34745210851114
0821,Högsby,2024,62.9580905844766,2,58.29349025376977,59.96907670088379,59.487550131458974
0834,Torsås,2024,54.266895761741125,2,51.69951442445016,55.277059546544706,54.87085700116046
0840,Mörbylånga,2024,56.15138067061144,2,62.37611496531219,63.30672600473943,62.57651035388208
0860,Hultsfred,2024,45.71052439113581,2,46.74782107613628,47.4905094822638,47.63885713478028
0861,Mönsterås,2024,49.276914836636315,2,45.45454545454545,47.75927157136476,47.78697323444259
0862,Emmaboda,2024,48.19009549189429,2,40.746466431095406,48.61127380355546,48.852281154434266
0880,Kalmar,2024,59.281470070422536,2,58.585970347422,58.01916747931517,58.071294600036246
0881,Nybro,2024,48.568994035386694,2,49.14370811615785,43.23276709895174,43.46173847403038
0882,Oskarshamn,2024,43.30869516770048,2,38.0786091091463,40.196822859606414,40.56011079842237
0883,Västervik,2024,38.302192224325736,2,35.708404237799854,38.033832020097634,38.00561058528655
0884,Vimmerby,2024,41.34165366614665,2,40.61832999159175,36.438238900766066,37.229201763951224
0885,Borgholm,2024,55.87849240577536,2,57.778191291403054,63.325993260767376,62.93400239598348
0980,Gotland,2024,43.430483344540846,2,43.585836241786694,54.16640392791851,53.593195270556166
1060,Olofström,2024,49.84615384615385,2,49.38366128167828,58.361721944142545,58.52015339090391
1080,Karlskrona,2024,42.97069425800516,2,44.068051791629024,46.23005229595981,46.31437361733052
1081,Ronneby,2024,39.69938415503984,2,44.86406395368871,45.32776704219691,45.43153038818973
1082,Karlshamn,2024,38.73893735630374,2,36.379547443430425,55.07097554193152,55.13638756944834
1083,Sölvesborg,2024,45.840504876649455,2,47.38197424892704,50.220428865839494,50.42298130879627
1214,Svalöv,2024,76.18785670081826,2,75.77007700770076,65.33409048561887,64.94408019231867
1230,Staffanstorp,2024,67.42848771197305,2,72.33352975839718,59.34565616645665,59.32670881213511
1231,Burlöv,2024,105.46738968210536,2,100.7357387623463,84.10746447013634,83.33309761489176
1233,Vellinge,2024,54.68584726041887,2,50.21463776564736,43.692667152466015,44.83831730770378
1256,Östra Göinge,2024,57.08971240520818,2,62.10313306817389,57.545844258015336,57.78294046686501
1257,Örkelljunga,2024,58.7720151795271,2,62.302309977954565,53.8848376602254,53.95815997517209
1260,Bjuv,2024,86.6437284954645,2,94.75200400801603,67.19226100206893,66.9453366979325
1261,Kävlinge,2024,51.91366197616775,2,46.09929078014184,49.493495828349296,49.71089332640926
1262,Lomma,2024,60.20635241756018,2,52.097291590530716,70.34274507483192,70.39411076681155
1263,Svedala,2024,59.793901870149696,2,56.58287175117171,64.93337728179807,64.685866028184
1264,Skurup,2024,70.35499151997193,2,68.44196666864362,63.055224879987406,63.214884350991184
1265,Sjöbo,2024,59.78176552722759,2,60.81185368112363,51.504429540805006,51.49146687119354
1266,Hörby,2024,61.23891530651587,2,63.26596085980109,55.791962963172466,55.707827827691304
1267,Höör,2024,67.81596072611029,2,65.7803867403315,65.88619331172,65.50415399130985
1270,Tomelilla,2024,71.19290270547694,2,60.02928257686676,55.291513085937765,55.18321490474737
1272,Bromölla,2024,55.33279871692061,2,51.9283085293647,61.314583515675366,60.97092490242354
1273,Osby,2024,49.27782497875956,2,54.7077674347627,53.07237632630395,53.08790456389433
1275,Perstorp,2024,74.91361437456807,2,87.12276389457872,80.59812565972598,80.02330808401842
1276,Klippan,2024,68.36400587106243,2,70.52982000789935,66.469652018207,66.31465623733243
1277,Åstorp,2024,86.44902425679372,2,89.92587191639325,68.4123650910959,68.12900637128266
1278,Båstad,2024,72.94396605516036,2,78.36852689793866,71.81164614540825,71.72205593821184
1280,Malmö,2024,65.58565161742023,2,66.27123184023549,77.22380168375986,76.89171984900875
1281,Lund,2024,96.20031917318946,2,100.3622743460641,103.46695529293297,102.80120691903045
1282,Landskrona,2024,62.75761483015916,2,61.144821148215726,69.86766239535689,69.93541005414343
1283,Helsingborg,2024,62.35740444865245,2,59.4027996246018,65.16366855952475,65.38238960554287
1284,Höganäs,2024,60.4994723883222,2,53.55939417585925,65.4780876452678,65.42227870125362
1285,Eslöv,2024,73.07714334803276,2,70.8842559309849,70.9626678223704,70.70882469912745
1286,Ystad,2024,57.34130692082477,2,57.62903074175049,63.1636691911537,63.44993323848884
1287,Trelleborg,2024,56.9717996995917,2,53.49838077381967,59.2514980582074,59.73646915619871
1290,Kristianstad,2024,45.32351613239329,2,45.19408502772643,38.07622910906446,38.23590620808811
1291,Simrishamn,2024,59.76707252514558,2,58.168969517983335,56.78830900675629,56.661228000699694
1292,Ängelholm,2024,52.64908002660164,2,60.758703695448666,56.26254529081402,56.78562755330092
1293,Hässleholm,2024,49.64117127835131,2,50.286173694990524,50.141233870680395,50.32529493136185
1315,Hylte,2024,52.177324440957236,2,53.7916302553646,48.51894221616186,48.38269345209298
1380,Halmstad,2024,50.41288035896083,2,53.158909599606794,49.26543306499951,49.53191075489451
1381,Laholm,2024,52.03985711599925,2,55.072463768115945,48.12364838752296,48.33034178288277
1382,Falkenberg,2024,42.292498468428505,2,41.41547083297954,50.91049177953215,51.53431247675997
1383,Varberg,2024,41.88504415810048,2,39.88291255031101,62.56490035611694,63.21348379760275
1384,Kungsbacka,2024,45.23731816486386,2,42.06507652971875,41.056732990324235,42.14514585754706
1401,Härryda,2024,61.045421593380496,2,62.1692789968652,59.80805693550022,59.451258483852925
1402,Partille,2024,85.31417437895762,2,92.02062361895409,76.46912747234157,76.11235955574142
1407,Öckerö,2024,46.98144233027954,2,46.1814494110305,57.4043271087522,57.6525469811902
1415,Stenungsund,2024,52.8885856881261,2,50.247649127844376,52.312424213334964,52.389437593881
1419,Tjörn,2024,47.91200596569724,2,48.24724389941781,61.154276884808354,60.76337945462581
1421,Orust,2024,56.34445023449713,2,48.522793973782036,52.76165013698878,52.64013675043868
1427,Sotenäs,2024,58.54569420035149,2,50.92797171895714,47.30926868144195,47.70940766995175
1430,Munkedal,2024,45.87598995557273,2,51.513997333841175,52.87575682339897,52.699916418358406
1435,Tanum,2024,48.539888827996556,2,51.45744267392149,53.340998734756454,53.25164672985752
1438,Dals-Ed,2024,45.15848892748589,2,44.29005644811116,56.94256300288194,56.83774680151923
1439,Färgelanda,2024,55.20702634880803,2,55.17562946844887,59.66656835687448,59.41486822820194
1440,Ale,2024,58.662819253438116,2,60.8395487887567,58.282469209938824,58.31452004149276
1441,Lerum,2024,47.07367454670645,2,50.83970164279504,57.66627963418591,57.54989229923303
1442,Vårgårda,2024,60.36556036556036,2,54.82881136950905,60.70821739434069,60.57596722199478
1443,Bollebygd,2024,63.2523974699041,2,66.57762252131923,63.87649966443615,63.76367278884524
1444,Grästorp,2024,60.84608460846085,2,50.6920726226856,49.3962210803013,49.568795900171565
1445,Essunga,2024,47.302158273381295,2,54.1018387553041,52.56145109345252,52.67649787753643
1446,Karlsborg,2024,45.84935212871992,2,54.8081008355757,56.72212516688282,56.72427216780582
1447,Gullspång,2024,62.41303915722521,2,66.028521195546,60.47515137167784,60.028603836441434
1452,Tranemo,2024,52.200354759692544,2,49.987376925018935,42.4676188254698,42.753574135502205
1460,Bengtsfors,2024,52.44601145879242,2,49.35434449551324,49.46729912144232,49.81454684548237
1461,Mellerud,2024,44.74149359257623,2,53.46426623022368,60.56907021549807,60.32222437098753
1462,Lilla Edet,2024,66.95748511286526,2,69.31928462498267,57.82745211812835,57.573372415643426
1463,Mark,2024,40.79078367230835,2,44.86071357723807,48.410043232879275,48.712498348444115
1465,Svenljunga,2024,61.13333953661487,2,62.459336369551075,49.29605802224023,49.499336143288694
1466,Herrljunga,2024,56.22828261556281,2,54.12562228577481,61.4678517526703,61.629429731064114
1470,Vara,2024,50.34808552958727,2,48.48748910743184,41.98910761250795,42.6035488044683
1471,Götene,2024,50.12795423754328,2,47.05704342563171,47.62202365843132,47.489992769753535
1472,Tibro,2024,54.06597283471512,2,51.182492057889164,56.62186583651527,56.64440784389018
1473,Töreboda,2024,51.531571381178814,2,50.97910513072968,50.871177233775455,50.88313091544845
1480,Göteborg,2024,62.893990571320195,2,64.56660095002448,62.14819853489274,62.614866542117895
1481,Mölndal,2024,88.01456174740969,2,82.5133977939717,82.12727265669147,81.50139853465595
1482,Kungälv,2024,57.480174110070955,2,61.564728331826856,70.70777047665064,70.6148297624396
1484,Lysekil,2024,48.39289566405407,2,40.017180900565535,38.533999938838974,39.10944856875403
1485,Uddevalla,2024,45.83406419926329,2,44.43860110439127,47.69093875907754,47.86622804639545
1486,Strömstad,2024,57.409879839786385,2,63.14930246363906,79.71617142488154,79.79149219010401
1487,Vänersborg,2024,54.36927149671587,2,54.88353493951814,51.18184296327826,51.25459206116477
1488,Trollhättan,2024,55.77682490720811,2,52.57901240837608,52.10311546703949,52.22943912081542
1489,Alingsås,2024,50.37217358737887,2,47.520173658628664,55.234809714802225,55.67253602563884
1490,Borås,2024,49.34187617522112,2,48.877757609606256,45.02761908490561,45.53063399931757
1491,Ulricehamn,2024,42.30538322993796,2,45.72089129828198,47.957423260282724,48.423611918732554
1492,Åmål,2024,47.707038467999325,2,44.22788605697151,51.578064781124795,51.94677543355819
1493,Mariestad,2024,42.142944311109304,2,39.27455674118554,57.253545530907616,57.39914782440355
1494,Lidköping,2024,36.48732220160792,2,36.73006240903821,45.475664002554424,45.70904565521655
1495,Skara,2024,61.42085850216497,2,59.8263107108395,60.90963624762355,61.41600131951577
1496,Skövde,2024,56.10828519699974,2,56.19514221906757,49.4517681021498,50.070027757428164
1497,Hjo,2024,53.68983957219251,2,50.118816158997625,53.519520075490874,53.741321094196586
1498,Tidaholm,2024,40.53104256149941,2,40.42370901160527,52.69015302530988,53.0231134864124
1499,Falköping,2024,45.02225202706822,2,43.89075808553848,43.228145705051475,44.201809954320225
1715,Kil,2024,46.5964679545643,2,43.938767066611504,53.27255748005942,53.02051539880589
1730,Eda,2024,46.837850689491205,2,49.77056124249912,49.44992702625052,49.480474465680246
1737,Torsby,2024,41.33910431940641,2,42.76806885044349,24.345345320222634,24.84674646326806
1760,Storfors,2024,68.63780359028512,2,50.51302288871349,48.23368280313389,48.47858857979738
1761,Hammarö,2024,54.67278719397363,2,55.548996458087366,67.9103214821549,66.91853366516766
1762,Munkfors,2024,67.86206896551724,2,68.95611883346962,57.661331546423526,57.6913095752998
1763,Forshaga,2024,56.16319444444444,2,58.67568036054776,54.256118298100546,54.11095955905493
1764,Grums,2024,52.97645490892936,2,58.187037650436125,51.10803130734328,51.204873273976915
1765,Årjäng,2024,40.10178117048346,2,36.59152936419691,44.21679050888565,44.73300685396585
1766,Sunne,2024,50.314465408805034,2,46.461170133173724,52.59434727550948,52.8667109614928
1780,Karlstad,2024,63.262101871864935,2,62.139397118262316,59.46918732729091,59.79190550589851
1781,Kristinehamn,2024,46.556659370264356,2,41.06310618465802,57.48475345936214,57.434861653972085
1782,Filipstad,2024,46.03109656301146,2,43.35260115606936,59.95726948962289,60.00542637687061
1783,Hagfors,2024,42.56437204414083,2,44.55617198335645,58.229722054460524,58.02105900564735
1784,Arvika,2024,35.38575958038126,2,33.52542636866288,40.923164675642056,41.6900178204472
1785,Säffle,2024,45.17081683334452,2,38.305242821930584,44.34838188662599,44.900068644222955
1814,Lekeberg,2024,55.77504066930049,2,40.78549848942598,49.10909630512785,48.79231330827988
1860,Laxå,2024,63.802323437211875,2,63.12534109514281,53.03811027683341,53.30132541837034
1861,Hallsberg,2024,62.220843672456574,2,62.5924100542139,56.124138839350934,56.32646921359026
1862,Degerfors,2024,53.2442336710498,2,52.7946991557123,49.89439485495319,49.98800658046616
1863,Hällefors,2024,48.093656067077994,2,60.20015396458815,66.41890666392743,66.28878348247196
1864,Ljusnarsberg,2024,62.485694666971845,2,53.551168595416385,63.5826625513221,63.38101280845356
1880,Örebro,2024,55.938553765455225,2,55.777292466802216,47.290407627745424,47.874965897669796
1881,Kumla,2024,61.196596270005735,2,58.35850062178007,58.96022364160211,59.190321800544005
1882,Askersund,2024,50.36159275071883,2,49.137480397281756,39.706319896682544,40.56413783881885
1883,Karlskoga,2024,43.40622929092114,2,46.991176762169125,45.04039879870646,45.03442318053971
1884,Nora,2024,51.32061283955259,2,51.94316363978545,56.42225464950653,56.24048336471694
1885,Lindesberg,2024,47.18897195453956,2,46.41078481882192,41.54699462667969,42.18257044005393
1904,Skinnskatteberg,2024,60.38533834586466,2,67.1573137074517,59.353592302134246,59.45854622690109
1907,Surahammar,2024,59.52260030472321,2,55.36541171733441,53.888875659288146,54.10070820490554
1960,Kungsör,2024,67.86289394985047,2,57.96598403332176,58.62732157652832,58.512042928871686
1961,Hallstahammar,2024,56.08599051222002,2,61.306593010688125,64.31677979208453,64.48752310206838
1962,Norberg,2024,59.244314013206164,2,62.17147000181258,58.685353223995776,58.991723422177586
1980,Västerås,2024,51.79476325061942,2,48.88451854542721,58.90515376484305,59.277512282098385
1981,Sala,2024,47.71702490916255,2,41.8763400866407,47.31866882776916,47.79625884810427
1982,Fagersta,2024,54.77356181150551,2,59.29511420360006,69.93334526495931,69.88591866810472
1983,Köping,2024,44.46344591705857,2,47.00130879975364,48.307715810184845,49.08225845709347
1984,Arboga,2024,55.79399141630901,2,57.84887873160977,51.37850435206184,51.95095276794348
2021,Vansbro,2024,41.91350710900474,2,34.48275862068966,35.832731440122416,35.72225352808371
2023,Malung-Sälen,2024,52.66237565827969,2,51.461988304093566,18.869743067542572,20.022793610799155
2026,Gagnef,2024,46.22496147919877,2,40.939597315436245,54.024477410567414,53.78644969793329
2029,Leksand,2024,57.38365247567702,2,51.86062457146419,48.07075550767513,48.22173501041725
2031,Rättvik,2024,49.82724131660302,2,49.90038036587575,56.16478292816808,56.178297636981874
2034,Orsa,2024,52.10918114143921,2,59.64099594672843,49.26596605736364,49.19401561983238
2039,Älvdalen,2024,45.48096483580355,2,39.11098282580459,57.373904348516675,57.429037862421396
2061,Smedjebacken,2024,44.34999538020882,2,45.816915605241455,45.36254924521853,45.43740765506879
2062,Mora,2024,45.86173320350535,2,41.82898324892871,42.56226622090617,42.24530383564971
2080,Falun,2024,46.29243473183752,2,44.24365685326576,50.60666103292928,50.684126777214274
2081,Borlänge,2024,49.411764705882355,2,48.24586836764279,51.981578698149974,52.13010906370406
2082,Säter,2024,53.105230330571146,2,51.409766076669925,53.180048165145394,53.444649193451454
2083,Hedemora,2024,46.39748707545318,2,49.65786901270772,52.49055753118,52.644028332641156
2084,Avesta,2024,39.74662086809118,2,38.588318023996834,45.65764361089015,45.972486915524485
2085,Ludvika,2024,57.89592250506871,2,51.43549731080979,46.23130664010898,46.0845894865332
2101,Ockelbo,2024,48.29396325459317,2,47.759638763459535,49.95050289179363,50.16472335169899
2104,Hofors,2024,46.22346729878246,2,42.1378280349904,54.737469810849745,55.015488330489205
2121,Ovanåker,2024,31.037827352085355,2,34.273318872017356,41.431324762172835,42.011418002072205
2132,Nordanstig,2024,51.176851651911036,2,49.83991462113127,48.493281219498954,48.55797912005647
2161,Ljusdal,2024,35.99891569531038,2,31.718631999136907,30.341055438941225,30.612233740617533
2180,Gävle,2024,47.68967044819816,2,44.38241316694355,45.194927486125664,45.36042026045047
2181,Sandviken,2024,46.53284671532847,2,39.73801387594491,44.86465040596727,45.3484681274756
2182,Söderhamn,2024,33.65247504583418,2,30.935714860407113,40.40642729613813,40.899221205905796
2183,Bollnäs,2024,36.809815950920246,2,36.874384795941545,40.026356411036545,40.39586149329689
2184,Hudiksvall,2024,35.040503091025364,2,37.10984194448134,38.914316758076495,39.015501445354616
2260,Ånge,2024,44.228217602830604,2,42.156109342408605,40.76711066765466,41.677185432730845
2262,Timrå,2024,53.02208778037783,2,46.69327251995439,60.46643215230452,60.57089751897134
2280,Härnösand,2024,49.11278808892515,2,47.65960898839945,57.25301308093765,57.204222990801725
2281,Sundsvall,2024,38.233987561586304,2,36.527471198330865,49.325028141904085,49.64795480581526
2282,Kramfors,2024,53.055857298038994,2,45.94180704441041,32.10334907225706,32.01935800978885
2283,Sollefteå,2024,40.00869754294412,2,39.30248879771096,30.898882339272575,30.998436153874724
2284,Örnsköldsvik,2024,31.43769276554299,2,29.200764266916615,25.582025822580363,26.11740158902382
2303,Ragunda,2024,55.188495919160516,2,45.18013631937683,43.94479785562311,44.174669624582734
2305,Bräcke,2024,56.835128417564206,2,56.56665027053615,44.21611738438543,44.626657126592825
2309,Krokom,2024,59.05612244897959,2,53.54280218018596,50.3810056665626,50.271315745733816
2313,Strömsund,2024,41.18660981583961,2,36.713758661027626,37.91829418004943,37.938809506526255
2321,Åre,2024,92.5707082643977,2,86.48908857509628,68.48400256347583,67.95757039319705
2326,Berg,2024,62.746201463140125,2,59.103641456582636,46.5340391314939,46.46328565908941
2361,Härjedalen,2024,61.13022113022113,2,57.26959093149335,32.115612027048485,32.58254919642154
2380,Östersund,2024,50.7086905000077,2,51.13977897997873,58.98525149972636,58.9130167447539
2401,Nordmaling,2024,44.65571881302218,2,52.04038106071378,44.999971509909585,45.48887370496717
2403,Bjurholm,2024,61.04281475201356,2,51.959114139693355,55.536320241106694,55.34195387845644
2404,Vindeln,2024,50.396898652390625,2,45.96227797106757,53.21441803701538,53.46693780828112
2409,Robertsfors,2024,51.270553064275035,2,46.58753709198813,48.11554282504255,48.05498486142535
2417,Norsjö,2024,60.23185483870968,2,44.08766564729868,41.93537979886139,42.605409348111074
2418,Malå,2024,48.95340985820392,2,41.47157190635451,47.61449117359291,47.82529326404705
2421,Storuman,2024,46.799354491662186,2,44.29816758583882,41.7981767056159,41.259800249248855
2422,Sorsele,2024,44.97242257106491,2,46.9208211143695,49.4791097589771,48.851602760759064
2425,Dorotea,2024,44.46381865736704,2,38.47798204360838,39.45166085608781,40.046326764757346
2460,Vännäs,2024,53.43845816907578,2,69.21293741031019,56.0266428599904,56.12046898540466
2462,Vilhelmina,2024,42.54294429282389,2,34.32859651923998,38.42148716343718,37.86847846864346
2463,Åsele,2024,55.67928730512249,2,36.79175864606328,45.58304852377512,44.83429169775374
2480,Umeå,2024,58.45853600399258,2,55.20283114560714,63.65752362364731,63.8747394037943
2481,Lycksele,2024,37.712493810859876,2,42.41382133791861,37.746691036157756,38.01532299086454
2482,Skellefteå,2024,63.37811900191939,2,60.202241906404325,43.80723887719279,44.013036044204924
2505,Arvidsjaur,2024,48.612251601248154,2,49.56649762800589,28.875085936115227,29.046261625769798
2506,Arjeplog,2024,45.786841092727975,2,37.17899578382522,33.101904579341124,33.0913223440034
2510,Jokkmokk,2024,51.47840884918102,2,42.93570219966159,46.118970897673705,45.10585633383525
2513,Överkalix,2024,56.54482974070603,2,50.284629981024665,37.509126461849064,37.132558433586745
2514,Kalix,2024,38.33409135208888,2,38.27104907699235,44.59290126598313,45.109970303857494
2518,Övertorneå,2024,56.44564949470052,2,48.18982387475538,47.57044264836105,47.932079141899756
2521,Pajala,2024,46.781628820215126,2,50.928291602793394,40.90688415160713,41.26358765929001
2523,Gällivare,2024,37.71833110891893,2,36.410848240046164,28.47545990829576,29.53939947850932
2560,Älvsbyn,2024,48.75225109338822,2,46.64011306694077,44.028595277952434,44.73639833171945
2580,Luleå,2024,51.74210559357147,2,47.73666700272205,47.55075012170573,48.04881905973851
2581,Piteå,2024,36.28053808278559,2,32.94445494048744,37.409090561019866,38.25820139887793
2582,Boden,2024,54.04827266569218,2,48.52735926707941,45.402188341232545,46.20443524040005
2583,Haparanda,2024,47.42651076385094,2,41.516835567178816,62.03515463795608,61.344038017875235
2584,Kiruna,2024,48.470525283153485,2,46.583158739357195,43.37175189864689,44.30219245077338
0114,Upplands Väsby,2024,86.95824970689347,3,98.70285372181202,89.46570548075644,89.30821994672353
0115,Vallentuna,2024,68.39602494376264,3,70.47553882996921,72.490205283357,72.4910442371145
0117,Österåker,2024,66.52338963986583,3,59.717543930846965,62.76578585202583,62.99044358551258
0120,Värmdö,2024,64.88688753082448,3,66.32073246563887,68.24207007284568,68.08292577431932
0123,Järfälla,2024,113.36706014614953,3,99.65249623537588,86.88430412124578,86.69629503055165
0125,Ekerö,2024,59.910065721203736,3,54.04748680921966,62.359830753761,62.41645996451002
0126,Huddinge,2024,101.61499160134379,3,97.41046348314607,72.80322679706887,72.80808721715283
0127,Botkyrka,2024,89.1611490537511,3,86.26244874048038,82.29274357948239,82.3649428849923
0128,Salem,2024,80.42497286799566,3,77.13025041544897,84.05717548440614,83.92084052498936
0136,Haninge,2024,84.09732890628871,3,89.88381068861464,83.59818440089404,83.75260096363345
0138,Tyresö,2024,64.7634152788792,3,60.66337217578752,68.03599368870269,68.20357333095662
0139,Upplands-Bro,2024,100.34075696726299,3,104.33550057005516,85.28232352056665,85.02230749699244
0140,Nykvarn,2024,78.43137254901961,3,88.6264144709672,91.75949356775678,91.7500746908889
0160,Täby,2024,86.32177402757769,3,87.94860434204696,87.18133743553028,87.50110558419006
0162,Danderyd,2024,94.64919043947572,3,83.09941700854438,76.65787616578305,77.50774061256799
0163,Sollentuna,2024,102.61001752035453,3,100.95064461518427,84.61072455706127,84.55806432195139
0180,Stockholm,2024,72.29899535343431,3,69.08386024270358,59.4317759551345,59.881040660884565
0181,Södertälje,2024,68.67098755235106,3,69.26520937582302,74.48025554080866,74.4369739171126
0182,Nacka,2024,83.01519908662766,3,80.84387117767754,83.1819325566131,83.29468979667698
0183,Sundbyberg,2024,135.67544514340548,3,154.6000858491916,107.68033485490253,107.06188820269637
0184,Solna,2024,137.43020666985277,3,136.56263900920095,99.81524373294891,99.05752500261303
0186,Lidingö,2024,79.58327304297497,3,71.26893469083686,70.84827487499783,71.6614609726653
0187,Vaxholm,2024,64.62527491118254,3,57.96733519505797,86.12404722888331,85.79104175905732
0188,Norrtälje,2024,58.031088082901555,3,50.58537327048806,53.66586024626366,53.96412015734941
0191,Sigtuna,2024,92.880019709288,3,97.4699689695216,90.36149144413301,90.12469712177753
0192,Nynäshamn,2024,76.09797573498152,3,73.33971165583452,71.01611161228533,70.96155407066462
0305,Håbo,2024,64.42345361946633,3,67.72873683294159,61.02028182763024,61.40535192056497
0319,Älvkarleby,2024,58.94053601340033,3,53.2804011700794,59.66899512745371,59.48193663219908
0330,Knivsta,2024,88.42542348888784,3,88.82881143188182,85.90677189568274,85.56618314408529
0331,Heby,2024,63.088184036249565,3,57.031304469079,57.674772479851214,57.583037753999314
0360,Tierp,2024,53.78127369219106,3,51.29052045486717,58.441144711349494,58.638372414576644
0380,Uppsala,2024,68.49154893232695,3,68.82594393650974,73.69131865565691,73.95693617161129
0381,Enköping,2024,56.80064209421498,3,59.0159860846517,55.18048971290625,55.59935324211641
0382,Östhammar,2024,43.27400849218538,3,41.94479523723616,42.56248738367208,43.16818568127946
0428,Vingåker,2024,51.42857142857143,3,59.84643179765131,44.83539503980171,45.09060271446818
0461,Gnesta,2024,54.459766102286615,3,55.38194444444444,70.0009376243361,69.59340654443275
0480,Nyköping,2024,50.716440422322776,3,50.92783505154639,50.602296370747695,50.52218655735514
0481,Oxelösund,2024,58.5155016208129,3,63.93523872459937,67.14454785966768,67.25582794066145
0482,Flen,2024,61.580523369352946,3,59.548123563952004,55.20320964152438,55.28433556568666
0483,Katrineholm,2024,51.47274111377877,3,48.071320358932525,49.67142769384856,50.10652885485901
0484,Eskilstuna,2024,41.94845293508577,3,42.086946812074295,47.92219063232693,48.1226253585439
0486,Strängnäs,2024,62.01510950576145,3,62.26070868772002,72.07533234975566,72.36879019914335
0488,Trosa,2024,60.7623769009178,3,61.1353711790393,75.24129002295805,74.84993682852516
0509,Ödeshög,2024,52.12908153523009,3,54.55578708088653,48.16450402729407,48.345485419367016
0512,Ydre,2024,57.36348593491451,3,47.01677206488864,47.06231242396038,46.869984871225874
0513,Kinda,2024,47.403836496936826,3,41.43314651721377,41.166600920459075,41.48854988698617
0560,Boxholm,2024,53.47108936015951,3,50.87814593518016,64.08456073988282,63.84812801289869
0561,Åtvidaberg,2024,49.2718234935031,3,42.4956369982548,39.68909430378511,40.05986467073262
0562,Finspång,2024,51.750450908754566,3,48.6770535631972,48.288344837357386,48.59586631872561
0563,Valdemarsvik,2024,67.77408637873754,3,57.81726561463997,42.31773268593429,42.67480296333862
0580,Linköping,2024,58.815127800755796,3,58.523093832883326,53.305414920178436,53.541998803912996
0581,Norrköping,2024,42.17823148020417,3,42.517721457947275,49.959996917107304,50.42122798410875
0582,Söderköping,2024,54.702819663263234,3,56.16465998520213,51.109294541947236,51.241799296238916
0583,Motala,2024,35.674060452821514,3,38.19063300402488,40.13185478087189,40.652751174535354
0584,Vadstena,2024,66.08811748998664,3,56.90072639225182,54.54035337602332,54.607383040622544
0586,Mjölby,2024,49.137480397281756,3,47.837346024636055,52.968958469640995,53.35058818827976
0604,Aneby,2024,45.461232896866264,3,49.76649153531815,53.44981318989653,53.5755395511899
0617,Gnosjö,2024,43.04019274997262,3,46.398442569759894,41.94035255986563,42.57336080067517
0642,Mullsjö,2024,53.19989465367395,3,57.542563019664776,60.58341108847483,60.333779384615276
0643,Habo,2024,48.67717003567182,3,45.87570621468927,58.290535120400875,58.02134007001852
0662,Gislaved,2024,41.02156483273431,3,39.9462328531054,31.450813240787,32.03863485127984
0665,Vaggeryd,2024,47.284991568296796,3,43.95381810816285,46.397796414073326,46.758161098022114
0680,Jönköping,2024,52.90747287577715,3,50.15017685976423,49.98012018920582,50.368007856107795
0682,Nässjö,2024,51.69848355336056,3,51.50404448938322,44.54703351706752,45.02767081724478
0683,Värnamo,2024,39.02495512709166,3,41.76179879194243,41.72732462530786,42.170352509792906
0684,Sävsjö,2024,47.91144166738736,3,45.080562221460404,51.382143072077355,51.8011691181355
0685,Vetlanda,2024,41.33972682359779,3,38.65735689868354,29.550801857260012,30.372181916157757
0686,Eksjö,2024,56.26124100719424,3,50.140845070422536,52.83003433153064,53.23503273873292
0687,Tranås,2024,45.36658783057407,3,47.50733137829912,47.09621155502873,47.563935540696576
0760,Uppvidinge,2024,48.890850899459224,3,55.057756666306815,44.778746185231,45.046345476608046
0761,Lessebo,2024,65.74978887682471,3,65.81155598177895,57.43367746425986,57.445973049760084
0763,Tingsryd,2024,55.57412669229483,3,53.55820649938297,43.26792272968754,43.794560502227284
0764,Alvesta,2024,49.167927382753405,3,54.34131736526946,41.60162600332512,42.01753671891579
0765,Älmhult,2024,48.09380841783266,3,50.07807271916128,48.92392990581973,48.50068778008905
0767,Markaryd,2024,51.519420406520425,3,63.51726875744343,46.010588431505596,46.22079541711597
0780,Växjö,2024,60.192812252120326,3,56.95164695513149,55.02889368133921,55.34124446520888
0781,Ljungby,2024,37.41159830268741,3,39.11107970604861,34.194472353904814,34.52266290643078
0821,Högsby,2024,62.9580905844766,3,58.29349025376977,58.26879591650882,58.03161547588319
0834,Torsås,2024,54.266895761741125,3,51.69951442445016,55.3636484676538,55.14038836922365
0840,Mörbylånga,2024,56.15138067061144,3,62.37611496531219,55.52361274832114,55.16869278177882
0860,Hultsfred,2024,45.71052439113581,3,46.74782107613628,42.71347410195057,42.84354451364419
0861,Mönsterås,2024,49.276914836636315,3,45.45454545454545,46.333802137772466,46.38564300736483
0862,Emmaboda,2024,48.19009549189429,3,40.746466431095406,47.81573455367223,48.02537519959007
0880,Kalmar,2024,59.281470070422536,3,58.585970347422,52.65265392281239,52.705211473411055
0881,Nybro,2024,48.568994035386694,3,49.14370811615785,40.622649805759465,40.81741822474951
0882,Oskarshamn,2024,43.30869516770048,3,38.0786091091463,41.87073539333005,42.03698860177404
0883,Västervik,2024,38.302192224325736,3,35.708404237799854,35.28005593876816,35.337497943275764
0884,Vimmerby,2024,41.34165366614665,3,40.61832999159175,35.219129190074966,35.677542828902105
0885,Borgholm,2024,55.87849240577536,3,57.778191291403054,49.528191845930394,49.424835125116815
0980,Gotland,2024,43.430483344540846,3,43.585836241786694,49.655596340708,49.39912814784675
1060,Olofström,2024,49.84615384615385,3,49.38366128167828,56.184461891127114,56.33885266755499
1080,Karlskrona,2024,42.97069425800516,3,44.068051791629024,44.09729279826735,44.152137831447405
1081,Ronneby,2024,39.69938415503984,3,44.86406395368871,41.101756258852504,41.234401667474046
1082,Karlshamn,2024,38.73893735630374,3,36.379547443430425,53.41518306462561,53.50691158508797
1083,Sölvesborg,2024,45.840504876649455,3,47.38197424892704,49.024411827257865,49.20580745842079
1214,Svalöv,2024,76.18785670081826,3,75.77007700770076,65.35473953677726,65.0852295748133
1230,Staffanstorp,2024,67.42848771197305,3,72.33352975839718,72.7073391752603,72.66687066091937
1231,Burlöv,2024,105.46738968210536,3,100.7357387623463,85.63437993234388,85.06800315992248
1233,Vellinge,2024,54.68584726041887,3,50.21463776564736,46.48420248620343,47.298125370306884
1256,Östra Göinge,2024,57.08971240520818,3,62.10313306817389,51.154573348928665,51.38066775785305
1257,Örkelljunga,2024,58.7720151795271,3,62.302309977954565,55.097926692897374,55.10687610236236
1260,Bjuv,2024,86.6437284954645,3,94.75200400801603,72.11354748258236,71.96350564346724
1261,Kävlinge,2024,51.91366197616775,3,46.09929078014184,52.68054090304412,52.81301392663385
1262,Lomma,2024,60.20635241756018,3,52.097291590530716,72.69178486670262,72.75007949178388
1263,Svedala,2024,59.793901870149696,3,56.58287175117171,65.00289055055975,64.85827611928651
1264,Skurup,2024,70.35499151997193,3,68.44196666864362,60.0482978328952,60.21003591092904
1265,Sjöbo,2024,59.78176552722759,3,60.81185368112363,52.800493706182124,52.795941011482554
1266,Hörby,2024,61.23891530651587,3,63.26596085980109,55.238114503537815,55.17866854599693
1267,Höör,2024,67.81596072611029,3,65.7803867403315,63.88336903332211,63.62617659731884
1270,Tomelilla,2024,71.19290270547694,3,60.02928257686676,53.219260198676636,53.14709757532464
1272,Bromölla,2024,55.33279871692061,3,51.9283085293647,57.31904332670854,57.16196668452746
1273,Osby,2024,49.27782497875956,3,54.7077674347627,50.80627023894405,50.88417799836311
1275,Perstorp,2024,74.91361437456807,3,87.12276389457872,80.30433430559725,79.92203683538962
1276,Klippan,2024,68.36400587106243,3,70.52982000789935,64.46219196886605,64.39764774217979
1277,Åstorp,2024,86.44902425679372,3,89.92587191639325,65.78678829867138,65.62578757659014
1278,Båstad,2024,72.94396605516036,3,78.36852689793866,57.761559905945376,57.853712747114606
1280,Malmö,2024,65.58565161742023,3,66.27123184023549,74.02264498458527,73.8637712064385
1281,Lund,2024,96.20031917318946,3,100.3622743460641,104.69596304579187,104.36411373402609
1282,Landskrona,2024,62.75761483015916,3,61.144821148215726,69.05263082123116,69.11900053504881
1283,Helsingborg,2024,62.35740444865245,3,59.4027996246018,61.63679641335199,61.858101913183
1284,Höganäs,2024,60.4994723883222,3,53.55939417585925,63.847679066317,63.8734815949152
1285,Eslöv,2024,73.07714334803276,3,70.8842559309849,69.71570370074565,69.59120600818972
1286,Ystad,2024,57.34130692082477,3,57.62903074175049,60.5966687081839,60.8215569621526
1287,Trelleborg,2024,56.9717996995917,3,53.49838077381967,54.42258594285735,54.821626743920966
1290,Kristianstad,2024,45.32351613239329,3,45.19408502772643,34.32567317382279,34.44381965008364
1291,Simrishamn,2024,59.76707252514558,3,58.168969517983335,54.397608289177924,54.35555205769757
1292,Ängelholm,2024,52.64908002660164,3,60.758703695448666,50.44221971422098,50.86458218577972
1293,Hässleholm,2024,49.64117127835131,3,50.286173694990524,46.52823506411087,46.74354552263241
1315,Hylte,2024,52.177324440957236,3,53.7916302553646,48.62947282517703,48.550767904144834
1380,Halmstad,2024,50.41288035896083,3,53.158909599606794,42.54245825304167,42.72763190533751
1381,Laholm,2024,52.03985711599925,3,55.072463768115945,42.336244804410285,42.608669307788034
1382,Falkenberg,2024,42.292498468428505,3,41.41547083297954,48.304971502613625,48.791978888444355
1383,Varberg,2024,41.88504415810048,3,39.88291255031101,46.22944457387217,46.826386318814905
1384,Kungsbacka,2024,45.23731816486386,3,42.06507652971875,42.015845872893124,42.792756307759575
1401,Härryda,2024,61.045421593380496,3,62.1692789968652,61.245236235074856,61.007352762277314
1402,Partille,2024,85.31417437895762,3,92.02062361895409,79.05118275038345,78.79871677046441
1407,Öckerö,2024,46.98144233027954,3,46.1814494110305,56.4939177449873,56.66855123720957
1415,Stenungsund,2024,52.8885856881261,3,50.247649127844376,49.814592375491145,49.859982655493596
1419,Tjörn,2024,47.91200596569724,3,48.24724389941781,73.14081127920636,72.86314337412745
1421,Orust,2024,56.34445023449713,3,48.522793973782036,49.600588355368615,49.5247181821766
1427,Sotenäs,2024,58.54569420035149,3,50.92797171895714,45.05905464049033,45.347952634442066
1430,Munkedal,2024,45.87598995557273,3,51.513997333841175,53.73170426578548,53.6295027535427
1435,Tanum,2024,48.539888827996556,3,51.45744267392149,46.034620448067415,46.05899509403257
1438,Dals-Ed,2024,45.15848892748589,3,44.29005644811116,56.57123112844806,56.50472821068305
1439,Färgelanda,2024,55.20702634880803,3,55.17562946844887,56.83633751032713,56.71522616954236
1440,Ale,2024,58.662819253438116,3,60.8395487887567,60.295548344317126,60.32140138029451
1441,Lerum,2024,47.07367454670645,3,50.83970164279504,56.185697650818526,56.13299244709827
1442,Vårgårda,2024,60.36556036556036,3,54.82881136950905,61.35666617920941,61.25873046239692
1443,Bollebygd,2024,63.2523974699041,3,66.57762252131923,65.55859896932881,65.44390364280557
1444,Grästorp,2024,60.84608460846085,3,50.6920726226856,49.65181311659029,49.7865493135141
1445,Essunga,2024,47.302158273381295,3,54.1018387553041,53.03873301596573,53.15753245905375
1446,Karlsborg,2024,45.84935212871992,3,54.8081008355757,54.78638543622358,54.800909481267645
1447,Gullspång,2024,62.41303915722521,3,66.028521195546,58.36127891800109,58.09836263936562
1452,Tranemo,2024,52.200354759692544,3,49.987376925018935,41.12809414001873,41.35393147797345
1460,Bengtsfors,2024,52.44601145879242,3,49.35434449551324,47.11686410195625,47.37439589161838
1461,Mellerud,2024,44.74149359257623,3,53.46426623022368,54.66215206048892,54.56075523589129
1462,Lilla Edet,2024,66.95748511286526,3,69.31928462498267,61.29807077497918,61.07472874017819
1463,Mark,2024,40.79078367230835,3,44.86071357723807,48.35810695146989,48.579174704075825
1465,Svenljunga,2024,61.13333953661487,3,62.459336369551075,47.62315869553686,47.81104221551426
1466,Herrljunga,2024,56.22828261556281,3,54.12562228577481,57.38875140281493,57.538129212113724
1470,Vara,2024,50.34808552958727,3,48.48748910743184,38.87537900189574,39.34771468054077
1471,Götene,2024,50.12795423754328,3,47.05704342563171,45.97360244696375,45.97406729173737
1472,Tibro,2024,54.06597283471512,3,51.182492057889164,57.48282529238338,57.5239291019182
1473,Töreboda,2024,51.531571381178814,3,50.97910513072968,51.216908905223534,51.254617823545324
1480,Göteborg,2024,62.893990571320195,3,64.56660095002448,59.90618759899118,60.208710855031654
1481,Mölndal,2024,88.01456174740969,3,82.5133977939717,81.49491318600496,81.13424540045584
1482,Kungälv,2024,57.480174110070955,3,61.564728331826856,65.78596604693064,65.82940284277431
1484,Lysekil,2024,48.39289566405407,3,40.017180900565535,37.81219271496724,38.20009556027077
1485,Uddevalla,2024,45.83406419926329,3,44.43860110439127,48.01472105810447,48.12760117139508
1486,Strömstad,2024,57.409879839786385,3,63.14930246363906,58.61929381480931,58.87697402638582
1487,Vänersborg,2024,54.36927149671587,3,54.88353493951814,50.21842026373494,50.328217497191275
1488,Trollhättan,2024,55.77682490720811,3,52.57901240837608,49.53894733438537,49.653737283108036
1489,Alingsås,2024,50.37217358737887,3,47.520173658628664,52.56182468955251,52.85736335741709
1490,Borås,2024,49.34187617522112,3,48.877757609606256,43.26107999403064,43.55177662428473
1491,Ulricehamn,2024,42.30538322993796,3,45.72089129828198,49.74435362987765,50.10302474405237
1492,Åmål,2024,47.707038467999325,3,44.22788605697151,49.617903732478084,49.891669185140785
1493,Mariestad,2024,42.142944311109304,3,39.27455674118554,55.658533402379646,55.85122871380046
1494,Lidköping,2024,36.48732220160792,3,36.73006240903821,44.85582713582818,45.00530287142031
1495,Skara,2024,61.42085850216497,3,59.8263107108395,58.06983796843713,58.49683390956609
1496,Skövde,2024,56.10828519699974,3,56.19514221906757,50.38044606102687,50.7913556868381
1497,Hjo,2024,53.68983957219251,3,50.118816158997625,55.57735652917043,55.73206892635436
1498,Tidaholm,2024,40.53104256149941,3,40.42370901160527,54.366565080102816,54.62872925592044
1499,Falköping,2024,45.02225202706822,3,43.89075808553848,42.97447042876752,43.6738756248269
1715,Kil,2024,46.5964679545643,3,43.938767066611504,54.352667436000615,54.18564071976172
1730,Eda,2024,46.837850689491205,3,49.77056124249912,49.25700850017162,49.29529237797532
1737,Torsby,2024,41.33910431940641,3,42.76806885044349,19.599929609467722,19.995708024393906
1760,Storfors,2024,68.63780359028512,3,50.51302288871349,48.83638660688277,48.97650069652105
1761,Hammarö,2024,54.67278719397363,3,55.548996458087366,69.4201317706565,68.7845876784942
1762,Munkfors,2024,67.86206896551724,3,68.95611883346962,54.799588107446596,54.82296210955198
1763,Forshaga,2024,56.16319444444444,3,58.67568036054776,55.749693369106865,55.67206989296847
1764,Grums,2024,52.97645490892936,3,58.187037650436125,51.29170680757997,51.365486160884885
1765,Årjäng,2024,40.10178117048346,3,36.59152936419691,43.86315265312089,44.23039806132648
1766,Sunne,2024,50.314465408805034,3,46.461170133173724,51.02332374447772,51.25640326033182
1780,Karlstad,2024,63.262101871864935,3,62.139397118262316,56.71971141170053,56.974876688158886
1781,Kristinehamn,2024,46.556659370264356,3,41.06310618465802,55.69926963870668,55.734034990769985
1782,Filipstad,2024,46.03109656301146,3,43.35260115606936,56.865206463523606,56.969890145129206
1783,Hagfors,2024,42.56437204414083,3,44.55617198335645,56.87212634948517,56.7975891104715
1784,Arvika,2024,35.38575958038126,3,33.52542636866288,41.73732436338946,42.25550101200646
1785,Säffle,2024,45.17081683334452,3,38.305242821930584,38.72722301818965,39.15609295014363
1814,Lekeberg,2024,55.77504066930049,3,40.78549848942598,49.840473036027504,49.622988859238035
1860,Laxå,2024,63.802323437211875,3,63.12534109514281,53.3906649230282,53.55443751263812
1861,Hallsberg,2024,62.220843672456574,3,62.5924100542139,48.76626503620864,48.980576076766276
1862,Degerfors,2024,53.2442336710498,3,52.7946991557123,47.339037528564745,47.449431738005714
1863,Hällefors,2024,48.093656067077994,3,60.20015396458815,65.00890016834771,64.95162239408285
1864,Ljusnarsberg,2024,62.485694666971845,3,53.551168595416385,53.45021272858017,53.35617962442121
1880,Örebro,2024,55.938553765455225,3,55.777292466802216,51.41841020934163,51.74618171585969
1881,Kumla,2024,61.196596270005735,3,58.35850062178007,53.35291545306626,53.556205845993496
1882,Askersund,2024,50.36159275071883,3,49.137480397281756,38.81801141262406,39.415231637635074
1883,Karlskoga,2024,43.40622929092114,3,46.991176762169125,46.386395202686856,46.352189245035404
1884,Nora,2024,51.32061283955259,3,51.94316363978545,57.31060164559412,57.17439013134613
1885,Lindesberg,2024,47.18897195453956,3,46.41078481882192,41.319764841853896,41.779654868882496
1904,Skinnskatteberg,2024,60.38533834586466,3,67.1573137074517,60.50208410925302,60.57188744751695
1907,Surahammar,2024,59.52260030472321,3,55.36541171733441,56.72194184852273,56.88768522866112
1960,Kungsör,2024,67.86289394985047,3,57.96598403332176,60.396427357332925,60.30348095969573
1961,Hallstahammar,2024,56.08599051222002,3,61.306593010688125,59.02023095388944,59.180522577601266
1962,Norberg,2024,59.244314013206164,3,62.17147000181258,58.502867898516286,58.69702505754318
1980,Västerås,2024,51.79476325061942,3,48.88451854542721,53.77303037830828,54.07965838595467
1981,Sala,2024,47.71702490916255,3,41.8763400866407,48.00472884646402,48.34421874154989
1982,Fagersta,2024,54.77356181150551,3,59.29511420360006,69.60328915620752,69.64871029163346
1983,Köping,2024,44.46344591705857,3,47.00130879975364,48.993516200705756,49.536599437427775
1984,Arboga,2024,55.79399141630901,3,57.84887873160977,51.488224165538725,51.87613616938841
2021,Vansbro,2024,41.91350710900474,3,34.48275862068966,40.162164731475116,40.131430902567075
2023,Malung-Sälen,2024,52.66237565827969,3,51.461988304093566,8.848802942446923,9.763747325602324
2026,Gagnef,2024,46.22496147919877,3,40.939597315436245,52.7736374097681,52.68406901043353
2029,Leksand,2024,57.38365247567702,3,51.86062457146419,52.15328896039236,52.25498432553336
2031,Rättvik,2024,49.82724131660302,3,49.90038036587575,49.39059362591678,49.460785730943634
2034,Orsa,2024,52.10918114143921,3,59.64099594672843,47.19349351188964,47.178261775968785
2039,Älvdalen,2024,45.48096483580355,3,39.11098282580459,45.35177162625598,45.51751161424299
2061,Smedjebacken,2024,44.34999538020882,3,45.816915605241455,46.09295943429572,46.1774276095172
2062,Mora,2024,45.86173320350535,3,41.82898324892871,43.000256734301615,42.73598687082119
2080,Falun,2024,46.29243473183752,3,44.24365685326576,46.44756947672701,46.5119601213289
2081,Borlänge,2024,49.411764705882355,3,48.24586836764279,50.83905089439048,50.95771540910243
2082,Säter,2024,53.105230330571146,3,51.409766076669925,51.05830701312345,51.28249283433544
2083,Hedemora,2024,46.39748707545318,3,49.65786901270772,52.76573600733698,52.88316338143357
2084,Avesta,2024,39.74662086809118,3,38.588318023996834,44.73675291066013,44.94444586983403
2085,Ludvika,2024,57.89592250506871,3,51.43549731080979,45.45004101990423,45.29528941452252
2101,Ockelbo,2024,48.29396325459317,3,47.759638763459535,47.498697505146254,47.611848090663045
2104,Hofors,2024,46.22346729878246,3,42.1378280349904,55.65857287531384,55.86326286549709
2121,Ovanåker,2024,31.037827352085355,3,34.273318872017356,41.815531171008786,42.20917283158718
2132,Nordanstig,2024,51.176851651911036,3,49.83991462113127,49.81152703188354,49.9032809331501
2161,Ljusdal,2024,35.99891569531038,3,31.718631999136907,28.670252324905107,28.914100466383687
2180,Gävle,2024,47.68967044819816,3,44.38241316694355,43.927067331944386,44.003803713195545
2181,Sandviken,2024,46.53284671532847,3,39.73801387594491,42.86096449237073,43.22217994190447
2182,Söderhamn,2024,33.65247504583418,3,30.935714860407113,40.231806485556945,40.57681710506644
2183,Bollnäs,2024,36.809815950920246,3,36.874384795941545,38.31408344668466,38.55389808158884
2184,Hudiksvall,2024,35.040503091025364,3,37.10984194448134,39.94404922569845,39.93600115509617
2260,Ånge,2024,44.228217602830604,3,42.156109342408605,40.72933741830008,41.370313416685576
2262,Timrå,2024,53.02208778037783,3,46.69327251995439,59.14568612942486,59.27345797561533
2280,Härnösand,2024,49.11278808892515,3,47.65960898839945,55.42164794604119,55.43846993594565
2281,Sundsvall,2024,38.233987561586304,3,36.527471198330865,49.09864726922393,49.292003689708395
2282,Kramfors,2024,53.055857298038994,3,45.94180704441041,29.12578618236961,29.148138835273237
2283,Sollefteå,2024,40.00869754294412,3,39.30248879771096,28.850980635825408,28.988583905158535
2284,Örnsköldsvik,2024,31.43769276554299,3,29.200764266916615,23.639544992257527,24.063065853926425
2303,Ragunda,2024,55.188495919160516,3,45.18013631937683,43.27479934561609,43.44681684837322
2305,Bräcke,2024,56.835128417564206,3,56.56665027053615,41.13888412855903,41.45292044085881
2309,Krokom,2024,59.05612244897959,3,53.54280218018596,51.08679101783565,51.08644385419969
2313,Strömsund,2024,41.18660981583961,3,36.713758661027626,35.954831362574396,35.917167302403
2321,Åre,2024,92.5707082643977,3,86.48908857509628,63.12513893377371,62.86851677125379
2326,Berg,2024,62.746201463140125,3,59.103641456582636,41.30405938868677,41.336032137965915
2361,Härjedalen,2024,61.13022113022113,3,57.26959093149335,22.88799571787581,23.374232086492505
2380,Östersund,2024,50.7086905000077,3,51.13977897997873,56.84711503540231,56.77036758685087
2401,Nordmaling,2024,44.65571881302218,3,52.04038106071378,45.66655576033844,46.00076166599336
2403,Bjurholm,2024,61.04281475201356,3,51.959114139693355,55.82857539250989,55.68262804162843
2404,Vindeln,2024,50.396898652390625,3,45.96227797106757,47.1575227770561,47.3775941991255
2409,Robertsfors,2024,51.270553064275035,3,46.58753709198813,50.03681648317135,50.01254354649629
2417,Norsjö,2024,60.23185483870968,3,44.08766564729868,42.83962185499132,43.28695577901911
2418,Malå,2024,48.95340985820392,3,41.47157190635451,45.87950119639356,46.02396696616741
2421,Storuman,2024,46.799354491662186,3,44.29816758583882,36.699652792894426,36.427227613804945
2422,Sorsele,2024,44.97242257106491,3,46.9208211143695,44.33371963254609,43.89963600079351
2425,Dorotea,2024,44.46381865736704,3,38.47798204360838,38.98035505485501,39.38017168170251
2460,Vännäs,2024,53.43845816907578,3,69.21293741031019,55.70773272284964,55.785153126533636
2462,Vilhelmina,2024,42.54294429282389,3,34.32859651923998,36.33003091420568,35.9960023179476
2463,Åsele,2024,55.67928730512249,3,36.79175864606328,40.10616523396834,39.66585705513775
2480,Umeå,2024,58.45853600399258,3,55.20283114560714,61.99830105548139,62.12301409293592
2481,Lycksele,2024,37.712493810859876,3,42.41382133791861,38.16890558735611,38.22364788726393
2482,Skellefteå,2024,63.37811900191939,3,60.202241906404325,38.91205677359534,39.065919512226245
2505,Arvidsjaur,2024,48.612251601248154,3,49.56649762800589,13.772879430555292,13.920926181476041
2506,Arjeplog,2024,45.786841092727975,3,37.17899578382522,38.7314571295218,38.605044935710794
2510,Jokkmokk,2024,51.47840884918102,3,42.93570219966159,40.095960723286,39.41150705072253
2513,Överkalix,2024,56.54482974070603,3,50.284629981024665,34.36945047499398,34.168365919785685
2514,Kalix,2024,38.33409135208888,3,38.27104907699235,44.57535682304962,44.94602029548744
2518,Övertorneå,2024,56.44564949470052,3,48.18982387475538,46.42716212621909,46.65386055836774
2521,Pajala,2024,46.781628820215126,3,50.928291602793394,37.367490264059256,37.62555080308698
2523,Gällivare,2024,37.71833110891893,3,36.410848240046164,19.053176062333307,19.813926299779673
2560,Älvsbyn,2024,48.75225109338822,3,46.64011306694077,43.393450802290715,43.84622480490922
2580,Luleå,2024,51.74210559357147,3,47.73666700272205,46.07142110558311,46.38269666788762
2581,Piteå,2024,36.28053808278559,3,32.94445494048744,38.69936510990607,39.25376403452947
2582,Boden,2024,54.04827266569218,3,48.52735926707941,42.73644786749202,43.32882534773718
2583,Haparanda,2024,47.42651076385094,3,41.516835567178816,52.8113207852534,52.49654334092931
2584,Kiruna,2024,48.470525283153485,3,46.583158739357195,38.133313160452076,38.73147009886709
0114,Upplands Väsby,2024,86.95824970689347,4,98.70285372181202,89.46570548075644,89.30821994672353
0115,Vallentuna,2024,68.39602494376264,4,70.47553882996921,72.490205283357,72.4910442371145
0117,Österåker,2024,66.52338963986583,4,59.717543930846965,62.76578585202583,62.99044358551258
0120,Värmdö,2024,64.88688753082448,4,66.32073246563887,68.24207007284568,68.08292577431932
0123,Järfälla,2024,113.36706014614953,4,99.65249623537588,86.88430412124578,86.69629503055165
0125,Ekerö,2024,59.910065721203736,4,54.04748680921966,62.359830753761,62.41645996451002
0126,Huddinge,2024,101.61499160134379,4,97.41046348314607,72.80322679706887,72.80808721715283
0127,Botkyrka,2024,89.1611490537511,4,86.26244874048038,82.29274357948239,82.3649428849923
0128,Salem,2024,80.42497286799566,4,77.13025041544897,84.05717548440614,83.92084052498936
0136,Haninge,2024,84.09732890628871,4,89.88381068861464,83.59818440089404,83.75260096363345
0138,Tyresö,2024,64.7634152788792,4,60.66337217578752,68.03599368870269,68.20357333095662
0139,Upplands-Bro,2024,100.34075696726299,4,104.33550057005516,85.28232352056665,85.02230749699244
0140,Nykvarn,2024,78.43137254901961,4,88.6264144709672,91.75949356775678,91.7500746908889
0160,Täby,2024,86.32177402757769,4,87.94860434204696,87.18133743553028,87.50110558419006
0162,Danderyd,2024,94.64919043947572,4,83.09941700854438,76.65787616578305,77.50774061256799
0163,Sollentuna,2024,102.61001752035453,4,100.95064461518427,84.61072455706127,84.55806432195139
0180,Stockholm,2024,72.29899535343431,4,69.08386024270358,59.4317759551345,59.881040660884565
0181,Södertälje,2024,68.67098755235106,4,69.26520937582302,74.48025554080866,74.4369739171126
0182,Nacka,2024,83.01519908662766,4,80.84387117767754,83.1819325566131,83.29468979667698
0183,Sundbyberg,2024,135.67544514340548,4,154.6000858491916,107.68033485490253,107.06188820269637
0184,Solna,2024,137.43020666985277,4,136.56263900920095,99.81524373294891,99.05752500261303
0186,Lidingö,2024,79.58327304297497,4,71.26893469083686,70.84827487499783,71.6614609726653
0187,Vaxholm,2024,64.62527491118254,4,57.96733519505797,86.12404722888331,85.79104175905732
0188,Norrtälje,2024,58.031088082901555,4,50.58537327048806,53.66586024626366,53.96412015734941
0191,Sigtuna,2024,92.880019709288,4,97.4699689695216,90.36149144413301,90.12469712177753
0192,Nynäshamn,2024,76.09797573498152,4,73.33971165583452,71.01611161228533,70.96155407066462
0305,Håbo,2024,64.42345361946633,4,67.72873683294159,61.02028182763024,61.40535192056497
0319,Älvkarleby,2024,58.94053601340033,4,53.2804011700794,59.66899512745371,59.48193663219908
0330,Knivsta,2024,88.42542348888784,4,88.82881143188182,85.90677189568274,85.56618314408529
0331,Heby,2024,63.088184036249565,4,57.031304469079,57.674772479851214,57.583037753999314
0360,Tierp,2024,53.78127369219106,4,51.29052045486717,58.441144711349494,58.638372414576644
0380,Uppsala,2024,68.49154893232695,4,68.82594393650974,73.69131865565691,73.95693617161129
0381,Enköping,2024,56.80064209421498,4,59.0159860846517,55.18048971290625,55.59935324211641
0382,Östhammar,2024,43.27400849218538,4,41.94479523723616,42.56248738367208,43.16818568127946
0428,Vingåker,2024,51.42857142857143,4,59.84643179765131,44.83539503980171,45.09060271446818
0461,Gnesta,2024,54.459766102286615,4,55.38194444444444,70.0009376243361,69.59340654443275
0480,Nyköping,2024,50.716440422322776,4,50.92783505154639,50.602296370747695,50.52218655735514
0481,Oxelösund,2024,58.5155016208129,4,63.93523872459937,67.14454785966768,67.25582794066145
0482,Flen,2024,61.580523369352946,4,59.548123563952004,55.20320964152438,55.28433556568666
0483,Katrineholm,2024,51.47274111377877,4,48.071320358932525,49.67142769384856,50.10652885485901
0484,Eskilstuna,2024,41.94845293508577,4,42.086946812074295,47.92219063232693,48.1226253585439
0486,Strängnäs,2024,62.01510950576145,4,62.26070868772002,72.07533234975566,72.36879019914335
0488,Trosa,2024,60.7623769009178,4,61.1353711790393,75.24129002295805,74.84993682852516
0509,Ödeshög,2024,52.12908153523009,4,54.55578708088653,48.16450402729407,48.345485419367016
0512,Ydre,2024,57.36348593491451,4,47.01677206488864,47.06231242396038,46.869984871225874
0513,Kinda,2024,47.403836496936826,4,41.43314651721377,41.166600920459075,41.48854988698617
0560,Boxholm,2024,53.47108936015951,4,50.87814593518016,64.08456073988282,63.84812801289869
0561,Åtvidaberg,2024,49.2718234935031,4,42.4956369982548,39.68909430378511,40.05986467073262
0562,Finspång,2024,51.750450908754566,4,48.6770535631972,48.288344837357386,48.59586631872561
0563,Valdemarsvik,2024,67.77408637873754,4,57.81726561463997,42.31773268593429,42.67480296333862
0580,Linköping,2024,58.815127800755796,4,58.523093832883326,53.305414920178436,53.541998803912996
0581,Norrköping,2024,42.17823148020417,4,42.517721457947275,49.959996917107304,50.42122798410875
0582,Söderköping,2024,54.702819663263234,4,56.16465998520213,51.109294541947236,51.241799296238916
0583,Motala,2024,35.674060452821514,4,38.19063300402488,40.13185478087189,40.652751174535354
0584,Vadstena,2024,66.08811748998664,4,56.90072639225182,54.54035337602332,54.607383040622544
0586,Mjölby,2024,49.137480397281756,4,47.837346024636055,52.968958469640995,53.35058818827976
0604,Aneby,2024,45.461232896866264,4,49.76649153531815,53.44981318989653,53.5755395511899
0617,Gnosjö,2024,43.04019274997262,4,46.398442569759894,41.94035255986563,42.57336080067517
0642,Mullsjö,2024,53.19989465367395,4,57.542563019664776,60.58341108847483,60.333779384615276
0643,Habo,2024,48.67717003567182,4,45.87570621468927,58.290535120400875,58.02134007001852
0662,Gislaved,2024,41.02156483273431,4,39.9462328531054,31.450813240787,32.03863485127984
0665,Vaggeryd,2024,47.284991568296796,4,43.95381810816285,46.397796414073326,46.758161098022114
0680,Jönköping,2024,52.90747287577715,4,50.15017685976423,49.98012018920582,50.368007856107795
0682,Nässjö,2024,51.69848355336056,4,51.50404448938322,44.54703351706752,45.02767081724478
0683,Värnamo,2024,39.02495512709166,4,41.76179879194243,41.72732462530786,42.170352509792906
0684,Sävsjö,2024,47.91144166738736,4,45.080562221460404,51.382143072077355,51.8011691181355
0685,Vetlanda,2024,41.33972682359779,4,38.65735689868354,29.550801857260012,30.372181916157757
0686,Eksjö,2024,56.26124100719424,4,50.140845070422536,52.83003433153064,53.23503273873292
0687,Tranås,2024,45.36658783057407,4,47.50733137829912,47.09621155502873,47.563935540696576
0760,Uppvidinge,2024,48.890850899459224,4,55.057756666306815,44.778746185231,45.046345476608046
0761,Lessebo,2024,65.74978887682471,4,65.81155598177895,57.43367746425986,57.445973049760084
0763,Tingsryd,2024,55.57412669229483,4,53.55820649938297,43.26792272968754,43.794560502227284
0764,Alvesta,2024,49.167927382753405,4,54.34131736526946,41.60162600332512,42.01753671891579
0765,Älmhult,2024,48.09380841783266,4,50.07807271916128,48.92392990581973,48.50068778008905
0767,Markaryd,2024,51.519420406520425,4,63.51726875744343,46.010588431505596,46.22079541711597
0780,Växjö,2024,60.192812252120326,4,56.95164695513149,55.02889368133921,55.34124446520888
0781,Ljungby,2024,37.41159830268741,4,39.11107970604861,34.194472353904814,34.52266290643078
0821,Högsby,2024,62.9580905844766,4,58.29349025376977,58.26879591650882,58.03161547588319
0834,Torsås,2024,54.266895761741125,4,51.69951442445016,55.3636484676538,55.14038836922365
0840,Mörbylånga,2024,56.15138067061144,4,62.37611496531219,55.52361274832114,55.16869278177882
0860,Hultsfred,2024,45.71052439113581,4,46.74782107613628,42.71347410195057,42.84354451364419
0861,Mönsterås,2024,49.276914836636315,4,45.45454545454545,46.333802137772466,46.38564300736483
0862,Emmaboda,2024,48.19009549189429,4,40.746466431095406,47.81573455367223,48.02537519959007
0880,Kalmar,2024,59.281470070422536,4,58.585970347422,52.65265392281239,52.705211473411055
0881,Nybro,2024,48.568994035386694,4,49.14370811615785,40.622649805759465,40.81741822474951
0882,Oskarshamn,2024,43.30869516770048,4,38.0786091091463,41.87073539333005,42.03698860177404
0883,Västervik,2024,38.302192224325736,4,35.708404237799854,35.28005593876816,35.337497943275764
0884,Vimmerby,2024,41.34165366614665,4,40.61832999159175,35.219129190074966,35.677542828902105
0885,Borgholm,2024,55.87849240577536,4,57.778191291403054,49.528191845930394,49.424835125116815
0980,Gotland,2024,43.430483344540846,4,43.585836241786694,49.655596340708,49.39912814784675
1060,Olofström,2024,49.84615384615385,4,49.38366128167828,56.184461891127114,56.33885266755499
1080,Karlskrona,2024,42.97069425800516,4,44.068051791629024,44.09729279826735,44.152137831447405
1081,Ronneby,2024,39.69938415503984,4,44.86406395368871,41.101756258852504,41.234401667474046
1082,Karlshamn,2024,38.73893735630374,4,36.379547443430425,53.41518306462561,53.50691158508797
1083,Sölvesborg,2024,45.840504876649455,4,47.38197424892704,49.024411827257865,49.20580745842079
1214,Svalöv,2024,76.18785670081826,4,75.77007700770076,65.35473953677726,65.0852295748133
1230,Staffanstorp,2024,67.42848771197305,4,72.33352975839718,72.7073391752603,72.66687066091937
1231,Burlöv,2024,105.46738968210536,4,100.7357387623463,85.63437993234388,85.06800315992248
1233,Vellinge,2024,54.68584726041887,4,50.21463776564736,46.48420248620343,47.298125370306884
1256,Östra Göinge,2024,57.08971240520818,4,62.10313306817389,51.154573348928665,51.38066775785305
1257,Örkelljunga,2024,58.7720151795271,4,62.302309977954565,55.097926692897374,55.10687610236236
1260,Bjuv,2024,86.6437284954645,4,94.75200400801603,72.11354748258236,71.96350564346724
1261,Kävlinge,2024,51.91366197616775,4,46.09929078014184,52.68054090304412,52.81301392663385
1262,Lomma,2024,60.20635241756018,4,52.097291590530716,72.69178486670262,72.75007949178388
1263,Svedala,2024,59.793901870149696,4,56.58287175117171,65.00289055055975,64.85827611928651
1264,Skurup,2024,70.35499151997193,4,68.44196666864362,60.0482978328952,60.21003591092904
1265,Sjöbo,2024,59.78176552722759,4,60.81185368112363,52.800493706182124,52.795941011482554
1266,Hörby,2024,61.23891530651587,4,63.26596085980109,55.238114503537815,55.17866854599693
1267,Höör,2024,67.81596072611029,4,65.7803867403315,63.88336903332211,63.62617659731884
1270,Tomelilla,2024,71.19290270547694,4,60.02928257686676,53.219260198676636,53.14709757532464
1272,Bromölla,2024,55.33279871692061,4,51.9283085293647,57.31904332670854,57.16196668452746
1273,Osby,2024,49.27782497875956,4,54.7077674347627,50.80627023894405,50.88417799836311
1275,Perstorp,2024,74.91361437456807,4,87.12276389457872,80.30433430559725,79.92203683538962
1276,Klippan,2024,68.36400587106243,4,70.52982000789935,64.46219196886605,64.39764774217979
1277,Åstorp,2024,86.44902425679372,4,89.92587191639325,65.78678829867138,65.62578757659014
1278,Båstad,2024,72.94396605516036,4,78.36852689793866,57.761559905945376,57.853712747114606
1280,Malmö,2024,65.58565161742023,4,66.27123184023549,74.02264498458527,73.8637712064385
1281,Lund,2024,96.20031917318946,4,100.3622743460641,104.69596304579187,104.36411373402609
1282,Landskrona,2024,62.75761483015916,4,61.144821148215726,69.05263082123116,69.11900053504881
1283,Helsingborg,2024,62.35740444865245,4,59.4027996246018,61.63679641335199,61.858101913183
1284,Höganäs,2024,60.4994723883222,4,53.55939417585925,63.847679066317,63.8734815949152
1285,Eslöv,2024,73.07714334803276,4,70.8842559309849,69.71570370074565,69.59120600818972
1286,Ystad,2024,57.34130692082477,4,57.62903074175049,60.5966687081839,60.8215569621526
1287,Trelleborg,2024,56.9717996995917,4,53.49838077381967,54.42258594285735,54.821626743920966
1290,Kristianstad,2024,45.32351613239329,4,45.19408502772643,34.32567317382279,34.44381965008364
1291,Simrishamn,2024,59.76707252514558,4,58.168969517983335,54.397608289177924,54.35555205769757
1292,Ängelholm,2024,52.64908002660164,4,60.758703695448666,50.44221971422098,50.86458218577972
1293,Hässleholm,2024,49.64117127835131,4,50.286173694990524,46.52823506411087,46.74354552263241
1315,Hylte,2024,52.177324440957236,4,53.7916302553646,48.62947282517703,48.550767904144834
1380,Halmstad,2024,50.41288035896083,4,53.158909599606794,42.54245825304167,42.72763190533751
1381,Laholm,2024,52.03985711599925,4,55.072463768115945,42.336244804410285,42.608669307788034
1382,Falkenberg,2024,42.292498468428505,4,41.41547083297954,48.304971502613625,48.791978888444355
1383,Varberg,2024,41.88504415810048,4,39.88291255031101,46.22944457387217,46.826386318814905
1384,Kungsbacka,2024,45.23731816486386,4,42.06507652971875,42.015845872893124,42.792756307759575
1401,Härryda,2024,61.045421593380496,4,62.1692789968652,61.245236235074856,61.007352762277314
1402,Partille,2024,85.31417437895762,4,92.02062361895409,79.05118275038345,78.79871677046441
1407,Öckerö,2024,46.98144233027954,4,46.1814494110305,56.4939177449873,56.66855123720957
1415,Stenungsund,2024,52.8885856881261,4,50.247649127844376,49.814592375491145,49.859982655493596
1419,Tjörn,2024,47.91200596569724,4,48.24724389941781,73.14081127920636,72.86314337412745
1421,Orust,2024,56.34445023449713,4,48.522793973782036,49.600588355368615,49.5247181821766
1427,Sotenäs,2024,58.54569420035149,4,50.92797171895714,45.05905464049033,45.347952634442066
1430,Munkedal,2024,45.87598995557273,4,51.513997333841175,53.73170426578548,53.6295027535427
1435,Tanum,2024,48.539888827996556,4,51.45744267392149,46.034620448067415,46.05899509403257
1438,Dals-Ed,2024,45.15848892748589,4,44.29005644811116,56.57123112844806,56.50472821068305
1439,Färgelanda,2024,55.20702634880803,4,55.17562946844887,56.83633751032713,56.71522616954236
1440,Ale,2024,58.662819253438116,4,60.8395487887567,60.295548344317126,60.32140138029451
1441,Lerum,2024,47.07367454670645,4,50.83970164279504,56.185697650818526,56.13299244709827
1442,Vårgårda,2024,60.36556036556036,4,54.82881136950905,61.35666617920941,61.25873046239692
1443,Bollebygd,2024,63.2523974699041,4,66.57762252131923,65.55859896932881,65.44390364280557
1444,Grästorp,2024,60.84608460846085,4,50.6920726226856,49.65181311659029,49.7865493135141
1445,Essunga,2024,47.302158273381295,4,54.1018387553041,53.03873301596573,53.15753245905375
1446,Karlsborg,2024,45.84935212871992,4,54.8081008355757,54.78638543622358,54.800909481267645
1447,Gullspång,2024,62.41303915722521,4,66.028521195546,58.36127891800109,58.09836263936562
1452,Tranemo,2024,52.200354759692544,4,49.987376925018935,41.12809414001873,41.35393147797345
1460,Bengtsfors,2024,52.44601145879242,4,49.35434449551324,47.11686410195625,47.37439589161838
1461,Mellerud,2024,44.74149359257623,4,53.46426623022368,54.66215206048892,54.56075523589129
1462,Lilla Edet,2024,66.95748511286526,4,69.31928462498267,61.29807077497918,61.07472874017819
1463,Mark,2024,40.79078367230835,4,44.86071357723807,48.35810695146989,48.579174704075825
1465,Svenljunga,2024,61.13333953661487,4,62.459336369551075,47.62315869553686,47.81104221551426
1466,Herrljunga,2024,56.22828261556281,4,54.12562228577481,57.38875140281493,57.538129212113724
1470,Vara,2024,50.34808552958727,4,48.48748910743184,38.87537900189574,39.34771468054077
1471,Götene,2024,50.12795423754328,4,47.05704342563171,45.97360244696375,45.97406729173737
1472,Tibro,2024,54.06597283471512,4,51.182492057889164,57.48282529238338,57.5239291019182
1473,Töreboda,2024,51.531571381178814,4,50.97910513072968,51.216908905223534,51.254617823545324
1480,Göteborg,2024,62.893990571320195,4,64.56660095002448,59.90618759899118,60.208710855031654
1481,Mölndal,2024,88.01456174740969,4,82.5133977939717,81.49491318600496,81.13424540045584
1482,Kungälv,2024,57.480174110070955,4,61.564728331826856,65.78596604693064,65.82940284277431
1484,Lysekil,2024,48.39289566405407,4,40.017180900565535,37.81219271496724,38.20009556027077
1485,Uddevalla,2024,45.83406419926329,4,44.43860110439127,48.01472105810447,48.12760117139508
1486,Strömstad,2024,57.409879839786385,4,63.14930246363906,58.61929381480931,58.87697402638582
1487,Vänersborg,2024,54.36927149671587,4,54.88353493951814,50.21842026373494,50.328217497191275
1488,Trollhättan,2024,55.77682490720811,4,52.57901240837608,49.53894733438537,49.653737283108036
1489,Alingsås,2024,50.37217358737887,4,47.520173658628664,52.56182468955251,52.85736335741709
1490,Borås,2024,49.34187617522112,4,48.877757609606256,43.26107999403064,43.55177662428473
1491,Ulricehamn,2024,42.30538322993796,4,45.72089129828198,49.74435362987765,50.10302474405237
1492,Åmål,2024,47.707038467999325,4,44.22788605697151,49.617903732478084,49.891669185140785
1493,Mariestad,2024,42.142944311109304,4,39.27455674118554,55.658533402379646,55.85122871380046
1494,Lidköping,2024,36.48732220160792,4,36.73006240903821,44.85582713582818,45.00530287142031
1495,Skara,2024,61.42085850216497,4,59.8263107108395,58.06983796843713,58.49683390956609
1496,Skövde,2024,56.10828519699974,4,56.19514221906757,50.38044606102687,50.7913556868381
1497,Hjo,2024,53.68983957219251,4,50.118816158997625,55.57735652917043,55.73206892635436
1498,Tidaholm,2024,40.53104256149941,4,40.42370901160527,54.366565080102816,54.62872925592044
1499,Falköping,2024,45.02225202706822,4,43.89075808553848,42.97447042876752,43.6738756248269
1715,Kil,2024,46.5964679545643,4,43.938767066611504,54.352667436000615,54.18564071976172
1730,Eda,2024,46.837850689491205,4,49.77056124249912,49.25700850017162,49.29529237797532
1737,Torsby,2024,41.33910431940641,4,42.76806885044349,19.599929609467722,19.995708024393906
1760,Storfors,2024,68.63780359028512,4,50.51302288871349,48.83638660688277,48.97650069652105
1761,Hammarö,2024,54.67278719397363,4,55.548996458087366,69.4201317706565,68.7845876784942
1762,Munkfors,2024,67.86206896551724,4,68.95611883346962,54.799588107446596,54.82296210955198
1763,Forshaga,2024,56.16319444444444,4,58.67568036054776,55.749693369106865,55.67206989296847
1764,Grums,2024,52.97645490892936,4,58.187037650436125,51.29170680757997,51.365486160884885
1765,Årjäng,2024,40.10178117048346,4,36.59152936419691,43.86315265312089,44.23039806132648
1766,Sunne,2024,50.314465408805034,4,46.461170133173724,51.02332374447772,51.25640326033182
1780,Karlstad,2024,63.262101871864935,4,62.139397118262316,56.71971141170053,56.974876688158886
1781,Kristinehamn,2024,46.556659370264356,4,41.06310618465802,55.69926963870668,55.734034990769985
1782,Filipstad,2024,46.03109656301146,4,43.35260115606936,56.865206463523606,56.969890145129206
1783,Hagfors,2024,42.56437204414083,4,44.55617198335645,56.87212634948517,56.7975891104715
1784,Arvika,2024,35.38575958038126,4,33.52542636866288,41.73732436338946,42.25550101200646
1785,Säffle,2024,45.17081683334452,4,38.305242821930584,38.72722301818965,39.15609295014363
1814,Lekeberg,2024,55.77504066930049,4,40.78549848942598,49.840473036027504,49.622988859238035
1860,Laxå,2024,63.802323437211875,4,63.12534109514281,53.3906649230282,53.55443751263812
1861,Hallsberg,2024,62.220843672456574,4,62.5924100542139,48.76626503620864,48.980576076766276
1862,Degerfors,2024,53.2442336710498,4,52.7946991557123,47.339037528564745,47.449431738005714
1863,Hällefors,2024,48.093656067077994,4,60.20015396458815,65.00890016834771,64.95162239408285
1864,Ljusnarsberg,2024,62.485694666971845,4,53.551168595416385,53.45021272858017,53.35617962442121
1880,Örebro,2024,55.938553765455225,4,55.777292466802216,51.41841020934163,51.74618171585969
1881,Kumla,2024,61.196596270005735,4,58.35850062178007,53.35291545306626,53.556205845993496
1882,Askersund,2024,50.36159275071883,4,49.137480397281756,38.81801141262406,39.415231637635074
1883,Karlskoga,2024,43.40622929092114,4,46.991176762169125,46.386395202686856,46.352189245035404
1884,Nora,2024,51.32061283955259,4,51.94316363978545,57.31060164559412,57.17439013134613
1885,Lindesberg,2024,47.18897195453956,4,46.41078481882192,41.319764841853896,41.779654868882496
1904,Skinnskatteberg,2024,60.38533834586466,4,67.1573137074517,60.50208410925302,60.57188744751695
1907,Surahammar,2024,59.52260030472321,4,55.36541171733441,56.72194184852273,56.88768522866112
1960,Kungsör,2024,67.86289394985047,4,57.96598403332176,60.396427357332925,60.30348095969573
1961,Hallstahammar,2024,56.08599051222002,4,61.306593010688125,59.02023095388944,59.180522577601266
1962,Norberg,2024,59.244314013206164,4,62.17147000181258,58.502867898516286,58.69702505754318
1980,Västerås,2024,51.79476325061942,4,48.88451854542721,53.77303037830828,54.07965838595467
1981,Sala,2024,47.71702490916255,4,41.8763400866407,48.00472884646402,48.34421874154989
1982,Fagersta,2024,54.77356181150551,4,59.29511420360006,69.60328915620752,69.64871029163346
1983,Köping,2024,44.46344591705857,4,47.00130879975364,48.993516200705756,49.536599437427775
1984,Arboga,2024,55.79399141630901,4,57.84887873160977,51.488224165538725,51.87613616938841
2021,Vansbro,2024,41.91350710900474,4,34.48275862068966,40.162164731475116,40.131430902567075
2023,Malung-Sälen,2024,52.66237565827969,4,51.461988304093566,8.848802942446923,9.763747325602324
2026,Gagnef,2024,46.22496147919877,4,40.939597315436245,52.7736374097681,52.68406901043353
2029,Leksand,2024,57.38365247567702,4,51.86062457146419,52.15328896039236,52.25498432553336
2031,Rättvik,2024,49.82724131660302,4,49.90038036587575,49.39059362591678,49.460785730943634
2034,Orsa,2024,52.10918114143921,4,59.64099594672843,47.19349351188964,47.178261775968785
2039,Älvdalen,2024,45.48096483580355,4,39.11098282580459,45.35177162625598,45.51751161424299
2061,Smedjebacken,2024,44.34999538020882,4,45.816915605241455,46.09295943429572,46.1774276095172
2062,Mora,2024,45.86173320350535,4,41.82898324892871,43.000256734301615,42.73598687082119
2080,Falun,2024,46.29243473183752,4,44.24365685326576,46.44756947672701,46.5119601213289
2081,Borlänge,2024,49.411764705882355,4,48.24586836764279,50.83905089439048,50.95771540910243
2082,Säter,2024,53.105230330571146,4,51.409766076669925,51.05830701312345,51.28249283433544
2083,Hedemora,2024,46.39748707545318,4,49.65786901270772,52.76573600733698,52.88316338143357
2084,Avesta,2024,39.74662086809118,4,38.588318023996834,44.73675291066013,44.94444586983403
2085,Ludvika,2024,57.89592250506871,4,51.43549731080979,45.45004101990423,45.29528941452252
2101,Ockelbo,2024,48.29396325459317,4,47.759638763459535,47.498697505146254,47.611848090663045
2104,Hofors,2024,46.22346729878246,4,42.1378280349904,55.65857287531384,55.86326286549709
2121,Ovanåker,2024,31.037827352085355,4,34.273318872017356,41.815531171008786,42.20917283158718
2132,Nordanstig,2024,51.176851651911036,4,49.83991462113127,49.81152703188354,49.9032809331501
2161,Ljusdal,2024,35.99891569531038,4,31.718631999136907,28.670252324905107,28.914100466383687
2180,Gävle,2024,47.68967044819816,4,44.38241316694355,43.927067331944386,44.003803713195545
2181,Sandviken,2024,46.53284671532847,4,39.73801387594491,42.86096449237073,43.22217994190447
2182,Söderhamn,2024,33.65247504583418,4,30.935714860407113,40.231806485556945,40.57681710506644
2183,Bollnäs,2024,36.809815950920246,4,36.874384795941545,38.31408344668466,38.55389808158884
2184,Hudiksvall,2024,35.040503091025364,4,37.10984194448134,39.94404922569845,39.93600115509617
2260,Ånge,2024,44.228217602830604,4,42.156109342408605,40.72933741830008,41.370313416685576
2262,Timrå,2024,53.02208778037783,4,46.69327251995439,59.14568612942486,59.27345797561533
2280,Härnösand,2024,49.11278808892515,4,47.65960898839945,55.42164794604119,55.43846993594565
2281,Sundsvall,2024,38.233987561586304,4,36.527471198330865,49.09864726922393,49.292003689708395
2282,Kramfors,2024,53.055857298038994,4,45.94180704441041,29.12578618236961,29.148138835273237
2283,Sollefteå,2024,40.00869754294412,4,39.30248879771096,28.850980635825408,28.988583905158535
2284,Örnsköldsvik,2024,31.43769276554299,4,29.200764266916615,23.639544992257527,24.063065853926425
2303,Ragunda,2024,55.188495919160516,4,45.18013631937683,43.27479934561609,43.44681684837322
2305,Bräcke,2024,56.835128417564206,4,56.56665027053615,41.13888412855903,41.45292044085881
2309,Krokom,2024,59.05612244897959,4,53.54280218018596,51.08679101783565,51.08644385419969
2313,Strömsund,2024,41.18660981583961,4,36.713758661027626,35.954831362574396,35.917167302403
2321,Åre,2024,92.5707082643977,4,86.48908857509628,63.12513893377371,62.86851677125379
2326,Berg,2024,62.746201463140125,4,59.103641456582636,41.30405938868677,41.336032137965915
2361,Härjedalen,2024,61.13022113022113,4,57.26959093149335,22.88799571787581,23.374232086492505
2380,Östersund,2024,50.7086905000077,4,51.13977897997873,56.84711503540231,56.77036758685087
2401,Nordmaling,2024,44.65571881302218,4,52.04038106071378,45.66655576033844,46.00076166599336
2403,Bjurholm,2024,61.04281475201356,4,51.959114139693355,55.82857539250989,55.68262804162843
2404,Vindeln,2024,50.396898652390625,4,45.96227797106757,47.1575227770561,47.3775941991255
2409,Robertsfors,2024,51.270553064275035,4,46.58753709198813,50.03681648317135,50.01254354649629
2417,Norsjö,2024,60.23185483870968,4,44.08766564729868,42.83962185499132,43.28695577901911
2418,Malå,2024,48.95340985820392,4,41.47157190635451,45.87950119639356,46.02396696616741
2421,Storuman,2024,46.799354491662186,4,44.29816758583882,36.699652792894426,36.427227613804945
2422,Sorsele,2024,44.97242257106491,4,46.9208211143695,44.33371963254609,43.89963600079351
2425,Dorotea,2024,44.46381865736704,4,38.47798204360838,38.98035505485501,39.38017168170251
2460,Vännäs,2024,53.43845816907578,4,69.21293741031019,55.70773272284964,55.785153126533636
2462,Vilhelmina,2024,42.54294429282389,4,34.32859651923998,36.33003091420568,35.9960023179476
2463,Åsele,2024,55.67928730512249,4,36.79175864606328,40.10616523396834,39.66585705513775
2480,Umeå,2024,58.45853600399258,4,55.20283114560714,61.99830105548139,62.12301409293592
2481,Lycksele,2024,37.712493810859876,4,42.41382133791861,38.16890558735611,38.22364788726393
2482,Skellefteå,2024,63.37811900191939,4,60.202241906404325,38.91205677359534,39.065919512226245
2505,Arvidsjaur,2024,48.612251601248154,4,49.56649762800589,13.772879430555292,13.920926181476041
2506,Arjeplog,2024,45.786841092727975,4,37.17899578382522,38.7314571295218,38.605044935710794
2510,Jokkmokk,2024,51.47840884918102,4,42.93570219966159,40.095960723286,39.41150705072253
2513,Överkalix,2024,56.54482974070603,4,50.284629981024665,34.36945047499398,34.168365919785685
2514,Kalix,2024,38.33409135208888,4,38.27104907699235,44.57535682304962,44.94602029548744
2518,Övertorneå,2024,56.44564949470052,4,48.18982387475538,46.42716212621909,46.65386055836774
2521,Pajala,2024,46.781628820215126,4,50.928291602793394,37.367490264059256,37.62555080308698
2523,Gällivare,2024,37.71833110891893,4,36.410848240046164,19.053176062333307,19.813926299779673
2560,Älvsbyn,2024,48.75225109338822,4,46.64011306694077,43.393450802290715,43.84622480490922
2580,Luleå,2024,51.74210559357147,4,47.73666700272205,46.07142110558311,46.38269666788762
2581,Piteå,2024,36.28053808278559,4,32.94445494048744,38.69936510990607,39.25376403452947
2582,Boden,2024,54.04827266569218,4,48.52735926707941,42.73644786749202,43.32882534773718
2583,Haparanda,2024,47.42651076385094,4,41.516835567178816,52.8113207852534,52.49654334092931
2584,Kiruna,2024,48.470525283153485,4,46.583158739357195,38.133313160452076,38.73147009886709
0114,Upplands Väsby,2024,86.95824970689347,5,98.70285372181202,89.46570548075644,89.30821994672353
0115,Vallentuna,2024,68.39602494376264,5,70.47553882996921,72.490205283357,72.4910442371145
0117,Österåker,2024,66.52338963986583,5,59.717543930846965,62.76578585202583,62.99044358551258
0120,Värmdö,2024,64.88688753082448,5,66.32073246563887,68.24207007284568,68.08292577431932
0123,Järfälla,2024,113.36706014614953,5,99.65249623537588,86.88430412124578,86.69629503055165
0125,Ekerö,2024,59.910065721203736,5,54.04748680921966,62.359830753761,62.41645996451002
0126,Huddinge,2024,101.61499160134379,5,97.41046348314607,72.80322679706887,72.80808721715283
0127,Botkyrka,2024,89.1611490537511,5,86.26244874048038,82.29274357948239,82.3649428849923
0128,Salem,2024,80.42497286799566,5,77.13025041544897,84.05717548440614,83.92084052498936
0136,Haninge,2024,84.09732890628871,5,89.88381068861464,83.59818440089404,83.75260096363345
0138,Tyresö,2024,64.7634152788792,5,60.66337217578752,68.03599368870269,68.20357333095662
0139,Upplands-Bro,2024,100.34075696726299,5,104.33550057005516,85.28232352056665,85.02230749699244
0140,Nykvarn,2024,78.43137254901961,5,88.6264144709672,91.75949356775678,91.7500746908889
0160,Täby,2024,86.32177402757769,5,87.94860434204696,87.18133743553028,87.50110558419006
0162,Danderyd,2024,94.64919043947572,5,83.09941700854438,76.65787616578305,77.50774061256799
0163,Sollentuna,2024,102.61001752035453,5,100.95064461518427,84.61072455706127,84.55806432195139
0180,Stockholm,2024,72.29899535343431,5,69.08386024270358,59.4317759551345,59.881040660884565
0181,Södertälje,2024,68.67098755235106,5,69.26520937582302,74.48025554080866,74.4369739171126
0182,Nacka,2024,83.01519908662766,5,80.84387117767754,83.1819325566131,83.29468979667698
0183,Sundbyberg,2024,135.67544514340548,5,154.6000858491916,107.68033485490253,107.06188820269637
0184,Solna,2024,137.43020666985277,5,136.56263900920095,99.81524373294891,99.05752500261303
0186,Lidingö,2024,79.58327304297497,5,71.26893469083686,70.84827487499783,71.6614609726653
0187,Vaxholm,2024,64.62527491118254,5,57.96733519505797,86.12404722888331,85.79104175905732
0188,Norrtälje,2024,58.031088082901555,5,50.58537327048806,53.66586024626366,53.96412015734941
0191,Sigtuna,2024,92.880019709288,5,97.4699689695216,90.36149144413301,90.12469712177753
0192,Nynäshamn,2024,76.09797573498152,5,73.33971165583452,71.01611161228533,70.96155407066462
0305,Håbo,2024,64.42345361946633,5,67.72873683294159,61.02028182763024,61.40535192056497
0319,Älvkarleby,2024,58.94053601340033,5,53.2804011700794,59.66899512745371,59.48193663219908
0330,Knivsta,2024,88.42542348888784,5,88.82881143188182,85.90677189568274,85.56618314408529
0331,Heby,2024,63.088184036249565,5,57.031304469079,57.674772479851214,57.583037753999314
0360,Tierp,2024,53.78127369219106,5,51.29052045486717,58.441144711349494,58.638372414576644
0380,Uppsala,2024,68.49154893232695,5,68.82594393650974,73.69131865565691,73.95693617161129
0381,Enköping,2024,56.80064209421498,5,59.0159860846517,55.18048971290625,55.59935324211641
0382,Östhammar,2024,43.27400849218538,5,41.94479523723616,42.56248738367208,43.16818568127946
0428,Vingåker,2024,51.42857142857143,5,59.84643179765131,44.83539503980171,45.09060271446818
0461,Gnesta,2024,54.459766102286615,5,55.38194444444444,70.0009376243361,69.59340654443275
0480,Nyköping,2024,50.716440422322776,5,50.92783505154639,50.602296370747695,50.52218655735514
0481,Oxelösund,2024,58.5155016208129,5,63.93523872459937,67.14454785966768,67.25582794066145
0482,Flen,2024,61.580523369352946,5,59.548123563952004,55.20320964152438,55.28433556568666
0483,Katrineholm,2024,51.47274111377877,5,48.071320358932525,49.67142769384856,50.10652885485901
0484,Eskilstuna,2024,41.94845293508577,5,42.086946812074295,47.92219063232693,48.1226253585439
0486,Strängnäs,2024,62.01510950576145,5,62.26070868772002,72.07533234975566,72.36879019914335
0488,Trosa,2024,60.7623769009178,5,61.1353711790393,75.24129002295805,74.84993682852516
0509,Ödeshög,2024,52.12908153523009,5,54.55578708088653,48.16450402729407,48.345485419367016
0512,Ydre,2024,57.36348593491451,5,47.01677206488864,47.06231242396038,46.869984871225874
0513,Kinda,2024,47.403836496936826,5,41.43314651721377,41.166600920459075,41.48854988698617
0560,Boxholm,2024,53.47108936015951,5,50.87814593518016,64.08456073988282,63.84812801289869
0561,Åtvidaberg,2024,49.2718234935031,5,42.4956369982548,39.68909430378511,40.05986467073262
0562,Finspång,2024,51.750450908754566,5,48.6770535631972,48.288344837357386,48.59586631872561
0563,Valdemarsvik,2024,67.77408637873754,5,57.81726561463997,42.31773268593429,42.67480296333862
0580,Linköping,2024,58.815127800755796,5,58.523093832883326,53.305414920178436,53.541998803912996
0581,Norrköping,2024,42.17823148020417,5,42.517721457947275,49.959996917107304,50.42122798410875
0582,Söderköping,2024,54.702819663263234,5,56.16465998520213,51.109294541947236,51.241799296238916
0583,Motala,2024,35.674060452821514,5,38.19063300402488,40.13185478087189,40.652751174535354
0584,Vadstena,2024,66.08811748998664,5,56.90072639225182,54.54035337602332,54.607383040622544
0586,Mjölby,2024,49.137480397281756,5,47.837346024636055,52.968958469640995,53.35058818827976
0604,Aneby,2024,45.461232896866264,5,49.76649153531815,53.44981318989653,53.5755395511899
0617,Gnosjö,2024,43.04019274997262,5,46.398442569759894,41.94035255986563,42.57336080067517
0642,Mullsjö,2024,53.19989465367395,5,57.542563019664776,60.58341108847483,60.333779384615276
0643,Habo,2024,48.67717003567182,5,45.87570621468927,58.290535120400875,58.02134007001852
0662,Gislaved,2024,41.02156483273431,5,39.9462328531054,31.450813240787,32.03863485127984
0665,Vaggeryd,2024,47.284991568296796,5,43.95381810816285,46.397796414073326,46.758161098022114
0680,Jönköping,2024,52.90747287577715,5,50.15017685976423,49.98012018920582,50.368007856107795
0682,Nässjö,2024,51.69848355336056,5,51.50404448938322,44.54703351706752,45.02767081724478
0683,Värnamo,2024,39.02495512709166,5,41.76179879194243,41.72732462530786,42.170352509792906
0684,Sävsjö,2024,47.91144166738736,5,45.080562221460404,51.382143072077355,51.8011691181355
0685,Vetlanda,2024,41.33972682359779,5,38.65735689868354,29.550801857260012,30.372181916157757
0686,Eksjö,2024,56.26124100719424,5,50.140845070422536,52.83003433153064,53.23503273873292
0687,Tranås,2024,45.36658783057407,5,47.50733137829912,47.09621155502873,47.563935540696576
0760,Uppvidinge,2024,48.890850899459224,5,55.057756666306815,44.778746185231,45.046345476608046
0761,Lessebo,2024,65.74978887682471,5,65.81155598177895,57.43367746425986,57.445973049760084
0763,Tingsryd,2024,55.57412669229483,5,53.55820649938297,43.26792272968754,43.794560502227284
0764,Alvesta,2024,49.167927382753405,5,54.34131736526946,41.60162600332512,42.01753671891579
0765,Älmhult,2024,48.09380841783266,5,50.07807271916128,48.92392990581973,48.50068778008905
0767,Markaryd,2024,51.519420406520425,5,63.51726875744343,46.010588431505596,46.22079541711597
0780,Växjö,2024,60.192812252120326,5,56.95164695513149,55.02889368133921,55.34124446520888
0781,Ljungby,2024,37.41159830268741,5,39.11107970604861,34.194472353904814,34.52266290643078
0821,Högsby,2024,62.9580905844766,5,58.29349025376977,58.26879591650882,58.03161547588319
0834,Torsås,2024,54.266895761741125,5,51.69951442445016,55.3636484676538,55.14038836922365
0840,Mörbylånga,2024,56.15138067061144,5,62.37611496531219,55.52361274832114,55.16869278177882
0860,Hultsfred,2024,45.71052439113581,5,46.74782107613628,42.71347410195057,42.84354451364419
0861,Mönsterås,2024,49.276914836636315,5,45.45454545454545,46.333802137772466,46.38564300736483
0862,Emmaboda,2024,48.19009549189429,5,40.746466431095406,47.81573455367223,48.02537519959007
0880,Kalmar,2024,59.281470070422536,5,58.585970347422,52.65265392281239,52.705211473411055
0881,Nybro,2024,48.568994035386694,5,49.14370811615785,40.622649805759465,40.81741822474951
0882,Oskarshamn,2024,43.30869516770048,5,38.0786091091463,41.87073539333005,42.03698860177404
0883,Västervik,2024,38.302192224325736,5,35.708404237799854,35.28005593876816,35.337497943275764
0884,Vimmerby,2024,41.34165366614665,5,40.61832999159175,35.219129190074966,35.677542828902105
0885,Borgholm,2024,55.87849240577536,5,57.778191291403054,49.528191845930394,49.424835125116815
0980,Gotland,2024,43.430483344540846,5,43.585836241786694,49.655596340708,49.39912814784675
1060,Olofström,2024,49.84615384615385,5,49.38366128167828,56.184461891127114,56.33885266755499
1080,Karlskrona,2024,42.97069425800516,5,44.068051791629024,44.09729279826735,44.152137831447405
1081,Ronneby,2024,39.69938415503984,5,44.86406395368871,41.101756258852504,41.234401667474046
1082,Karlshamn,2024,38.73893735630374,5,36.379547443430425,53.41518306462561,53.50691158508797
1083,Sölvesborg,2024,45.840504876649455,5,47.38197424892704,49.024411827257865,49.20580745842079
1214,Svalöv,2024,76.18785670081826,5,75.77007700770076,65.35473953677726,65.0852295748133
1230,Staffanstorp,2024,67.42848771197305,5,72.33352975839718,72.7073391752603,72.66687066091937
1231,Burlöv,2024,105.46738968210536,5,100.7357387623463,85.63437993234388,85.06800315992248
1233,Vellinge,2024,54.68584726041887,5,50.21463776564736,46.48420248620343,47.298125370306884
1256,Östra Göinge,2024,57.08971240520818,5,62.10313306817389,51.154573348928665,51.38066775785305
1257,Örkelljunga,2024,58.7720151795271,5,62.302309977954565,55.097926692897374,55.10687610236236
1260,Bjuv,2024,86.6437284954645,5,94.75200400801603,72.11354748258236,71.96350564346724
1261,Kävlinge,2024,51.91366197616775,5,46.09929078014184,52.68054090304412,52.81301392663385
1262,Lomma,2024,60.20635241756018,5,52.097291590530716,72.69178486670262,72.75007949178388
1263,Svedala,2024,59.793901870149696,5,56.58287175117171,65.00289055055975,64.85827611928651
1264,Skurup,2024,70.35499151997193,5,68.44196666864362,60.0482978328952,60.21003591092904
1265,Sjöbo,2024,59.78176552722759,5,60.81185368112363,52.800493706182124,52.795941011482554
1266,Hörby,2024,61.23891530651587,5,63.26596085980109,55.238114503537815,55.17866854599693
1267,Höör,2024,67.81596072611029,5,65.7803867403315,63.88336903332211,63.62617659731884
1270,Tomelilla,2024,71.19290270547694,5,60.02928257686676,53.219260198676636,53.14709757532464
1272,Bromölla,2024,55.33279871692061,5,51.9283085293647,57.31904332670854,57.16196668452746
1273,Osby,2024,49.27782497875956,5,54.7077674347627,50.80627023894405,50.88417799836311
1275,Perstorp,2024,74.91361437456807,5,87.12276389457872,80.30433430559725,79.92203683538962
1276,Klippan,2024,68.36400587106243,5,70.52982000789935,64.46219196886605,64.39764774217979
1277,Åstorp,2024,86.44902425679372,5,89.92587191639325,65.78678829867138,65.62578757659014
1278,Båstad,2024,72.94396605516036,5,78.36852689793866,57.761559905945376,57.853712747114606
1280,Malmö,2024,65.58565161742023,5,66.27123184023549,74.02264498458527,73.8637712064385
1281,Lund,2024,96.20031917318946,5,100.3622743460641,104.69596304579187,104.36411373402609
1282,Landskrona,2024,62.75761483015916,5,61.144821148215726,69.05263082123116,69.11900053504881
1283,Helsingborg,2024,62.35740444865245,5,59.4027996246018,61.63679641335199,61.858101913183
1284,Höganäs,2024,60.4994723883222,5,53.55939417585925,63.847679066317,63.8734815949152
1285,Eslöv,2024,73.07714334803276,5,70.8842559309849,69.71570370074565,69.59120600818972
1286,Ystad,2024,57.34130692082477,5,57.62903074175049,60.5966687081839,60.8215569621526
1287,Trelleborg,2024,56.9717996995917,5,53.49838077381967,54.42258594285735,54.821626743920966
1290,Kristianstad,2024,45.32351613239329,5,45.19408502772643,34.32567317382279,34.44381965008364
1291,Simrishamn,2024,59.76707252514558,5,58.168969517983335,54.397608289177924,54.35555205769757
1292,Ängelholm,2024,52.64908002660164,5,60.758703695448666,50.44221971422098,50.86458218577972
1293,Hässleholm,2024,49.64117127835131,5,50.286173694990524,46.52823506411087,46.74354552263241
1315,Hylte,2024,52.177324440957236,5,53.7916302553646,48.62947282517703,48.550767904144834
1380,Halmstad,2024,50.41288035896083,5,53.158909599606794,42.54245825304167,42.72763190533751
1381,Laholm,2024,52.03985711599925,5,55.072463768115945,42.336244804410285,42.608669307788034
1382,Falkenberg,2024,42.292498468428505,5,41.41547083297954,48.304971502613625,48.791978888444355
1383,Varberg,2024,41.88504415810048,5,39.88291255031101,46.22944457387217,46.826386318814905
1384,Kungsbacka,2024,45.23731816486386,5,42.06507652971875,42.015845872893124,42.792756307759575
1401,Härryda,2024,61.045421593380496,5,62.1692789968652,61.245236235074856,61.007352762277314
1402,Partille,2024,85.31417437895762,5,92.02062361895409,79.05118275038345,78.79871677046441
1407,Öckerö,2024,46.98144233027954,5,46.1814494110305,56.4939177449873,56.66855123720957
1415,Stenungsund,2024,52.8885856881261,5,50.247649127844376,49.814592375491145,49.859982655493596
1419,Tjörn,2024,47.91200596569724,5,48.24724389941781,73.14081127920636,72.86314337412745
1421,Orust,2024,56.34445023449713,5,48.522793973782036,49.600588355368615,49.5247181821766
1427,Sotenäs,2024,58.54569420035149,5,50.92797171895714,45.05905464049033,45.347952634442066
1430,Munkedal,2024,45.87598995557273,5,51.513997333841175,53.73170426578548,53.6295027535427
1435,Tanum,2024,48.539888827996556,5,51.45744267392149,46.034620448067415,46.05899509403257
1438,Dals-Ed,2024,45.15848892748589,5,44.29005644811116,56.57123112844806,56.50472821068305
1439,Färgelanda,2024,55.20702634880803,5,55.17562946844887,56.83633751032713,56.71522616954236
1440,Ale,2024,58.662819253438116,5,60.8395487887567,60.295548344317126,60.32140138029451
1441,Lerum,2024,47.07367454670645,5,50.83970164279504,56.185697650818526,56.13299244709827
1442,Vårgårda,2024,60.36556036556036,5,54.82881136950905,61.35666617920941,61.25873046239692
1443,Bollebygd,2024,63.2523974699041,5,66.57762252131923,65.55859896932881,65.44390364280557
1444,Grästorp,2024,60.84608460846085,5,50.6920726226856,49.65181311659029,49.7865493135141
1445,Essunga,2024,47.302158273381295,5,54.1018387553041,53.03873301596573,53.15753245905375
1446,Karlsborg,2024,45.84935212871992,5,54.8081008355757,54.78638543622358,54.800909481267645
1447,Gullspång,2024,62.41303915722521,5,66.028521195546,58.36127891800109,58.09836263936562
1452,Tranemo,2024,52.200354759692544,5,49.987376925018935,41.12809414001873,41.35393147797345
1460,Bengtsfors,2024,52.44601145879242,5,49.35434449551324,47.11686410195625,47.37439589161838
1461,Mellerud,2024,44.74149359257623,5,53.46426623022368,54.66215206048892,54.56075523589129
1462,Lilla Edet,2024,66.95748511286526,5,69.31928462498267,61.29807077497918,61.07472874017819
1463,Mark,2024,40.79078367230835,5,44.86071357723807,48.35810695146989,48.579174704075825
1465,Svenljunga,2024,61.13333953661487,5,62.459336369551075,47.62315869553686,47.81104221551426
1466,Herrljunga,2024,56.22828261556281,5,54.12562228577481,57.38875140281493,57.538129212113724
1470,Vara,2024,50.34808552958727,5,48.48748910743184,38.87537900189574,39.34771468054077
1471,Götene,2024,50.12795423754328,5,47.05704342563171,45.97360244696375,45.97406729173737
1472,Tibro,2024,54.06597283471512,5,51.182492057889164,57.48282529238338,57.5239291019182
1473,Töreboda,2024,51.531571381178814,5,50.97910513072968,51.216908905223534,51.254617823545324
1480,Göteborg,2024,62.893990571320195,5,64.56660095002448,59.90618759899118,60.208710855031654
1481,Mölndal,2024,88.01456174740969,5,82.5133977939717,81.49491318600496,81.13424540045584
1482,Kungälv,2024,57.480174110070955,5,61.564728331826856,65.78596604693064,65.82940284277431
1484,Lysekil,2024,48.39289566405407,5,40.017180900565535,37.81219271496724,38.20009556027077
1485,Uddevalla,2024,45.83406419926329,5,44.43860110439127,48.01472105810447,48.12760117139508
1486,Strömstad,2024,57.409879839786385,5,63.14930246363906,58.61929381480931,58.87697402638582
1487,Vänersborg,2024,54.36927149671587,5,54.88353493951814,50.21842026373494,50.328217497191275
1488,Trollhättan,2024,55.77682490720811,5,52.57901240837608,49.53894733438537,49.653737283108036
1489,Alingsås,2024,50.37217358737887,5,47.520173658628664,52.56182468955251,52.85736335741709
1490,Borås,2024,49.34187617522112,5,48.877757609606256,43.26107999403064,43.55177662428473
1491,Ulricehamn,2024,42.30538322993796,5,45.72089129828198,49.74435362987765,50.10302474405237
1492,Åmål,2024,47.707038467999325,5,44.22788605697151,49.617903732478084,49.891669185140785
1493,Mariestad,2024,42.142944311109304,5,39.27455674118554,55.658533402379646,55.85122871380046
1494,Lidköping,2024,36.48732220160792,5,36.73006240903821,44.85582713582818,45.00530287142031
1495,Skara,2024,61.42085850216497,5,59.8263107108395,58.06983796843713,58.49683390956609
1496,Skövde,2024,56.10828519699974,5,56.19514221906757,50.38044606102687,50.7913556868381
1497,Hjo,2024,53.68983957219251,5,50.118816158997625,55.57735652917043,55.73206892635436
1498,Tidaholm,2024,40.53104256149941,5,40.42370901160527,54.366565080102816,54.62872925592044
1499,Falköping,2024,45.02225202706822,5,43.89075808553848,42.97447042876752,43.6738756248269
1715,Kil,2024,46.5964679545643,5,43.938767066611504,54.352667436000615,54.18564071976172
1730,Eda,2024,46.837850689491205,5,49.77056124249912,49.25700850017162,49.29529237797532
1737,Torsby,2024,41.33910431940641,5,42.76806885044349,19.599929609467722,19.995708024393906
1760,Storfors,2024,68.63780359028512,5,50.51302288871349,48.83638660688277,48.97650069652105
1761,Hammarö,2024,54.67278719397363,5,55.548996458087366,69.4201317706565,68.7845876784942
1762,Munkfors,2024,67.86206896551724,5,68.95611883346962,54.799588107446596,54.82296210955198
1763,Forshaga,2024,56.16319444444444,5,58.67568036054776,55.749693369106865,55.67206989296847
1764,Grums,2024,52.97645490892936,5,58.187037650436125,51.29170680757997,51.365486160884885
1765,Årjäng,2024,40.10178117048346,5,36.59152936419691,43.86315265312089,44.23039806132648
1766,Sunne,2024,50.314465408805034,5,46.461170133173724,51.02332374447772,51.25640326033182
1780,Karlstad,2024,63.262101871864935,5,62.139397118262316,56.71971141170053,56.974876688158886
1781,Kristinehamn,2024,46.556659370264356,5,41.06310618465802,55.69926963870668,55.734034990769985
1782,Filipstad,2024,46.03109656301146,5,43.35260115606936,56.865206463523606,56.969890145129206
1783,Hagfors,2024,42.56437204414083,5,44.55617198335645,56.87212634948517,56.7975891104715
1784,Arvika,2024,35.38575958038126,5,33.52542636866288,41.73732436338946,42.25550101200646
1785,Säffle,2024,45.17081683334452,5,38.305242821930584,38.72722301818965,39.15609295014363
1814,Lekeberg,2024,55.77504066930049,5,40.78549848942598,49.840473036027504,49.622988859238035
1860,Laxå,2024,63.802323437211875,5,63.12534109514281,53.3906649230282,53.55443751263812
1861,Hallsberg,2024,62.220843672456574,5,62.5924100542139,48.76626503620864,48.980576076766276
1862,Degerfors,2024,53.2442336710498,5,52.7946991557123,47.339037528564745,47.449431738005714
1863,Hällefors,2024,48.093656067077994,5,60.20015396458815,65.00890016834771,64.95162239408285
1864,Ljusnarsberg,2024,62.485694666971845,5,53.551168595416385,53.45021272858017,53.35617962442121
1880,Örebro,2024,55.938553765455225,5,55.777292466802216,51.41841020934163,51.74618171585969
1881,Kumla,2024,61.196596270005735,5,58.35850062178007,53.35291545306626,53.556205845993496
1882,Askersund,2024,50.36159275071883,5,49.137480397281756,38.81801141262406,39.415231637635074
1883,Karlskoga,2024,43.40622929092114,5,46.991176762169125,46.386395202686856,46.352189245035404
1884,Nora,2024,51.32061283955259,5,51.94316363978545,57.31060164559412,57.17439013134613
1885,Lindesberg,2024,47.18897195453956,5,46.41078481882192,41.319764841853896,41.779654868882496
1904,Skinnskatteberg,2024,60.38533834586466,5,67.1573137074517,60.50208410925302,60.57188744751695
1907,Surahammar,2024,59.52260030472321,5,55.36541171733441,56.72194184852273,56.88768522866112
1960,Kungsör,2024,67.86289394985047,5,57.96598403332176,60.396427357332925,60.30348095969573
1961,Hallstahammar,2024,56.08599051222002,5,61.306593010688125,59.02023095388944,59.180522577601266
1962,Norberg,2024,59.244314013206164,5,62.17147000181258,58.502867898516286,58.69702505754318
1980,Västerås,2024,51.79476325061942,5,48.88451854542721,53.77303037830828,54.07965838595467
1981,Sala,2024,47.71702490916255,5,41.8763400866407,48.00472884646402,48.34421874154989
1982,Fagersta,2024,54.77356181150551,5,59.29511420360006,69.60328915620752,69.64871029163346
1983,Köping,2024,44.46344591705857,5,47.00130879975364,48.993516200705756,49.536599437427775
1984,Arboga,2024,55.79399141630901,5,57.84887873160977,51.488224165538725,51.87613616938841
2021,Vansbro,2024,41.91350710900474,5,34.48275862068966,40.162164731475116,40.131430902567075
2023,Malung-Sälen,2024,52.66237565827969,5,51.461988304093566,8.848802942446923,9.763747325602324
2026,Gagnef,2024,46.22496147919877,5,40.939597315436245,52.7736374097681,52.68406901043353
2029,Leksand,2024,57.38365247567702,5,51.86062457146419,52.15328896039236,52.25498432553336
2031,Rättvik,2024,49.82724131660302,5,49.90038036587575,49.39059362591678,49.460785730943634
2034,Orsa,2024,52.10918114143921,5,59.64099594672843,47.19349351188964,47.178261775968785
2039,Älvdalen,2024,45.48096483580355,5,39.11098282580459,45.35177162625598,45.51751161424299
2061,Smedjebacken,2024,44.34999538020882,5,45.816915605241455,46.09295943429572,46.1774276095172
2062,Mora,2024,45.86173320350535,5,41.82898324892871,43.000256734301615,42.73598687082119
2080,Falun,2024,46.29243473183752,5,44.24365685326576,46.44756947672701,46.5119601213289
2081,Borlänge,2024,49.411764705882355,5,48.24586836764279,50.83905089439048,50.95771540910243
2082,Säter,2024,53.105230330571146,5,51.409766076669925,51.05830701312345,51.28249283433544
2083,Hedemora,2024,46.39748707545318,5,49.65786901270772,52.76573600733698,52.88316338143357
2084,Avesta,2024,39.74662086809118,5,38.588318023996834,44.73675291066013,44.94444586983403
2085,Ludvika,2024,57.89592250506871,5,51.43549731080979,45.45004101990423,45.29528941452252
2101,Ockelbo,2024,48.29396325459317,5,47.759638763459535,47.498697505146254,47.611848090663045
2104,Hofors,2024,46.22346729878246,5,42.1378280349904,55.65857287531384,55.86326286549709
2121,Ovanåker,2024,31.037827352085355,5,34.273318872017356,41.815531171008786,42.20917283158718
2132,Nordanstig,2024,51.176851651911036,5,49.83991462113127,49.81152703188354,49.9032809331501
2161,Ljusdal,2024,35.99891569531038,5,31.718631999136907,28.670252324905107,28.914100466383687
2180,Gävle,2024,47.68967044819816,5,44.38241316694355,43.927067331944386,44.003803713195545
2181,Sandviken,2024,46.53284671532847,5,39.73801387594491,42.86096449237073,43.22217994190447
2182,Söderhamn,2024,33.65247504583418,5,30.935714860407113,40.231806485556945,40.57681710506644
2183,Bollnäs,2024,36.809815950920246,5,36.874384795941545,38.31408344668466,38.55389808158884
2184,Hudiksvall,2024,35.040503091025364,5,37.10984194448134,39.94404922569845,39.93600115509617
2260,Ånge,2024,44.228217602830604,5,42.156109342408605,40.72933741830008,41.370313416685576
2262,Timrå,2024,53.02208778037783,5,46.69327251995439,59.14568612942486,59.27345797561533
2280,Härnösand,2024,49.11278808892515,5,47.65960898839945,55.42164794604119,55.43846993594565
2281,Sundsvall,2024,38.233987561586304,5,36.527471198330865,49.09864726922393,49.292003689708395
2282,Kramfors,2024,53.055857298038994,5,45.94180704441041,29.12578618236961,29.148138835273237
2283,Sollefteå,2024,40.00869754294412,5,39.30248879771096,28.850980635825408,28.988583905158535
2284,Örnsköldsvik,2024,31.43769276554299,5,29.200764266916615,23.639544992257527,24.063065853926425
2303,Ragunda,2024,55.188495919160516,5,45.18013631937683,43.27479934561609,43.44681684837322
2305,Bräcke,2024,56.835128417564206,5,56.56665027053615,41.13888412855903,41.45292044085881
2309,Krokom,2024,59.05612244897959,5,53.54280218018596,51.08679101783565,51.08644385419969
2313,Strömsund,2024,41.18660981583961,5,36.713758661027626,35.954831362574396,35.917167302403
2321,Åre,2024,92.5707082643977,5,86.48908857509628,63.12513893377371,62.86851677125379
2326,Berg,2024,62.746201463140125,5,59.103641456582636,41.30405938868677,41.336032137965915
2361,Härjedalen,2024,61.13022113022113,5,57.26959093149335,22.88799571787581,23.374232086492505
2380,Östersund,2024,50.7086905000077,5,51.13977897997873,56.84711503540231,56.77036758685087
2401,Nordmaling,2024,44.65571881302218,5,52.04038106071378,45.66655576033844,46.00076166599336
2403,Bjurholm,2024,61.04281475201356,5,51.959114139693355,55.82857539250989,55.68262804162843
2404,Vindeln,2024,50.396898652390625,5,45.96227797106757,47.1575227770561,47.3775941991255
2409,Robertsfors,2024,51.270553064275035,5,46.58753709198813,50.03681648317135,50.01254354649629
2417,Norsjö,2024,60.23185483870968,5,44.08766564729868,42.83962185499132,43.28695577901911
2418,Malå,2024,48.95340985820392,5,41.47157190635451,45.87950119639356,46.02396696616741
2421,Storuman,2024,46.799354491662186,5,44.29816758583882,36.699652792894426,36.427227613804945
2422,Sorsele,2024,44.97242257106491,5,46.9208211143695,44.33371963254609,43.89963600079351
2425,Dorotea,2024,44.46381865736704,5,38.47798204360838,38.98035505485501,39.38017168170251
2460,Vännäs,2024,53.43845816907578,5,69.21293741031019,55.70773272284964,55.785153126533636
2462,Vilhelmina,2024,42.54294429282389,5,34.32859651923998,36.33003091420568,35.9960023179476
2463,Åsele,2024,55.67928730512249,5,36.79175864606328,40.10616523396834,39.66585705513775
2480,Umeå,2024,58.45853600399258,5,55.20283114560714,61.99830105548139,62.12301409293592
2481,Lycksele,2024,37.712493810859876,5,42.41382133791861,38.16890558735611,38.22364788726393
2482,Skellefteå,2024,63.37811900191939,5,60.202241906404325,38.91205677359534,39.065919512226245
2505,Arvidsjaur,2024,48.612251601248154,5,49.56649762800589,13.772879430555292,13.920926181476041
2506,Arjeplog,2024,45.786841092727975,5,37.17899578382522,38.7314571295218,38.605044935710794
2510,Jokkmokk,2024,51.47840884918102,5,42.93570219966159,40.095960723286,39.41150705072253
2513,Överkalix,2024,56.54482974070603,5,50.284629981024665,34.36945047499398,34.168365919785685
2514,Kalix,2024,38.33409135208888,5,38.27104907699235,44.57535682304962,44.94602029548744
2518,Övertorneå,2024,56.44564949470052,5,48.18982387475538,46.42716212621909,46.65386055836774
2521,Pajala,2024,46.781628820215126,5,50.928291602793394,37.367490264059256,37.62555080308698
2523,Gällivare,2024,37.71833110891893,5,36.410848240046164,19.053176062333307,19.813926299779673
2560,Älvsbyn,2024,48.75225109338822,5,46.64011306694077,43.393450802290715,43.84622480490922
2580,Luleå,2024,51.74210559357147,5,47.73666700272205,46.07142110558311,46.38269666788762
2581,Piteå,2024,36.28053808278559,5,32.94445494048744,38.69936510990607,39.25376403452947
2582,Boden,2024,54.04827266569218,5,48.52735926707941,42.73644786749202,43.32882534773718
2583,Haparanda,2024,47.42651076385094,5,41.516835567178816,52.8113207852534,52.49654334092931
2584,Kiruna,2024,48.470525283153485,5,46.583158739357195,38.133313160452076,38.73147009886709
