kommun_kod,kommun,year,inflyttning_per_1000,window,pred_naiv,pred_ols,pred_ridge
0114,Upplands Väsby,2024,86.95824970689347,1,98.70285372181202,90.48485678755398,90.2912103432991
0115,Vallentuna,2024,68.39602494376264,1,70.47553882996921,65.2935329966606,65.25842131305056
0117,Österåker,2024,66.52338963986583,1,59.717543930846965,56.9347887722826,57.00001166463503
0120,Värmdö,2024,64.88688753082448,1,66.32073246563887,63.70143356716521,63.68602419734992
0123,Järfälla,2024,113.36706014614953,1,99.65249623537588,94.21156982408971,93.9334633026794
0125,Ekerö,2024,59.910065721203736,1,54.04748680921966,51.97995355301035,52.03422774513365
0126,Huddinge,2024,101.61499160134379,1,97.41046348314607,93.93022677024018,93.53389407886841
0127,Botkyrka,2024,89.1611490537511,1,86.26244874048038,81.0182575786796,80.87276145592374
0128,Salem,2024,80.42497286799566,1,77.13025041544897,72.03614249447394,71.91883075199527
0136,Haninge,2024,84.09732890628871,1,89.88381068861464,82.22805989491981,82.15465895271511
0138,Tyresö,2024,64.7634152788792,1,60.66337217578752,58.90310216619727,58.91270314370369
0139,Upplands-Bro,2024,100.34075696726299,1,104.33550057005516,95.2711384076209,95.02488188435629
0140,Nykvarn,2024,78.43137254901961,1,88.6264144709672,77.0569260254589,77.11107970422663
0160,Täby,2024,86.32177402757769,1,87.94860434204696,81.11054806936036,81.1152395269874
0162,Danderyd,2024,94.64919043947572,1,83.09941700854438,82.62270086188173,82.63562136213369
0163,Sollentuna,2024,102.61001752035453,1,100.95064461518427,94.95137302006384,94.67702097066652
0180,Stockholm,2024,72.29899535343431,1,69.08386024270358,72.48967306984166,72.48413361674969
0181,Södertälje,2024,68.67098755235106,1,69.26520937582302,66.79807107026056,66.81275790066158
0182,Nacka,2024,83.01519908662766,1,80.84387117767754,77.23634339069716,77.17519635667186
0183,Sundbyberg,2024,135.67544514340548,1,154.6000858491916,144.4969589683089,143.83898500798426
0184,Solna,2024,137.43020666985277,1,136.56263900920095,137.86699368081577,137.09914586705264
0186,Lidingö,2024,79.58327304297497,1,71.26893469083686,72.36627070334912,72.42096497553936
0187,Vaxholm,2024,64.62527491118254,1,57.96733519505797,57.87984208220679,57.93834472839663
0188,Norrtälje,2024,58.031088082901555,1,50.58537327048806,46.50884750864057,46.659653101976204
0191,Sigtuna,2024,92.880019709288,1,97.4699689695216,92.12117559979853,91.93937083243183
0192,Nynäshamn,2024,76.09797573498152,1,73.33971165583452,67.26886408254286,67.27245815440305
0305,Håbo,2024,64.42345361946633,1,67.72873683294159,62.78034274591998,62.792703798189876
0319,Älvkarleby,2024,58.94053601340033,1,53.2804011700794,49.91757760632346,49.95270304962672
0330,Knivsta,2024,88.42542348888784,1,88.82881143188182,80.86515699445796,80.83906936359244
0331,Heby,2024,63.088184036249565,1,57.031304469079,53.100623741481115,53.154076911744994
0360,Tierp,2024,53.78127369219106,1,51.29052045486717,49.186646576355656,49.23496195182823
0380,Uppsala,2024,68.49154893232695,1,68.82594393650974,69.87171587406483,70.02521256251269
0381,Enköping,2024,56.80064209421498,1,59.0159860846517,55.03325154275747,55.145822300941276
0382,Östhammar,2024,43.27400849218538,1,41.94479523723616,41.09020764811157,41.16878515721733
0428,Vingåker,2024,51.42857142857143,1,59.84643179765131,56.85363643515757,56.753945140372814
0461,Gnesta,2024,54.459766102286615,1,55.38194444444444,53.345753408691564,53.370597192573
0480,Nyköping,2024,50.716440422322776,1,50.92783505154639,47.62215136966458,47.677061410792575
0481,Oxelösund,2024,58.5155016208129,1,63.93523872459937,56.76453306622683,56.72677042143355
0482,Flen,2024,61.580523369352946,1,59.548123563952004,56.77410385631681,56.72590757776576
0483,Katrineholm,2024,51.47274111377877,1,48.071320358932525,47.00394738037096,47.0673026606022
0484,Eskilstuna,2024,41.94845293508577,1,42.086946812074295,41.80035154936502,41.961380717808524
0486,Strängnäs,2024,62.01510950576145,1,62.26070868772002,55.92140170372616,56.03640794046732
0488,Trosa,2024,60.7623769009178,1,61.1353711790393,55.92033010571342,56.01352309842972
0509,Ödeshög,2024,52.12908153523009,1,54.55578708088653,53.27999438548355,53.24726837433205
0512,Ydre,2024,57.36348593491451,1,47.01677206488864,42.996858808128536,42.971687199313486
0513,Kinda,2024,47.403836496936826,1,41.43314651721377,39.743692321117095,39.81483103015746
0560,Boxholm,2024,53.47108936015951,1,50.87814593518016,44.71797833860562,44.838400883826665
0561,Åtvidaberg,2024,49.2718234935031,1,42.4956369982548,40.827161642929795,40.922329754310496
0562,Finspång,2024,51.750450908754566,1,48.6770535631972,47.13947141024006,47.167988855723635
0563,Valdemarsvik,2024,67.77408637873754,1,57.81726561463997,52.85461334960219,52.77635806336328
0580,Linköping,2024,58.815127800755796,1,58.523093832883326,60.90542687744734,61.02094287264684
0581,Norrköping,2024,42.17823148020417,1,42.517721457947275,43.64003922984389,43.839481691606004
0582,Söderköping,2024,54.702819663263234,1,56.16465998520213,51.744632156889324,51.74319430210187
0583,Motala,2024,35.674060452821514,1,38.19063300402488,35.528811971716266,35.76813137095517
0584,Vadstena,2024,66.08811748998664,1,56.90072639225182,54.678995321489595,54.633818389770425
0586,Mjölby,2024,49.137480397281756,1,47.837346024636055,46.59817463822702,46.705477802071066
0604,Aneby,2024,45.461232896866264,1,49.76649153531815,45.32577992506228,45.419537406264254
0617,Gnosjö,2024,43.04019274997262,1,46.398442569759894,47.086915497260435,46.904219231395736
0642,Mullsjö,2024,53.19989465367395,1,57.542563019664776,52.97535248375155,52.99166787379963
0643,Habo,2024,48.67717003567182,1,45.87570621468927,40.645400492241734,40.78543688488161
0662,Gislaved,2024,41.02156483273431,1,39.9462328531054,41.41796499886294,41.36961799572127
0665,Vaggeryd,2024,47.284991568296796,1,43.95381810816285,43.67631926415142,43.72485049877162
0680,Jönköping,2024,52.90747287577715,1,50.15017685976423,51.274306270772016,51.3942233580973
0682,Nässjö,2024,51.69848355336056,1,51.50404448938322,50.60542103282212,50.59136286788902
0683,Värnamo,2024,39.02495512709166,1,41.76179879194243,41.75450759212525,41.78093354572635
0684,Sävsjö,2024,47.91144166738736,1,45.080562221460404,42.9207865535308,43.01012264810994
0685,Vetlanda,2024,41.33972682359779,1,38.65735689868354,37.8653752778021,37.977821089406454
0686,Eksjö,2024,56.26124100719424,1,50.140845070422536,48.536202359645884,48.577319706991794
0687,Tranås,2024,45.36658783057407,1,47.50733137829912,46.74529177886552,46.826759132717484
0760,Uppvidinge,2024,48.890850899459224,1,55.057756666306815,52.71196218338045,52.6224410592905
0761,Lessebo,2024,65.74978887682471,1,65.81155598177895,62.799078590421246,62.63281335193608
0763,Tingsryd,2024,55.57412669229483,1,53.55820649938297,48.524816437368,48.49509818546622
0764,Alvesta,2024,49.167927382753405,1,54.34131736526946,51.59501463399907,51.5188499108279
0765,Älmhult,2024,48.09380841783266,1,50.07807271916128,48.79576220456913,48.77579370856398
0767,Markaryd,2024,51.519420406520425,1,63.51726875744343,59.51023223029178,59.34866723209566
0780,Växjö,2024,60.192812252120326,1,56.95164695513149,57.28957438027898,57.33751050863348
0781,Ljungby,2024,37.41159830268741,1,39.11107970604861,37.83264465202359,37.883548760069004
0821,Högsby,2024,62.9580905844766,1,58.29349025376977,52.049681299803595,51.91158944470733
0834,Torsås,2024,54.266895761741125,1,51.69951442445016,44.5712137188583,44.65462017107324
0840,Mörbylånga,2024,56.15138067061144,1,62.37611496531219,54.195103222020975,54.169535945285794
0860,Hultsfred,2024,45.71052439113581,1,46.74782107613628,41.93092199177681,41.983522127486694
0861,Mönsterås,2024,49.276914836636315,1,45.45454545454545,42.70534550512167,42.75068492361338
0862,Emmaboda,2024,48.19009549189429,1,40.746466431095406,42.252646429588665,42.197355225363395
0880,Kalmar,2024,59.281470070422536,1,58.585970347422,59.01193023274381,59.003614102737416
0881,Nybro,2024,48.568994035386694,1,49.14370811615785,45.88480043900209,45.92796038933739
0882,Oskarshamn,2024,43.30869516770048,1,38.0786091091463,37.60939799779625,37.67681303762329
0883,Västervik,2024,38.302192224325736,1,35.708404237799854,33.49512024584692,33.4732176104705
0884,Vimmerby,2024,41.34165366614665,1,40.61832999159175,39.55097441009971,39.55152231541015
0885,Borgholm,2024,55.87849240577536,1,57.778191291403054,53.426835312977914,53.30359745532127
0980,Gotland,2024,43.430483344540846,1,43.585836241786694,40.94747986589938,40.89745320899205
1060,Olofström,2024,49.84615384615385,1,49.38366128167828,45.546594348563616,45.665528827401744
1080,Karlskrona,2024,42.97069425800516,1,44.068051791629024,45.42096108972754,45.518795368397235
1081,Ronneby,2024,39.69938415503984,1,44.86406395368871,41.11868456093863,41.283236634753045
1082,Karlshamn,2024,38.73893735630374,1,36.379547443430425,36.422336483284354,36.60935457011751
1083,Sölvesborg,2024,45.840504876649455,1,47.38197424892704,43.625172254483815,43.722704093515894
1214,Svalöv,2024,76.18785670081826,1,75.77007700770076,68.12861846960585,68.06748817432323
1230,Staffanstorp,2024,67.42848771197305,1,72.33352975839718,64.47170796094453,64.4519760092746
1231,Burlöv,2024,105.46738968210536,1,100.7357387623463,93.38322844040911,93.0484554607706
1233,Vellinge,2024,54.68584726041887,1,50.21463776564736,47.45259644498972,47.60890677362752
1256,Östra Göinge,2024,57.08971240520818,1,62.10313306817389,58.817200366215545,58.695873647579724
1257,Örkelljunga,2024,58.7720151795271,1,62.302309977954565,57.176869874580035,57.19773925750122
1260,Bjuv,2024,86.6437284954645,1,94.75200400801603,86.54311818463958,86.20219702144384
1261,Kävlinge,2024,51.91366197616775,1,46.09929078014184,44.87517524770928,44.99373134603246
1262,Lomma,2024,60.20635241756018,1,52.097291590530716,50.14382906039924,50.255171988334354
1263,Svedala,2024,59.793901870149696,1,56.58287175117171,51.251096207798696,51.30611054971568
1264,Skurup,2024,70.35499151997193,1,68.44196666864362,62.524516818492756,62.55047026158204
1265,Sjöbo,2024,59.78176552722759,1,60.81185368112363,56.69810897757945,56.641888687170095
1266,Hörby,2024,61.23891530651587,1,63.26596085980109,59.444949508090374,59.351365559438534
1267,Höör,2024,67.81596072611029,1,65.7803867403315,59.99666593561071,59.99556954156533
1270,Tomelilla,2024,71.19290270547694,1,60.02928257686676,56.39657044777853,56.342282597271584
1272,Bromölla,2024,55.33279871692061,1,51.9283085293647,48.0506264598075,48.052454851086445
1273,Osby,2024,49.27782497875956,1,54.7077674347627,50.69852404478142,50.62386570097547
1275,Perstorp,2024,74.91361437456807,1,87.12276389457872,80.86013938784964,80.63712117820324
1276,Klippan,2024,68.36400587106243,1,70.52982000789935,66.23815419862913,66.13415971547093
1277,Åstorp,2024,86.44902425679372,1,89.92587191639325,80.21031365034732,80.07007859416508
1278,Båstad,2024,72.94396605516036,1,78.36852689793866,70.46749728662252,70.37811971262697
1280,Malmö,2024,65.58565161742023,1,66.27123184023549,64.66848657141651,64.8984399112971
1281,Lund,2024,96.20031917318946,1,100.3622743460641,96.93282719545755,96.91128752657285
1282,Landskrona,2024,62.75761483015916,1,61.144821148215726,56.5387811705569,56.66169976324745
1283,Helsingborg,2024,62.35740444865245,1,59.4027996246018,57.70247438207363,57.84921141212333
1284,Höganäs,2024,60.4994723883222,1,53.55939417585925,48.78099307621402,48.91808778319728
1285,Eslöv,2024,73.07714334803276,1,70.8842559309849,65.74718104917868,65.68770657739032
1286,Ystad,2024,57.34130692082477,1,57.62903074175049,54.304513385828585,54.36310802998795
1287,Trelleborg,2024,56.9717996995917,1,53.49838077381967,48.735345175711444,48.904947410146136
1290,Kristianstad,2024,45.32351613239329,1,45.19408502772643,43.804822457606775,43.96924473603134
1291,Simrishamn,2024,59.76707252514558,1,58.168969517983335,53.04261513253678,53.072389475724556
1292,Ängelholm,2024,52.64908002660164,1,60.758703695448666,54.527824006757996,54.63765068384041
1293,Hässleholm,2024,49.64117127835131,1,50.286173694990524,46.41195539874295,46.52223678712211
1315,Hylte,2024,52.177324440957236,1,53.7916302553646,51.43606045810159,51.34602179395026
1380,Halmstad,2024,50.41288035896083,1,53.158909599606794,51.33346849155842,51.420605596992615
1381,Laholm,2024,52.03985711599925,1,55.072463768115945,49.52195361972352,49.524266601769426
1382,Falkenberg,2024,42.292498468428505,1,41.41547083297954,39.96442863807795,40.164739440648944
1383,Varberg,2024,41.88504415810048,1,39.88291255031101,38.73669977184237,38.961944126349394
1384,Kungsbacka,2024,45.23731816486386,1,42.06507652971875,41.82889257660932,41.95057555292218
1401,Härryda,2024,61.045421593380496,1,62.1692789968652,58.5531787462061,58.53051269412278
1402,Partille,2024,85.31417437895762,1,92.02062361895409,82.49969590893959,82.37420046086618
1407,Öckerö,2024,46.98144233027954,1,46.1814494110305,42.56771237954975,42.74476426002044
1415,Stenungsund,2024,52.8885856881261,1,50.247649127844376,49.6009166734008,49.66079776210242
1419,Tjörn,2024,47.91200596569724,1,48.24724389941781,46.21887346389866,46.252322037568995
1421,Orust,2024,56.34445023449713,1,48.522793973782036,43.996474066381424,44.06748889744728
1427,Sotenäs,2024,58.54569420035149,1,50.92797171895714,49.26422811657024,49.21284161963974
1430,Munkedal,2024,45.87598995557273,1,51.513997333841175,49.00303902935546,48.99615868574402
1435,Tanum,2024,48.539888827996556,1,51.45744267392149,49.65061393894027,49.57022280351246
1438,Dals-Ed,2024,45.15848892748589,1,44.29005644811116,42.2619062346958,42.343833034798195
1439,Färgelanda,2024,55.20702634880803,1,55.17562946844887,51.05409054224357,51.00867182377249
1440,Ale,2024,58.662819253438116,1,60.8395487887567,58.16613745487318,58.120512847918576
1441,Lerum,2024,47.07367454670645,1,50.83970164279504,47.501243774862544,47.58176510667571
1442,Vårgårda,2024,60.36556036556036,1,54.82881136950905,50.068119676991756,50.182659662556965
1443,Bollebygd,2024,63.2523974699041,1,66.57762252131923,61.34732943064142,61.22602724450522
1444,Grästorp,2024,60.84608460846085,1,50.6920726226856,50.15870534159686,50.03487201064443
1445,Essunga,2024,47.302158273381295,1,54.1018387553041,49.843736476899096,49.73500229540404
1446,Karlsborg,2024,45.84935212871992,1,54.8081008355757,50.84179353610058,50.926926143009936
1447,Gullspång,2024,62.41303915722521,1,66.028521195546,58.32696338192184,58.228473665375546
1452,Tranemo,2024,52.200354759692544,1,49.987376925018935,45.98836315950331,45.96114357029596
1460,Bengtsfors,2024,52.44601145879242,1,49.35434449551324,45.39830692100398,45.4413128112178
1461,Mellerud,2024,44.74149359257623,1,53.46426623022368,48.6952373721881,48.75361587959776
1462,Lilla Edet,2024,66.95748511286526,1,69.31928462498267,63.92820801636017,63.84140936221183
1463,Mark,2024,40.79078367230835,1,44.86071357723807,41.96906437209017,42.10316264199798
1465,Svenljunga,2024,61.13333953661487,1,62.459336369551075,55.80605687023743,55.70504830304202
1466,Herrljunga,2024,56.22828261556281,1,54.12562228577481,52.117518576361874,52.09970050212106
1470,Vara,2024,50.34808552958727,1,48.48748910743184,44.85090072976952,44.87347156525155
1471,Götene,2024,50.12795423754328,1,47.05704342563171,43.77709337088234,43.757590402498245
1472,Tibro,2024,54.06597283471512,1,51.182492057889164,48.93422865089008,48.96191658776576
1473,Töreboda,2024,51.531571381178814,1,50.97910513072968,46.690982892339676,46.78168232641951
1480,Göteborg,2024,62.893990571320195,1,64.56660095002448,65.8388709009313,65.97306305725454
1481,Mölndal,2024,88.01456174740969,1,82.5133977939717,80.95029581458137,80.72867542318512
1482,Kungälv,2024,57.480174110070955,1,61.564728331826856,57.32092225422828,57.39011862115354
1484,Lysekil,2024,48.39289566405407,1,40.017180900565535,40.090120142846956,40.173466594199304
1485,Uddevalla,2024,45.83406419926329,1,44.43860110439127,44.80342962705622,44.91486226056036
1486,Strömstad,2024,57.409879839786385,1,63.14930246363906,58.094685582294616,58.26195459717932
1487,Vänersborg,2024,54.36927149671587,1,54.88353493951814,51.1448322809419,51.22938517931089
1488,Trollhättan,2024,55.77682490720811,1,52.57901240837608,53.385299517115115,53.4613938165052
1489,Alingsås,2024,50.37217358737887,1,47.520173658628664,46.12450472188665,46.25206997601558
1490,Borås,2024,49.34187617522112,1,48.877757609606256,48.812767938553634,48.88215875052476
1491,Ulricehamn,2024,42.30538322993796,1,45.72089129828198,43.712142472907004,43.756462549835845
1492,Åmål,2024,47.707038467999325,1,44.22788605697151,43.45140597032888,43.49755023546008
1493,Mariestad,2024,42.142944311109304,1,39.27455674118554,39.566954177888206,39.68622961312986
1494,Lidköping,2024,36.48732220160792,1,36.73006240903821,36.10804710192116,36.26340111233338
1495,Skara,2024,61.42085850216497,1,59.8263107108395,57.7015497788029,57.62478932211884
1496,Skövde,2024,56.10828519699974,1,56.19514221906757,56.87811221154537,56.92898314642929
1497,Hjo,2024,53.68983957219251,1,50.118816158997625,46.32712381381637,46.40050640032617
1498,Tidaholm,2024,40.53104256149941,1,40.42370901160527,38.12932528146359,38.286053581219804
1499,Falköping,2024,45.02225202706822,1,43.89075808553848,43.645315870590565,43.701905377129606
1715,Kil,2024,46.5964679545643,1,43.938767066611504,40.72826706614072,40.82655093035201
1730,Eda,2024,46.837850689491205,1,49.77056124249912,45.4519722457309,45.661804973891634
1737,Torsby,2024,41.33910431940641,1,42.76806885044349,37.34965809244453,37.30407282119728
1760,Storfors,2024,68.63780359028512,1,50.51302288871349,47.277996650385646,47.23035601426392
1761,Hammarö,2024,54.67278719397363,1,55.548996458087366,50.16078455316824,50.184603676711134
1762,Munkfors,2024,67.86206896551724,1,68.95611883346962,63.17554718432905,63.06878505478308
1763,Forshaga,2024,56.16319444444444,1,58.67568036054776,54.49939745739232,54.45237970096514
1764,Grums,2024,52.97645490892936,1,58.187037650436125,54.00668854484455,54.03699595574096
1765,Årjäng,2024,40.10178117048346,1,36.59152936419691,34.265180618679466,34.51109254884
1766,Sunne,2024,50.314465408805034,1,46.461170133173724,45.01687372564734,45.10473408051106
1780,Karlstad,2024,63.262101871864935,1,62.139397118262316,62.48627847457391,62.51202116667236
1781,Kristinehamn,2024,46.556659370264356,1,41.06310618465802,41.3484877225702,41.51435275272095
1782,Filipstad,2024,46.03109656301146,1,43.35260115606936,43.67696934980597,43.74523632636299
1783,Hagfors,2024,42.56437204414083,1,44.55617198335645,38.103572806809694,38.30900650843409
1784,Arvika,2024,35.38575958038126,1,33.52542636866288,33.05925267355221,33.254977110039576
1785,Säffle,2024,45.17081683334452,1,38.305242821930584,36.96348750853518,37.119768164572015
1814,Lekeberg,2024,55.77504066930049,1,40.78549848942598,43.41674309638235,43.36169499407142
1860,Laxå,2024,63.802323437211875,1,63.12534109514281,58.6845322595147,58.57075484930212
1861,Hallsberg,2024,62.220843672456574,1,62.5924100542139,57.743079769092574,57.653477505039525
1862,Degerfors,2024,53.2442336710498,1,52.7946991557123,49.75044043658296,49.71385069240591
1863,Hällefors,2024,48.093656067077994,1,60.20015396458815,60.81461266223347,60.70913491421751
1864,Ljusnarsberg,2024,62.485694666971845,1,53.551168595416385,49.85563488247672,49.86717920135838
1880,Örebro,2024,55.938553765455225,1,55.777292466802216,55.77351631844844,55.87770811992585
1881,Kumla,2024,61.196596270005735,1,58.35850062178007,54.91699822309302,54.881625496149915
1882,Askersund,2024,50.36159275071883,1,49.137480397281756,44.806692733346665,44.86493281755298
1883,Karlskoga,2024,43.40622929092114,1,46.991176762169125,44.81161007660759,44.8667125637839
1884,Nora,2024,51.32061283955259,1,51.94316363978545,48.354451078526836,48.378778638314394
1885,Lindesberg,2024,47.18897195453956,1,46.41078481882192,43.23257838494722,43.32134139875968
1904,Skinnskatteberg,2024,60.38533834586466,1,67.1573137074517,61.93428188309504,61.83417767023488
1907,Surahammar,2024,59.52260030472321,1,55.36541171733441,53.11151969904509,53.037947391721474
1960,Kungsör,2024,67.86289394985047,1,57.96598403332176,54.65184290542368,54.576672610030506
1961,Hallstahammar,2024,56.08599051222002,1,61.306593010688125,58.27245742928787,58.19551174007616
1962,Norberg,2024,59.244314013206164,1,62.17147000181258,59.828024157198186,59.66124726392705
1980,Västerås,2024,51.79476325061942,1,48.88451854542721,48.10776602817059,48.27632587142059
1981,Sala,2024,47.71702490916255,1,41.8763400866407,39.99138493271589,40.1102370687428
1982,Fagersta,2024,54.77356181150551,1,59.29511420360006,55.23487146386928,55.23610892531892
1983,Köping,2024,44.46344591705857,1,47.00130879975364,45.19649859963884,45.298525751399794
1984,Arboga,2024,55.79399141630901,1,57.84887873160977,56.28360135281791,56.247875484924414
2021,Vansbro,2024,41.91350710900474,1,34.48275862068966,32.216927549486655,32.13677125789661
2023,Malung-Sälen,2024,52.66237565827969,1,51.461988304093566,48.27171954320875,48.08043511693269
2026,Gagnef,2024,46.22496147919877,1,40.939597315436245,38.287954460978256,38.323751408571106
2029,Leksand,2024,57.38365247567702,1,51.86062457146419,49.77532179132474,49.723121932899566
2031,Rättvik,2024,49.82724131660302,1,49.90038036587575,47.194654163064925,47.206672372725116
2034,Orsa,2024,52.10918114143921,1,59.64099594672843,57.646662997634934,57.54608473204963
2039,Älvdalen,2024,45.48096483580355,1,39.11098282580459,38.282528582503645,38.273474551966004
2061,Smedjebacken,2024,44.34999538020882,1,45.816915605241455,39.221093804392666,39.303661986244634
2062,Mora,2024,45.86173320350535,1,41.82898324892871,41.00289131448848,40.980025025537
2080,Falun,2024,46.29243473183752,1,44.24365685326576,43.502519432222584,43.58749615961368
2081,Borlänge,2024,49.411764705882355,1,48.24586836764279,49.136551374748876,49.18390021006765
2082,Säter,2024,53.105230330571146,1,51.409766076669925,47.80678935226641,47.77234364841019
2083,Hedemora,2024,46.39748707545318,1,49.65786901270772,45.5368529395716,45.55048183025501
2084,Avesta,2024,39.74662086809118,1,38.588318023996834,36.80109809793487,36.91863729267607
2085,Ludvika,2024,57.89592250506871,1,51.43549731080979,46.319463034686876,46.41101751361039
2101,Ockelbo,2024,48.29396325459317,1,47.759638763459535,43.0937294528559,43.15747132890857
2104,Hofors,2024,46.22346729878246,1,42.1378280349904,40.78446927603808,40.89122019516809
2121,Ovanåker,2024,31.037827352085355,1,34.273318872017356,32.08536474669474,32.20852926817373
2132,Nordanstig,2024,51.176851651911036,1,49.83991462113127,46.198427385117654,46.152115400880504
2161,Ljusdal,2024,35.99891569531038,1,31.718631999136907,30.8454960249384,30.810159058129493
2180,Gävle,2024,47.68967044819816,1,44.38241316694355,44.95541095556544,45.103843960638045
2181,Sandviken,2024,46.53284671532847,1,39.73801387594491,39.656847294919785,39.7865863870064
2182,Söderhamn,2024,33.65247504583418,1,30.935714860407113,30.565846541782804,30.733520789987026
2183,Bollnäs,2024,36.809815950920246,1,36.874384795941545,35.744742929980816,35.89950158934781
2184,Hudiksvall,2024,35.040503091025364,1,37.10984194448134,35.27304003532579,35.37588868953941
2260,Ånge,2024,44.228217602830604,1,42.156109342408605,38.722387846800515,38.88771528178309
2262,Timrå,2024,53.02208778037783,1,46.69327251995439,46.42244556693154,46.394065490975706
2280,Härnösand,2024,49.11278808892515,1,47.65960898839945,46.124159103095536,46.177505465597534
2281,Sundsvall,2024,38.233987561586304,1,36.527471198330865,37.95068439176684,38.09512982168141
2282,Kramfors,2024,53.055857298038994,1,45.94180704441041,41.9067498204536,41.77916953342469
2283,Sollefteå,2024,40.00869754294412,1,39.30248879771096,35.151882602891604,35.10065927954176
2284,Örnsköldsvik,2024,31.43769276554299,1,29.200764266916615,27.48951185844912,27.591601389736855
2303,Ragunda,2024,55.188495919160516,1,45.18013631937683,40.308948049586945,40.34509018662642
2305,Bräcke,2024,56.835128417564206,1,56.56665027053615,50.882155865310295,50.81063978092054
2309,Krokom,2024,59.05612244897959,1,53.54280218018596,47.27676567293618,47.22722513317919
2313,Strömsund,2024,41.18660981583961,1,36.713758661027626,37.32575308109237,37.20831162346431
2321,Åre,2024,92.5707082643977,1,86.48908857509628,85.07865684371394,84.76985278574742
2326,Berg,2024,62.746201463140125,1,59.103641456582636,55.49844422349068,55.368478820820705
2361,Härjedalen,2024,61.13022113022113,1,57.26959093149335,53.392913586520805,53.11151899944723
2380,Östersund,2024,50.7086905000077,1,51.13977897997873,52.13026933189116,52.11551333954231
2401,Nordmaling,2024,44.65571881302218,1,52.04038106071378,47.86196538614388,47.85153310214346
2403,Bjurholm,2024,61.04281475201356,1,51.959114139693355,48.784077409423105,48.73910311716492
2404,Vindeln,2024,50.396898652390625,1,45.96227797106757,43.325051584807525,43.31394876616597
2409,Robertsfors,2024,51.270553064275035,1,46.58753709198813,41.76081413130815,41.79185999287046
2417,Norsjö,2024,60.23185483870968,1,44.08766564729868,40.35650425691293,40.38278067338335
2418,Malå,2024,48.95340985820392,1,41.47157190635451,41.473456015627505,41.398325398218255
2421,Storuman,2024,46.799354491662186,1,44.29816758583882,44.56306383731986,44.241709514630486
2422,Sorsele,2024,44.97242257106491,1,46.9208211143695,46.24107828000194,45.99665495487435
2425,Dorotea,2024,44.46381865736704,1,38.47798204360838,40.69390807119099,40.484662947044455
2460,Vännäs,2024,53.43845816907578,1,69.21293741031019,63.160483756945624,63.05686067893728
2462,Vilhelmina,2024,42.54294429282389,1,34.32859651923998,36.22979397095722,36.06155762719541
2463,Åsele,2024,55.67928730512249,1,36.79175864606328,36.28018686160746,36.104968806009936
2480,Umeå,2024,58.45853600399258,1,55.20283114560714,58.50076655990941,58.561247982846716
2481,Lycksele,2024,37.712493810859876,1,42.41382133791861,42.153917720217464,42.161679503244976
2482,Skellefteå,2024,63.37811900191939,1,60.202241906404325,51.90886248940939,52.01254816730691
2505,Arvidsjaur,2024,48.612251601248154,1,49.56649762800589,46.01358614791279,45.87423943607604
2506,Arjeplog,2024,45.786841092727975,1,37.17899578382522,40.66395732906304,40.47696438553738
2510,Jokkmokk,2024,51.47840884918102,1,42.93570219966159,40.268329042570286,40.13030525933656
2513,Överkalix,2024,56.54482974070603,1,50.284629981024665,43.72924368799923,43.64956236709907
2514,Kalix,2024,38.33409135208888,1,38.27104907699235,37.4865665489459,37.57842041739808
2518,Övertorneå,2024,56.44564949470052,1,48.18982387475538,42.53567242442358,42.62752689670532
2521,Pajala,2024,46.781628820215126,1,50.928291602793394,45.88409884903385,45.88313959216724
2523,Gällivare,2024,37.71833110891893,1,36.410848240046164,38.134344226263636,38.050085442400274
2560,Älvsbyn,2024,48.75225109338822,1,46.64011306694077,47.294911662417135,47.24936468356664
2580,Luleå,2024,51.74210559357147,1,47.73666700272205,50.16574110684738,50.26798658395826
2581,Piteå,2024,36.28053808278559,1,32.94445494048744,33.6597258868139,33.868869304614066
2582,Boden,2024,54.04827266569218,1,48.52735926707941,49.07662471131141,49.09792747335115
2583,Haparanda,2024,47.42651076385094,1,41.516835567178816,37.38301356859266,37.37346862595825
2584,Kiruna,2024,48.470525283153485,1,46.583158739357195,49.16194755893591,49.15354719460908
0114,Upplands Väsby,2024,86.95824970689347,2,98.70285372181202,91.9934349526841,91.94896887032114
0115,Vallentuna,2024,68.39602494376264,2,70.47553882996921,66.11489171834313,66.10866396408416
0117,Österåker,2024,66.52338963986583,2,59.717543930846965,56.8959369529426,56.90985174096638
0120,Värmdö,2024,64.88688753082448,2,66.32073246563887,62.841970504264296,62.84348595275043
0123,Järfälla,2024,113.36706014614953,2,99.65249623537588,94.80057721234462,94.73742526208909
0125,Ekerö,2024,59.910065721203736,2,54.04748680921966,51.82596527824065,51.81921879432099
0126,Huddinge,2024,101.61499160134379,2,97.41046348314607,93.64959363396636,93.55079753496545
0127,Botkyrka,2024,89.1611490537511,2,86.26244874048038,82.86608614770569,82.82012009509346
0128,Salem,2024,80.42497286799566,2,77.13025041544897,72.56435665058027,72.54925091438767
0136,Haninge,2024,84.09732890628871,2,89.88381068861464,84.12350155058539,84.10327707451901
0138,Tyresö,2024,64.7634152788792,2,60.66337217578752,58.51319494924027,58.53002437822423
0139,Upplands-Bro,2024,100.34075696726299,2,104.33550057005516,97.03900081386767,96.97991698580337
0140,Nykvarn,2024,78.43137254901961,2,88.6264144709672,78.78766079086377,78.80513615914106
0160,Täby,2024,86.32177402757769,2,87.94860434204696,81.18230900261446,81.16759991324389
0162,Danderyd,2024,94.64919043947572,2,83.09941700854438,79.97213531065994,79.91159723499067
0163,Sollentuna,2024,102.61001752035453,2,100.95064461518427,94.89652041879414,94.81789198385624
0180,Stockholm,2024,72.29899535343431,2,69.08386024270358,70.09978813103444,70.10860200899172
0181,Södertälje,2024,68.67098755235106,2,69.26520937582302,68.07916872669135,68.08104616639257
0182,Nacka,2024,83.01519908662766,2,80.84387117767754,76.26573926979081,76.25229213002609
0183,Sundbyberg,2024,135.67544514340548,2,154.6000858491916,144.3637336083945,144.21617966274076
0184,Solna,2024,137.43020666985277,2,136.56263900920095,133.71590045626613,133.5520132869252
0186,Lidingö,2024,79.58327304297497,2,71.26893469083686,69.14272444453206,69.1400652785845
0187,Vaxholm,2024,64.62527491118254,2,57.96733519505797,55.960246374104834,55.980359189157895
0188,Norrtälje,2024,58.031088082901555,2,50.58537327048806,48.49683250323197,48.53939206478477
0191,Sigtuna,2024,92.880019709288,2,97.4699689695216,92.16516379111015,92.11741773501811
0192,Nynäshamn,2024,76.09797573498152,2,73.33971165583452,68.95959529907799,68.9633369375409
0305,Håbo,2024,64.42345361946633,2,67.72873683294159,63.47430489119998,63.483387429299405
0319,Älvkarleby,2024,58.94053601340033,2,53.2804011700794,51.56114044145296,51.56399108246665
0330,Knivsta,2024,88.42542348888784,2,88.82881143188182,81.2817404334808,81.28137910276506
0331,Heby,2024,63.088184036249565,2,57.031304469079,55.15063119209906,55.15761128398489
0360,Tierp,2024,53.78127369219106,2,51.29052045486717,50.65641967491755,50.67466526564408
0380,Uppsala,2024,68.49154893232695,2,68.82594393650974,69.88197615178417,69.91430897147413
0381,Enköping,2024,56.80064209421498,2,59.0159860846517,56.34062600205832,56.380040349233354
0382,Östhammar,2024,43.27400849218538,2,41.94479523723616,41.458829268238574,41.50582527520315
0428,Vingåker,2024,51.42857142857143,2,59.84643179765131,58.40640189013864,58.374293223177204
0461,Gnesta,2024,54.459766102286615,2,55.38194444444444,53.930850530337665,53.947728428564794
0480,Nyköping,2024,50.716440422322776,2,50.92783505154639,49.183627787935045,49.197657336830716
0481,Oxelösund,2024,58.5155016208129,2,63.93523872459937,59.857587736351746,59.84924964901868
0482,Flen,2024,61.580523369352946,2,59.548123563952004,59.14003731667414,59.11113086760029
0483,Katrineholm,2024,51.47274111377877,2,48.071320358932525,48.36225549346951,48.37935220049706
0484,Eskilstuna,2024,41.94845293508577,2,42.086946812074295,43.21017371802096,43.243335059107594
0486,Strängnäs,2024,62.01510950576145,2,62.26070868772002,57.97773241565991,58.010760669838554
0488,Trosa,2024,60.7623769009178,2,61.1353711790393,56.82888094528522,56.86254215096899
0509,Ödeshög,2024,52.12908153523009,2,54.55578708088653,53.09280172201545,53.09878521745909
0512,Ydre,2024,57.36348593491451,2,47.01677206488864,45.00116944006383,45.00464890765693
0513,Kinda,2024,47.403836496936826,2,41.43314651721377,40.63868327810251,40.674868326357796
0560,Boxholm,2024,53.47108936015951,2,50.87814593518016,47.55461901845767,47.59529611979114
0561,Åtvidaberg,2024,49.2718234935031,2,42.4956369982548,41.64615826048182,41.69239659160559
0562,Finspång,2024,51.750450908754566,2,48.6770535631972,48.13343427765321,48.15138043420066
0563,Valdemarsvik,2024,67.77408637873754,2,57.81726561463997,55.12957720536226,55.11535285646491
0580,Linköping,2024,58.815127800755796,2,58.523093832883326,60.53062584194393,60.553598887437495
0581,Norrköping,2024,42.17823148020417,2,42.517721457947275,44.06853110550928,44.12469137937543
0582,Söderköping,2024,54.702819663263234,2,56.16465998520213,52.66280260455539,52.68062635683747
0583,Motala,2024,35.674060452821514,2,38.19063300402488,37.57435660530027,37.63759575652789
0584,Vadstena,2024,66.08811748998664,2,56.90072639225182,54.69311478694976,54.7058177623996
0586,Mjölby,2024,49.137480397281756,2,47.837346024636055,46.97690149183232,47.02512412939849
0604,Aneby,2024,45.461232896866264,2,49.76649153531815,47.30125401286738,47.336589652175384
0617,Gnosjö,2024,43.04019274997262,2,46.398442569759894,46.77272388594025,46.75496341777111
0642,Mullsjö,2024,53.19989465367395,2,57.542563019664776,54.11858237184855,54.137394897275556
0643,Habo,2024,48.67717003567182,2,45.87570621468927,42.324281451829954,42.37748538919209
0662,Gislaved,2024,41.02156483273431,2,39.9462328531054,41.07363150941171,41.0781484177741
0665,Vaggeryd,2024,47.284991568296796,2,43.95381810816285,43.37759887595538,43.414391222143095
0680,Jönköping,2024,52.90747287577715,2,50.15017685976423,51.07014036373659,51.11260298067514
0682,Nässjö,2024,51.69848355336056,2,51.50404448938322,51.48886401810675,51.49342790197842
0683,Värnamo,2024,39.02495512709166,2,41.76179879194243,41.55160099968379,41.58388106014874
0684,Sävsjö,2024,47.91144166738736,2,45.080562221460404,44.757076520411275,44.780257694504144
0685,Vetlanda,2024,41.33972682359779,2,38.65735689868354,38.825227306484535,38.86717730227042
0686,Eksjö,2024,56.26124100719424,2,50.140845070422536,49.56410713765402,49.58328134035372
0687,Tranås,2024,45.36658783057407,2,47.50733137829912,47.26781929656534,47.30902833043201
0760,Uppvidinge,2024,48.890850899459224,2,55.057756666306815,54.35882663564949,54.32882095992105
0761,Lessebo,2024,65.74978887682471,2,65.81155598177895,63.96369191957831,63.90812859563631
0763,Tingsryd,2024,55.57412669229483,2,53.55820649938297,51.575061449337284,51.5563620959242
0764,Alvesta,2024,49.167927382753405,2,54.34131736526946,53.09742542086994,53.07835834497223
0765,Älmhult,2024,48.09380841783266,2,50.07807271916128,49.42180350352798,49.405185181452424
0767,Markaryd,2024,51.519420406520425,2,63.51726875744343,61.18142620185043,61.13453248561935
0780,Växjö,2024,60.192812252120326,2,56.95164695513149,57.52234907490517,57.532628481421135
0781,Ljungby,2024,37.41159830268741,2,39.11107970604861,39.00990116588471,39.030873107172084
0821,Högsby,2024,62.9580905844766,2,58.29349025376977,56.46013935388199,56.38614256759943
0834,Torsås,2024,54.266895761741125,2,51.69951442445016,48.77001052457148,48.76756525904699
0840,Mörbylånga,2024,56.15138067061144,2,62.37611496531219,56.51191680972628,56.50748798024837
0860,Hultsfred,2024,45.71052439113581,2,46.74782107613628,45.59898419822615,45.584679744305575
0861,Mönsterås,2024,49.276914836636315,2,45.45454545454545,44.76791518870582,44.7744683791351
0862,Emmaboda,2024,48.19009549189429,2,40.746466431095406,43.038566844198016,43.0213059374657
0880,Kalmar,2024,59.281470070422536,2,58.585970347422,58.69079444899218,58.70091061298544
0881,Nybro,2024,48.568994035386694,2,49.14370811615785,48.26650133741481,48.27404433369765
0882,Oskarshamn,2024,43.30869516770048,2,38.0786091091463,38.24344410609485,38.26902760331045
0883,Västervik,2024,38.302192224325736,2,35.708404237799854,35.13306365401743,35.12966595580478
0884,Vimmerby,2024,41.34165366614665,2,40.61832999159175,40.25902122971606,40.276455697494086
0885,Borgholm,2024,55.87849240577536,2,57.778191291403054,54.44685270625369,54.42299504127639
0980,Gotland,2024,43.430483344540846,2,43.585836241786694,42.64016655758596,42.61811050399151
1060,Olofström,2024,49.84615384615385,2,49.38366128167828,48.40220913313103,48.4114626954789
1080,Karlskrona,2024,42.97069425800516,2,44.068051791629024,45.45063883005565,45.4784829754872
1081,Ronneby,2024,39.69938415503984,2,44.86406395368871,43.89432883942944,43.91566159880219
1082,Karlshamn,2024,38.73893735630374,2,36.379547443430425,37.36714927554373,37.41352715918862
1083,Sölvesborg,2024,45.840504876649455,2,47.38197424892704,45.67349212186344,45.69399256345991
1214,Svalöv,2024,76.18785670081826,2,75.77007700770076,70.97778337983361,70.94542121881571
1230,Staffanstorp,2024,67.42848771197305,2,72.33352975839718,66.1622181289148,66.15932733313913
1231,Burlöv,2024,105.46738968210536,2,100.7357387623463,95.57579699333459,95.47977687454086
1233,Vellinge,2024,54.68584726041887,2,50.21463776564736,47.23623841310847,47.25393371477291
1256,Östra Göinge,2024,57.08971240520818,2,62.10313306817389,60.87494804230114,60.824231405746715
1257,Örkelljunga,2024,58.7720151795271,2,62.302309977954565,59.481604995742074,59.47790616729729
1260,Bjuv,2024,86.6437284954645,2,94.75200400801603,89.36256430414285,89.25434007601345
1261,Kävlinge,2024,51.91366197616775,2,46.09929078014184,44.52932311568767,44.56775559954252
1262,Lomma,2024,60.20635241756018,2,52.097291590530716,49.1785143820861,49.20111093505893
1263,Svedala,2024,59.793901870149696,2,56.58287175117171,52.43678797665809,52.46429935842271
1264,Skurup,2024,70.35499151997193,2,68.44196666864362,64.2360115323664,64.23158211154346
1265,Sjöbo,2024,59.78176552722759,2,60.81185368112363,58.29374407609997,58.275135358082395
1266,Hörby,2024,61.23891530651587,2,63.26596085980109,61.0251870110754,60.99901324720304
1267,Höör,2024,67.81596072611029,2,65.7803867403315,61.756586741714614,61.75155184511057
1270,Tomelilla,2024,71.19290270547694,2,60.02928257686676,58.11206646424895,58.092464537265464
1272,Bromölla,2024,55.33279871692061,2,51.9283085293647,50.308513092671106,50.29775865204659
1273,Osby,2024,49.27782497875956,2,54.7077674347627,52.893877660200054,52.865322626565835
1275,Perstorp,2024,74.91361437456807,2,87.12276389457872,83.7090982428768,83.6190249627335
1276,Klippan,2024,68.36400587106243,2,70.52982000789935,68.19625603626241,68.15836889344891
1277,Åstorp,2024,86.44902425679372,2,89.92587191639325,83.51581872512959,83.45416970985686
1278,Båstad,2024,72.94396605516036,2,78.36852689793866,72.19711411230767,72.16291118689122
1280,Malmö,2024,65.58565161742023,2,66.27123184023549,66.3898963720811,66.4209346041513
1281,Lund,2024,96.20031917318946,2,100.3622743460641,98.78272370866829,98.72433991539262
1282,Landskrona,2024,62.75761483015916,2,61.144821148215726,59.03123739288411,59.051939963057336
1283,Helsingborg,2024,62.35740444865245,2,59.4027996246018,58.99835672679079,59.020789259003834
1284,Höganäs,2024,60.4994723883222,2,53.55939417585925,50.22795887699451,50.25822097563494
1285,Eslöv,2024,73.07714334803276,2,70.8842559309849,67.6910351637662,67.67374048965306
1286,Ystad,2024,57.34130692082477,2,57.62903074175049,54.75528451594323,54.79108588602874
1287,Trelleborg,2024,56.9717996995917,2,53.49838077381967,51.01237189556453,51.05121828532812
1290,Kristianstad,2024,45.32351613239329,2,45.19408502772643,45.43816756629051,45.460706832993736
1291,Simrishamn,2024,59.76707252514558,2,58.168969517983335,55.2743190651728,55.273064058557665
1292,Ängelholm,2024,52.64908002660164,2,60.758703695448666,56.500083567246655,56.531715270509395
1293,Hässleholm,2024,49.64117127835131,2,50.286173694990524,49.15242883168788,49.160140109754394
1315,Hylte,2024,52.177324440957236,2,53.7916302553646,52.864122593567274,52.83694243175526
1380,Halmstad,2024,50.41288035896083,2,53.158909599606794,52.51550798343282,52.53021415983694
1381,Laholm,2024,52.03985711599925,2,55.072463768115945,52.01008254496336,51.99994458761119
1382,Falkenberg,2024,42.292498468428505,2,41.41547083297954,40.84626073948088,40.90864625673136
1383,Varberg,2024,41.88504415810048,2,39.88291255031101,38.93778533358011,39.01929927522525
1384,Kungsbacka,2024,45.23731816486386,2,42.06507652971875,40.96005567608138,41.00156444210934
1401,Härryda,2024,61.045421593380496,2,62.1692789968652,58.5981137383645,58.59828537220641
1402,Partille,2024,85.31417437895762,2,92.02062361895409,84.28082203346958,84.25275467569087
1407,Öckerö,2024,46.98144233027954,2,46.1814494110305,43.476885651219696,43.517925366366335
1415,Stenungsund,2024,52.8885856881261,2,50.247649127844376,48.984011392850384,49.01713614163767
1419,Tjörn,2024,47.91200596569724,2,48.24724389941781,46.40609583292562,46.42174896738247
1421,Orust,2024,56.34445023449713,2,48.522793973782036,45.96356890397785,45.98189664373415
1427,Sotenäs,2024,58.54569420035149,2,50.92797171895714,49.32018158375544,49.31830104332499
1430,Munkedal,2024,45.87598995557273,2,51.513997333841175,50.1038258812838,50.10505104415584
1435,Tanum,2024,48.539888827996556,2,51.45744267392149,50.05931723152471,50.039845956152796
1438,Dals-Ed,2024,45.15848892748589,2,44.29005644811116,43.8388216076231,43.858302867294185
1439,Färgelanda,2024,55.20702634880803,2,55.17562946844887,53.359271272269794,53.33631891705008
1440,Ale,2024,58.662819253438116,2,60.8395487887567,58.49496953029417,58.500769140001914
1441,Lerum,2024,47.07367454670645,2,50.83970164279504,47.749459338088116,47.77920882738714
1442,Vårgårda,2024,60.36556036556036,2,54.82881136950905,51.77110895503992,51.81155624471552
1443,Bollebygd,2024,63.2523974699041,2,66.57762252131923,62.09007321447898,62.084409798995544
1444,Grästorp,2024,60.84608460846085,2,50.6920726226856,50.084094762146286,50.0739707411082
1445,Essunga,2024,47.302158273381295,2,54.1018387553041,51.8632526194888,51.838438819683645
1446,Karlsborg,2024,45.84935212871992,2,54.8081008355757,52.398428005603414,52.41778001608291
1447,Gullspång,2024,62.41303915722521,2,66.028521195546,62.1277163473096,62.07518950818474
1452,Tranemo,2024,52.200354759692544,2,49.987376925018935,47.70990153615777,47.71345918717888
1460,Bengtsfors,2024,52.44601145879242,2,49.35434449551324,48.21085903444659,48.20126880647846
1461,Mellerud,2024,44.74149359257623,2,53.46426623022368,52.069235982903365,52.058229819374084
1462,Lilla Edet,2024,66.95748511286526,2,69.31928462498267,65.59366529465309,65.57054604448008
1463,Mark,2024,40.79078367230835,2,44.86071357723807,43.605573401568144,43.64564363717681
1465,Svenljunga,2024,61.13333953661487,2,62.459336369551075,58.69390477378985,58.658899327203414
1466,Herrljunga,2024,56.22828261556281,2,54.12562228577481,53.04651574233263,53.054272368326686
1470,Vara,2024,50.34808552958727,2,48.48748910743184,47.05239157502055,47.05149512450677
1471,Götene,2024,50.12795423754328,2,47.05704342563171,44.944345298613825,44.95263482416799
1472,Tibro,2024,54.06597283471512,2,51.182492057889164,50.21719813229379,50.22978790909826
1473,Töreboda,2024,51.531571381178814,2,50.97910513072968,49.24249742738836,49.25579314541748
1480,Göteborg,2024,62.893990571320195,2,64.56660095002448,65.52801060639995,65.55727855083063
1481,Mölndal,2024,88.01456174740969,2,82.5133977939717,79.75127677188739,79.71647520888492
1482,Kungälv,2024,57.480174110070955,2,61.564728331826856,57.93023074297021,57.962436457799264
1484,Lysekil,2024,48.39289566405407,2,40.017180900565535,40.26320772884011,40.29544144136749
1485,Uddevalla,2024,45.83406419926329,2,44.43860110439127,45.20988767398172,45.24496531216246
1486,Strömstad,2024,57.409879839786385,2,63.14930246363906,59.1900359193243,59.20610228638449
1487,Vänersborg,2024,54.36927149671587,2,54.88353493951814,53.12661739905886,53.14416558416595
1488,Trollhättan,2024,55.77682490720811,2,52.57901240837608,53.72618018318021,53.74359371208644
1489,Alingsås,2024,50.37217358737887,2,47.520173658628664,46.23772977562541,46.293787441671725
1490,Borås,2024,49.34187617522112,2,48.877757609606256,49.38666545160994,49.41087947795721
1491,Ulricehamn,2024,42.30538322993796,2,45.72089129828198,44.513055924329954,44.54268148805432
1492,Åmål,2024,47.707038467999325,2,44.22788605697151,44.81424056977272,44.826677068765775
1493,Mariestad,2024,42.142944311109304,2,39.27455674118554,39.906196655459325,39.954142629190024
1494,Lidköping,2024,36.48732220160792,2,36.73006240903821,36.74558186070363,36.80075604123446
1495,Skara,2024,61.42085850216497,2,59.8263107108395,58.44767712161456,58.439446568656756
1496,Skövde,2024,56.10828519699974,2,56.19514221906757,56.56789712383167,56.590257780247974
1497,Hjo,2024,53.68983957219251,2,50.118816158997625,47.80429809220048,47.83375389056415
1498,Tidaholm,2024,40.53104256149941,2,40.42370901160527,39.68732266054794,39.73930468982065
1499,Falköping,2024,45.02225202706822,2,43.89075808553848,44.34114647874455,44.36623311018559
1715,Kil,2024,46.5964679545643,2,43.938767066611504,42.33466290453888,42.37030676155044
1730,Eda,2024,46.837850689491205,2,49.77056124249912,48.10829863085711,48.114209092782566
1737,Torsby,2024,41.33910431940641,2,42.76806885044349,40.208661582988015,40.18141502248722
1760,Storfors,2024,68.63780359028512,2,50.51302288871349,49.39683818128694,49.37787556986713
1761,Hammarö,2024,54.67278719397363,2,55.548996458087366,51.327450983027845,51.352541295630694
1762,Munkfors,2024,67.86206896551724,2,68.95611883346962,65.85178748788,65.81631110638878
1763,Forshaga,2024,56.16319444444444,2,58.67568036054776,56.046417726079845,56.036440213550556
1764,Grums,2024,52.97645490892936,2,58.187037650436125,55.98060580969674,55.97627061460736
1765,Årjäng,2024,40.10178117048346,2,36.59152936419691,36.14091055943711,36.18771043500752
1766,Sunne,2024,50.314465408805034,2,46.461170133173724,45.79559226848143,45.82121579792123
1780,Karlstad,2024,63.262101871864935,2,62.139397118262316,62.3357830077269,62.35237175657658
1781,Kristinehamn,2024,46.556659370264356,2,41.06310618465802,41.981428150200365,42.022219955297885
1782,Filipstad,2024,46.03109656301146,2,43.35260115606936,45.49019044695636,45.48514392553776
1783,Hagfors,2024,42.56437204414083,2,44.55617198335645,42.34618409828037,42.374136821773284
1784,Arvika,2024,35.38575958038126,2,33.52542636866288,34.17826884968547,34.23949918970537
1785,Säffle,2024,45.17081683334452,2,38.305242821930584,39.05842565852363,39.08652947056432
1814,Lekeberg,2024,55.77504066930049,2,40.78549848942598,41.79427208625051,41.80588153307734
1860,Laxå,2024,63.802323437211875,2,63.12534109514281,60.56598259679775,60.52972589605913
1861,Hallsberg,2024,62.220843672456574,2,62.5924100542139,59.64819297685935,59.62949395618315
1862,Degerfors,2024,53.2442336710498,2,52.7946991557123,52.04381311694213,52.01089664772448
1863,Hällefors,2024,48.093656067077994,2,60.20015396458815,60.84697938772649,60.807860599529015
1864,Ljusnarsberg,2024,62.485694666971845,2,53.551168595416385,53.03835694753421,53.011236896373816
1880,Örebro,2024,55.938553765455225,2,55.777292466802216,56.251520422969996,56.27941974157657
1881,Kumla,2024,61.196596270005735,2,58.35850062178007,55.91203850161269,55.920959728113864
1882,Askersund,2024,50.36159275071883,2,49.137480397281756,46.61456735040463,46.63813522408504
1883,Karlskoga,2024,43.40622929092114,2,46.991176762169125,46.192058272677336,46.20379313803104
1884,Nora,2024,51.32061283955259,2,51.94316363978545,50.015032520546406,50.02288563836343
1885,Lindesberg,2024,47.18897195453956,2,46.41078481882192,45.31876966633993,45.33911363803749
1904,Skinnskatteberg,2024,60.38533834586466,2,67.1573137074517,64.3234863697888,64.28228357655809
1907,Surahammar,2024,59.52260030472321,2,55.36541171733441,53.77732396271718,53.77199004846976
1960,Kungsör,2024,67.86289394985047,2,57.96598403332176,56.43174022421174,56.409210583831296
1961,Hallstahammar,2024,56.08599051222002,2,61.306593010688125,59.44437610682316,59.43811496161126
1962,Norberg,2024,59.244314013206164,2,62.17147000181258,60.85732275148726,60.82189082307339
1980,Västerås,2024,51.79476325061942,2,48.88451854542721,48.93296602062379,48.97520925032086
1981,Sala,2024,47.71702490916255,2,41.8763400866407,41.56889845327446,41.605584329186684
1982,Fagersta,2024,54.77356181150551,2,59.29511420360006,57.59363900703119,57.58985570366803
1983,Köping,2024,44.46344591705857,2,47.00130879975364,46.65848472708543,46.69115330757363
1984,Arboga,2024,55.79399141630901,2,57.84887873160977,56.800867165104385,56.804988656589515
2021,Vansbro,2024,41.91350710900474,2,34.48275862068966,34.27725286463939,34.25172782939762
2023,Malung-Sälen,2024,52.66237565827969,2,51.461988304093566,48.99275395177703,48.94281151383277
2026,Gagnef,2024,46.22496147919877,2,40.939597315436245,39.645052462705756,39.66587158174168
2029,Leksand,2024,57.38365247567702,2,51.86062457146419,49.87581596873947,49.88196445943003
2031,Rättvik,2024,49.82724131660302,2,49.90038036587575,48.16304363153962,48.179358838869135
2034,Orsa,2024,52.10918114143921,2,59.64099594672843,57.85827221007123,57.83910301125127
2039,Älvdalen,2024,45.48096483580355,2,39.11098282580459,38.79091759231218,38.799745117486125
2061,Smedjebacken,2024,44.34999538020882,2,45.816915605241455,42.49072817817437,42.50387198401315
2062,Mora,2024,45.86173320350535,2,41.82898324892871,41.38606730622922,41.3944811136514
2080,Falun,2024,46.29243473183752,2,44.24365685326576,43.813714845675904,43.85677623249072
2081,Borlänge,2024,49.411764705882355,2,48.24586836764279,49.486672013441044,49.50030490634333
2082,Säter,2024,53.105230330571146,2,51.409766076669925,48.93951737413468,48.95190779966035
2083,Hedemora,2024,46.39748707545318,2,49.65786901270772,47.9449086505849,47.94264476206254
2084,Avesta,2024,39.74662086809118,2,38.588318023996834,38.670576828674776,38.69744725899187
2085,Ludvika,2024,57.89592250506871,2,51.43549731080979,49.322347445774135,49.326954145971946
2101,Ockelbo,2024,48.29396325459317,2,47.759638763459535,46.075403805205454,46.079196081302044
2104,Hofors,2024,46.22346729878246,2,42.1378280349904,42.23853666589359,42.26785987992104
2121,Ovanåker,2024,31.037827352085355,2,34.273318872017356,34.0594958996417,34.10040848553513
2132,Nordanstig,2024,51.176851651911036,2,49.83991462113127,48.47312143701007,48.4553586619545
2161,Ljusdal,2024,35.99891569531038,2,31.718631999136907,32.12879806638534,32.11554265243459
2180,Gävle,2024,47.68967044819816,2,44.38241316694355,45.340726111456355,45.37710162423832
2181,Sandviken,2024,46.53284671532847,2,39.73801387594491,40.79997412898005,40.827542643378905
2182,Söderhamn,2024,33.65247504583418,2,30.935714860407113,32.38680952495497,32.42095357796773
2183,Bollnäs,2024,36.809815950920246,2,36.874384795941545,37.37436600217615,37.40835161037981
2184,Hudiksvall,2024,35.040503091025364,2,37.10984194448134,36.62792850815648,36.661185896952276
2260,Ånge,2024,44.228217602830604,2,42.156109342408605,41.02170489810813,41.06085667667131
2262,Timrå,2024,53.02208778037783,2,46.69327251995439,46.82785834939623,46.838483082378914
2280,Härnösand,2024,49.11278808892515,2,47.65960898839945,47.48835597526239,47.50582743152998
2281,Sundsvall,2024,38.233987561586304,2,36.527471198330865,37.782007379394805,37.83566713675614
2282,Kramfors,2024,53.055857298038994,2,45.94180704441041,44.91194819776935,44.84895207625363
2283,Sollefteå,2024,40.00869754294412,2,39.30248879771096,37.979258521190204,37.9538460245492
2284,Örnsköldsvik,2024,31.43769276554299,2,29.200764266916615,29.123788867392534,29.14315449124593
2303,Ragunda,2024,55.188495919160516,2,45.18013631937683,42.996181565994036,43.01121837589449
2305,Bräcke,2024,56.835128417564206,2,56.56665027053615,53.734506212115335,53.713894319478285
2309,Krokom,2024,59.05612244897959,2,53.54280218018596,49.25302892824577,49.25877735602363
2313,Strömsund,2024,41.18660981583961,2,36.713758661027626,38.184515887324956,38.159957144047155
2321,Åre,2024,92.5707082643977,2,86.48908857509628,82.72432136042546,82.67444515440727
2326,Berg,2024,62.746201463140125,2,59.103641456582636,56.2421565050064,56.22024439873783
2361,Härjedalen,2024,61.13022113022113,2,57.26959093149335,54.379294672332016,54.30443956661237
2380,Östersund,2024,50.7086905000077,2,51.13977897997873,51.45774482810669,51.485476113666046
2401,Nordmaling,2024,44.65571881302218,2,52.04038106071378,49.7477731731557,49.75242515483798
2403,Bjurholm,2024,61.04281475201356,2,51.959114139693355,50.547226686926905,50.54318524300262
2404,Vindeln,2024,50.396898652390625,2,45.96227797106757,44.52929654604625,44.54666999095795
2409,Robertsfors,2024,51.270553064275035,2,46.58753709198813,44.02203021689089,44.04016806867487
2417,Norsjö,2024,60.23185483870968,2,44.08766564729868,42.043267299674746,42.06788370622999
2418,Malå,2024,48.95340985820392,2,41.47157190635451,41.42330445347702,41.42981045739836
2421,Storuman,2024,46.799354491662186,2,44.29816758583882,44.43394459181048,44.36256187109705
2422,Sorsele,2024,44.97242257106491,2,46.9208211143695,46.37179751320311,46.3397813597717
2425,Dorotea,2024,44.46381865736704,2,38.47798204360838,39.86118086008302,39.84480436787668
2460,Vännäs,2024,53.43845816907578,2,69.21293741031019,64.62830987901268,64.62457638073661
2462,Vilhelmina,2024,42.54294429282389,2,34.32859651923998,36.237912063305856,36.20160677912688
2463,Åsele,2024,55.67928730512249,2,36.79175864606328,37.85554156509158,37.802431161047636
2480,Umeå,2024,58.45853600399258,2,55.20283114560714,57.623687797954545,57.64468950272119
2481,Lycksele,2024,37.712493810859876,2,42.41382133791861,42.46327585456224,42.48416798479984
2482,Skellefteå,2024,63.37811900191939,2,60.202241906404325,54.803620473845235,54.82745317834358
2505,Arvidsjaur,2024,48.612251601248154,2,49.56649762800589,47.211727652504976,47.17780596234555
2506,Arjeplog,2024,45.786841092727975,2,37.17899578382522,38.510532486820324,38.503868703266214
2510,Jokkmokk,2024,51.47840884918102,2,42.93570219966159,41.467690140823365,41.42900654215312
2513,Överkalix,2024,56.54482974070603,2,50.284629981024665,46.902243382958645,46.858749194113315
2514,Kalix,2024,38.33409135208888,2,38.27104907699235,38.48105893348439,38.51257236812327
2518,Övertorneå,2024,56.44564949470052,2,48.18982387475538,45.7140130798299,45.731877999275255
2521,Pajala,2024,46.781628820215126,2,50.928291602793394,47.948307149868135,47.94961199591406
2523,Gällivare,2024,37.71833110891893,2,36.410848240046164,36.70160838459716,36.70027472715661
2560,Älvsbyn,2024,48.75225109338822,2,46.64011306694077,47.23344219113092,47.236675439490966
2580,Luleå,2024,51.74210559357147,2,47.73666700272205,49.414184518220445,49.452977744864846
2581,Piteå,2024,36.28053808278559,2,32.94445494048744,33.75585995680687,33.824522223423685
2582,Boden,2024,54.04827266569218,2,48.52735926707941,48.66980042965729,48.69464135745571
2583,Haparanda,2024,47.42651076385094,2,41.516835567178816,40.95497991439085,40.91009628830585
2584,Kiruna,2024,48.470525283153485,2,46.583158739357195,47.086499642885585,47.11014285215719
0114,Upplands Väsby,2024,86.95824970689347,3,98.70285372181202,94.15101523416305,94.0755577997799
0115,Vallentuna,2024,68.39602494376264,3,70.47553882996921,67.40070888719495,67.4046143198388
0117,Österåker,2024,66.52338963986583,3,59.717543930846965,57.813283664584944,57.864125504286214
0120,Värmdö,2024,64.88688753082448,3,66.32073246563887,63.95738662203013,63.97931278551169
0123,Järfälla,2024,113.36706014614953,3,99.65249623537588,96.95028592273648,96.85448821554635
0125,Ekerö,2024,59.910065721203736,3,54.04748680921966,52.517240328768665,52.57026498732402
0126,Huddinge,2024,101.61499160134379,3,97.41046348314607,96.31192680452337,96.17228586954967
0127,Botkyrka,2024,89.1611490537511,3,86.26244874048038,84.97396403725229,84.91172259577469
0128,Salem,2024,80.42497286799566,3,77.13025041544897,75.26562538005982,75.21531422306158
0136,Haninge,2024,84.09732890628871,3,89.88381068861464,84.8554500063064,84.84722087848061
0138,Tyresö,2024,64.7634152788792,3,60.66337217578752,59.38195298706333,59.397228677527565
0139,Upplands-Bro,2024,100.34075696726299,3,104.33550057005516,99.43321517753903,99.3417617635358
0140,Nykvarn,2024,78.43137254901961,3,88.6264144709672,79.8288169264783,79.86617783025336
0160,Täby,2024,86.32177402757769,3,87.94860434204696,81.87335092128484,81.90899037527507
0162,Danderyd,2024,94.64919043947572,3,83.09941700854438,78.47700634235923,78.58573621539315
0163,Sollentuna,2024,102.61001752035453,3,100.95064461518427,96.82577715310467,96.74247696826899
0180,Stockholm,2024,72.29899535343431,3,69.08386024270358,69.55925522830455,69.60324400223818
0181,Södertälje,2024,68.67098755235106,3,69.26520937582302,68.83113084148991,68.84267419946148
0182,Nacka,2024,83.01519908662766,3,80.84387117767754,76.88631357301288,76.89353012676224
0183,Sundbyberg,2024,135.67544514340548,3,154.6000858491916,145.6576068691245,145.46837488570014
0184,Solna,2024,137.43020666985277,3,136.56263900920095,135.52825983708868,135.31087561496048
0186,Lidingö,2024,79.58327304297497,3,71.26893469083686,68.25621172719445,68.34107731024734
0187,Vaxholm,2024,64.62527491118254,3,57.96733519505797,56.62029409700851,56.67691478066963
0188,Norrtälje,2024,58.031088082901555,3,50.58537327048806,49.16062085052003,49.22553156154857
0191,Sigtuna,2024,92.880019709288,3,97.4699689695216,93.32571925796552,93.27725183626252
0192,Nynäshamn,2024,76.09797573498152,3,73.33971165583452,70.0998408138595,70.10292652408506
0305,Håbo,2024,64.42345361946633,3,67.72873683294159,64.62228842666579,64.64429818524681
0319,Älvkarleby,2024,58.94053601340033,3,53.2804011700794,52.00068595547788,52.0259375622443
0330,Knivsta,2024,88.42542348888784,3,88.82881143188182,83.42869224336785,83.4303158410729
0331,Heby,2024,63.088184036249565,3,57.031304469079,55.90699450415977,55.94192755122589
0360,Tierp,2024,53.78127369219106,3,51.29052045486717,52.07448929289663,52.09167167999764
0380,Uppsala,2024,68.49154893232695,3,68.82594393650974,73.30243123849526,73.34876452226415
0381,Enköping,2024,56.80064209421498,3,59.0159860846517,57.044299413243266,57.09250540546891
0382,Östhammar,2024,43.27400849218538,3,41.94479523723616,41.8233822836543,41.86762310696664
0428,Vingåker,2024,51.42857142857143,3,59.84643179765131,59.539637552819144,59.50218857563005
0461,Gnesta,2024,54.459766102286615,3,55.38194444444444,55.919829739890446,55.923305060209636
0480,Nyköping,2024,50.716440422322776,3,50.92783505154639,49.604494063343964,49.61289666262486
0481,Oxelösund,2024,58.5155016208129,3,63.93523872459937,61.44275798835244,61.40250104677742
0482,Flen,2024,61.580523369352946,3,59.548123563952004,60.98158466711085,60.95086148183455
0483,Katrineholm,2024,51.47274111377877,3,48.071320358932525,48.966590168011734,48.98544715976819
0484,Eskilstuna,2024,41.94845293508577,3,42.086946812074295,43.89531434640014,43.93725376942152
0486,Strängnäs,2024,62.01510950576145,3,62.26070868772002,59.06265375827465,59.10199860453838
0488,Trosa,2024,60.7623769009178,3,61.1353711790393,58.15125115539081,58.19263333606766
0509,Ödeshög,2024,52.12908153523009,3,54.55578708088653,54.016385897687016,54.02404306132366
0512,Ydre,2024,57.36348593491451,3,47.01677206488864,46.999722482171194,46.9862272552581
0513,Kinda,2024,47.403836496936826,3,41.43314651721377,42.280143673502366,42.29679008636531
0560,Boxholm,2024,53.47108936015951,3,50.87814593518016,48.77344722461122,48.81157025842097
0561,Åtvidaberg,2024,49.2718234935031,3,42.4956369982548,41.9357255613087,41.97704039741609
0562,Finspång,2024,51.750450908754566,3,48.6770535631972,48.04739054553161,48.06398971675124
0563,Valdemarsvik,2024,67.77408637873754,3,57.81726561463997,56.50807202278229,56.46813313244539
0580,Linköping,2024,58.815127800755796,3,58.523093832883326,62.451094983149076,62.496997855175195
0581,Norrköping,2024,42.17823148020417,3,42.517721457947275,43.92033071275267,44.002919839739285
0582,Söderköping,2024,54.702819663263234,3,56.16465998520213,54.19347572838639,54.181432064270695
0583,Motala,2024,35.674060452821514,3,38.19063300402488,37.7331157002464,37.81507679623253
0584,Vadstena,2024,66.08811748998664,3,56.90072639225182,56.20263842581895,56.182302389708035
0586,Mjölby,2024,49.137480397281756,3,47.837346024636055,46.95464154701624,47.00874024357388
0604,Aneby,2024,45.461232896866264,3,49.76649153531815,48.96629598359513,48.99744644529401
0617,Gnosjö,2024,43.04019274997262,3,46.398442569759894,48.15894162257956,48.09056150720745
0642,Mullsjö,2024,53.19989465367395,3,57.542563019664776,55.58083537270842,55.585147274248634
0643,Habo,2024,48.67717003567182,3,45.87570621468927,43.77339407357161,43.81840293688973
0662,Gislaved,2024,41.02156483273431,3,39.9462328531054,40.943604701436115,40.94039316650592
0665,Vaggeryd,2024,47.284991568296796,3,43.95381810816285,44.222753177040715,44.247555057299444
0680,Jönköping,2024,52.90747287577715,3,50.15017685976423,51.866877487035296,51.91637888587438
0682,Nässjö,2024,51.69848355336056,3,51.50404448938322,52.709801267980836,52.69893157686133
0683,Värnamo,2024,39.02495512709166,3,41.76179879194243,41.33758324698833,41.35758035231787
0684,Sävsjö,2024,47.91144166738736,3,45.080562221460404,46.51263155006916,46.52823682963578
0685,Vetlanda,2024,41.33972682359779,3,38.65735689868354,39.33469625731883,39.377403482313184
0686,Eksjö,2024,56.26124100719424,3,50.140845070422536,51.063663138201164,51.06823806248905
0687,Tranås,2024,45.36658783057407,3,47.50733137829912,47.28064877866335,47.3154453884288
0760,Uppvidinge,2024,48.890850899459224,3,55.057756666306815,54.66562742886471,54.648349912620944
0761,Lessebo,2024,65.74978887682471,3,65.81155598177895,66.16156209867056,66.08836038868036
0763,Tingsryd,2024,55.57412669229483,3,53.55820649938297,53.10823846294467,53.08565561312439
0764,Alvesta,2024,49.167927382753405,3,54.34131736526946,54.225367159497225,54.19517114916548
0765,Älmhult,2024,48.09380841783266,3,50.07807271916128,49.77855544884012,49.781038735520696
0767,Markaryd,2024,51.519420406520425,3,63.51726875744343,61.71876880387042,61.66486936543332
0780,Växjö,2024,60.192812252120326,3,56.95164695513149,59.44860929990615,59.4570775761652
0781,Ljungby,2024,37.41159830268741,3,39.11107970604861,38.39202656300972,38.4219802727537
0821,Högsby,2024,62.9580905844766,3,58.29349025376977,58.22407476689777,58.159343929834264
0834,Torsås,2024,54.266895761741125,3,51.69951442445016,49.496583835799214,49.531749729554235
0840,Mörbylånga,2024,56.15138067061144,3,62.37611496531219,58.63722786534052,58.618175870591024
0860,Hultsfred,2024,45.71052439113581,3,46.74782107613628,46.14632706091703,46.15546001113674
0861,Mönsterås,2024,49.276914836636315,3,45.45454545454545,45.27892390197047,45.30790285701328
0862,Emmaboda,2024,48.19009549189429,3,40.746466431095406,43.681055942354234,43.67353113274849
0880,Kalmar,2024,59.281470070422536,3,58.585970347422,59.598083877169884,59.60342025884668
0881,Nybro,2024,48.568994035386694,3,49.14370811615785,48.90951960985919,48.92039407195733
0882,Oskarshamn,2024,43.30869516770048,3,38.0786091091463,37.68659832990402,37.71837503168814
0883,Västervik,2024,38.302192224325736,3,35.708404237799854,35.08746256701135,35.059270962342765
0884,Vimmerby,2024,41.34165366614665,3,40.61832999159175,40.95047191195847,40.946485447343015
0885,Borgholm,2024,55.87849240577536,3,57.778191291403054,56.69926691641065,56.63508794340332
0980,Gotland,2024,43.430483344540846,3,43.585836241786694,43.58504426711393,43.54761383551367
1060,Olofström,2024,49.84615384615385,3,49.38366128167828,48.553597797312165,48.60468952423184
1080,Karlskrona,2024,42.97069425800516,3,44.068051791629024,46.48485767233274,46.52009769504275
1081,Ronneby,2024,39.69938415503984,3,44.86406395368871,44.62989822466565,44.678424035858995
1082,Karlshamn,2024,38.73893735630374,3,36.379547443430425,38.06453189945361,38.13040623053516
1083,Sölvesborg,2024,45.840504876649455,3,47.38197424892704,46.244204460851776,46.289151045000935
1214,Svalöv,2024,76.18785670081826,3,75.77007700770076,73.1732629797706,73.15357023358023
1230,Staffanstorp,2024,67.42848771197305,3,72.33352975839718,68.0532827759114,68.04147225455714
1231,Burlöv,2024,105.46738968210536,3,100.7357387623463,97.71019100287324,97.58470261552465
1233,Vellinge,2024,54.68584726041887,3,50.21463776564736,47.00159754198961,47.09828686824392
1256,Östra Göinge,2024,57.08971240520818,3,62.10313306817389,62.09269924165494,62.04781243810349
1257,Örkelljunga,2024,58.7720151795271,3,62.302309977954565,60.61559717624789,60.632057586842976
1260,Bjuv,2024,86.6437284954645,3,94.75200400801603,90.81156212458042,90.7015801393663
1261,Kävlinge,2024,51.91366197616775,3,46.09929078014184,45.55915055406676,45.61411294862259
1262,Lomma,2024,60.20635241756018,3,52.097291590530716,50.67117628370683,50.716614472393964
1263,Svedala,2024,59.793901870149696,3,56.58287175117171,54.20566695258381,54.220665615746825
1264,Skurup,2024,70.35499151997193,3,68.44196666864362,65.51355393840568,65.53823381877501
1265,Sjöbo,2024,59.78176552722759,3,60.81185368112363,59.50681038678724,59.50378805132952
1266,Hörby,2024,61.23891530651587,3,63.26596085980109,62.64343814285064,62.6192179366052
1267,Höör,2024,67.81596072611029,3,65.7803867403315,63.99268349145491,63.99258618453427
1270,Tomelilla,2024,71.19290270547694,3,60.02928257686676,59.3923458480929,59.383590870538846
1272,Bromölla,2024,55.33279871692061,3,51.9283085293647,51.32411715353305,51.325968951232504
1273,Osby,2024,49.27782497875956,3,54.7077674347627,53.73895110107425,53.70553250567076
1275,Perstorp,2024,74.91361437456807,3,87.12276389457872,84.8082457557682,84.73219679279758
1276,Klippan,2024,68.36400587106243,3,70.52982000789935,68.97705274696855,68.95644040454246
1277,Åstorp,2024,86.44902425679372,3,89.92587191639325,84.5883858611063,84.5453564047714
1278,Båstad,2024,72.94396605516036,3,78.36852689793866,74.28996950808006,74.2607716126678
1280,Malmö,2024,65.58565161742023,3,66.27123184023549,65.87115138591797,65.98318563372193
1281,Lund,2024,96.20031917318946,3,100.3622743460641,104.25203084309389,104.22201203184653
1282,Landskrona,2024,62.75761483015916,3,61.144821148215726,59.86512766589149,59.90290080971737
1283,Helsingborg,2024,62.35740444865245,3,59.4027996246018,58.33226659993889,58.4100695814497
1284,Höganäs,2024,60.4994723883222,3,53.55939417585925,51.603283802867864,51.651889264441145
1285,Eslöv,2024,73.07714334803276,3,70.8842559309849,69.2902955057915,69.26644312194509
1286,Ystad,2024,57.34130692082477,3,57.62903074175049,56.534336392857014,56.54730336633927
1287,Trelleborg,2024,56.9717996995917,3,53.49838077381967,51.499842234520756,51.565894836358545
1290,Kristianstad,2024,45.32351613239329,3,45.19408502772643,45.444872491649306,45.514477789216734
1291,Simrishamn,2024,59.76707252514558,3,58.168969517983335,56.81293808661057,56.8255041789731
1292,Ängelholm,2024,52.64908002660164,3,60.758703695448666,57.33872718161828,57.383337140846045
1293,Hässleholm,2024,49.64117127835131,3,50.286173694990524,49.30753995394498,49.353420884215154
1315,Hylte,2024,52.177324440957236,3,53.7916302553646,52.46665129457162,52.45894249187903
1380,Halmstad,2024,50.41288035896083,3,53.158909599606794,53.312935904076724,53.34450181704684
1381,Laholm,2024,52.03985711599925,3,55.072463768115945,53.037318723189216,53.04349801433375
1382,Falkenberg,2024,42.292498468428505,3,41.41547083297954,41.43319489604866,41.514621415746234
1383,Varberg,2024,41.88504415810048,3,39.88291255031101,39.625445351739685,39.71284897446177
1384,Kungsbacka,2024,45.23731816486386,3,42.06507652971875,41.74852033937374,41.81168149036081
1401,Härryda,2024,61.045421593380496,3,62.1692789968652,60.24280545743369,60.24361167444616
1402,Partille,2024,85.31417437895762,3,92.02062361895409,86.45385386509827,86.39814502432964
1407,Öckerö,2024,46.98144233027954,3,46.1814494110305,45.150416155376675,45.21998976280876
1415,Stenungsund,2024,52.8885856881261,3,50.247649127844376,49.73059370157074,49.7753981149643
1419,Tjörn,2024,47.91200596569724,3,48.24724389941781,48.00334578528506,48.03217777321671
1421,Orust,2024,56.34445023449713,3,48.522793973782036,47.73049261969217,47.75816088339907
1427,Sotenäs,2024,58.54569420035149,3,50.92797171895714,50.351387776737994,50.34981939785458
1430,Munkedal,2024,45.87598995557273,3,51.513997333841175,50.59251962724777,50.604958538558385
1435,Tanum,2024,48.539888827996556,3,51.45744267392149,51.567893976734,51.54508840500153
1438,Dals-Ed,2024,45.15848892748589,3,44.29005644811116,44.272985386110605,44.308674080988624
1439,Färgelanda,2024,55.20702634880803,3,55.17562946844887,54.44682875038143,54.43654949961021
1440,Ale,2024,58.662819253438116,3,60.8395487887567,59.79292965194678,59.78749356905814
1441,Lerum,2024,47.07367454670645,3,50.83970164279504,49.42080984963597,49.45033913719873
1442,Vårgårda,2024,60.36556036556036,3,54.82881136950905,53.17167547717905,53.21681906787522
1443,Bollebygd,2024,63.2523974699041,3,66.57762252131923,64.28071812820365,64.22874952001398
1444,Grästorp,2024,60.84608460846085,3,50.6920726226856,51.69389516326754,51.653143626750534
1445,Essunga,2024,47.302158273381295,3,54.1018387553041,53.58365691996285,53.53652665435544
1446,Karlsborg,2024,45.84935212871992,3,54.8081008355757,52.64101814897829,52.682592912755794
1447,Gullspång,2024,62.41303915722521,3,66.028521195546,63.186549253142914,63.144053226294844
1452,Tranemo,2024,52.200354759692544,3,49.987376925018935,48.42378207003685,48.42070595947219
1460,Bengtsfors,2024,52.44601145879242,3,49.35434449551324,49.27562441252171,49.282100619238264
1461,Mellerud,2024,44.74149359257623,3,53.46426623022368,53.25775342345621,53.28308797253661
1462,Lilla Edet,2024,66.95748511286526,3,69.31928462498267,66.61197196883818,66.59646764413871
1463,Mark,2024,40.79078367230835,3,44.86071357723807,44.713170269554865,44.76374438326861
1465,Svenljunga,2024,61.13333953661487,3,62.459336369551075,60.296190988457596,60.25325480529505
1466,Herrljunga,2024,56.22828261556281,3,54.12562228577481,54.10874110679286,54.11700233197656
1470,Vara,2024,50.34808552958727,3,48.48748910743184,46.823456689369095,46.850502329641365
1471,Götene,2024,50.12795423754328,3,47.05704342563171,45.50026020091654,45.495116335582736
1472,Tibro,2024,54.06597283471512,3,51.182492057889164,50.73298592208549,50.74898176092045
1473,Töreboda,2024,51.531571381178814,3,50.97910513072968,49.58301153048997,49.619980408533024
1480,Göteborg,2024,62.893990571320195,3,64.56660095002448,65.89511865053015,65.96974735832612
1481,Mölndal,2024,88.01456174740969,3,82.5133977939717,81.40528137943075,81.3465525200514
1482,Kungälv,2024,57.480174110070955,3,61.564728331826856,58.57809697927391,58.62212824841707
1484,Lysekil,2024,48.39289566405407,3,40.017180900565535,40.61217194098931,40.64770120458821
1485,Uddevalla,2024,45.83406419926329,3,44.43860110439127,45.473288098315024,45.5188409579181
1486,Strömstad,2024,57.409879839786385,3,63.14930246363906,58.35407151173314,58.447191226945385
1487,Vänersborg,2024,54.36927149671587,3,54.88353493951814,53.76349307903443,53.792806876464354
1488,Trollhättan,2024,55.77682490720811,3,52.57901240837608,54.448633413767766,54.48221542482736
1489,Alingsås,2024,50.37217358737887,3,47.520173658628664,47.44049626612069,47.48484844994085
1490,Borås,2024,49.34187617522112,3,48.877757609606256,49.93198687546098,49.955560503499896
1491,Ulricehamn,2024,42.30538322993796,3,45.72089129828198,45.223952357678996,45.2417800643817
1492,Åmål,2024,47.707038467999325,3,44.22788605697151,45.770831989297434,45.779824849622145
1493,Mariestad,2024,42.142944311109304,3,39.27455674118554,40.03663487742371,40.08989923809129
1494,Lidköping,2024,36.48732220160792,3,36.73006240903821,36.35552100869851,36.42311562475868
1495,Skara,2024,61.42085850216497,3,59.8263107108395,58.918863506666554,58.89937456659728
1496,Skövde,2024,56.10828519699974,3,56.19514221906757,57.14752206687389,57.18477848281336
1497,Hjo,2024,53.68983957219251,3,50.118816158997625,49.40870437944744,49.42664865162592
1498,Tidaholm,2024,40.53104256149941,3,40.42370901160527,39.6380874310194,39.70205623250464
1499,Falköping,2024,45.02225202706822,3,43.89075808553848,45.221963831451006,45.23769618151781
1715,Kil,2024,46.5964679545643,3,43.938767066611504,42.963193525704526,42.99851420358292
1730,Eda,2024,46.837850689491205,3,49.77056124249912,44.75942951878925,44.90340345355561
1737,Torsby,2024,41.33910431940641,3,42.76806885044349,38.95451680267545,38.94365589586671
1760,Storfors,2024,68.63780359028512,3,50.51302288871349,50.13237592562881,50.12444470987002
1761,Hammarö,2024,54.67278719397363,3,55.548996458087366,53.00155235015086,52.99481240711647
1762,Munkfors,2024,67.86206896551724,3,68.95611883346962,66.33820028097372,66.3056903860988
1763,Forshaga,2024,56.16319444444444,3,58.67568036054776,57.49273263155726,57.47193239739454
1764,Grums,2024,52.97645490892936,3,58.187037650436125,55.32741444478633,55.36431660869141
1765,Årjäng,2024,40.10178117048346,3,36.59152936419691,34.366927808403496,34.498516282646435
1766,Sunne,2024,50.314465408805034,3,46.461170133173724,47.056190007393795,47.0943520975725
1780,Karlstad,2024,63.262101871864935,3,62.139397118262316,64.0009795312475,64.01115060889384
1781,Kristinehamn,2024,46.556659370264356,3,41.06310618465802,41.88989303038518,41.96066297804092
1782,Filipstad,2024,46.03109656301146,3,43.35260115606936,45.094680442208244,45.133518139402824
1783,Hagfors,2024,42.56437204414083,3,44.55617198335645,42.532758804932186,42.60132231967245
1784,Arvika,2024,35.38575958038126,3,33.52542636866288,34.429330251612456,34.50206906633326
1785,Säffle,2024,45.17081683334452,3,38.305242821930584,38.86363718451905,38.92931115213486
1814,Lekeberg,2024,55.77504066930049,3,40.78549848942598,42.8003474553221,42.797223245051306
1860,Laxå,2024,63.802323437211875,3,63.12534109514281,61.701076315668985,61.65177631965608
1861,Hallsberg,2024,62.220843672456574,3,62.5924100542139,60.84692386244279,60.80980253293592
1862,Degerfors,2024,53.2442336710498,3,52.7946991557123,51.474983926643105,51.479462437599324
1863,Hällefors,2024,48.093656067077994,3,60.20015396458815,62.21024999353246,62.172886609021596
1864,Ljusnarsberg,2024,62.485694666971845,3,53.551168595416385,53.01077325106128,53.029520047971765
1880,Örebro,2024,55.938553765455225,3,55.777292466802216,57.51272246026876,57.54785463172637
1881,Kumla,2024,61.196596270005735,3,58.35850062178007,56.84806494257488,56.83304167985931
1882,Askersund,2024,50.36159275071883,3,49.137480397281756,47.267723241513565,47.29578185361796
1883,Karlskoga,2024,43.40622929092114,3,46.991176762169125,45.74848867575213,45.77365686995077
1884,Nora,2024,51.32061283955259,3,51.94316363978545,51.29839265775179,51.30387926226139
1885,Lindesberg,2024,47.18897195453956,3,46.41078481882192,45.40397152859795,45.43815419051391
1904,Skinnskatteberg,2024,60.38533834586466,3,67.1573137074517,65.9399109653803,65.90686350646887
1907,Surahammar,2024,59.52260030472321,3,55.36541171733441,53.92762187557379,53.91024254910917
1960,Kungsör,2024,67.86289394985047,3,57.96598403332176,58.02106524789802,57.986251603902566
1961,Hallstahammar,2024,56.08599051222002,3,61.306593010688125,60.61200605157548,60.58006172987299
1962,Norberg,2024,59.244314013206164,3,62.17147000181258,61.984396446768145,61.9177427201212
1980,Västerås,2024,51.79476325061942,3,48.88451854542721,49.01817182958071,49.08319277937854
1981,Sala,2024,47.71702490916255,3,41.8763400866407,42.69362335392198,42.72717911570598
1982,Fagersta,2024,54.77356181150551,3,59.29511420360006,58.51737957992181,58.50168993344906
1983,Köping,2024,44.46344591705857,3,47.00130879975364,47.248422958454185,47.27629135210863
1984,Arboga,2024,55.79399141630901,3,57.84887873160977,57.81357833345233,57.798954943088034
2021,Vansbro,2024,41.91350710900474,3,34.48275862068966,34.13483582718624,34.1080905169096
2023,Malung-Sälen,2024,52.66237565827969,3,51.461988304093566,48.73288197648915,48.67850253878331
2026,Gagnef,2024,46.22496147919877,3,40.939597315436245,41.202969072726646,41.21326925341767
2029,Leksand,2024,57.38365247567702,3,51.86062457146419,52.04928219439631,52.01456802802009
2031,Rättvik,2024,49.82724131660302,3,49.90038036587575,49.49436364600649,49.50109593174112
2034,Orsa,2024,52.10918114143921,3,59.64099594672843,58.425208818468136,58.40647388751202
2039,Älvdalen,2024,45.48096483580355,3,39.11098282580459,39.49127445107177,39.49837425249214
2061,Smedjebacken,2024,44.34999538020882,3,45.816915605241455,43.24502638381202,43.26572595557626
2062,Mora,2024,45.86173320350535,3,41.82898324892871,41.75726259838136,41.754175902589886
2080,Falun,2024,46.29243473183752,3,44.24365685326576,44.88662722102562,44.90868677110862
2081,Borlänge,2024,49.411764705882355,3,48.24586836764279,49.88133306705946,49.9046309793725
2082,Säter,2024,53.105230330571146,3,51.409766076669925,50.65603486803907,50.62949683480344
2083,Hedemora,2024,46.39748707545318,3,49.65786901270772,48.72257167029035,48.71682781771832
2084,Avesta,2024,39.74662086809118,3,38.588318023996834,38.27691779848685,38.317755302483754
2085,Ludvika,2024,57.89592250506871,3,51.43549731080979,49.29637181986554,49.32415392273909
2101,Ockelbo,2024,48.29396325459317,3,47.759638763459535,47.10873416157126,47.13429830765017
2104,Hofors,2024,46.22346729878246,3,42.1378280349904,42.43486765243638,42.48172194019495
2121,Ovanåker,2024,31.037827352085355,3,34.273318872017356,34.9180490618257,34.941431763771206
2132,Nordanstig,2024,51.176851651911036,3,49.83991462113127,49.71215932054815,49.688458449645765
2161,Ljusdal,2024,35.99891569531038,3,31.718631999136907,32.03720429612243,32.015394943246605
2180,Gävle,2024,47.68967044819816,3,44.38241316694355,45.35905727659947,45.42200932799003
2181,Sandviken,2024,46.53284671532847,3,39.73801387594491,41.21910661470061,41.26513050001112
2182,Söderhamn,2024,33.65247504583418,3,30.935714860407113,32.98932620960427,33.03952958433707
2183,Bollnäs,2024,36.809815950920246,3,36.874384795941545,37.63999922500854,37.69154954823145
2184,Hudiksvall,2024,35.040503091025364,3,37.10984194448134,36.55357290049103,36.58717651995582
2260,Ånge,2024,44.228217602830604,3,42.156109342408605,40.968209331672654,41.036220533481284
2262,Timrå,2024,53.02208778037783,3,46.69327251995439,47.32593641467571,47.32051309851546
2280,Härnösand,2024,49.11278808892515,3,47.65960898839945,48.54330328716158,48.55006635096898
2281,Sundsvall,2024,38.233987561586304,3,36.527471198330865,37.71632212874542,37.76990752885955
2282,Kramfors,2024,53.055857298038994,3,45.94180704441041,44.32568202484053,44.27906866422323
2283,Sollefteå,2024,40.00869754294412,3,39.30248879771096,38.035684083748585,37.99719674691598
2284,Örnsköldsvik,2024,31.43769276554299,3,29.200764266916615,28.493562991943932,28.52449449862564
2303,Ragunda,2024,55.188495919160516,3,45.18013631937683,44.7168035388452,44.712321438954206
2305,Bräcke,2024,56.835128417564206,3,56.56665027053615,55.452463651918535,55.41169173530652
2309,Krokom,2024,59.05612244897959,3,53.54280218018596,52.026655050185596,51.97703338888562
2313,Strömsund,2024,41.18660981583961,3,36.713758661027626,39.10440374210436,39.05902362573134
2321,Åre,2024,92.5707082643977,3,86.48908857509628,84.96512515629414,84.8747955631681
2326,Berg,2024,62.746201463140125,3,59.103641456582636,58.94800899354496,58.88511681823136
2361,Härjedalen,2024,61.13022113022113,3,57.26959093149335,55.666522510877684,55.55440598638715
2380,Östersund,2024,50.7086905000077,3,51.13977897997873,52.905354916911804,52.88780099450983
2401,Nordmaling,2024,44.65571881302218,3,52.04038106071378,51.11783578834478,51.10796408785853
2403,Bjurholm,2024,61.04281475201356,3,51.959114139693355,52.34904644984417,52.33869243633208
2404,Vindeln,2024,50.396898652390625,3,45.96227797106757,47.03064134577194,47.00643485532711
2409,Robertsfors,2024,51.270553064275035,3,46.58753709198813,45.88622669481133,45.885313441291885
2417,Norsjö,2024,60.23185483870968,3,44.08766564729868,43.13446549404361,43.132407205232994
2418,Malå,2024,48.95340985820392,3,41.47157190635451,42.655337698711364,42.62431116531577
2421,Storuman,2024,46.799354491662186,3,44.29816758583882,45.03744780225858,44.909283653773045
2422,Sorsele,2024,44.97242257106491,3,46.9208211143695,48.217917474926736,48.122551137355416
2425,Dorotea,2024,44.46381865736704,3,38.47798204360838,41.66269109470328,41.573360793798955
2460,Vännäs,2024,53.43845816907578,3,69.21293741031019,66.19370315323015,66.14819887095275
2462,Vilhelmina,2024,42.54294429282389,3,34.32859651923998,35.22466635058138,35.17950375840133
2463,Åsele,2024,55.67928730512249,3,36.79175864606328,37.86763674014875,37.804096354738235
2480,Umeå,2024,58.45853600399258,3,55.20283114560714,60.315522573076834,60.3274750128593
2481,Lycksele,2024,37.712493810859876,3,42.41382133791861,42.429408338686486,42.437703063552796
2482,Skellefteå,2024,63.37811900191939,3,60.202241906404325,53.94468758245954,53.990979412873436
2505,Arvidsjaur,2024,48.612251601248154,3,49.56649762800589,45.618947082038574,45.58806046711519
2506,Arjeplog,2024,45.786841092727975,3,37.17899578382522,39.207258270839006,39.140808108290585
2510,Jokkmokk,2024,51.47840884918102,3,42.93570219966159,41.83871247913045,41.78231975467506
2513,Överkalix,2024,56.54482974070603,3,50.284629981024665,46.57147166494413,46.54062991285075
2514,Kalix,2024,38.33409135208888,3,38.27104907699235,38.858502927378204,38.89583308181247
2518,Övertorneå,2024,56.44564949470052,3,48.18982387475538,47.23010168008108,47.248099016953084
2521,Pajala,2024,46.781628820215126,3,50.928291602793394,48.67589365508893,48.68106774571423
2523,Gällivare,2024,37.71833110891893,3,36.410848240046164,34.560045783021735,34.56323292094431
2560,Älvsbyn,2024,48.75225109338822,3,46.64011306694077,47.628955282132935,47.626891735536724
2580,Luleå,2024,51.74210559357147,3,47.73666700272205,50.703274155093354,50.741490600604294
2581,Piteå,2024,36.28053808278559,3,32.94445494048744,33.58008740467313,33.66884785892721
2582,Boden,2024,54.04827266569218,3,48.52735926707941,49.060891590770495,49.07962139253286
2583,Haparanda,2024,47.42651076385094,3,41.516835567178816,39.175511483871574,39.178689771308626
2584,Kiruna,2024,48.470525283153485,3,46.583158739357195,45.10239824913961,45.149069322515714
0114,Upplands Väsby,2024,86.95824970689347,4,98.70285372181202,94.15101523416305,94.0755577997799
0115,Vallentuna,2024,68.39602494376264,4,70.47553882996921,67.40070888719495,67.4046143198388
0117,Österåker,2024,66.52338963986583,4,59.717543930846965,57.813283664584944,57.864125504286214
0120,Värmdö,2024,64.88688753082448,4,66.32073246563887,63.95738662203013,63.97931278551169
0123,Järfälla,2024,113.36706014614953,4,99.65249623537588,96.95028592273648,96.85448821554635
0125,Ekerö,2024,59.910065721203736,4,54.04748680921966,52.517240328768665,52.57026498732402
0126,Huddinge,2024,101.61499160134379,4,97.41046348314607,96.31192680452337,96.17228586954967
0127,Botkyrka,2024,89.1611490537511,4,86.26244874048038,84.97396403725229,84.91172259577469
0128,Salem,2024,80.42497286799566,4,77.13025041544897,75.26562538005982,75.21531422306158
0136,Haninge,2024,84.09732890628871,4,89.88381068861464,84.8554500063064,84.84722087848061
0138,Tyresö,2024,64.7634152788792,4,60.66337217578752,59.38195298706333,59.397228677527565
0139,Upplands-Bro,2024,100.34075696726299,4,104.33550057005516,99.43321517753903,99.3417617635358
0140,Nykvarn,2024,78.43137254901961,4,88.6264144709672,79.8288169264783,79.86617783025336
0160,Täby,2024,86.32177402757769,4,87.94860434204696,81.87335092128484,81.90899037527507
0162,Danderyd,2024,94.64919043947572,4,83.09941700854438,78.47700634235923,78.58573621539315
0163,Sollentuna,2024,102.61001752035453,4,100.95064461518427,96.82577715310467,96.74247696826899
0180,Stockholm,2024,72.29899535343431,4,69.08386024270358,69.55925522830455,69.60324400223818
0181,Södertälje,2024,68.67098755235106,4,69.26520937582302,68.83113084148991,68.84267419946148
0182,Nacka,2024,83.01519908662766,4,80.84387117767754,76.88631357301288,76.89353012676224
0183,Sundbyberg,2024,135.67544514340548,4,154.6000858491916,145.6576068691245,145.46837488570014
0184,Solna,2024,137.43020666985277,4,136.56263900920095,135.52825983708868,135.31087561496048
0186,Lidingö,2024,79.58327304297497,4,71.26893469083686,68.25621172719445,68.34107731024734
0187,Vaxholm,2024,64.62527491118254,4,57.96733519505797,56.62029409700851,56.67691478066963
0188,Norrtälje,2024,58.031088082901555,4,50.58537327048806,49.16062085052003,49.22553156154857
0191,Sigtuna,2024,92.880019709288,4,97.4699689695216,93.32571925796552,93.27725183626252
0192,Nynäshamn,2024,76.09797573498152,4,73.33971165583452,70.0998408138595,70.10292652408506
0305,Håbo,2024,64.42345361946633,4,67.72873683294159,64.62228842666579,64.64429818524681
0319,Älvkarleby,2024,58.94053601340033,4,53.2804011700794,52.00068595547788,52.0259375622443
0330,Knivsta,2024,88.42542348888784,4,88.82881143188182,83.42869224336785,83.4303158410729
0331,Heby,2024,63.088184036249565,4,57.031304469079,55.90699450415977,55.94192755122589
0360,Tierp,2024,53.78127369219106,4,51.29052045486717,52.07448929289663,52.09167167999764
0380,Uppsala,2024,68.49154893232695,4,68.82594393650974,73.30243123849526,73.34876452226415
0381,Enköping,2024,56.80064209421498,4,59.0159860846517,57.044299413243266,57.09250540546891
0382,Östhammar,2024,43.27400849218538,4,41.94479523723616,41.8233822836543,41.86762310696664
0428,Vingåker,2024,51.42857142857143,4,59.84643179765131,59.539637552819144,59.50218857563005
0461,Gnesta,2024,54.459766102286615,4,55.38194444444444,55.919829739890446,55.923305060209636
0480,Nyköping,2024,50.716440422322776,4,50.92783505154639,49.604494063343964,49.61289666262486
0481,Oxelösund,2024,58.5155016208129,4,63.93523872459937,61.44275798835244,61.40250104677742
0482,Flen,2024,61.580523369352946,4,59.548123563952004,60.98158466711085,60.95086148183455
0483,Katrineholm,2024,51.47274111377877,4,48.071320358932525,48.966590168011734,48.98544715976819
0484,Eskilstuna,2024,41.94845293508577,4,42.086946812074295,43.89531434640014,43.93725376942152
0486,Strängnäs,2024,62.01510950576145,4,62.26070868772002,59.06265375827465,59.10199860453838
0488,Trosa,2024,60.7623769009178,4,61.1353711790393,58.15125115539081,58.19263333606766
0509,Ödeshög,2024,52.12908153523009,4,54.55578708088653,54.016385897687016,54.02404306132366
0512,Ydre,2024,57.36348593491451,4,47.01677206488864,46.999722482171194,46.9862272552581
0513,Kinda,2024,47.403836496936826,4,41.43314651721377,42.280143673502366,42.29679008636531
0560,Boxholm,2024,53.47108936015951,4,50.87814593518016,48.77344722461122,48.81157025842097
0561,Åtvidaberg,2024,49.2718234935031,4,42.4956369982548,41.9357255613087,41.97704039741609
0562,Finspång,2024,51.750450908754566,4,48.6770535631972,48.04739054553161,48.06398971675124
0563,Valdemarsvik,2024,67.77408637873754,4,57.81726561463997,56.50807202278229,56.46813313244539
0580,Linköping,2024,58.815127800755796,4,58.523093832883326,62.451094983149076,62.496997855175195
0581,Norrköping,2024,42.17823148020417,4,42.517721457947275,43.92033071275267,44.002919839739285
0582,Söderköping,2024,54.702819663263234,4,56.16465998520213,54.19347572838639,54.181432064270695
0583,Motala,2024,35.674060452821514,4,38.19063300402488,37.7331157002464,37.81507679623253
0584,Vadstena,2024,66.08811748998664,4,56.90072639225182,56.20263842581895,56.182302389708035
0586,Mjölby,2024,49.137480397281756,4,47.837346024636055,46.95464154701624,47.00874024357388
0604,Aneby,2024,45.461232896866264,4,49.76649153531815,48.96629598359513,48.99744644529401
0617,Gnosjö,2024,43.04019274997262,4,46.398442569759894,48.15894162257956,48.09056150720745
0642,Mullsjö,2024,53.19989465367395,4,57.542563019664776,55.58083537270842,55.585147274248634
0643,Habo,2024,48.67717003567182,4,45.87570621468927,43.77339407357161,43.81840293688973
0662,Gislaved,2024,41.02156483273431,4,39.9462328531054,40.943604701436115,40.94039316650592
0665,Vaggeryd,2024,47.284991568296796,4,43.95381810816285,44.222753177040715,44.247555057299444
0680,Jönköping,2024,52.90747287577715,4,50.15017685976423,51.866877487035296,51.91637888587438
0682,Nässjö,2024,51.69848355336056,4,51.50404448938322,52.709801267980836,52.69893157686133
0683,Värnamo,2024,39.02495512709166,4,41.76179879194243,41.33758324698833,41.35758035231787
0684,Sävsjö,2024,47.91144166738736,4,45.080562221460404,46.51263155006916,46.52823682963578
0685,Vetlanda,2024,41.33972682359779,4,38.65735689868354,39.33469625731883,39.377403482313184
0686,Eksjö,2024,56.26124100719424,4,50.140845070422536,51.063663138201164,51.06823806248905
0687,Tranås,2024,45.36658783057407,4,47.50733137829912,47.28064877866335,47.3154453884288
0760,Uppvidinge,2024,48.890850899459224,4,55.057756666306815,54.66562742886471,54.648349912620944
0761,Lessebo,2024,65.74978887682471,4,65.81155598177895,66.16156209867056,66.08836038868036
0763,Tingsryd,2024,55.57412669229483,4,53.55820649938297,53.10823846294467,53.08565561312439
0764,Alvesta,2024,49.167927382753405,4,54.34131736526946,54.225367159497225,54.19517114916548
0765,Älmhult,2024,48.09380841783266,4,50.07807271916128,49.77855544884012,49.781038735520696
0767,Markaryd,2024,51.519420406520425,4,63.51726875744343,61.71876880387042,61.66486936543332
0780,Växjö,2024,60.192812252120326,4,56.95164695513149,59.44860929990615,59.4570775761652
0781,Ljungby,2024,37.41159830268741,4,39.11107970604861,38.39202656300972,38.4219802727537
0821,Högsby,2024,62.9580905844766,4,58.29349025376977,58.22407476689777,58.159343929834264
0834,Torsås,2024,54.266895761741125,4,51.69951442445016,49.496583835799214,49.531749729554235
0840,Mörbylånga,2024,56.15138067061144,4,62.37611496531219,58.63722786534052,58.618175870591024
0860,Hultsfred,2024,45.71052439113581,4,46.74782107613628,46.14632706091703,46.15546001113674
0861,Mönsterås,2024,49.276914836636315,4,45.45454545454545,45.27892390197047,45.30790285701328
0862,Emmaboda,2024,48.19009549189429,4,40.746466431095406,43.681055942354234,43.67353113274849
0880,Kalmar,2024,59.281470070422536,4,58.585970347422,59.598083877169884,59.60342025884668
0881,Nybro,2024,48.568994035386694,4,49.14370811615785,48.90951960985919,48.92039407195733
0882,Oskarshamn,2024,43.30869516770048,4,38.0786091091463,37.68659832990402,37.71837503168814
0883,Västervik,2024,38.302192224325736,4,35.708404237799854,35.08746256701135,35.059270962342765
0884,Vimmerby,2024,41.34165366614665,4,40.61832999159175,40.95047191195847,40.946485447343015
0885,Borgholm,2024,55.87849240577536,4,57.778191291403054,56.69926691641065,56.63508794340332
0980,Gotland,2024,43.430483344540846,4,43.585836241786694,43.58504426711393,43.54761383551367
1060,Olofström,2024,49.84615384615385,4,49.38366128167828,48.553597797312165,48.60468952423184
1080,Karlskrona,2024,42.97069425800516,4,44.068051791629024,46.48485767233274,46.52009769504275
1081,Ronneby,2024,39.69938415503984,4,44.86406395368871,44.62989822466565,44.678424035858995
1082,Karlshamn,2024,38.73893735630374,4,36.379547443430425,38.06453189945361,38.13040623053516
1083,Sölvesborg,2024,45.840504876649455,4,47.38197424892704,46.244204460851776,46.289151045000935
1214,Svalöv,2024,76.18785670081826,4,75.77007700770076,73.1732629797706,73.15357023358023
1230,Staffanstorp,2024,67.42848771197305,4,72.33352975839718,68.0532827759114,68.04147225455714
1231,Burlöv,2024,105.46738968210536,4,100.7357387623463,97.71019100287324,97.58470261552465
1233,Vellinge,2024,54.68584726041887,4,50.21463776564736,47.00159754198961,47.09828686824392
1256,Östra Göinge,2024,57.08971240520818,4,62.10313306817389,62.09269924165494,62.04781243810349
1257,Örkelljunga,2024,58.7720151795271,4,62.302309977954565,60.61559717624789,60.632057586842976
1260,Bjuv,2024,86.6437284954645,4,94.75200400801603,90.81156212458042,90.7015801393663
1261,Kävlinge,2024,51.91366197616775,4,46.09929078014184,45.55915055406676,45.61411294862259
1262,Lomma,2024,60.20635241756018,4,52.097291590530716,50.67117628370683,50.716614472393964
1263,Svedala,2024,59.793901870149696,4,56.58287175117171,54.20566695258381,54.220665615746825
1264,Skurup,2024,70.35499151997193,4,68.44196666864362,65.51355393840568,65.53823381877501
1265,Sjöbo,2024,59.78176552722759,4,60.81185368112363,59.50681038678724,59.50378805132952
1266,Hörby,2024,61.23891530651587,4,63.26596085980109,62.64343814285064,62.6192179366052
1267,Höör,2024,67.81596072611029,4,65.7803867403315,63.99268349145491,63.99258618453427
1270,Tomelilla,2024,71.19290270547694,4,60.02928257686676,59.3923458480929,59.383590870538846
1272,Bromölla,2024,55.33279871692061,4,51.9283085293647,51.32411715353305,51.325968951232504
1273,Osby,2024,49.27782497875956,4,54.7077674347627,53.73895110107425,53.70553250567076
1275,Perstorp,2024,74.91361437456807,4,87.12276389457872,84.8082457557682,84.73219679279758
1276,Klippan,2024,68.36400587106243,4,70.52982000789935,68.97705274696855,68.95644040454246
1277,Åstorp,2024,86.44902425679372,4,89.92587191639325,84.5883858611063,84.5453564047714
1278,Båstad,2024,72.94396605516036,4,78.36852689793866,74.28996950808006,74.2607716126678
1280,Malmö,2024,65.58565161742023,4,66.27123184023549,65.87115138591797,65.98318563372193
1281,Lund,2024,96.20031917318946,4,100.3622743460641,104.25203084309389,104.22201203184653
1282,Landskrona,2024,62.75761483015916,4,61.144821148215726,59.86512766589149,59.90290080971737
1283,Helsingborg,2024,62.35740444865245,4,59.4027996246018,58.33226659993889,58.4100695814497
1284,Höganäs,2024,60.4994723883222,4,53.55939417585925,51.603283802867864,51.651889264441145
1285,Eslöv,2024,73.07714334803276,4,70.8842559309849,69.2902955057915,69.26644312194509
1286,Ystad,2024,57.34130692082477,4,57.62903074175049,56.534336392857014,56.54730336633927
1287,Trelleborg,2024,56.9717996995917,4,53.49838077381967,51.499842234520756,51.565894836358545
1290,Kristianstad,2024,45.32351613239329,4,45.19408502772643,45.444872491649306,45.514477789216734
1291,Simrishamn,2024,59.76707252514558,4,58.168969517983335,56.81293808661057,56.8255041789731
1292,Ängelholm,2024,52.64908002660164,4,60.758703695448666,57.33872718161828,57.383337140846045
1293,Hässleholm,2024,49.64117127835131,4,50.286173694990524,49.30753995394498,49.353420884215154
1315,Hylte,2024,52.177324440957236,4,53.7916302553646,52.46665129457162,52.45894249187903
1380,Halmstad,2024,50.41288035896083,4,53.158909599606794,53.312935904076724,53.34450181704684
1381,Laholm,2024,52.03985711599925,4,55.072463768115945,53.037318723189216,53.04349801433375
1382,Falkenberg,2024,42.292498468428505,4,41.41547083297954,41.43319489604866,41.514621415746234
1383,Varberg,2024,41.88504415810048,4,39.88291255031101,39.625445351739685,39.71284897446177
1384,Kungsbacka,2024,45.23731816486386,4,42.06507652971875,41.74852033937374,41.81168149036081
1401,Härryda,2024,61.045421593380496,4,62.1692789968652,60.24280545743369,60.24361167444616
1402,Partille,2024,85.31417437895762,4,92.02062361895409,86.45385386509827,86.39814502432964
1407,Öckerö,2024,46.98144233027954,4,46.1814494110305,45.150416155376675,45.21998976280876
1415,Stenungsund,2024,52.8885856881261,4,50.247649127844376,49.73059370157074,49.7753981149643
1419,Tjörn,2024,47.91200596569724,4,48.24724389941781,48.00334578528506,48.03217777321671
1421,Orust,2024,56.34445023449713,4,48.522793973782036,47.73049261969217,47.75816088339907
1427,Sotenäs,2024,58.54569420035149,4,50.92797171895714,50.351387776737994,50.34981939785458
1430,Munkedal,2024,45.87598995557273,4,51.513997333841175,50.59251962724777,50.604958538558385
1435,Tanum,2024,48.539888827996556,4,51.45744267392149,51.567893976734,51.54508840500153
1438,Dals-Ed,2024,45.15848892748589,4,44.29005644811116,44.272985386110605,44.308674080988624
1439,Färgelanda,2024,55.20702634880803,4,55.17562946844887,54.44682875038143,54.43654949961021
1440,Ale,2024,58.662819253438116,4,60.8395487887567,59.79292965194678,59.78749356905814
1441,Lerum,2024,47.07367454670645,4,50.83970164279504,49.42080984963597,49.45033913719873
1442,Vårgårda,2024,60.36556036556036,4,54.82881136950905,53.17167547717905,53.21681906787522
1443,Bollebygd,2024,63.2523974699041,4,66.57762252131923,64.28071812820365,64.22874952001398
1444,Grästorp,2024,60.84608460846085,4,50.6920726226856,51.69389516326754,51.653143626750534
1445,Essunga,2024,47.302158273381295,4,54.1018387553041,53.58365691996285,53.53652665435544
1446,Karlsborg,2024,45.84935212871992,4,54.8081008355757,52.64101814897829,52.682592912755794
1447,Gullspång,2024,62.41303915722521,4,66.028521195546,63.186549253142914,63.144053226294844
1452,Tranemo,2024,52.200354759692544,4,49.987376925018935,48.42378207003685,48.42070595947219
1460,Bengtsfors,2024,52.44601145879242,4,49.35434449551324,49.27562441252171,49.282100619238264
1461,Mellerud,2024,44.74149359257623,4,53.46426623022368,53.25775342345621,53.28308797253661
1462,Lilla Edet,2024,66.95748511286526,4,69.31928462498267,66.61197196883818,66.59646764413871
1463,Mark,2024,40.79078367230835,4,44.86071357723807,44.713170269554865,44.76374438326861
1465,Svenljunga,2024,61.13333953661487,4,62.459336369551075,60.296190988457596,60.25325480529505
1466,Herrljunga,2024,56.22828261556281,4,54.12562228577481,54.10874110679286,54.11700233197656
1470,Vara,2024,50.34808552958727,4,48.48748910743184,46.823456689369095,46.850502329641365
1471,Götene,2024,50.12795423754328,4,47.05704342563171,45.50026020091654,45.495116335582736
1472,Tibro,2024,54.06597283471512,4,51.182492057889164,50.73298592208549,50.74898176092045
1473,Töreboda,2024,51.531571381178814,4,50.97910513072968,49.58301153048997,49.619980408533024
1480,Göteborg,2024,62.893990571320195,4,64.56660095002448,65.89511865053015,65.96974735832612
1481,Mölndal,2024,88.01456174740969,4,82.5133977939717,81.40528137943075,81.3465525200514
1482,Kungälv,2024,57.480174110070955,4,61.564728331826856,58.57809697927391,58.62212824841707
1484,Lysekil,2024,48.39289566405407,4,40.017180900565535,40.61217194098931,40.64770120458821
1485,Uddevalla,2024,45.83406419926329,4,44.43860110439127,45.473288098315024,45.5188409579181
1486,Strömstad,2024,57.409879839786385,4,63.14930246363906,58.35407151173314,58.447191226945385
1487,Vänersborg,2024,54.36927149671587,4,54.88353493951814,53.76349307903443,53.792806876464354
1488,Trollhättan,2024,55.77682490720811,4,52.57901240837608,54.448633413767766,54.48221542482736
1489,Alingsås,2024,50.37217358737887,4,47.520173658628664,47.44049626612069,47.48484844994085
1490,Borås,2024,49.34187617522112,4,48.877757609606256,49.93198687546098,49.955560503499896
1491,Ulricehamn,2024,42.30538322993796,4,45.72089129828198,45.223952357678996,45.2417800643817
1492,Åmål,2024,47.707038467999325,4,44.22788605697151,45.770831989297434,45.779824849622145
1493,Mariestad,2024,42.142944311109304,4,39.27455674118554,40.03663487742371,40.08989923809129
1494,Lidköping,2024,36.48732220160792,4,36.73006240903821,36.35552100869851,36.42311562475868
1495,Skara,2024,61.42085850216497,4,59.8263107108395,58.918863506666554,58.89937456659728
1496,Skövde,2024,56.10828519699974,4,56.19514221906757,57.14752206687389,57.18477848281336
1497,Hjo,2024,53.68983957219251,4,50.118816158997625,49.40870437944744,49.42664865162592
1498,Tidaholm,2024,40.53104256149941,4,40.42370901160527,39.6380874310194,39.70205623250464
1499,Falköping,2024,45.02225202706822,4,43.89075808553848,45.221963831451006,45.23769618151781
1715,Kil,2024,46.5964679545643,4,43.938767066611504,42.963193525704526,42.99851420358292
1730,Eda,2024,46.837850689491205,4,49.77056124249912,44.75942951878925,44.90340345355561
1737,Torsby,2024,41.33910431940641,4,42.76806885044349,38.95451680267545,38.94365589586671
1760,Storfors,2024,68.63780359028512,4,50.51302288871349,50.13237592562881,50.12444470987002
1761,Hammarö,2024,54.67278719397363,4,55.548996458087366,53.00155235015086,52.99481240711647
1762,Munkfors,2024,67.86206896551724,4,68.95611883346962,66.33820028097372,66.3056903860988
1763,Forshaga,2024,56.16319444444444,4,58.67568036054776,57.49273263155726,57.47193239739454
1764,Grums,2024,52.97645490892936,4,58.187037650436125,55.32741444478633,55.36431660869141
1765,Årjäng,2024,40.10178117048346,4,36.59152936419691,34.366927808403496,34.498516282646435
1766,Sunne,2024,50.314465408805034,4,46.461170133173724,47.056190007393795,47.0943520975725
1780,Karlstad,2024,63.262101871864935,4,62.139397118262316,64.0009795312475,64.01115060889384
1781,Kristinehamn,2024,46.556659370264356,4,41.06310618465802,41.88989303038518,41.96066297804092
1782,Filipstad,2024,46.03109656301146,4,43.35260115606936,45.094680442208244,45.133518139402824
1783,Hagfors,2024,42.56437204414083,4,44.55617198335645,42.532758804932186,42.60132231967245
1784,Arvika,2024,35.38575958038126,4,33.52542636866288,34.429330251612456,34.50206906633326
1785,Säffle,2024,45.17081683334452,4,38.305242821930584,38.86363718451905,38.92931115213486
1814,Lekeberg,2024,55.77504066930049,4,40.78549848942598,42.8003474553221,42.797223245051306
1860,Laxå,2024,63.802323437211875,4,63.12534109514281,61.701076315668985,61.65177631965608
1861,Hallsberg,2024,62.220843672456574,4,62.5924100542139,60.84692386244279,60.80980253293592
1862,Degerfors,2024,53.2442336710498,4,52.7946991557123,51.474983926643105,51.479462437599324
1863,Hällefors,2024,48.093656067077994,4,60.20015396458815,62.21024999353246,62.172886609021596
1864,Ljusnarsberg,2024,62.485694666971845,4,53.551168595416385,53.01077325106128,53.029520047971765
1880,Örebro,2024,55.938553765455225,4,55.777292466802216,57.51272246026876,57.54785463172637
1881,Kumla,2024,61.196596270005735,4,58.35850062178007,56.84806494257488,56.83304167985931
1882,Askersund,2024,50.36159275071883,4,49.137480397281756,47.267723241513565,47.29578185361796
1883,Karlskoga,2024,43.40622929092114,4,46.991176762169125,45.74848867575213,45.77365686995077
1884,Nora,2024,51.32061283955259,4,51.94316363978545,51.29839265775179,51.30387926226139
1885,Lindesberg,2024,47.18897195453956,4,46.41078481882192,45.40397152859795,45.43815419051391
1904,Skinnskatteberg,2024,60.38533834586466,4,67.1573137074517,65.9399109653803,65.90686350646887
1907,Surahammar,2024,59.52260030472321,4,55.36541171733441,53.92762187557379,53.91024254910917
1960,Kungsör,2024,67.86289394985047,4,57.96598403332176,58.02106524789802,57.986251603902566
1961,Hallstahammar,2024,56.08599051222002,4,61.306593010688125,60.61200605157548,60.58006172987299
1962,Norberg,2024,59.244314013206164,4,62.17147000181258,61.984396446768145,61.9177427201212
1980,Västerås,2024,51.79476325061942,4,48.88451854542721,49.01817182958071,49.08319277937854
1981,Sala,2024,47.71702490916255,4,41.8763400866407,42.69362335392198,42.72717911570598
1982,Fagersta,2024,54.77356181150551,4,59.29511420360006,58.51737957992181,58.50168993344906
1983,Köping,2024,44.46344591705857,4,47.00130879975364,47.248422958454185,47.27629135210863
1984,Arboga,2024,55.79399141630901,4,57.84887873160977,57.81357833345233,57.798954943088034
2021,Vansbro,2024,41.91350710900474,4,34.48275862068966,34.13483582718624,34.1080905169096
2023,Malung-Sälen,2024,52.66237565827969,4,51.461988304093566,48.73288197648915,48.67850253878331
2026,Gagnef,2024,46.22496147919877,4,40.939597315436245,41.202969072726646,41.21326925341767
2029,Leksand,2024,57.38365247567702,4,51.86062457146419,52.04928219439631,52.01456802802009
2031,Rättvik,2024,49.82724131660302,4,49.90038036587575,49.49436364600649,49.50109593174112
2034,Orsa,2024,52.10918114143921,4,59.64099594672843,58.425208818468136,58.40647388751202
2039,Älvdalen,2024,45.48096483580355,4,39.11098282580459,39.49127445107177,39.49837425249214
2061,Smedjebacken,2024,44.34999538020882,4,45.816915605241455,43.24502638381202,43.26572595557626
2062,Mora,2024,45.86173320350535,4,41.82898324892871,41.75726259838136,41.754175902589886
2080,Falun,2024,46.29243473183752,4,44.24365685326576,44.88662722102562,44.90868677110862
2081,Borlänge,2024,49.411764705882355,4,48.24586836764279,49.88133306705946,49.9046309793725
2082,Säter,2024,53.105230330571146,4,51.409766076669925,50.65603486803907,50.62949683480344
2083,Hedemora,2024,46.39748707545318,4,49.65786901270772,48.72257167029035,48.71682781771832
2084,Avesta,2024,39.74662086809118,4,38.588318023996834,38.27691779848685,38.317755302483754
2085,Ludvika,2024,57.89592250506871,4,51.43549731080979,49.29637181986554,49.32415392273909
2101,Ockelbo,2024,48.29396325459317,4,47.759638763459535,47.10873416157126,47.13429830765017
2104,Hofors,2024,46.22346729878246,4,42.1378280349904,42.43486765243638,42.48172194019495
2121,Ovanåker,2024,31.037827352085355,4,34.273318872017356,34.9180490618257,34.941431763771206
2132,Nordanstig,2024,51.176851651911036,4,49.83991462113127,49.71215932054815,49.688458449645765
2161,Ljusdal,2024,35.99891569531038,4,31.718631999136907,32.03720429612243,32.015394943246605
2180,Gävle,2024,47.68967044819816,4,44.38241316694355,45.35905727659947,45.42200932799003
2181,Sandviken,2024,46.53284671532847,4,39.73801387594491,41.21910661470061,41.26513050001112
2182,Söderhamn,2024,33.65247504583418,4,30.935714860407113,32.98932620960427,33.03952958433707
2183,Bollnäs,2024,36.809815950920246,4,36.874384795941545,37.63999922500854,37.69154954823145
2184,Hudiksvall,2024,35.040503091025364,4,37.10984194448134,36.55357290049103,36.58717651995582
2260,Ånge,2024,44.228217602830604,4,42.156109342408605,40.968209331672654,41.036220533481284
2262,Timrå,2024,53.02208778037783,4,46.69327251995439,47.32593641467571,47.32051309851546
2280,Härnösand,2024,49.11278808892515,4,47.65960898839945,48.54330328716158,48.55006635096898
2281,Sundsvall,2024,38.233987561586304,4,36.527471198330865,37.71632212874542,37.76990752885955
2282,Kramfors,2024,53.055857298038994,4,45.94180704441041,44.32568202484053,44.27906866422323
2283,Sollefteå,2024,40.00869754294412,4,39.30248879771096,38.035684083748585,37.99719674691598
2284,Örnsköldsvik,2024,31.43769276554299,4,29.200764266916615,28.493562991943932,28.52449449862564
2303,Ragunda,2024,55.188495919160516,4,45.18013631937683,44.7168035388452,44.712321438954206
2305,Bräcke,2024,56.835128417564206,4,56.56665027053615,55.452463651918535,55.41169173530652
2309,Krokom,2024,59.05612244897959,4,53.54280218018596,52.026655050185596,51.97703338888562
2313,Strömsund,2024,41.18660981583961,4,36.713758661027626,39.10440374210436,39.05902362573134
2321,Åre,2024,92.5707082643977,4,86.48908857509628,84.96512515629414,84.8747955631681
2326,Berg,2024,62.746201463140125,4,59.103641456582636,58.94800899354496,58.88511681823136
2361,Härjedalen,2024,61.13022113022113,4,57.26959093149335,55.666522510877684,55.55440598638715
2380,Östersund,2024,50.7086905000077,4,51.13977897997873,52.905354916911804,52.88780099450983
2401,Nordmaling,2024,44.65571881302218,4,52.04038106071378,51.11783578834478,51.10796408785853
2403,Bjurholm,2024,61.04281475201356,4,51.959114139693355,52.34904644984417,52.33869243633208
2404,Vindeln,2024,50.396898652390625,4,45.96227797106757,47.03064134577194,47.00643485532711
2409,Robertsfors,2024,51.270553064275035,4,46.58753709198813,45.88622669481133,45.885313441291885
2417,Norsjö,2024,60.23185483870968,4,44.08766564729868,43.13446549404361,43.132407205232994
2418,Malå,2024,48.95340985820392,4,41.47157190635451,42.655337698711364,42.62431116531577
2421,Storuman,2024,46.799354491662186,4,44.29816758583882,45.03744780225858,44.909283653773045
2422,Sorsele,2024,44.97242257106491,4,46.9208211143695,48.217917474926736,48.122551137355416
2425,Dorotea,2024,44.46381865736704,4,38.47798204360838,41.66269109470328,41.573360793798955
2460,Vännäs,2024,53.43845816907578,4,69.21293741031019,66.19370315323015,66.14819887095275
2462,Vilhelmina,2024,42.54294429282389,4,34.32859651923998,35.22466635058138,35.17950375840133
2463,Åsele,2024,55.67928730512249,4,36.79175864606328,37.86763674014875,37.804096354738235
2480,Umeå,2024,58.45853600399258,4,55.20283114560714,60.315522573076834,60.3274750128593
2481,Lycksele,2024,37.712493810859876,4,42.41382133791861,42.429408338686486,42.437703063552796
2482,Skellefteå,2024,63.37811900191939,4,60.202241906404325,53.94468758245954,53.990979412873436
2505,Arvidsjaur,2024,48.612251601248154,4,49.56649762800589,45.618947082038574,45.58806046711519
2506,Arjeplog,2024,45.786841092727975,4,37.17899578382522,39.207258270839006,39.140808108290585
2510,Jokkmokk,2024,51.47840884918102,4,42.93570219966159,41.83871247913045,41.78231975467506
2513,Överkalix,2024,56.54482974070603,4,50.284629981024665,46.57147166494413,46.54062991285075
2514,Kalix,2024,38.33409135208888,4,38.27104907699235,38.858502927378204,38.89583308181247
2518,Övertorneå,2024,56.44564949470052,4,48.18982387475538,47.23010168008108,47.248099016953084
2521,Pajala,2024,46.781628820215126,4,50.928291602793394,48.67589365508893,48.68106774571423
2523,Gällivare,2024,37.71833110891893,4,36.410848240046164,34.560045783021735,34.56323292094431
2560,Älvsbyn,2024,48.75225109338822,4,46.64011306694077,47.628955282132935,47.626891735536724
2580,Luleå,2024,51.74210559357147,4,47.73666700272205,50.703274155093354,50.741490600604294
2581,Piteå,2024,36.28053808278559,4,32.94445494048744,33.58008740467313,33.66884785892721
2582,Boden,2024,54.04827266569218,4,48.52735926707941,49.060891590770495,49.07962139253286
2583,Haparanda,2024,47.42651076385094,4,41.516835567178816,39.175511483871574,39.178689771308626
2584,Kiruna,2024,48.470525283153485,4,46.583158739357195,45.10239824913961,45.149069322515714
0114,Upplands Väsby,2024,86.95824970689347,5,98.70285372181202,94.15101523416305,94.0755577997799
0115,Vallentuna,2024,68.39602494376264,5,70.47553882996921,67.40070888719495,67.4046143198388
0117,Österåker,2024,66.52338963986583,5,59.717543930846965,57.813283664584944,57.864125504286214
0120,Värmdö,2024,64.88688753082448,5,66.32073246563887,63.95738662203013,63.97931278551169
0123,Järfälla,2024,113.36706014614953,5,99.65249623537588,96.95028592273648,96.85448821554635
0125,Ekerö,2024,59.910065721203736,5,54.04748680921966,52.517240328768665,52.57026498732402
0126,Huddinge,2024,101.61499160134379,5,97.41046348314607,96.31192680452337,96.17228586954967
0127,Botkyrka,2024,89.1611490537511,5,86.26244874048038,84.97396403725229,84.91172259577469
0128,Salem,2024,80.42497286799566,5,77.13025041544897,75.26562538005982,75.21531422306158
0136,Haninge,2024,84.09732890628871,5,89.88381068861464,84.8554500063064,84.84722087848061
0138,Tyresö,2024,64.7634152788792,5,60.66337217578752,59.38195298706333,59.397228677527565
0139,Upplands-Bro,2024,100.34075696726299,5,104.33550057005516,99.43321517753903,99.3417617635358
0140,Nykvarn,2024,78.43137254901961,5,88.6264144709672,79.8288169264783,79.86617783025336
0160,Täby,2024,86.32177402757769,5,87.94860434204696,81.87335092128484,81.90899037527507
0162,Danderyd,2024,94.64919043947572,5,83.09941700854438,78.47700634235923,78.58573621539315
0163,Sollentuna,2024,102.61001752035453,5,100.95064461518427,96.82577715310467,96.74247696826899
0180,Stockholm,2024,72.29899535343431,5,69.08386024270358,69.55925522830455,69.60324400223818
0181,Södertälje,2024,68.67098755235106,5,69.26520937582302,68.83113084148991,68.84267419946148
0182,Nacka,2024,83.01519908662766,5,80.84387117767754,76.88631357301288,76.89353012676224
0183,Sundbyberg,2024,135.67544514340548,5,154.6000858491916,145.6576068691245,145.46837488570014
0184,Solna,2024,137.43020666985277,5,136.56263900920095,135.52825983708868,135.31087561496048
0186,Lidingö,2024,79.58327304297497,5,71.26893469083686,68.25621172719445,68.34107731024734
0187,Vaxholm,2024,64.62527491118254,5,57.96733519505797,56.62029409700851,56.67691478066963
0188,Norrtälje,2024,58.031088082901555,5,50.58537327048806,49.16062085052003,49.22553156154857
0191,Sigtuna,2024,92.880019709288,5,97.4699689695216,93.32571925796552,93.27725183626252
0192,Nynäshamn,2024,76.09797573498152,5,73.33971165583452,70.0998408138595,70.10292652408506
0305,Håbo,2024,64.42345361946633,5,67.72873683294159,64.62228842666579,64.64429818524681
0319,Älvkarleby,2024,58.94053601340033,5,53.2804011700794,52.00068595547788,52.0259375622443
0330,Knivsta,2024,88.42542348888784,5,88.82881143188182,83.42869224336785,83.4303158410729
0331,Heby,2024,63.088184036249565,5,57.031304469079,55.90699450415977,55.94192755122589
0360,Tierp,2024,53.78127369219106,5,51.29052045486717,52.07448929289663,52.09167167999764
0380,Uppsala,2024,68.49154893232695,5,68.82594393650974,73.30243123849526,73.34876452226415
0381,Enköping,2024,56.80064209421498,5,59.0159860846517,57.044299413243266,57.09250540546891
0382,Östhammar,2024,43.27400849218538,5,41.94479523723616,41.8233822836543,41.86762310696664
0428,Vingåker,2024,51.42857142857143,5,59.84643179765131,59.539637552819144,59.50218857563005
0461,Gnesta,2024,54.459766102286615,5,55.38194444444444,55.919829739890446,55.923305060209636
0480,Nyköping,2024,50.716440422322776,5,50.92783505154639,49.604494063343964,49.61289666262486
0481,Oxelösund,2024,58.5155016208129,5,63.93523872459937,61.44275798835244,61.40250104677742
0482,Flen,2024,61.580523369352946,5,59.548123563952004,60.98158466711085,60.95086148183455
0483,Katrineholm,2024,51.47274111377877,5,48.071320358932525,48.966590168011734,48.98544715976819
0484,Eskilstuna,2024,41.94845293508577,5,42.086946812074295,43.89531434640014,43.93725376942152
0486,Strängnäs,2024,62.01510950576145,5,62.26070868772002,59.06265375827465,59.10199860453838
0488,Trosa,2024,60.7623769009178,5,61.1353711790393,58.15125115539081,58.19263333606766
0509,Ödeshög,2024,52.12908153523009,5,54.55578708088653,54.016385897687016,54.02404306132366
0512,Ydre,2024,57.36348593491451,5,47.01677206488864,46.999722482171194,46.9862272552581
0513,Kinda,2024,47.403836496936826,5,41.43314651721377,42.280143673502366,42.29679008636531
0560,Boxholm,2024,53.47108936015951,5,50.87814593518016,48.77344722461122,48.81157025842097
0561,Åtvidaberg,2024,49.2718234935031,5,42.4956369982548,41.9357255613087,41.97704039741609
0562,Finspång,2024,51.750450908754566,5,48.6770535631972,48.04739054553161,48.06398971675124
0563,Valdemarsvik,2024,67.77408637873754,5,57.81726561463997,56.50807202278229,56.46813313244539
0580,Linköping,2024,58.815127800755796,5,58.523093832883326,62.451094983149076,62.496997855175195
0581,Norrköping,2024,42.17823148020417,5,42.517721457947275,43.92033071275267,44.002919839739285
0582,Söderköping,2024,54.702819663263234,5,56.16465998520213,54.19347572838639,54.181432064270695
0583,Motala,2024,35.674060452821514,5,38.19063300402488,37.7331157002464,37.81507679623253
0584,Vadstena,2024,66.08811748998664,5,56.90072639225182,56.20263842581895,56.182302389708035
0586,Mjölby,2024,49.137480397281756,5,47.837346024636055,46.95464154701624,47.00874024357388
0604,Aneby,2024,45.461232896866264,5,49.76649153531815,48.96629598359513,48.99744644529401
0617,Gnosjö,2024,43.04019274997262,5,46.398442569759894,48.15894162257956,48.09056150720745
0642,Mullsjö,2024,53.19989465367395,5,57.542563019664776,55.58083537270842,55.585147274248634
0643,Habo,2024,48.67717003567182,5,45.87570621468927,43.77339407357161,43.81840293688973
0662,Gislaved,2024,41.02156483273431,5,39.9462328531054,40.943604701436115,40.94039316650592
0665,Vaggeryd,2024,47.284991568296796,5,43.95381810816285,44.222753177040715,44.247555057299444
0680,Jönköping,2024,52.90747287577715,5,50.15017685976423,51.866877487035296,51.91637888587438
0682,Nässjö,2024,51.69848355336056,5,51.50404448938322,52.709801267980836,52.69893157686133
0683,Värnamo,2024,39.02495512709166,5,41.76179879194243,41.33758324698833,41.35758035231787
0684,Sävsjö,2024,47.91144166738736,5,45.080562221460404,46.51263155006916,46.52823682963578
0685,Vetlanda,2024,41.33972682359779,5,38.65735689868354,39.33469625731883,39.377403482313184
0686,Eksjö,2024,56.26124100719424,5,50.140845070422536,51.063663138201164,51.06823806248905
0687,Tranås,2024,45.36658783057407,5,47.50733137829912,47.28064877866335,47.3154453884288
0760,Uppvidinge,2024,48.890850899459224,5,55.057756666306815,54.66562742886471,54.648349912620944
0761,Lessebo,2024,65.74978887682471,5,65.81155598177895,66.16156209867056,66.08836038868036
0763,Tingsryd,2024,55.57412669229483,5,53.55820649938297,53.10823846294467,53.08565561312439
0764,Alvesta,2024,49.167927382753405,5,54.34131736526946,54.225367159497225,54.19517114916548
0765,Älmhult,2024,48.09380841783266,5,50.07807271916128,49.77855544884012,49.781038735520696
0767,Markaryd,2024,51.519420406520425,5,63.51726875744343,61.71876880387042,61.66486936543332
0780,Växjö,2024,60.192812252120326,5,56.95164695513149,59.44860929990615,59.4570775761652
0781,Ljungby,2024,37.41159830268741,5,39.11107970604861,38.39202656300972,38.4219802727537
0821,Högsby,2024,62.9580905844766,5,58.29349025376977,58.22407476689777,58.159343929834264
0834,Torsås,2024,54.266895761741125,5,51.69951442445016,49.496583835799214,49.531749729554235
0840,Mörbylånga,2024,56.15138067061144,5,62.37611496531219,58.63722786534052,58.618175870591024
0860,Hultsfred,2024,45.71052439113581,5,46.74782107613628,46.14632706091703,46.15546001113674
0861,Mönsterås,2024,49.276914836636315,5,45.45454545454545,45.27892390197047,45.30790285701328
0862,Emmaboda,2024,48.19009549189429,5,40.746466431095406,43.681055942354234,43.67353113274849
0880,Kalmar,2024,59.281470070422536,5,58.585970347422,59.598083877169884,59.60342025884668
0881,Nybro,2024,48.568994035386694,5,49.14370811615785,48.90951960985919,48.92039407195733
0882,Oskarshamn,2024,43.30869516770048,5,38.0786091091463,37.68659832990402,37.71837503168814
0883,Västervik,2024,38.302192224325736,5,35.708404237799854,35.08746256701135,35.059270962342765
0884,Vimmerby,2024,41.34165366614665,5,40.61832999159175,40.95047191195847,40.946485447343015
0885,Borgholm,2024,55.87849240577536,5,57.778191291403054,56.69926691641065,56.63508794340332
0980,Gotland,2024,43.430483344540846,5,43.585836241786694,43.58504426711393,43.54761383551367
1060,Olofström,2024,49.84615384615385,5,49.38366128167828,48.553597797312165,48.60468952423184
1080,Karlskrona,2024,42.97069425800516,5,44.068051791629024,46.48485767233274,46.52009769504275
1081,Ronneby,2024,39.69938415503984,5,44.86406395368871,44.62989822466565,44.678424035858995
1082,Karlshamn,2024,38.73893735630374,5,36.379547443430425,38.06453189945361,38.13040623053516
1083,Sölvesborg,2024,45.840504876649455,5,47.38197424892704,46.244204460851776,46.289151045000935
1214,Svalöv,2024,76.18785670081826,5,75.77007700770076,73.1732629797706,73.15357023358023
1230,Staffanstorp,2024,67.42848771197305,5,72.33352975839718,68.0532827759114,68.04147225455714
1231,Burlöv,2024,105.46738968210536,5,100.7357387623463,97.71019100287324,97.58470261552465
1233,Vellinge,2024,54.68584726041887,5,50.21463776564736,47.00159754198961,47.09828686824392
1256,Östra Göinge,2024,57.08971240520818,5,62.10313306817389,62.09269924165494,62.04781243810349
1257,Örkelljunga,2024,58.7720151795271,5,62.302309977954565,60.61559717624789,60.632057586842976
1260,Bjuv,2024,86.6437284954645,5,94.75200400801603,90.81156212458042,90.7015801393663
1261,Kävlinge,2024,51.91366197616775,5,46.09929078014184,45.55915055406676,45.61411294862259
1262,Lomma,2024,60.20635241756018,5,52.097291590530716,50.67117628370683,50.716614472393964
1263,Svedala,2024,59.793901870149696,5,56.58287175117171,54.20566695258381,54.220665615746825
1264,Skurup,2024,70.35499151997193,5,68.44196666864362,65.51355393840568,65.53823381877501
1265,Sjöbo,2024,59.78176552722759,5,60.81185368112363,59.50681038678724,59.50378805132952
1266,Hörby,2024,61.23891530651587,5,63.26596085980109,62.64343814285064,62.6192179366052
1267,Höör,2024,67.81596072611029,5,65.7803867403315,63.99268349145491,63.99258618453427
1270,Tomelilla,2024,71.19290270547694,5,60.02928257686676,59.3923458480929,59.383590870538846
1272,Bromölla,2024,55.33279871692061,5,51.9283085293647,51.32411715353305,51.325968951232504
1273,Osby,2024,49.27782497875956,5,54.7077674347627,53.73895110107425,53.70553250567076
1275,Perstorp,2024,74.91361437456807,5,87.12276389457872,84.8082457557682,84.73219679279758
1276,Klippan,2024,68.36400587106243,5,70.52982000789935,68.97705274696855,68.95644040454246
1277,Åstorp,2024,86.44902425679372,5,89.92587191639325,84.5883858611063,84.5453564047714
1278,Båstad,2024,72.94396605516036,5,78.36852689793866,74.28996950808006,74.2607716126678
1280,Malmö,2024,65.58565161742023,5,66.27123184023549,65.87115138591797,65.98318563372193
1281,Lund,2024,96.20031917318946,5,100.3622743460641,104.25203084309389,104.22201203184653
1282,Landskrona,2024,62.75761483015916,5,61.144821148215726,59.86512766589149,59.90290080971737
1283,Helsingborg,2024,62.35740444865245,5,59.4027996246018,58.33226659993889,58.4100695814497
1284,Höganäs,2024,60.4994723883222,5,53.55939417585925,51.603283802867864,51.651889264441145
1285,Eslöv,2024,73.07714334803276,5,70.8842559309849,69.2902955057915,69.26644312194509
1286,Ystad,2024,57.34130692082477,5,57.62903074175049,56.534336392857014,56.54730336633927
1287,Trelleborg,2024,56.9717996995917,5,53.49838077381967,51.499842234520756,51.565894836358545
1290,Kristianstad,2024,45.32351613239329,5,45.19408502772643,45.444872491649306,45.514477789216734
1291,Simrishamn,2024,59.76707252514558,5,58.168969517983335,56.81293808661057,56.8255041789731
1292,Ängelholm,2024,52.64908002660164,5,60.758703695448666,57.33872718161828,57.383337140846045
1293,Hässleholm,2024,49.64117127835131,5,50.286173694990524,49.30753995394498,49.353420884215154
1315,Hylte,2024,52.177324440957236,5,53.7916302553646,52.46665129457162,52.45894249187903
1380,Halmstad,2024,50.41288035896083,5,53.158909599606794,53.312935904076724,53.34450181704684
1381,Laholm,2024,52.03985711599925,5,55.072463768115945,53.037318723189216,53.04349801433375
1382,Falkenberg,2024,42.292498468428505,5,41.41547083297954,41.43319489604866,41.514621415746234
1383,Varberg,2024,41.88504415810048,5,39.88291255031101,39.625445351739685,39.71284897446177
1384,Kungsbacka,2024,45.23731816486386,5,42.06507652971875,41.74852033937374,41.81168149036081
1401,Härryda,2024,61.045421593380496,5,62.1692789968652,60.24280545743369,60.24361167444616
1402,Partille,2024,85.31417437895762,5,92.02062361895409,86.45385386509827,86.39814502432964
1407,Öckerö,2024,46.98144233027954,5,46.1814494110305,45.150416155376675,45.21998976280876
1415,Stenungsund,2024,52.8885856881261,5,50.247649127844376,49.73059370157074,49.7753981149643
1419,Tjörn,2024,47.91200596569724,5,48.24724389941781,48.00334578528506,48.03217777321671
1421,Orust,2024,56.34445023449713,5,48.522793973782036,47.73049261969217,47.75816088339907
1427,Sotenäs,2024,58.54569420035149,5,50.92797171895714,50.351387776737994,50.34981939785458
1430,Munkedal,2024,45.87598995557273,5,51.513997333841175,50.59251962724777,50.604958538558385
1435,Tanum,2024,48.539888827996556,5,51.45744267392149,51.567893976734,51.54508840500153
1438,Dals-Ed,2024,45.15848892748589,5,44.29005644811116,44.272985386110605,44.308674080988624
1439,Färgelanda,2024,55.20702634880803,5,55.17562946844887,54.44682875038143,54.43654949961021
1440,Ale,2024,58.662819253438116,5,60.8395487887567,59.79292965194678,59.78749356905814
1441,Lerum,2024,47.07367454670645,5,50.83970164279504,49.42080984963597,49.45033913719873
1442,Vårgårda,2024,60.36556036556036,5,54.82881136950905,53.17167547717905,53.21681906787522
1443,Bollebygd,2024,63.2523974699041,5,66.57762252131923,64.28071812820365,64.22874952001398
1444,Grästorp,2024,60.84608460846085,5,50.6920726226856,51.69389516326754,51.653143626750534
1445,Essunga,2024,47.302158273381295,5,54.1018387553041,53.58365691996285,53.53652665435544
1446,Karlsborg,2024,45.84935212871992,5,54.8081008355757,52.64101814897829,52.682592912755794
1447,Gullspång,2024,62.41303915722521,5,66.028521195546,63.186549253142914,63.144053226294844
1452,Tranemo,2024,52.200354759692544,5,49.987376925018935,48.42378207003685,48.42070595947219
1460,Bengtsfors,2024,52.44601145879242,5,49.35434449551324,49.27562441252171,49.282100619238264
1461,Mellerud,2024,44.74149359257623,5,53.46426623022368,53.25775342345621,53.28308797253661
1462,Lilla Edet,2024,66.95748511286526,5,69.31928462498267,66.61197196883818,66.59646764413871
1463,Mark,2024,40.79078367230835,5,44.86071357723807,44.713170269554865,44.76374438326861
1465,Svenljunga,2024,61.13333953661487,5,62.459336369551075,60.296190988457596,60.25325480529505
1466,Herrljunga,2024,56.22828261556281,5,54.12562228577481,54.10874110679286,54.11700233197656
1470,Vara,2024,50.34808552958727,5,48.48748910743184,46.823456689369095,46.850502329641365
1471,Götene,2024,50.12795423754328,5,47.05704342563171,45.50026020091654,45.495116335582736
1472,Tibro,2024,54.06597283471512,5,51.182492057889164,50.73298592208549,50.74898176092045
1473,Töreboda,2024,51.531571381178814,5,50.97910513072968,49.58301153048997,49.619980408533024
1480,Göteborg,2024,62.893990571320195,5,64.56660095002448,65.89511865053015,65.96974735832612
1481,Mölndal,2024,88.01456174740969,5,82.5133977939717,81.40528137943075,81.3465525200514
1482,Kungälv,2024,57.480174110070955,5,61.564728331826856,58.57809697927391,58.62212824841707
1484,Lysekil,2024,48.39289566405407,5,40.017180900565535,40.61217194098931,40.64770120458821
1485,Uddevalla,2024,45.83406419926329,5,44.43860110439127,45.473288098315024,45.5188409579181
1486,Strömstad,2024,57.409879839786385,5,63.14930246363906,58.35407151173314,58.447191226945385
1487,Vänersborg,2024,54.36927149671587,5,54.88353493951814,53.76349307903443,53.792806876464354
1488,Trollhättan,2024,55.77682490720811,5,52.57901240837608,54.448633413767766,54.48221542482736
1489,Alingsås,2024,50.37217358737887,5,47.520173658628664,47.44049626612069,47.48484844994085
1490,Borås,2024,49.34187617522112,5,48.877757609606256,49.93198687546098,49.955560503499896
1491,Ulricehamn,2024,42.30538322993796,5,45.72089129828198,45.223952357678996,45.2417800643817
1492,Åmål,2024,47.707038467999325,5,44.22788605697151,45.770831989297434,45.779824849622145
1493,Mariestad,2024,42.142944311109304,5,39.27455674118554,40.03663487742371,40.08989923809129
1494,Lidköping,2024,36.48732220160792,5,36.73006240903821,36.35552100869851,36.42311562475868
1495,Skara,2024,61.42085850216497,5,59.8263107108395,58.918863506666554,58.89937456659728
1496,Skövde,2024,56.10828519699974,5,56.19514221906757,57.14752206687389,57.18477848281336
1497,Hjo,2024,53.68983957219251,5,50.118816158997625,49.40870437944744,49.42664865162592
1498,Tidaholm,2024,40.53104256149941,5,40.42370901160527,39.6380874310194,39.70205623250464
1499,Falköping,2024,45.02225202706822,5,43.89075808553848,45.221963831451006,45.23769618151781
1715,Kil,2024,46.5964679545643,5,43.938767066611504,42.963193525704526,42.99851420358292
1730,Eda,2024,46.837850689491205,5,49.77056124249912,44.75942951878925,44.90340345355561
1737,Torsby,2024,41.33910431940641,5,42.76806885044349,38.95451680267545,38.94365589586671
1760,Storfors,2024,68.63780359028512,5,50.51302288871349,50.13237592562881,50.12444470987002
1761,Hammarö,2024,54.67278719397363,5,55.548996458087366,53.00155235015086,52.99481240711647
1762,Munkfors,2024,67.86206896551724,5,68.95611883346962,66.33820028097372,66.3056903860988
1763,Forshaga,2024,56.16319444444444,5,58.67568036054776,57.49273263155726,57.47193239739454
1764,Grums,2024,52.97645490892936,5,58.187037650436125,55.32741444478633,55.36431660869141
1765,Årjäng,2024,40.10178117048346,5,36.59152936419691,34.366927808403496,34.498516282646435
1766,Sunne,2024,50.314465408805034,5,46.461170133173724,47.056190007393795,47.0943520975725
1780,Karlstad,2024,63.262101871864935,5,62.139397118262316,64.0009795312475,64.01115060889384
1781,Kristinehamn,2024,46.556659370264356,5,41.06310618465802,41.88989303038518,41.96066297804092
1782,Filipstad,2024,46.03109656301146,5,43.35260115606936,45.094680442208244,45.133518139402824
1783,Hagfors,2024,42.56437204414083,5,44.55617198335645,42.532758804932186,42.60132231967245
1784,Arvika,2024,35.38575958038126,5,33.52542636866288,34.429330251612456,34.50206906633326
1785,Säffle,2024,45.17081683334452,5,38.305242821930584,38.86363718451905,38.92931115213486
1814,Lekeberg,2024,55.77504066930049,5,40.78549848942598,42.8003474553221,42.797223245051306
1860,Laxå,2024,63.802323437211875,5,63.12534109514281,61.701076315668985,61.65177631965608
1861,Hallsberg,2024,62.220843672456574,5,62.5924100542139,60.84692386244279,60.80980253293592
1862,Degerfors,2024,53.2442336710498,5,52.7946991557123,51.474983926643105,51.479462437599324
1863,Hällefors,2024,48.093656067077994,5,60.20015396458815,62.21024999353246,62.172886609021596
1864,Ljusnarsberg,2024,62.485694666971845,5,53.551168595416385,53.01077325106128,53.029520047971765
1880,Örebro,2024,55.938553765455225,5,55.777292466802216,57.51272246026876,57.54785463172637
1881,Kumla,2024,61.196596270005735,5,58.35850062178007,56.84806494257488,56.83304167985931
1882,Askersund,2024,50.36159275071883,5,49.137480397281756,47.267723241513565,47.29578185361796
1883,Karlskoga,2024,43.40622929092114,5,46.991176762169125,45.74848867575213,45.77365686995077
1884,Nora,2024,51.32061283955259,5,51.94316363978545,51.29839265775179,51.30387926226139
1885,Lindesberg,2024,47.18897195453956,5,46.41078481882192,45.40397152859795,45.43815419051391
1904,Skinnskatteberg,2024,60.38533834586466,5,67.1573137074517,65.9399109653803,65.90686350646887
1907,Surahammar,2024,59.52260030472321,5,55.36541171733441,53.92762187557379,53.91024254910917
1960,Kungsör,2024,67.86289394985047,5,57.96598403332176,58.02106524789802,57.986251603902566
1961,Hallstahammar,2024,56.08599051222002,5,61.306593010688125,60.61200605157548,60.58006172987299
1962,Norberg,2024,59.244314013206164,5,62.17147000181258,61.984396446768145,61.9177427201212
1980,Västerås,2024,51.79476325061942,5,48.88451854542721,49.01817182958071,49.08319277937854
1981,Sala,2024,47.71702490916255,5,41.8763400866407,42.69362335392198,42.72717911570598
1982,Fagersta,2024,54.77356181150551,5,59.29511420360006,58.51737957992181,58.50168993344906
1983,Köping,2024,44.46344591705857,5,47.00130879975364,47.248422958454185,47.27629135210863
1984,Arboga,2024,55.79399141630901,5,57.84887873160977,57.81357833345233,57.798954943088034
2021,Vansbro,2024,41.91350710900474,5,34.48275862068966,34.13483582718624,34.1080905169096
2023,Malung-Sälen,2024,52.66237565827969,5,51.461988304093566,48.73288197648915,48.67850253878331
2026,Gagnef,2024,46.22496147919877,5,40.939597315436245,41.202969072726646,41.21326925341767
2029,Leksand,2024,57.38365247567702,5,51.86062457146419,52.04928219439631,52.01456802802009
2031,Rättvik,2024,49.82724131660302,5,49.90038036587575,49.49436364600649,49.50109593174112
2034,Orsa,2024,52.10918114143921,5,59.64099594672843,58.425208818468136,58.40647388751202
2039,Älvdalen,2024,45.48096483580355,5,39.11098282580459,39.49127445107177,39.49837425249214
2061,Smedjebacken,2024,44.34999538020882,5,45.816915605241455,43.24502638381202,43.26572595557626
2062,Mora,2024,45.86173320350535,5,41.82898324892871,41.75726259838136,41.754175902589886
2080,Falun,2024,46.29243473183752,5,44.24365685326576,44.88662722102562,44.90868677110862
2081,Borlänge,2024,49.411764705882355,5,48.24586836764279,49.88133306705946,49.9046309793725
2082,Säter,2024,53.105230330571146,5,51.409766076669925,50.65603486803907,50.62949683480344
2083,Hedemora,2024,46.39748707545318,5,49.65786901270772,48.72257167029035,48.71682781771832
2084,Avesta,2024,39.74662086809118,5,38.588318023996834,38.27691779848685,38.317755302483754
2085,Ludvika,2024,57.89592250506871,5,51.43549731080979,49.29637181986554,49.32415392273909
2101,Ockelbo,2024,48.29396325459317,5,47.759638763459535,47.10873416157126,47.13429830765017
2104,Hofors,2024,46.22346729878246,5,42.1378280349904,42.43486765243638,42.48172194019495
2121,Ovanåker,2024,31.037827352085355,5,34.273318872017356,34.9180490618257,34.941431763771206
2132,Nordanstig,2024,51.176851651911036,5,49.83991462113127,49.71215932054815,49.688458449645765
2161,Ljusdal,2024,35.99891569531038,5,31.718631999136907,32.03720429612243,32.015394943246605
2180,Gävle,2024,47.68967044819816,5,44.38241316694355,45.35905727659947,45.42200932799003
2181,Sandviken,2024,46.53284671532847,5,39.73801387594491,41.21910661470061,41.26513050001112
2182,Söderhamn,2024,33.65247504583418,5,30.935714860407113,32.98932620960427,33.03952958433707
2183,Bollnäs,2024,36.809815950920246,5,36.874384795941545,37.63999922500854,37.69154954823145
2184,Hudiksvall,2024,35.040503091025364,5,37.10984194448134,36.55357290049103,36.58717651995582
2260,Ånge,2024,44.228217602830604,5,42.156109342408605,40.968209331672654,41.036220533481284
2262,Timrå,2024,53.02208778037783,5,46.69327251995439,47.32593641467571,47.32051309851546
2280,Härnösand,2024,49.11278808892515,5,47.65960898839945,48.54330328716158,48.55006635096898
2281,Sundsvall,2024,38.233987561586304,5,36.527471198330865,37.71632212874542,37.76990752885955
2282,Kramfors,2024,53.055857298038994,5,45.94180704441041,44.32568202484053,44.27906866422323
2283,Sollefteå,2024,40.00869754294412,5,39.30248879771096,38.035684083748585,37.99719674691598
2284,Örnsköldsvik,2024,31.43769276554299,5,29.200764266916615,28.493562991943932,28.52449449862564
2303,Ragunda,2024,55.188495919160516,5,45.18013631937683,44.7168035388452,44.712321438954206
2305,Bräcke,2024,56.835128417564206,5,56.56665027053615,55.452463651918535,55.41169173530652
2309,Krokom,2024,59.05612244897959,5,53.54280218018596,52.026655050185596,51.97703338888562
2313,Strömsund,2024,41.18660981583961,5,36.713758661027626,39.10440374210436,39.05902362573134
2321,Åre,2024,92.5707082643977,5,86.48908857509628,84.96512515629414,84.8747955631681
2326,Berg,2024,62.746201463140125,5,59.103641456582636,58.94800899354496,58.88511681823136
2361,Härjedalen,2024,61.13022113022113,5,57.26959093149335,55.666522510877684,55.55440598638715
2380,Östersund,2024,50.7086905000077,5,51.13977897997873,52.905354916911804,52.88780099450983
2401,Nordmaling,2024,44.65571881302218,5,52.04038106071378,51.11783578834478,51.10796408785853
2403,Bjurholm,2024,61.04281475201356,5,51.959114139693355,52.34904644984417,52.33869243633208
2404,Vindeln,2024,50.396898652390625,5,45.96227797106757,47.03064134577194,47.00643485532711
2409,Robertsfors,2024,51.270553064275035,5,46.58753709198813,45.88622669481133,45.885313441291885
2417,Norsjö,2024,60.23185483870968,5,44.08766564729868,43.13446549404361,43.132407205232994
2418,Malå,2024,48.95340985820392,5,41.47157190635451,42.655337698711364,42.62431116531577
2421,Storuman,2024,46.799354491662186,5,44.29816758583882,45.03744780225858,44.909283653773045
2422,Sorsele,2024,44.97242257106491,5,46.9208211143695,48.217917474926736,48.122551137355416
2425,Dorotea,2024,44.46381865736704,5,38.47798204360838,41.66269109470328,41.573360793798955
2460,Vännäs,2024,53.43845816907578,5,69.21293741031019,66.19370315323015,66.14819887095275
2462,Vilhelmina,2024,42.54294429282389,5,34.32859651923998,35.22466635058138,35.17950375840133
2463,Åsele,2024,55.67928730512249,5,36.79175864606328,37.86763674014875,37.804096354738235
2480,Umeå,2024,58.45853600399258,5,55.20283114560714,60.315522573076834,60.3274750128593
2481,Lycksele,2024,37.712493810859876,5,42.41382133791861,42.429408338686486,42.437703063552796
2482,Skellefteå,2024,63.37811900191939,5,60.202241906404325,53.94468758245954,53.990979412873436
2505,Arvidsjaur,2024,48.612251601248154,5,49.56649762800589,45.618947082038574,45.58806046711519
2506,Arjeplog,2024,45.786841092727975,5,37.17899578382522,39.207258270839006,39.140808108290585
2510,Jokkmokk,2024,51.47840884918102,5,42.93570219966159,41.83871247913045,41.78231975467506
2513,Överkalix,2024,56.54482974070603,5,50.284629981024665,46.57147166494413,46.54062991285075
2514,Kalix,2024,38.33409135208888,5,38.27104907699235,38.858502927378204,38.89583308181247
2518,Övertorneå,2024,56.44564949470052,5,48.18982387475538,47.23010168008108,47.248099016953084
2521,Pajala,2024,46.781628820215126,5,50.928291602793394,48.67589365508893,48.68106774571423
2523,Gällivare,2024,37.71833110891893,5,36.410848240046164,34.560045783021735,34.56323292094431
2560,Älvsbyn,2024,48.75225109338822,5,46.64011306694077,47.628955282132935,47.626891735536724
2580,Luleå,2024,51.74210559357147,5,47.73666700272205,50.703274155093354,50.741490600604294
2581,Piteå,2024,36.28053808278559,5,32.94445494048744,33.58008740467313,33.66884785892721
2582,Boden,2024,54.04827266569218,5,48.52735926707941,49.060891590770495,49.07962139253286
2583,Haparanda,2024,47.42651076385094,5,41.516835567178816,39.175511483871574,39.178689771308626
2584,Kiruna,2024,48.470525283153485,5,46.583158739357195,45.10239824913961,45.149069322515714
