window,theoretical,sample
1,-2.9246646672468115,-3.266012810654151
1,-2.5640847689868815,-2.67170807187552
1,-2.3815194699704816,-2.423165877776285
1,-2.25492668487038,-2.1725155485698644
1,-2.1566302865576823,-2.1661795567481157
1,-2.0755992109775123,-2.1309003821618875
1,-2.006268712965559,-1.91778805314865
1,-1.94542259138441,-1.8884649547394812
1,-1.8910273779271052,-1.8207247715230237
1,-1.8417123183988295,-1.818093849100003
1,-1.796507801381234,-1.7760250099737946
1,-1.7547017016023168,-1.7693268825360111
1,-1.7157549836836816,-1.7176950825975015
1,-1.679249398450709,-1.6955950242994249
1,-1.6448536269514729,-1.6872590159113563
1,-1.612300559094845,-1.628486496082381
1,-1.581371572297393,-1.6071703081545106
1,-1.55188536550897,-1.5781259592655625
1,-1.5236898470584141,-1.5400310613221404
1,-1.4966561232144875,-1.471241103618922
1,-1.4706739649098826,-1.4661772082506426
1,-1.445648335613348,-1.4227723532088463
1,-1.421496694702443,-1.4107779212428053
1,-1.3981468767300484,-1.3457994486117046
1,-1.3755354045777306,-1.306019596681039
1,-1.353606133816489,-1.255916721199109
1,-1.332309152930328,-1.2369471840499902
1,-1.311599883368101,-1.2232546371702337
1,-1.2914383372340221,-1.1792130601429198
1,-1.2717885004896494,-1.1791986968473245
1,-1.2526178169457283,-1.1186327746653828
1,-1.2338967538358898,-1.0946443256345897
1,-1.215598433913494,-1.09075869403895
1,-1.1976983221667605,-1.0747237813629062
1,-1.1801739576669186,-1.044744707290533
1,-1.1630047229365417,-1.0390666996461504
1,-1.146171644686111,-0.9919413605182283
1,-1.1296572209152815,-0.9878349087799861
1,-1.1134452702847146,-0.9848175073175222
1,-1.0975208003892176,-0.9842701433906966
1,-1.0818698921445475,-0.9827512227055403
1,-1.0664795979695922,-0.9560896073690757
1,-1.0513378518266911,-0.9469053213215568
1,-1.0364333894937898,-0.9369613054284752
1,-1.0217556776972352,-0.9285049194507878
1,-1.0072948509442619,-0.9137747208912262
1,-0.9930416550683758,-0.9115497218087514
1,-0.9789873966457009,-0.9085657555822281
1,-0.9651238975613528,-0.8964556834595846
1,-0.9514434541063869,-0.894268167800608
1,-0.9379388000713414,-0.8713477303330046
1,-0.9246030733745816,-0.8484521619940841
1,-0.9114297858249173,-0.8471714485696398
1,-0.898412795670061,-0.8397024087579623
1,-0.8855462826269906,-0.833659652203855
1,-0.8728247251283807,-0.7933896275727693
1,-0.8602428795519917,-0.7504171091256959
1,-0.8477957612280971,-0.7146381172244273
1,-0.8354786270443826,-0.7097084901378653
1,-0.823286959488847,-0.7055636030217944
1,-0.811216451989547,-0.6946835660703914
1,-0.7992629954259806,-0.6698156979436514
1,-0.7874226657008152,-0.6645102316880145
1,-0.7756917122728386,-0.659524623527437
1,-0.7640665475626872,-0.5934627796180821
1,-0.7525437371522693,-0.5914463163053446
1,-0.7411199907070674,-0.5778859522817508
1,-0.7297921535577713,-0.5735768268521454
1,-0.7185571988841455,-0.5723491251893731
1,-0.707412220449714,-0.5669221965977955
1,-0.6963544258409218,-0.5627461210080912
1,-0.6853811301689137,-0.5591607303649374
1,-0.6744897501960817,-0.5576877496847399
1,-0.6636777988530963,-0.5382540055700326
1,-0.6529428801153262,-0.5199639994947649
1,-0.6422826842104109,-0.5173317188384065
1,-0.6316949831312967,-0.5158538552053051
1,-0.6211776264313529,-0.5108212517778231
1,-0.6107285372802368,-0.5017659556971968
1,-0.6003457087610449,-0.5014259811107823
1,-0.5900272003909488,-0.49745609317361156
1,-0.579771134849035,-0.4934261960838285
1,-0.5695756948964268,-0.4931793821667424
1,-0.5594391204750053,-0.4844301468900441
1,-0.5493597059721632,-0.47457868126547914
1,-0.5393357976400425,-0.47260749245459466
1,-0.529365791158628,-0.46966890494338026
1,-0.5194481293329095,-0.4647149218622053
1,-0.5095812999150835,-0.4562911011549002
1,-0.4997638335434672,-0.4414363458740888
1,-0.4899943017904281,-0.44044319510203234
1,-0.4802713153122125,-0.4343013351913083
1,-0.470593522094088,-0.42088765793838095
1,-0.46095960578469536,-0.41968767942822505
1,-0.4513682841139548,-0.41159959307093136
1,-0.44181830738927397,-0.4113220862850913
1,-0.4323084570651809,-0.40981572640829267
1,-0.4228375443818463,-0.4011568486309318
1,-0.4134044090682776,-0.40037439595963126
1,-0.40400791810625375,-0.3915865990566921
1,-0.39464696455134046,-0.39124815796768386
1,-0.38532046640756773,-0.3890794724476734
1,-0.37602736555258137,-0.3885760715387528
1,-0.3667666267102905,-0.3798386982397848
1,-0.35753723646822033,-0.37083152453194645
1,-0.3483382023369674,-0.35556105989839765
1,-0.33916855184931055,-0.3294819873689006
1,-0.3300273316966921,-0.3078604873935803
1,-0.32091360690091714,-0.2942016714671286
1,-0.3118264600190584,-0.2822327025451189
1,-0.3027649903796675,-0.2746960011072764
1,-0.29372831334851424,-0.2711396635010784
1,-0.28471555962217243,-0.26917565675231075
1,-0.27572587454787406,-0.2623735506278816
1,-0.26675841746814044,-0.2554885224084284
1,-0.25781236108878375,-0.24708411345070444
1,-0.2488868908689502,-0.23996394796149786
1,-0.23998120443194842,-0.23301481935423587
1,-0.23109451099567302,-0.2196644979305862
1,-0.2222260308214988,-0.21747767118227698
1,-0.21337499468057428,-0.21704019123691717
1,-0.20454064333650201,-0.2158067200236672
1,-0.195722227043441,-0.21434967160505958
1,-0.18691900505871353,-0.21193770647140506
1,-0.17813024516904297,-0.21105550975508447
1,-0.16935522322958782,-0.1894501369375512
1,-0.16059322271497678,-0.176848395076783
1,-0.15184353428158326,-0.16500108915117373
1,-0.1431054553403092,-0.15886051675469687
1,-0.1343782896391793,-0.1557008035125413
1,-0.12566134685507402,-0.14675067991344784
1,-0.11695394219395419,-0.13089778995819754
1,-0.10825539599895462,-0.12791165768759424
1,-0.09956503336574538,-0.10857394362380213
1,-0.09088218376457781,-0.1049003608458536
1,-0.08220618066845417,-0.09110357674809405
1,-0.07353636118687037,-0.09098207585023017
1,-0.06487206570460173,-0.07973117751168037
1,-0.05621263752501158,-0.07933733363006137
1,-0.047557422517375963,-0.07515129244582738
1,-0.038905768767727514,-0.07487519870592839
1,-0.030257026232731243,-0.06986776875000215
1,-0.021610546396111974,-0.053710228535820914
1,-0.012965681927162267,-0.04509341097119654
1,-0.004321786340860743,-0.03575084417072981
1,0.004321786340860603,-0.03123364250701957
1,0.012965681927162128,-0.020393951027532824
1,0.021610546396111836,-0.0198967184998973
1,0.030257026232731105,-0.009383598468940013
1,0.038905768767727514,0.0014777937423447285
1,0.047557422517375963,0.0151371292637639
1,0.05621263752501158,0.017897521881762753
1,0.06487206570460173,0.02123119706683341
1,0.07353636118687037,0.02438465267907953
1,0.08220618066845417,0.026441679138536307
1,0.09088218376457781,0.02941589152709773
1,0.09956503336574538,0.04254534261057024
1,0.10825539599895476,0.04557943983815269
1,0.11695394219395433,0.05110754170369025
1,0.12566134685507416,0.06471796509087169
1,0.13437828963917944,0.07915644936263035
1,0.14310545534030905,0.0839604502303441
1,0.15184353428158312,0.08638356470085738
1,0.16059322271497664,0.08903509964807349
1,0.16935522322958768,0.0944520506029014
1,0.17813024516904297,0.1043079061100435
1,0.18691900505871353,0.10542145137723481
1,0.195722227043441,0.11846980661404811
1,0.20454064333650201,0.12340994848812814
1,0.21337499468057428,0.13070999423689011
1,0.2222260308214988,0.13610757108606128
1,0.23109451099567302,0.13948020832202723
1,0.23998120443194842,0.1593801788477783
1,0.24888689086895033,0.18847659350637014
1,0.2578123610887839,0.18881382837880045
1,0.2667584174681406,0.19232804402337725
1,0.27572587454787423,0.20049321602784426
1,0.2847155596221723,0.21280767308722157
1,0.29372831334851407,0.2181016974385287
1,0.3027649903796673,0.23604501111822615
1,0.3118264600190582,0.2429137422754267
1,0.32091360690091714,0.2555968551889531
1,0.3300273316966921,0.26907658897472125
1,0.33916855184931055,0.27519463225858487
1,0.3483382023369674,0.27791352172551215
1,0.35753723646822033,0.2877452669983348
1,0.3667666267102905,0.2993650515657261
1,0.37602736555258137,0.3131704687174945
1,0.38532046640756773,0.31679269337674054
1,0.39464696455134063,0.32035189605720377
1,0.4040079181062539,0.3258969733839114
1,0.41340440906827775,0.33105548124506773
1,0.42283754438184645,0.33765937288831616
1,0.4323084570651808,0.3393847584280976
1,0.4418183073892738,0.3411670981248184
1,0.45136828411395463,0.345128341957931
1,0.46095960578469525,0.3497664247797225
1,0.470593522094088,0.35068643549250944
1,0.4802713153122125,0.36571099892824527
1,0.4899943017904281,0.39308673179257686
1,0.4997638335434672,0.4049820798765192
1,0.5095812999150835,0.4081111569754763
1,0.5194481293329095,0.4100672212367653
1,0.529365791158628,0.4138689206972001
1,0.5393357976400425,0.43520674430020034
1,0.5493597059721634,0.4373863456517928
1,0.5594391204750055,0.4424659229798339
1,0.569575694896427,0.45515879874170867
1,0.5797711348490351,0.4787505274223061
1,0.5900272003909486,0.49301766829006166
1,0.6003457087610446,0.5093820072352405
1,0.6107285372802367,0.552412984261899
1,0.6211776264313528,0.5666893450697991
1,0.6316949831312967,0.5671209391979672
1,0.6422826842104109,0.5778692679978473
1,0.6529428801153262,0.5872297926140845
1,0.6636777988530963,0.589452710537535
1,0.6744897501960817,0.5965889999949319
1,0.6853811301689137,0.5969329967775467
1,0.6963544258409218,0.5983750057367869
1,0.707412220449714,0.6005802952642093
1,0.7185571988841455,0.6045214721158297
1,0.7297921535577713,0.6120223186280533
1,0.7411199907070674,0.6164655950424158
1,0.7525437371522696,0.6281517705313724
1,0.7640665475626874,0.6306489149439034
1,0.7756917122728384,0.6425204984154481
1,0.7874226657008149,0.6627319064755396
1,0.7992629954259806,0.6628185019658992
1,0.811216451989547,0.665518249872994
1,0.823286959488847,0.6972026336172299
1,0.8354786270443826,0.7070280071533712
1,0.8477957612280971,0.714304298758442
1,0.8602428795519917,0.7190975169032972
1,0.8728247251283807,0.7262044793916177
1,0.8855462826269906,0.746569953013679
1,0.898412795670061,0.7468603884757857
1,0.9114297858249173,0.7608689813185923
1,0.9246030733745816,0.7989488310264709
1,0.9379388000713414,0.809161526424494
1,0.9514434541063873,0.8263223514581232
1,0.9651238975613528,0.8728174213994956
1,0.9789873966457007,0.8784440949570816
1,0.9930416550683755,0.8825810168135921
1,1.0072948509442619,0.8851799699498842
1,1.0217556776972352,0.8885838700648856
1,1.0364333894937898,0.9253293790745493
1,1.0513378518266911,0.9484700987956165
1,1.0664795979695922,0.9723972523622268
1,1.0818698921445475,0.978076732366982
1,1.0975208003892176,0.9805406987598901
1,1.1134452702847146,0.9844901883850519
1,1.129657220915282,1.0147991462244348
1,1.146171644686111,1.0201386898338605
1,1.1630047229365417,1.0368650127337604
1,1.1801739576669186,1.052505577840502
1,1.1976983221667605,1.0633175642499675
1,1.215598433913494,1.0854162885880647
1,1.2338967538358894,1.098266156315643
1,1.2526178169457283,1.1320117669553098
1,1.2717885004896494,1.1333662347908082
1,1.2914383372340221,1.161547754490035
1,1.311599883368101,1.1707941257907641
1,1.332309152930328,1.1972616404865652
1,1.353606133816489,1.2340333299172757
1,1.3755354045777306,1.2432303268270033
1,1.3981468767300484,1.2952364847012514
1,1.421496694702443,1.3173181749998775
1,1.4456483356133487,1.3524216098360373
1,1.4706739649098826,1.3993751336930247
1,1.4966561232144875,1.4063710048383098
1,1.5236898470584141,1.4180672663335394
1,1.55188536550897,1.4450171306882635
1,1.5813715722973933,1.451993376960164
1,1.612300559094845,1.5056402042809165
1,1.6448536269514722,1.7911789396633624
1,1.6792493984507084,1.8104892815152094
1,1.715754983683681,1.8847987020111963
1,1.7547017016023168,1.9033028849635705
1,1.796507801381234,1.9417355940283934
1,1.8417123183988295,1.9570561457188298
1,1.8910273779271052,1.9916250592986096
1,1.94542259138441,2.1615845403693834
1,2.006268712965559,2.2095412830489316
1,2.0755992109775123,2.4061915902395743
1,2.1566302865576827,2.8076200953084203
1,2.254926684870381,3.02875343999575
1,2.381519469970483,3.1241115434509723
1,2.5640847689868846,3.331841430397709
1,2.924664667246821,4.0966510867291674
2,-3.1340460549238336,-4.387490891756729
2,-2.796095349240831,-3.11689417445171
2,-2.626741101840481,-2.8531650655374854
2,-2.5101214201853534,-2.6751957266323907
2,-2.4200765209647184,-2.509732949547004
2,-2.346208059725656,-2.5053253640737125
2,-2.2832814819177067,-2.4570494022272076
2,-2.228276701991699,-2.2389078014467327
2,-2.1792871283113513,-2.2021676924318077
2,-2.1350292532516084,-2.1122918794134744
2,-2.0945962759309356,-2.066177983578804
2,-2.0573229372569615,-2.033794704835885
2,-2.0227061905611015,-1.984443286689311
2,-1.990356082419377,-1.9229430968709695
2,-1.9599639845400545,-1.8497075345345826
2,-1.931281290201915,-1.8420071575716144
2,-1.9041046846629968,-1.828838411419634
2,-1.8782656907734843,-1.8155027213808301
2,-1.853623078738515,-1.8097326747877047
2,-1.830057244918966,-1.8092633010174621
2,-1.807465975336091,-1.7841235271358908
2,-1.7857612026806786,-1.7748063036684065
2,-1.7648664890032641,-1.6670348749485298
2,-1.7447150470278914,-1.664284105162892
2,-1.7252481670746929,-1.637490514660342
2,-1.70641395345845,-1.5786910245774775
2,-1.6881662998538043,-1.5741650102256695
2,-1.6704640512112932,-1.559152517972936
2,-1.653270312775606,-1.5560153770098992
2,-1.636551876178293,-1.543692189672528
2,-1.6202787395078175,-1.538792135193367
2,-1.6044237034179507,-1.4481277556902816
2,-1.588962029215856,-1.4478496720557295
2,-1.5738711478196024,-1.4303420741974269
2,-1.5591304107360098,-1.3931815555047613
2,-1.5447208759590012,-1.3883218275018792
2,-1.5306251230529655,-1.3499953863807712
2,-1.5168270927578344,-1.3495744146469928
2,-1.5033119473013081,-1.2494067671227287
2,-1.4900659482800527,-1.2428169780311926
2,-1.4770763495141495,-1.2329405293266529
2,-1.4643313027167966,-1.2186537149785728
2,-1.451819774176458,-1.2186503761314464
2,-1.4395314709384563,-1.2140636354629992
2,-1.4274567752106773,-1.2053235640377513
2,-1.4155866859139181,-1.1960512453736931
2,-1.4039127664595688,-1.18396883728386
2,-1.3924270979721793,-1.1591651624442207
2,-1.3811222372871037,-1.1549289850558
2,-1.3699911791478305,-1.1468733576480015
2,-1.3590273221071159,-1.146389412893445
2,-1.3482244377032044,-1.139643908294086
2,-1.3375766425393683,-1.1280928335245288
2,-1.3270783729434164,-1.127407688203977
2,-1.316724361925222,-1.1155289369904677
2,-1.306509618185678,-1.1038549898013492
2,-1.296429406960918,-1.103571702835594
2,-1.2864792325118193,-1.0913009147507375
2,-1.2766548220914116,-1.0861261660344126
2,-1.2669521112424227,-1.081438831375439
2,-1.2573672302941625,-1.0712508722191727
2,-1.247896491942778,-1.068676806054914
2,-1.2385363798118043,-1.0582996127288806
2,-1.229283537901233,-1.0487873250061635
2,-1.2201347608432256,-1.0457903107802848
2,-1.21108698489128,-1.0401436000825452
2,-1.2021372795773155,-1.0381004896147654
2,-1.1932828399778954,-1.0374305180412309
2,-1.1845209795367704,-1.0353314129049804
2,-1.1758491233962005,-1.0303842115407726
2,-1.1672648021942027,-1.0263279883290943
2,-1.1587656462890474,-1.0219174451908792
2,-1.1503493803760079,-1.0207875843109795
2,-1.1420138184647024,-1.016857485266279
2,-1.133756859188293,-1.0016273806735803
2,-1.1255764814184732,-0.9887651811885886
2,-1.1174707401625192,-0.980014820718052
2,-1.1094377627208294,-0.9784642393804213
2,-1.1014757450852515,-0.9603745898675977
2,-1.0935829485602606,-0.9438614317531491
2,-1.085757696590548,-0.940536636113599
2,-1.0779983717800248,-0.9344522022621919
2,-1.0703034130884748,-0.928196982090867
2,-1.0626713131932553,-0.9276237544711511
2,-1.0551006160044538,-0.9271388274739781
2,-1.0475899143228857,-0.9246159467810764
2,-1.0401378476311307,-0.922502913179752
2,-1.0327431000086083,-0.9141588351943211
2,-1.0254043981623868,-0.8881102291725382
2,-1.0181205095660664,-0.8837343753822391
2,-1.0108902406996654,-0.8708807723544784
2,-1.0037124353839657,-0.8680514500639434
2,-0.9965859732032806,-0.867388173108941
2,-0.989509768011034,-0.8646044336477603
2,-0.9824827665129732,-0.8488958834380148
2,-0.9755039469231928,-0.8413268632471502
2,-0.9685723176885143,-0.8390328302242185
2,-0.9616869162770585,-0.836347213801023
2,-0.9548468080271675,-0.8325061893446395
2,-0.9480510850530744,-0.829522148553898
2,-0.9412988652039895,-0.8257126948013086
2,-0.9345892910734802,-0.8243191906923247
2,-0.9279215290562494,-0.8237919241177901
2,-0.9212947684495975,-0.8208085813041734
2,-0.9147082205970388,-0.8170432415872925
2,-0.908161118071714,-0.8153809386041522
2,-0.9016527138973812,-0.8085688110471116
2,-0.8951822808049228,-0.7905560189623011
2,-0.888749110522432,-0.7857841788791333
2,-0.8823525130970615,-0.774754307068993
2,-0.8759918162469413,-0.7609443952269791
2,-0.8696663647415641,-0.7519455995435895
2,-0.863375519809146,-0.7500721066759553
2,-0.8571186585695586,-0.7478248400260766
2,-0.850895173491506,-0.7418519780312155
2,-0.8447044718727149,-0.7414398497496666
2,-0.8385459753419597,-0.7342775069807552
2,-0.8324191193818352,-0.7332306821240355
2,-0.8263233528712303,-0.7302194585365646
2,-0.8202581376465385,-0.7293301520225935
2,-0.8142229480806817,-0.7264312484942557
2,-0.8082172706790774,-0.7236474547845306
2,-0.8022406036917402,-0.7223277218848515
2,-0.7962924567407376,-0.7194830343650747
2,-0.7903723504622757,-0.6863858055878814
2,-0.7844798161627244,-0.6861170906802685
2,-0.7786143954879328,-0.6824405015888084
2,-0.7727756401052134,-0.6788288906124358
2,-0.7669631113974229,-0.6638558982065518
2,-0.7611763801685737,-0.6637178718113824
2,-0.7554150263604693,-0.6599029461623185
2,-0.749678638779853,-0.6425476903700094
2,-0.7439668148356152,-0.637414505020418
2,-0.7382791602856027,-0.6336238345899016
2,-0.7326152889926163,-0.6283379323865536
2,-0.7269748226891904,-0.6268667413867894
2,-0.7213573907507789,-0.6170716385650491
2,-0.7157626299769817,-0.6158168932391268
2,-0.7101901843804738,-0.6097522310549653
2,-0.7046397049833054,-0.6013385691486659
2,-0.6991108496202686,-0.5926345525747708
2,-0.6936032827490297,-0.5919796774340755
2,-0.6881166752667506,-0.5820604468055564
2,-0.6826507043329335,-0.5794745302833673
2,-0.6772050531982268,-0.5791650950988791
2,-0.6717794110389601,-0.5726342598308866
2,-0.6663734727971684,-0.5657921643182214
2,-0.6609869390258921,-0.5634255113508655
2,-0.655619515739538,-0.5601077197274362
2,-0.650270914269104,-0.5574476200017487
2,-0.6449408511220758,-0.5513215620712604
2,-0.6396290478468126,-0.5454048016674862
2,-0.6343352309012485,-0.5446996082422093
2,-0.6290591315257431,-0.5402080020671176
2,-0.6238004856199215,-0.5340714667640621
2,-0.6185590336233546,-0.5316625341826517
2,-0.6133345203999311,-0.5206082311840838
2,-0.6081266951257851,-0.5180279925848172
2,-0.6029353111806449,-0.5178891314956465
2,-0.5977601260424784,-0.511277233511716
2,-0.5926009011853096,-0.5076483814943774
2,-0.5874574019800943,-0.5051046090580896
2,-0.5823293975985399,-0.5033149533820737
2,-0.5772166609197653,-0.4998540516688965
2,-0.5721189684396977,-0.4964502387426361
2,-0.5670361001831069,-0.4881402409852914
2,-0.5619678396181853,-0.4698673890743295
2,-0.556913973573583,-0.4671604845425372
2,-0.55187429215781,-0.4669051900678912
2,-0.5468485886809257,-0.4646376354099246
2,-0.5418366595784322,-0.45536869724530743
2,-0.5368383043372993,-0.446484576913644
2,-0.5318533254240444,-0.44332888918349245
2,-0.5268815282147984,-0.44332497274611143
2,-0.5219227209272906,-0.44228651001289676
2,-0.5169767145546864,-0.44177294797144595
2,-0.5120433228012155,-0.4402844318151956
2,-0.5071223620195316,-0.43408510319107824
2,-0.502213651149745,-0.4302311804192
2,-0.4973170116600724,-0.4239687901572157
2,-0.49243226748905145,-0.4223516279117675
2,-0.4875592449892678,-0.4159018491221631
2,-0.48269777287254506,-0.4155096324847268
2,-0.4778476821565518,-0.4052299329351434
2,-0.473008806112777,-0.40241702468089846
2,-0.46818098021583243,-0.40067219631094614
2,-0.46336404209403736,-0.3966107999568368
2,-0.45855783148124635,-0.39351109631947845
2,-0.45376219016987945,-0.39138467957470363
2,-0.4489769619651173,-0.38925675630982515
2,-0.44420199264022425,-0.3864522622486275
2,-0.4394371298929641,-0.3830548548908348
2,-0.43468222330307466,-0.3807663923737693
2,-0.4299371242907679,-0.3806114658083103
2,-0.42520168607622333,-0.37833193070790494
2,-0.4204757636400462,-0.37488681185983996
2,-0.4157592136846575,-0.36770827883964347
2,-0.4110518945965903,-0.3664110229016424
2,-0.4063536664096628,-0.3632369609285432
2,-0.40166439076900295,-0.36320819002231275
2,-0.3969839308958972,-0.35945176218148633
2,-0.39231215155344024,-0.35878699104761924
2,-0.38764891901296056,-0.34822062174236523
2,-0.3829941010211985,-0.3469756489629479
2,-0.3783475667682156,-0.3365640229404799
2,-0.3737091868560115,-0.33257724598839217
2,-0.36907883326782925,-0.33005130835419805
2,-0.36445637933812736,-0.32910838348340193
2,-0.35984169972320024,-0.32871824340884337
2,-0.35523467037242595,-0.32669245504965516
2,-0.35063516850012455,-0.32354258806724506
2,-0.3460430725580094,-0.31814049638511893
2,-0.3414582622082123,-0.3000206532938522
2,-0.33688061829686644,-0.2990393226444204
2,-0.3323100228282332,-0.2888025100337605
2,-0.32774635893935244,-0.2864125484668098
2,-0.3231895108752058,-0.28457167092313485
2,-0.31863936396437514,-0.28047568635849424
2,-0.31409580459518266,-0.2802646442611649
2,-0.30955872019229924,-0.27882778282607545
2,-0.3050279991938068,-0.26767042552611187
2,-0.30050353102870225,-0.2631070702306855
2,-0.2959852060948297,-0.2620758042513743
2,-0.29147291573722883,-0.2582509491521265
2,-0.28696655222688777,-0.2577943369517624
2,-0.2824660087398883,-0.2568136264781021
2,-0.2779711793369326,-0.2436213066376662
2,-0.2734819589432397,-0.2434028073694791
2,-0.26899824332880246,-0.2425238805574629
2,-0.26451992908899336,-0.23840595953633203
2,-0.26004691362550925,-0.2377035885583758
2,-0.2555790951276458,-0.234704324712691
2,-0.25111637255389174,-0.23302230216102687
2,-0.2466586456138334,-0.23009693239658238
2,-0.24220581475036126,-0.22430726666856385
2,-0.2377577811221687,-0.2230494129696734
2,-0.2333144465865352,-0.21977697824077816
2,-0.22887571368238524,-0.21937586192664282
2,-0.2244414856136151,-0.21711434477284633
2,-0.22001166623267907,-0.2168147640562365
2,-0.21558616002442804,-0.21196228146897322
2,-0.21116487209019236,-0.20704520296954426
2,-0.20674770813210244,-0.20531002248117058
2,-0.20233457443763794,-0.191745611462223
2,-0.1979253778644023,-0.1914464606409706
2,-0.19352002582511138,-0.18565796794348155
2,-0.18911842627279252,-0.18479257992900117
2,-0.18472048768618682,-0.17864643639268443
2,-0.18032611905534757,-0.17714777483783317
2,-0.17593522986742968,-0.1763620969543109
2,-0.17154773009266308,-0.17414762491283522
2,-0.1671635301705048,-0.17403269731472323
2,-0.1627825409959635,-0.16600453747923175
2,-0.15840467390609117,-0.16542691124692033
2,-0.15402984066663591,-0.1651274789263525
2,-0.14965795345885083,-0.16379368172599687
2,-0.14528892486645334,-0.16135905098786493
2,-0.14092266786272986,-0.1609725211044478
2,-0.13655909579778075,-0.1530007889249217
2,-0.1321981223858996,-0.15035674628027926
2,-0.12783966169308422,-0.1499629087711874
2,-0.12348362812467135,-0.14591952572698105
2,-0.11912993641309276,-0.1396409264332547
2,-0.11477850160574682,-0.1393881208591749
2,-0.11042923905298141,-0.1299316690842971
2,-0.10608206439618352,-0.12840658520565085
2,-0.10173689355597082,-0.12615746916810802
2,-0.09739364272048129,-0.12376677585540581
2,-0.09305222833375605,-0.1216135848385879
2,-0.08871256708421156,-0.11586054396385137
2,-0.0843745758931967,-0.1056462214249299
2,-0.08003817190363056,-0.09910566406607736
2,-0.0757032724687171,-0.0923979150763559
2,-0.07136979514073237,-0.09050324721445714
2,-0.06703765765988054,-0.08946263989546586
2,-0.06270677794321385,-0.07582049320642646
2,-0.05837707407361475,-0.07233830563279912
2,-0.05404846428883364,-0.07201526763006864
2,-0.049720866970580174,-0.06949413215826704
2,-0.04539420063366378,-0.0691584386798613
2,-0.04106838391517962,-0.06895208009086568
2,-0.03674333556373627,-0.06598108148792584
2,-0.032418974428721374,-0.0650033774502392
2,-0.028095219449601673,-0.06331475533314564
2,-0.023771989645253608,-0.05868110863926714
2,-0.019449204103320954,-0.05762891494292314
2,-0.015126781969595786,-0.05092820531339647
2,-0.010804642437419201,-0.046464231046145034
2,-0.0064827047370981565,-0.042400804110971184
2,-0.002160888125334842,-0.04198604157785389
2,0.002160888125334842,-0.03930922210866376
2,0.006482704737098296,-0.03563450133631074
2,0.010804642437419201,-0.031630946326916445
2,0.015126781969595925,-0.0296990944792527
2,0.019449204103320954,-0.01734029944979438
2,0.023771989645253747,-0.014856539973681462
2,0.028095219449601673,-0.013713527537570666
2,0.03241897442872151,-0.00045545799031370006
2,0.03674333556373627,0.0018813637577573946
2,0.04106838391517948,0.0026183375003993583
2,0.04539420063366378,0.005138855842255101
2,0.049720866970580035,0.00555622909380928
2,0.05404846428883364,0.006582918013724463
2,0.05837707407361461,0.008137279575987826
2,0.06270677794321385,0.008800070091023612
2,0.0670376576598804,0.01225229078273411
2,0.07136979514073251,0.012666167396773204
2,0.0757032724687171,0.013176473802395935
2,0.0800381719036307,0.02203216503517428
2,0.0843745758931967,0.023147960512854476
2,0.0887125670842117,0.02862068852002627
2,0.09305222833375605,0.029647020412102466
2,0.09739364272048143,0.03321811568991401
2,0.10173689355597082,0.03379274007872707
2,0.10608206439618338,0.03553827536286271
2,0.11042923905298141,0.0446456868778588
2,0.11477850160574668,0.05341591456592239
2,0.11912993641309276,0.05363660900203949
2,0.12348362812467122,0.05537652854414185
2,0.12783966169308422,0.06177533889206046
2,0.13219812238589945,0.0622207278051487
2,0.13655909579778075,0.07196320310366668
2,0.14092266786272986,0.07450226833111154
2,0.14528892486645348,0.07552188218203239
2,0.14965795345885083,0.0764900859382247
2,0.15402984066663605,0.07842728485585183
2,0.15840467390609117,0.08102131351993991
2,0.16278254099596368,0.08151506569710795
2,0.1671635301705048,0.08537640760936793
2,0.17154773009266322,0.08848318566072401
2,0.17593522986742968,0.09307608610527746
2,0.18032611905534743,0.10046848306315555
2,0.18472048768618682,0.1036609511966074
2,0.18911842627279238,0.10588074033251497
2,0.19352002582511138,0.10746725179782607
2,0.19792537786440217,0.10792018677179085
2,0.20233457443763794,0.11403640050836979
2,0.20674770813210228,0.11458840712356755
2,0.2111648720901925,0.12284494967351874
2,0.21558616002442804,0.1247630554344875
2,0.2200116662326792,0.12968102920458585
2,0.2244414856136151,0.1313993471961681
2,0.22887571368238538,0.1334939109530094
2,0.2333144465865352,0.13385318024179096
2,0.23775778112216883,0.13882655185207052
2,0.24220581475036126,0.13919339671876751
2,0.24665864561383327,0.14609329661842071
2,0.25111637255389174,0.14626172945303068
2,0.25557909512764565,0.14668168168505605
2,0.26004691362550925,0.14961175402062982
2,0.2645199290889932,0.1507541691479806
2,0.26899824332880246,0.1566092949858753
2,0.2734819589432395,0.1625296179329366
2,0.2779711793369326,0.16422713060533983
2,0.2824660087398883,0.1679538486444473
2,0.2869665522268879,0.16819077035852048
2,0.29147291573722883,0.17026582748297295
2,0.2959852060948298,0.17068768348479105
2,0.30050353102870225,0.1734119040025748
2,0.3050279991938069,0.17530519172177575
2,0.30955872019229924,0.17544385379886865
2,0.3140958045951828,0.17964070231079743
2,0.31863936396437514,0.18108804438259268
2,0.32318951087520564,0.187348529637051
2,0.32774635893935244,0.19191100289761148
2,0.332310022828233,0.1919258196765992
2,0.33688061829686644,0.1932287803590638
2,0.34145826220821207,0.1936334964624687
2,0.3460430725580094,0.2052957842914696
2,0.3506351685001244,0.207080245036105
2,0.35523467037242595,0.2105780671696835
2,0.35984169972320024,0.2157743076184408
2,0.3644563793381275,0.21693760089649541
2,0.36907883326782925,0.21918654988137076
2,0.3737091868560117,0.224900873694527
2,0.3783475667682156,0.230698210499484
2,0.38299410102119874,0.23842560048161113
2,0.38764891901296056,0.2401127248607207
2,0.3923121515534404,0.2531054288570454
2,0.3969839308958972,0.2606932580723817
2,0.4016643907690028,0.26277878020571205
2,0.4063536664096628,0.2641540590564506
2,0.4110518945965901,0.2677132058200699
2,0.4157592136846575,0.27052146399579224
2,0.4204757636400461,0.27864303433209625
2,0.42520168607622333,0.2844607465972467
2,0.4299371242907677,0.2856255694376151
2,0.43468222330307477,0.2872221272288221
2,0.4394371298929641,0.2922851644560415
2,0.44420199264022436,0.29373626290954996
2,0.4489769619651173,0.2993584661506014
2,0.45376219016987956,0.3064923152658739
2,0.45855783148124635,0.31242138931974633
2,0.46336404209403753,0.31424131243615183
2,0.46818098021583243,0.32118179094095356
2,0.4730088061127769,0.3227876720629217
2,0.4778476821565518,0.323012768915324
2,0.48269777287254484,0.3325521761352627
2,0.4875592449892678,0.3416686772007981
2,0.49243226748905133,0.3417340907703432
2,0.4973170116600724,0.3531297711534934
2,0.5022136511497449,0.35491257213761135
2,0.5071223620195316,0.35705994754271786
2,0.5120433228012155,0.35951772284385347
2,0.5169767145546865,0.36766045722086177
2,0.5219227209272906,0.36866994297712624
2,0.5268815282147986,0.3701711985791084
2,0.5318533254240444,0.3744535216093591
2,0.5368383043372994,0.37747488095678733
2,0.5418366595784322,0.3777762603941862
2,0.5468485886809258,0.3806372835498401
2,0.55187429215781,0.38168454978013167
2,0.5569139735735829,0.3827343579281699
2,0.5619678396181853,0.38598630098884174
2,0.5670361001831067,0.3918882456233816
2,0.5721189684396977,0.39726856434131824
2,0.5772166609197651,0.41226883758327737
2,0.5823293975985399,0.4141924491826386
2,0.5874574019800942,0.4193269328371001
2,0.5926009011853098,0.4220711618765419
2,0.5977601260424784,0.4259214761774411
2,0.6029353111806451,0.4314770741313017
2,0.6081266951257851,0.43242077063023965
2,0.6133345203999313,0.438688257456746
2,0.6185590336233546,0.4397370281012328
2,0.6238004856199217,0.44551582595426287
2,0.6290591315257431,0.4458035262635804
2,0.6343352309012484,0.45875300745579994
2,0.6396290478468126,0.4728376850788406
2,0.6449408511220756,0.47301551163228284
2,0.650270914269104,0.47896233768828805
2,0.6556195157395379,0.48776318009429515
2,0.6609869390258921,0.4898101207037239
2,0.6663734727971683,0.49772452603680384
2,0.6717794110389601,0.5049065213723497
2,0.6772050531982268,0.5108140744566121
2,0.6826507043329335,0.5132641512386734
2,0.6881166752667506,0.5134405536268166
2,0.6936032827490297,0.5208936782350616
2,0.6991108496202686,0.5360807214367589
2,0.7046397049833057,0.540448519830336
2,0.7101901843804738,0.5472913349612626
2,0.7157626299769819,0.5530356413718055
2,0.7213573907507789,0.5549068396434447
2,0.7269748226891902,0.568903472603026
2,0.7326152889926163,0.5783076340732859
2,0.7382791602856026,0.5819111242169696
2,0.7439668148356152,0.5853078792502812
2,0.749678638779853,0.5865792736760981
2,0.7554150263604693,0.5985414182659918
2,0.7611763801685737,0.6004164481994064
2,0.7669631113974229,0.6162887705195923
2,0.7727756401052134,0.6247524691359263
2,0.7786143954879328,0.6264712904353137
2,0.7844798161627244,0.6337308477251455
2,0.7903723504622759,0.638384895349608
2,0.7962924567407376,0.6459776805565035
2,0.8022406036917403,0.6508621828132658
2,0.8082172706790774,0.6710790316299846
2,0.8142229480806814,0.6816181251280634
2,0.8202581376465385,0.6884365544268898
2,0.82632335287123,0.6965102683791702
2,0.8324191193818352,0.6987067368614893
2,0.8385459753419597,0.703222596707096
2,0.8447044718727149,0.7058654531874103
2,0.850895173491506,0.7149869369805554
2,0.8571186585695586,0.7198976462321016
2,0.863375519809146,0.7271104183493083
2,0.8696663647415641,0.7335312121129465
2,0.8759918162469413,0.7442985233522837
2,0.8823525130970615,0.7458863739520473
2,0.888749110522432,0.757056644014379
2,0.8951822808049229,0.7639060311015297
2,0.9016527138973812,0.7670378901826741
2,0.9081611180717142,0.7672166541556804
2,0.9147082205970388,0.7769970539332367
2,0.9212947684495972,0.7776054014718702
2,0.9279215290562494,0.7800521270177593
2,0.93458929107348,0.7831865535606082
2,0.9412988652039895,0.7969950882639988
2,0.9480510850530744,0.8012448938342266
2,0.9548468080271675,0.8176455444961003
2,0.9616869162770585,0.8252168366354956
2,0.9685723176885143,0.8270139429984911
2,0.9755039469231928,0.8420746976373882
2,0.9824827665129732,0.8430904146255885
2,0.989509768011034,0.8449883531565937
2,0.9965859732032808,0.8617879544551973
2,1.0037124353839657,0.8629055142453589
2,1.0108902406996656,0.8646714120778659
2,1.0181205095660664,0.870975701775956
2,1.0254043981623866,0.8747506788716806
2,1.0327431000086083,0.8918896214000887
2,1.0401378476311307,0.8996631179865768
2,1.0475899143228857,0.9231989990156488
2,1.0551006160044538,0.9242681290760664
2,1.0626713131932553,0.9272311646577754
2,1.0703034130884748,0.9283543355483678
2,1.0779983717800248,0.9352826799685606
2,1.085757696590548,0.9416271605974748
2,1.0935829485602606,0.944429755152506
2,1.1014757450852515,0.9570837381785665
2,1.1094377627208294,0.9610877235131349
2,1.1174707401625192,0.97361325402452
2,1.1255764814184732,0.9740231444255895
2,1.133756859188293,1.0055664824478074
2,1.142013818464703,1.018388577536938
2,1.1503493803760079,1.0232465304899452
2,1.1587656462890474,1.028774652213894
2,1.1672648021942027,1.03710619405849
2,1.1758491233962005,1.0374623799155762
2,1.1845209795367704,1.0398308111424777
2,1.1932828399778954,1.0802397715115992
2,1.2021372795773155,1.0820368516061585
2,1.21108698489128,1.1126191377721868
2,1.2201347608432256,1.1180434438114932
2,1.2292835379012321,1.1421991376999683
2,1.2385363798118043,1.165718073766047
2,1.247896491942778,1.1743403002808888
2,1.2573672302941632,1.1899627650231501
2,1.2669521112424227,1.1957605528686757
2,1.2766548220914125,1.2082509635184755
2,1.2864792325118193,1.2257040428287072
2,1.2964294069609186,1.2507438852560069
2,1.306509618185678,1.258482000648772
2,1.3167243619252216,1.2671324549561254
2,1.3270783729434164,1.267253546810071
2,1.3375766425393683,1.2672603358480585
2,1.3482244377032044,1.2696623373189604
2,1.3590273221071152,1.284578614924446
2,1.369991179147831,1.3130225373664794
2,1.3811222372871037,1.3159309384425448
2,1.3924270979721796,1.3184154128764012
2,1.4039127664595688,1.347288870064345
2,1.4155866859139188,1.3587694609575267
2,1.4274567752106773,1.3822605883735353
2,1.4395314709384563,1.400962161182723
2,1.451819774176458,1.412516031327693
2,1.4643313027167966,1.4156465451291333
2,1.4770763495141495,1.4269582925615605
2,1.4900659482800522,1.4321370122330226
2,1.5033119473013081,1.4680120379845043
2,1.5168270927578338,1.4733880273854387
2,1.5306251230529655,1.4759503570198418
2,1.5447208759590003,1.492324937912887
2,1.5591304107360102,1.5174212781031988
2,1.5738711478196024,1.5246798393098033
2,1.588962029215856,1.5487192152090103
2,1.6044237034179507,1.5516384788995161
2,1.620278739507818,1.5731087977643967
2,1.636551876178293,1.6166178992786664
2,1.6532703127756065,1.6229495447690072
2,1.6704640512112932,1.6295732444151663
2,1.688166299853805,1.658574356079706
2,1.70641395345845,1.6607981743817604
2,1.7252481670746935,1.6898712642378082
2,1.7447150470278914,1.6926191839469238
2,1.7648664890032641,1.7228874966914642
2,1.7857612026806786,1.7698791497018598
2,1.8074659753360907,1.7834500293549231
2,1.830057244918966,1.8667085590560326
2,1.8536230787385144,1.9011745230261972
2,1.878265690773485,1.9171532607845787
2,1.904104684662996,1.998930897506565
2,1.9312812902019152,2.006838587320834
2,1.959963984540054,2.0955264715167345
2,1.9903560824193776,2.1515981422260704
2,2.0227061905611015,2.177096856063929
2,2.0573229372569624,2.2630354901552994
2,2.0945962759309356,2.300334552278013
2,2.1350292532516093,2.4153878824567574
2,2.1792871283113513,2.8235912861334955
2,2.228276701991698,2.9905034895113967
2,2.283281481917707,3.011325214051055
2,2.3462080597256545,3.293990046900387
2,2.420076520964719,3.330730377528533
2,2.5101214201853512,3.457591261318071
2,2.6267411018404823,3.5636857946813816
2,2.7960953492408276,4.7024841044156735
2,3.1340460549238425,5.272037406741197
3,-3.251141763106243,-4.158154653522692
3,-2.9246646672468115,-3.911395615688134
3,-2.761870524366663,-3.250144406167399
3,-2.6501343426056856,-2.9760886608434385
3,-2.5640847689868815,-2.9689289761905844
3,-2.4936510316086347,-2.9070839618017463
3,-2.4337689773993825,-2.842827122843027
3,-2.3815194699704816,-2.752010782552608
3,-2.3350610848080455,-2.492777742967105
3,-2.2931550415485504,-2.3992595303036923
3,-2.25492668487038,-2.3666979848669554
3,-2.2197347040992454,-2.30944714847189
3,-2.1870944162461354,-2.2987213083125564
3,-2.1566302865576823,-2.264433771324892
3,-2.128045234184984,-2.2568728402390255
3,-2.1011000569961626,-2.245583906865701
3,-2.0755992109775123,-2.192718136678882
3,-2.0513807207083183,-2.1389413750964623
3,-2.0283088565020293,-2.13480628285934
3,-2.006268712965559,-2.043298946486028
3,-1.985162124306712,-2.036381870379919
3,-1.9649045384628596,-1.959942722865106
3,-1.94542259138441,-1.952232615519531
3,-1.9266522008582085,-1.8639587816532486
3,-1.9085370514696347,-1.8581555980788866
3,-1.8910273779271052,-1.8546766964832326
3,-1.8740789787173866,-1.8328286889618803
3,-1.8576524095291025,-1.8276276598667094
3,-1.8417123183988295,-1.791617333534488
3,-1.826226893626044,-1.7505454696392886
3,-1.811167402190444,-1.6795735693189362
3,-1.796507801381234,-1.6593207173089306
3,-1.7822244100905809,-1.6375738325787055
3,-1.7682956290667198,-1.6067903387086173
3,-1.7547017016023168,-1.575905441164492
3,-1.7414245078200017,-1.5326437598147828
3,-1.72844738703195,-1.5309183493666194
3,-1.7157549836836816,-1.5306990815219221
3,-1.7033331132099754,-1.5188942994783643
3,-1.6911686447824303,-1.4627084430223296
3,-1.679249398450709,-1.4336414402627435
3,-1.667564054601043,-1.4265877482351021
3,-1.6561020739976176,-1.420202145985198
3,-1.6448536269514729,-1.406733183052465
3,-1.6338095303903444,-1.39534061926216
3,-1.622961191791394,-1.3794745275476243
3,-1.612300559094845,-1.374017497532776
3,-1.6018200758463061,-1.3679478952180297
3,-1.591512640923928,-1.367108512776619
3,-1.581371572297393,-1.342581910405498
3,-1.5713905743422025,-1.326034817364941
3,-1.561563708297316,-1.325477849026968
3,-1.55188536550897,-1.3216350791934284
3,-1.5423502431500735,-1.3214348938154148
3,-1.5329533221443514,-1.2891572464615377
3,-1.5236898470584141,-1.2813518026874695
3,-1.5145553077541825,-1.2774712806858417
3,-1.5055454226192488,-1.2709297209578958
3,-1.4966561232144875,-1.2633350889621864
3,-1.4878835401970534,-1.2598291979969936
3,-1.47922399039324,-1.257220156147996
3,-1.4706739649098826,-1.2523052482330372
3,-1.4622301181853967,-1.2480578662863386
3,-1.4538892578924012,-1.2437586433122447
3,-1.445648335613348,-1.2422489039166222
3,-1.4375044382189688,-1.2263048625824768
3,-1.4294547798866613,-1.2210134503646763
3,-1.421496694702443,-1.1961786958466114
3,-1.4136276297958117,-1.1893208243471116
3,-1.4058451389619313,-1.1862460334077245
3,-1.3981468767300484,-1.182742884005252
3,-1.3905305928410507,-1.1824864401632451
3,-1.382994127100638,-1.181928042561197
3,-1.3755354045777306,-1.1807701454209956
3,-1.368152431120594,-1.1746988845059734
3,-1.360843289165686,-1.1696821041805123
3,-1.353606133816489,-1.164245042855127
3,-1.3464391891716574,-1.1632778865566755
3,-1.3393407448836026,-1.1552275541077777
3,-1.332309152930328,-1.1551133526567594
3,-1.3253428245847743,-1.1385389895867304
3,-1.318440227567297,-1.128616288180127
3,-1.311599883368101,-1.1267299941131628
3,-1.3048203647275596,-1.1249084523464934
3,-1.2981002932633183,-1.1211742390505302
3,-1.2914383372340221,-1.1159483162140797
3,-1.2848332094302668,-1.10633309509524
3,-1.2782836651841771,-1.0953700348943047
3,-1.2717885004896494,-1.0906547796794486
3,-1.2653465502259253,-1.0854478527914029
3,-1.2589566864777315,-1.0776634143647854
3,-1.2526178169457283,-1.0774265722307805
3,-1.2463288834414736,-1.071131457172167
3,-1.24008886046155,-1.0708822871497585
3,-1.2338967538358898,-1.0672650445434146
3,-1.227751599445688,-1.0611256616521008
3,-1.2216524620066338,-1.0581247641226137
3,-1.215598433913494,-1.0550993663067918
3,-1.2095886341423494,-1.0547504665593739
3,-1.203622207207061,-1.0463859616490676
3,-1.1976983221667605,-1.0395892568977108
3,-1.1918161716813946,-1.0355606957006014
3,-1.185974971112543,-1.0352401671760443
3,-1.1801739576669186,-1.0252016422808092
3,-1.1744123895801335,-1.0199746453042944
3,-1.1686895453384702,-1.0196535234911157
3,-1.1630047229365417,-1.0194475407421364
3,-1.1573572391688702,-1.001549907619114
3,-1.1517464289535289,-0.9914317902488388
3,-1.146171644686111,-0.9856419726959766
3,-1.1406322556224127,-0.982666345206754
3,-1.135127647288292,-0.9634537882090651
3,-1.1296572209152815,-0.959826544004023
3,-1.1242203929006143,-0.958994824720384
3,-1.1188165942903907,-0.9580337754363412
3,-1.1134452702847146,-0.9572965089398519
3,-1.1081058797636727,-0.953171362130454
3,-1.1027978948331099,-0.9520010306361332
3,-1.0975208003892176,-0.9516872305781255
3,-1.092274093700995,-0.949338909302456
3,-1.0870572840097124,-0.9489711608883177
3,-1.0818698921445475,-0.9350351926709151
3,-1.0767114501536117,-0.9259237013622087
3,-1.0715815009496323,-0.9226323009698834
3,-1.0664795979695922,-0.9218998299466683
3,-1.0614053048476715,-0.9216890487614365
3,-1.0563581951008638,-0.91404074094572
3,-1.0513378518266911,-0.9019715831433733
3,-1.0463438674124452,-0.8946377703583279
3,-1.0413758432554436,-0.8941335629285224
3,-1.0364333894937898,-0.8914540967277336
3,-1.0315161247471727,-0.8872651669883843
3,-1.0266236758672576,-0.8772865276234957
3,-1.0217556776972352,-0.8705264820526065
3,-1.0169117728401404,-0.8694671169099941
3,-1.0120916114355434,-0.8694587567957014
3,-1.0072948509442619,-0.8689626268829672
3,-1.0025211559407472,-0.8673433458362437
3,-0.9977701979128079,-0.8673295400146639
3,-0.9930416550683758,-0.8612310516589573
3,-0.9883352121490045,-0.8600125995673135
3,-0.9836505602498274,-0.8582207529776917
3,-0.9789873966457009,-0.8538021041873176
3,-0.9743454246232868,-0.852140207605804
3,-0.9697243533188226,-0.8452027693594795
3,-0.9651238975613528,-0.8428177080390704
3,-0.9605437777212005,-0.8318395418718301
3,-0.9559837195634723,-0.8296371427670581
3,-0.9514434541063869,-0.8293453572178405
3,-0.9469227174842507,-0.821404137809699
3,-0.9424212508148854,-0.8163258536740063
3,-0.9379388000713414,-0.8123731475457563
3,-0.9334751159577281,-0.7919795011973423
3,-0.929029953789006,-0.791496989138919
3,-0.9246030733745816,-0.7823529289218301
3,-0.9201942389055715,-0.7809024238126806
3,-0.9158032188455875,-0.7754888149400163
3,-0.9114297858249173,-0.7747369479292171
3,-0.9070737165379693,-0.7681027105751093
3,-0.9027347916438648,-0.7660094120271926
3,-0.898412795670061,-0.762185903861077
3,-0.8941075169188899,-0.7534630648783598
3,-0.889818747376914,-0.7442060454236882
3,-0.8855462826269906,-0.7424380468415898
3,-0.8812899217629528,-0.7371729746623022
3,-0.8770494673068103,-0.734371548785301
3,-0.8728247251283807,-0.7325046508743733
3,-0.868615504367269,-0.7292582934626806
3,-0.8644216173571089,-0.7208566113471386
3,-0.8602428795519917,-0.7204192587691667
3,-0.8560791094550005,-0.7188372491444802
3,-0.851930128548784,-0.7117952467131045
3,-0.8477957612280971,-0.710761707050727
3,-0.8436758347342409,-0.7090863030132181
3,-0.8395701790913377,-0.7063489868360343
3,-0.8354786270443826,-0.7053854350334013
3,-0.8314010139990077,-0.7047752904585782
3,-0.8273371779629035,-0.7042976462351892
3,-0.823286959488847,-0.7028092087983581
3,-0.8192502016192759,-0.700738505463823
3,-0.8152267498323637,-0.6997366471971739
3,-0.811216451989547,-0.69392371590291
3,-0.8072191582844558,-0.6929825837681982
3,-0.8032347211932014,-0.6917028194584662
3,-0.7992629954259806,-0.6889369312196925
3,-0.7953038378799556,-0.6862863424092849
3,-0.7913571075933618,-0.674518807247422
3,-0.7874226657008152,-0.670224382818326
3,-0.7835003753897741,-0.6602897929032547
3,-0.7795901018581224,-0.6581513004818669
3,-0.7756917122728386,-0.6520474230599088
3,-0.7718050757297188,-0.6483776457418882
3,-0.7679300632141192,-0.6454750248775496
3,-0.7640665475626872,-0.6427919652292892
3,-0.7602144034260551,-0.6349149982636326
3,-0.7563735072324602,-0.6304707978534541
3,-0.7525437371522693,-0.6289735333261866
3,-0.7487249730633804,-0.6253814928756211
3,-0.7449170965174697,-0.6241384324753265
3,-0.7411199907070674,-0.6216577639558148
3,-0.7373335404334295,-0.6216484165385017
3,-0.733557632075192,-0.6215508388360336
3,-0.7297921535577713,-0.6192955012910505
3,-0.7260369943235033,-0.6188247328423073
3,-0.7222920453024916,-0.6161413914176528
3,-0.7185571988841455,-0.6144795795977173
3,-0.7148323488893883,-0.6105287742980644
3,-0.7111173905435206,-0.6097220681366888
3,-0.707412220449714,-0.6062956367473816
3,-0.7037167365631205,-0.6012977856548167
3,-0.7000308381655824,-0.5884321649115452
3,-0.6963544258409218,-0.5868091123409146
3,-0.6926874014507949,-0.5855381744475858
3,-0.6890296681110994,-0.5851006912115052
3,-0.6853811301689137,-0.5653911937657526
3,-0.681741693179955,-0.5627242095802942
3,-0.6781112638865481,-0.5618504468104363
3,-0.6744897501960817,-0.5605099953305059
3,-0.6708770611599455,-0.5603191604301039
3,-0.6672731069529326,-0.5595934642984053
3,-0.6636777988530963,-0.5501161901394428
3,-0.6600910492220476,-0.5458964884734154
3,-0.6565127714856823,-0.5446390019559788
3,-0.6529428801153262,-0.5426266494531826
3,-0.6493812906092894,-0.5420290171026129
3,-0.6458279194748138,-0.5364053205697574
3,-0.6422826842104109,-0.5339837248599845
3,-0.6387455032885732,-0.532263199620677
3,-0.6352162961388527,-0.5305346155067848
3,-0.6316949831312967,-0.5203494374669214
3,-0.6281814855602327,-0.5195017992224432
3,-0.6246757256283897,-0.5169857888115131
3,-0.6211776264313529,-0.5151709944667753
3,-0.6176871119423378,-0.5134379568255752
3,-0.6142041069972816,-0.5133234373548724
3,-0.6107285372802368,-0.5039613902410509
3,-0.6072603293090661,-0.5027189918850489
3,-0.603799410421428,-0.5017225239992473
3,-0.6003457087610449,-0.5014836628025442
3,-0.5968991532642481,-0.5010706351997932
3,-0.5934596736467956,-0.49426773118599154
3,-0.5900272003909488,-0.4927567100834257
3,-0.5866016647328103,-0.4877219063371797
3,-0.5831829986499097,-0.4858093056270804
3,-0.579771134849035,-0.48522576131870454
3,-0.5763660067543033,-0.48281548428699345
3,-0.5729675484954635,-0.4817591837105397
3,-0.5695756948964268,-0.4776977296698395
3,-0.56619038146402,-0.47719433656235155
3,-0.5628115443769539,-0.47495988836039177
3,-0.5594391204750053,-0.47362410908728614
3,-0.5560730472484042,-0.46944242068013836
3,-0.5527132628274228,-0.46754920579528503
3,-0.5493597059721632,-0.46616751670668766
3,-0.5460123160625354,-0.4647928382604774
3,-0.5426710330884247,-0.46412785023765174
3,-0.5393357976400425,-0.45522629808152104
3,-0.5360065508984563,-0.4542339469382508
3,-0.5326832346262954,-0.44826086032099915
3,-0.529365791158628,-0.4434351113143861
3,-0.526054163394004,-0.4418284969315617
3,-0.5227482947856648,-0.441311785415451
3,-0.5194481293329095,-0.4395305344044986
3,-0.5161536115726195,-0.43147116545819286
3,-0.5128646865709358,-0.43090867239478037
3,-0.5095812999150835,-0.42958683493336725
3,-0.5063033977053464,-0.4245256126277809
3,-0.5030309265471801,-0.4175167427168983
3,-0.4997638335434672,-0.4164831758237293
3,-0.4965020662869087,-0.40664281728394946
3,-0.49324557285254844,-0.40477294420525295
3,-0.4899943017904281,-0.40329950148008775
3,-0.48674820211837083,-0.39965404407712696
3,-0.4835072233148885,-0.39917902148067136
3,-0.4802713153122125,-0.3971874417029965
3,-0.47704042848944356,-0.39356355205274335
3,-0.4738145136658175,-0.3915230859155829
3,-0.470593522094088,-0.39045138967541193
3,-0.46737740545401907,-0.38981887744230964
3,-0.4641661158459877,-0.383779297340069
3,-0.46095960578469536,-0.38282666347386574
3,-0.4577578281929818,-0.36471553964458203
3,-0.45456073639574396,-0.3642703598254324
3,-0.4513682841139548,-0.3614721208459716
3,-0.44818042545877956,-0.3590968094945167
3,-0.44499711492579047,-0.35674905495158543
3,-0.44181830738927397,-0.35511105157818296
3,-0.4386439580966312,-0.3515701320155622
3,-0.43547402266286944,-0.34908356768941984
3,-0.4323084570651809,-0.3488176537794727
3,-0.4291472176376099,-0.343332514885163
3,-0.42599026106580345,-0.33503745435112425
3,-0.4228375443818463,-0.33497272965116204
3,-0.4196890249591769,-0.33396448944786145
3,-0.41654466050758343,-0.33389115392519275
3,-0.4134044090682776,-0.3284487255649768
3,-0.4102682290090461,-0.32708820969794256
3,-0.40713607901947574,-0.32644163595695946
3,-0.40400791810625375,-0.32318554561231055
3,-0.40088370558853864,-0.3193632696833941
3,-0.39776340109340197,-0.3189783982777553
3,-0.39464696455134046,-0.3172657466756204
3,-0.3915343561918547,-0.3160054317864115
3,-0.3884255365390939,-0.3084952068658029
3,-0.38532046640756773,-0.306639613025945
3,-0.3822191068979191,-0.30544767040980436
3,-0.37912141939276256,-0.3053493192452052
3,-0.37602736555258137,-0.3041592795952491
3,-0.372936907311686,-0.30343622036775963
3,-0.36985000687423103,-0.30280503415246374
3,-0.3667666267102905,-0.30133150252146823
3,-0.36368672955198805,-0.3009607841123328
3,-0.36061027838968507,-0.3009272932619779
3,-0.35753723646822033,-0.3000344273205988
3,-0.3544675672832058,-0.2962965868971512
3,-0.35140123457737227,-0.2954480067749621
3,-0.3483382023369674,-0.2930242655545
3,-0.34527843478820397,-0.29017576806428835
3,-0.3422218963937575,-0.2901140635142034
3,-0.33916855184931055,-0.28983274630332695
3,-0.33611836608014745,-0.28784966560317476
3,-0.3330713042377915,-0.28614482178113015
3,-0.3300273316966921,-0.2859035789132344
3,-0.32698641405095213,-0.28237985111213953
3,-0.3239485171111023,-0.2780526890863389
3,-0.32091360690091714,-0.27790795104838534
3,-0.3178816496542729,-0.2777334567025971
3,-0.3148526118120469,-0.27756538852039114
3,-0.3118264600190584,-0.27754592158486796
3,-0.3088031611210467,-0.2774319532531144
3,-0.30578268216169124,-0.2763785001809047
3,-0.3027649903796675,-0.27511802686079817
3,-0.2997500532057408,-0.272316336728826
3,-0.29673783825989797,-0.27121198062537066
3,-0.29372831334851424,-0.26972245463652456
3,-0.29072144646155423,-0.26886556598207106
3,-0.2877172057698104,-0.26850666339968976
3,-0.28471555962217243,-0.2683036976739314
3,-0.28171647654293214,-0.2627051825425891
3,-0.2787199252291202,-0.2573590289640814
3,-0.27572587454787406,-0.257213580038198
3,-0.2727342935338394,-0.25402287535145696
3,-0.2697451513866003,-0.25328323753399595
3,-0.26675841746814044,-0.251131095524413
3,-0.2637740613003346,-0.24471510491011547
3,-0.2607920525624676,-0.24371963118558995
3,-0.25781236108878375,-0.2399258668142071
3,-0.25483495686606245,-0.23906749608515085
3,-0.2518598100312219,-0.23753560076006747
3,-0.2488868908689502,-0.23736378723097887
3,-0.24591616980936204,-0.23649644101787812
3,-0.24294761742568094,-0.2329350515921894
3,-0.23998120443194842,-0.231868368760418
3,-0.23701690168075548,-0.2311309764666749
3,-0.2340546801610012,-0.23097791359381625
3,-0.23109451099567302,-0.2299951153089714
3,-0.22813636543965096,-0.22813398210601843
3,-0.22518021487753592,-0.22732336354124652
3,-0.2222260308214988,-0.22703482725547416
3,-0.21927378490915223,-0.22639047742140042
3,-0.2163234489014447,-0.22361552568545415
3,-0.21337499468057428,-0.22241384531825859
3,-0.2104283942479247,-0.2187012300003362
3,-0.20748361972202048,-0.2080005029461887
3,-0.20454064333650201,-0.20462006801706586
3,-0.20159943743812148,-0.20451438311602643
3,-0.1986599744847562,-0.20400189749160086
3,-0.195722227043441,-0.20250782854308427
3,-0.19278616778842028,-0.19780638443203885
3,-0.18985176949921564,-0.19587121254577639
3,-0.18691900505871353,-0.19521952640993245
3,-0.18398784745126825,-0.1942202951239866
3,-0.18105826976082207,-0.19303981106468346
3,-0.17813024516904297,-0.18770555500997088
3,-0.17520374695347707,-0.1794043267314077
3,-0.1722787484857172,-0.17707145675929536
3,-0.16935522322958782,-0.17688178515009223
3,-0.16643314473934323,-0.17671967708541264
3,-0.16351248665788232,-0.17297657440857675
3,-0.16059322271497678,-0.17059702807262747
3,-0.1576753267255129,-0.16710235369167417
3,-0.15475877258774876,-0.16443962741511714
3,-0.15184353428158326,-0.16350977389765578
3,-0.14892958586683885,-0.1604356817686308
3,-0.14601690148155774,-0.1590906705505092
3,-0.1431054553403092,-0.15726667155644777
3,-0.14019522173251076,-0.1555165232359361
3,-0.13728617502076026,-0.153931690906316
3,-0.1343782896391793,-0.1517456588597973
3,-0.13147154009176926,-0.14994362636972522
3,-0.12856590095077752,-0.1491655213018112
3,-0.12566134685507402,-0.14442150728091552
3,-0.12275785250853997,-0.14043892538295627
3,-0.11985539267846462,-0.13788902975380526
3,-0.11695394219395419,-0.1378777550750448
3,-0.11405347594434886,-0.1326952119425942
3,-0.11115396887764951,-0.13160734314896202
3,-0.10825539599895462,-0.13111276872645064
3,-0.10535773236890499,-0.12664124727240647
3,-0.10246095310213689,-0.12568668558248766
3,-0.09956503336574538,-0.12435796615053281
3,-0.09666994837775318,-0.12088632331296176
3,-0.09377567340559002,-0.11890710228181889
3,-0.09088218376457781,-0.10647145380707446
3,-0.08798945481642349,-0.10523504899230765
3,-0.08509746196772024,-0.1036944725908143
3,-0.08220618066845417,-0.1031288396047228
3,-0.07931558641051796,-0.09994847631013805
3,-0.07642565472623211,-0.09832032703022436
3,-0.07353636118687037,-0.0973730675273103
3,-0.07064768140119332,-0.0959305895727516
3,-0.06775959101398606,-0.09418530931574488
3,-0.06487206570460173,-0.0870509796090762
3,-0.06198508118551126,-0.08518029345018824
3,-0.059098613200857054,-0.08388894546161857
3,-0.05621263752501158,-0.08379509910515373
3,-0.05332712996114174,-0.07999327830983448
3,-0.0504420663397757,-0.0798705054603341
3,-0.047557422517375963,-0.07816148367590435
3,-0.04467317437491484,-0.07418854670788548
3,-0.0417892978164538,-0.0706721692344401
3,-0.038905768767727514,-0.06962608468270089
3,-0.03602256317472984,-0.06832175267930798
3,-0.033139657002303084,-0.06761194724481369
3,-0.030257026232731243,-0.0663866863259438
3,-0.02737464686433402,-0.06415606277184488
3,-0.024492494910065214,-0.06353942742851158
3,-0.021610546396111974,-0.060127473101611005
3,-0.018728777360496055,-0.05981777183739263
3,-0.015847163851678107,-0.05975153094664384
3,-0.012965681927162267,-0.05703623260737741
3,-0.010084307652102142,-0.05348553084905599
3,-0.00720301709790932,-0.05146273243349799
3,-0.004321786340860743,-0.05073301230350756
3,-0.0014405914607088892,-0.04560363364026037
3,0.0014405914607088892,-0.0455969168359071
3,0.004321786340860603,-0.042497765663669744
3,0.00720301709790932,-0.040608498038253185
3,0.010084307652102142,-0.03934056407409605
3,0.012965681927162128,-0.03343676494651197
3,0.015847163851678246,-0.03268898564489946
3,0.018728777360496055,-0.03209846795251427
3,0.021610546396111836,-0.024325838836299695
3,0.024492494910065353,-0.02187507089640288
3,0.02737464686433402,-0.021734616039824836
3,0.030257026232731105,-0.020568208587061487
3,0.03313965700230322,-0.019587217166477464
3,0.03602256317472984,-0.016617788066513324
3,0.038905768767727514,-0.003336573509657373
3,0.04178929781645395,0.005497353322431543
3,0.04467317437491484,0.006501834852895677
3,0.047557422517375963,0.006580537182101228
3,0.05044206633977556,0.006811083303662485
3,0.05332712996114174,0.007386121470205408
3,0.05621263752501158,0.010363722967190578
3,0.059098613200856916,0.011221505405406935
3,0.061985081185511395,0.01148670558855198
3,0.06487206570460173,0.012403933007727587
3,0.06775959101398592,0.013523018486077306
3,0.07064768140119346,0.016625158874545215
3,0.07353636118687037,0.016742629763162008
3,0.07642565472623197,0.016767740910784937
3,0.0793155864105181,0.01738085114783395
3,0.08220618066845417,0.017992889407207453
3,0.08509746196772024,0.020047307239770704
3,0.08798945481642363,0.02249353244850354
3,0.09088218376457781,0.02292040929453721
3,0.09377567340559002,0.02408436838054447
3,0.09666994837775304,0.02563590758421675
3,0.09956503336574538,0.02752804024111392
3,0.10246095310213689,0.03083573793145177
3,0.10535773236890485,0.031819804053345904
3,0.10825539599895476,0.03493217891610684
3,0.11115396887764951,0.03967878425849565
3,0.11405347594434871,0.04127729375161356
3,0.11695394219395433,0.04373339486219847
3,0.11985539267846462,0.04429844514921153
3,0.12275785250853984,0.04568755711532343
3,0.12566134685507416,0.04778284328205642
3,0.12856590095077752,0.05156258307651045
3,0.13147154009176926,0.05191402007606769
3,0.13437828963917944,0.05682196095543333
3,0.13728617502076026,0.058838627332178484
3,0.14019522173251076,0.06031718504013711
3,0.14310545534030905,0.06244386636772055
3,0.14601690148155774,0.06373222367954202
3,0.14892958586683885,0.06891934043623532
3,0.15184353428158312,0.07016704989117206
3,0.1547587725877489,0.07023339798733422
3,0.1576753267255129,0.07594532562282777
3,0.16059322271497664,0.08235904489973261
3,0.16351248665788246,0.08376790649791935
3,0.16643314473934323,0.08638851762390057
3,0.16935522322958768,0.08879231509193754
3,0.17227874848571734,0.09017141648111443
3,0.17520374695347707,0.0903391921059609
3,0.17813024516904297,0.09558010844390093
3,0.1810582697608222,0.09629516874262807
3,0.18398784745126825,0.09942836234106799
3,0.18691900505871353,0.10510929666251677
3,0.1898517694992155,0.11099578999944124
3,0.19278616778842028,0.11178081309306737
3,0.195722227043441,0.11214839906785062
3,0.19865997448475603,0.1154257819757333
3,0.20159943743812164,0.11694573080115797
3,0.20454064333650201,0.11831494221618186
3,0.20748361972202028,0.11952468784600187
3,0.21042839424792484,0.12082693451697928
3,0.21337499468057428,0.12180600157351897
3,0.21632344890144453,0.12254640807512761
3,0.21927378490915236,0.12462900254751955
3,0.2222260308214988,0.1246751182959257
3,0.22518021487753592,0.12489502437365077
3,0.22813636543965113,0.12642585611269314
3,0.23109451099567302,0.1269336580999822
3,0.2340546801610012,0.12778655061874353
3,0.23701690168075534,0.13212259761105755
3,0.23998120443194842,0.1366251363832232
3,0.24294761742568094,0.13714556334588499
3,0.2459161698093619,0.13721696833967995
3,0.24888689086895033,0.14143711917438048
3,0.2518598100312219,0.14161976821645506
3,0.25483495686606233,0.1437710178884191
3,0.2578123610887839,0.14389408656647937
3,0.2607920525624676,0.14471567815012593
3,0.2637740613003345,0.1457657979973264
3,0.2667584174681406,0.1460665974006294
3,0.2697451513866003,0.1493881198727215
3,0.2727342935338394,0.14944084485310563
3,0.27572587454787423,0.1503068608485924
3,0.2787199252291202,0.15272546278693924
3,0.28171647654293214,0.15305293284021
3,0.2847155596221723,0.1557492741280128
3,0.2877172057698104,0.15815020923873097
3,0.29072144646155423,0.16191352249113317
3,0.29372831334851407,0.1627583147317234
3,0.29673783825989813,0.1636404515302894
3,0.2997500532057408,0.16521083843197537
3,0.3027649903796673,0.16569688948179076
3,0.30578268216169135,0.16575335929847496
3,0.3088031611210467,0.1675926088124427
3,0.3118264600190582,0.17252106811015253
3,0.314852611812047,0.17892833621290913
3,0.3178816496542729,0.18243167679297037
3,0.32091360690091714,0.18279343568149478
3,0.3239485171111025,0.18793248079407926
3,0.32698641405095213,0.19049047302909491
3,0.3300273316966921,0.19290805156542631
3,0.3330713042377914,0.193822682096366
3,0.33611836608014745,0.19419434994867904
3,0.33916855184931055,0.19538301714040093
3,0.34222189639375733,0.19601041165231553
3,0.34527843478820414,0.19619008835099616
3,0.3483382023369674,0.19731692188357794
3,0.35140123457737216,0.20183168423290432
3,0.3544675672832059,0.20511728724461561
3,0.35753723646822033,0.2058154345011054
3,0.3606102783896849,0.2076794846376762
3,0.3636867295519882,0.21336139892679018
3,0.3667666267102905,0.21539997875006905
3,0.36985000687423103,0.21890717789995282
3,0.3729369073116861,0.21928034848640932
3,0.37602736555258137,0.21962538737567994
3,0.37912141939276256,0.21984588337484098
3,0.38221910689791894,0.22127689503718148
3,0.38532046640756773,0.22487205199157434
3,0.3884255365390939,0.22786534373553763
3,0.3915343561918546,0.2312633032410279
3,0.39464696455134063,0.233368780735348
3,0.39776340109340197,0.23495542194233937
3,0.4008837055885384,0.24230947568713299
3,0.4040079181062539,0.24247641580398932
3,0.40713607901947574,0.24466886755233824
3,0.4102682290090459,0.2451285039626987
3,0.41340440906827775,0.2502153150680659
3,0.41654466050758343,0.25623244148642055
3,0.4196890249591769,0.25898446446578555
3,0.42283754438184645,0.2597551905407096
3,0.42599026106580345,0.2604780706617821
3,0.4291472176376099,0.2635755790729947
3,0.4323084570651808,0.2646009959943446
3,0.43547402266286944,0.26603019729231353
3,0.4386439580966312,0.2691217913155663
3,0.4418183073892738,0.2728750620314941
3,0.4449971149257906,0.27765502663880653
3,0.44818042545877956,0.27824519996091573
3,0.45136828411395463,0.2784496708244978
3,0.45456073639574407,0.28895716850183223
3,0.4577578281929818,0.2913979889254944
3,0.46095960578469525,0.2928132043214959
3,0.4641661158459879,0.29747332446067704
3,0.46737740545401907,0.2979350951448125
3,0.470593522094088,0.2980224100238639
3,0.4738145136658176,0.30173930339682703
3,0.47704042848944356,0.30431315804972414
3,0.4802713153122125,0.30533409816795676
3,0.4835072233148883,0.30770792235438976
3,0.48674820211837083,0.30791295969887555
3,0.4899943017904281,0.30952791521394396
3,0.4932455728525483,0.3121426183455861
3,0.49650206628690885,0.3127169638684833
3,0.4997638335434672,0.31359501438421655
3,0.50303092654718,0.3145152480082808
3,0.5063033977053465,0.31550838371881246
3,0.5095812999150835,0.31785322808851957
3,0.5128646865709355,0.31796711295622027
3,0.5161536115726196,0.32355907126549904
3,0.5194481293329095,0.32699078756545813
3,0.5227482947856648,0.32905982363880315
3,0.5260541633940041,0.33093565388252516
3,0.529365791158628,0.3341659764091981
3,0.5326832346262954,0.3348328807852533
3,0.5360065508984562,0.33695423654148837
3,0.5393357976400425,0.33780663833605507
3,0.5426710330884247,0.33805965369648444
3,0.5460123160625352,0.34180794847674756
3,0.5493597059721634,0.34396428283693564
3,0.5527132628274228,0.3457994421788064
3,0.5560730472484041,0.35100515288067746
3,0.5594391204750055,0.35190225809346504
3,0.5628115443769539,0.3538852787688188
3,0.5661903814640199,0.3555655333222431
3,0.569575694896427,0.3558618175351878
3,0.5729675484954635,0.36469088262610655
3,0.5763660067543033,0.36697868795118566
3,0.5797711348490351,0.3686800113748091
3,0.5831829986499097,0.37421380316977537
3,0.5866016647328103,0.3748056456851367
3,0.5900272003909486,0.3812061589590491
3,0.5934596736467956,0.38262579019731435
3,0.5968991532642481,0.38431494837475993
3,0.6003457087610446,0.38603955092384795
3,0.6037994104214283,0.3861437484636247
3,0.6072603293090661,0.3870097632027896
3,0.6107285372802367,0.3918943431567583
3,0.6142041069972817,0.3949384818030441
3,0.6176871119423378,0.4004650140135722
3,0.6211776264313528,0.4077561803870188
3,0.6246757256283899,0.4110294858230616
3,0.6281814855602327,0.41404286228757226
3,0.6316949831312967,0.4159502849176024
3,0.6352162961388528,0.4219229753936364
3,0.6387455032885732,0.4264323401692009
3,0.6422826842104109,0.4271041541402709
3,0.6458279194748135,0.4277047756877639
3,0.6493812906092894,0.42784744714069395
3,0.6529428801153262,0.4303289246968296
3,0.6565127714856821,0.4333961191967184
3,0.6600910492220478,0.4462670654539812
3,0.6636777988530963,0.44818260738788046
3,0.6672731069529324,0.4515262044986499
3,0.6708770611599456,0.4544389625664437
3,0.6744897501960817,0.45487447236717504
3,0.6781112638865481,0.4589060538643984
3,0.681741693179955,0.46385773198603786
3,0.6853811301689137,0.4643121990881395
3,0.6890296681110994,0.468777304193047
3,0.692687401450795,0.4756669341021481
3,0.6963544258409218,0.4771286891698918
3,0.7000308381655824,0.4883834347118212
3,0.7037167365631207,0.48958125746884495
3,0.707412220449714,0.4901426836844489
3,0.7111173905435206,0.49677035000265457
3,0.7148323488893882,0.49747763067683753
3,0.7185571988841455,0.507664348291267
3,0.7222920453024916,0.5222081875313613
3,0.7260369943235032,0.5303362630193517
3,0.7297921535577713,0.5324557069764231
3,0.733557632075192,0.5422929994201946
3,0.7373335404334295,0.5554045372575218
3,0.7411199907070674,0.5561055507290796
3,0.7449170965174697,0.557531054146056
3,0.7487249730633804,0.5622974653655992
3,0.7525437371522696,0.5650018619594902
3,0.7563735072324602,0.5679249818244203
3,0.7602144034260551,0.578765580047527
3,0.7640665475626874,0.5833530534493953
3,0.7679300632141192,0.5834445851139989
3,0.7718050757297188,0.5973948268683027
3,0.7756917122728384,0.6024500810568171
3,0.7795901018581224,0.6055151420146431
3,0.7835003753897741,0.6181980659968097
3,0.7874226657008149,0.6241256321684542
3,0.7913571075933618,0.6265396175549507
3,0.7953038378799556,0.6287747724361253
3,0.7992629954259806,0.6298931778202905
3,0.8032347211932014,0.6354038899170845
3,0.8072191582844558,0.6356768411305783
3,0.811216451989547,0.6446621653075472
3,0.8152267498323638,0.648437798507462
3,0.8192502016192759,0.6577778724216264
3,0.823286959488847,0.659109741795106
3,0.8273371779629036,0.6598456784163874
3,0.8314010139990077,0.6608255662945697
3,0.8354786270443826,0.6616742304611478
3,0.8395701790913375,0.6633399380952969
3,0.8436758347342409,0.6676570112688333
3,0.8477957612280971,0.6691595609859797
3,0.8519301285487837,0.6708957010831987
3,0.8560791094550005,0.6730060535012155
3,0.8602428795519917,0.6780338799214078
3,0.8644216173571089,0.6813901746667586
3,0.868615504367269,0.6863388509636401
3,0.8728247251283807,0.6874291605624538
3,0.8770494673068103,0.6955322627623771
3,0.8812899217629533,0.6972549418985833
3,0.8855462826269906,0.6979293978871745
3,0.889818747376914,0.7029181837025712
3,0.8941075169188902,0.7052766618298981
3,0.898412795670061,0.7180437104021643
3,0.9027347916438648,0.7185774964553844
3,0.907073716537969,0.724005934882692
3,0.9114297858249173,0.7284238463865177
3,0.9158032188455875,0.7318862228699788
3,0.9201942389055712,0.7326237402267689
3,0.9246030733745816,0.7396756909081685
3,0.929029953789006,0.7428549885318837
3,0.9334751159577281,0.7433122635791048
3,0.9379388000713414,0.7463591553041387
3,0.9424212508148854,0.7485872108304934
3,0.9469227174842507,0.7486373636857849
3,0.9514434541063873,0.7501451089740624
3,0.9559837195634723,0.7717640574893158
3,0.9605437777212005,0.7761001134001906
3,0.9651238975613528,0.780840753668807
3,0.9697243533188226,0.7841246541319727
3,0.9743454246232868,0.7858513871412451
3,0.9789873966457007,0.7873500857960468
3,0.9836505602498274,0.801407620357338
3,0.9883352121490045,0.8157239723756432
3,0.9930416550683755,0.8189264525554422
3,0.9977701979128079,0.8191641918188436
3,1.0025211559407472,0.8206912642558591
3,1.0072948509442619,0.8540860909206285
3,1.0120916114355434,0.8554426416552111
3,1.0169117728401404,0.8572079161092077
3,1.0217556776972352,0.8576091626448183
3,1.0266236758672576,0.8623950151711859
3,1.0315161247471727,0.8641323300640272
3,1.0364333894937898,0.8666416241622125
3,1.0413758432554439,0.8674933713544204
3,1.0463438674124452,0.8729679386309454
3,1.0513378518266911,0.876117922796893
3,1.0563581951008634,0.8807549395327812
3,1.0614053048476715,0.8864145186174248
3,1.0664795979695922,0.8922589763301545
3,1.0715815009496323,0.9118111957662304
3,1.0767114501536117,0.9251904408940317
3,1.0818698921445475,0.9452100792824821
3,1.0870572840097124,0.955986038019619
3,1.092274093700995,0.958208011101003
3,1.0975208003892176,0.9778527010609522
3,1.1027978948331099,0.985228647794427
3,1.1081058797636727,0.9928409177302367
3,1.1134452702847146,0.9932503034412986
3,1.1188165942903907,0.999213885665952
3,1.124220392900615,0.9996053643519931
3,1.129657220915282,1.008102488110611
3,1.1351276472882912,1.0152652747237108
3,1.1406322556224122,1.0159485622191522
3,1.146171644686111,1.0355257158214735
3,1.1517464289535289,1.0594043796588466
3,1.1573572391688702,1.0726179198916885
3,1.1630047229365417,1.0836489683930774
3,1.1686895453384702,1.0862564226928002
3,1.1744123895801335,1.0970965217819157
3,1.1801739576669186,1.1030656607090847
3,1.185974971112543,1.1056223314921287
3,1.191816171681394,1.1079218971700284
3,1.1976983221667605,1.1108513047627093
3,1.203622207207061,1.1109199291753464
3,1.2095886341423494,1.112817709731955
3,1.215598433913494,1.117545357104011
3,1.2216524620066338,1.1196023556427694
3,1.227751599445688,1.1199856279009386
3,1.2338967538358894,1.1227657926423193
3,1.24008886046155,1.1239839334165649
3,1.246328883441473,1.1469727748137393
3,1.2526178169457283,1.1577708947873917
3,1.258956686477732,1.1839472402394338
3,1.2653465502259253,1.1845681337829712
3,1.2717885004896494,1.1952652301554665
3,1.2782836651841776,1.2129647350097417
3,1.2848332094302668,1.215750665812399
3,1.2914383372340221,1.2275099927029656
3,1.2981002932633188,1.2319125581053845
3,1.3048203647275596,1.238787797683645
3,1.311599883368101,1.2425593168010958
3,1.3184402275672977,1.2640872308051436
3,1.3253428245847743,1.2753169796664099
3,1.332309152930328,1.286152884438405
3,1.339340744883602,1.2926442291772329
3,1.3464391891716574,1.2958881870154957
3,1.353606133816489,1.320777817002833
3,1.3608432891656852,1.323221333203305
3,1.368152431120594,1.3281207933471293
3,1.3755354045777306,1.331133754278988
3,1.382994127100638,1.3325885167527682
3,1.3905305928410514,1.3500967642035833
3,1.3981468767300484,1.3742259421546623
3,1.4058451389619313,1.3778595429494132
3,1.4136276297958117,1.3809647646018477
3,1.421496694702443,1.3904871121816964
3,1.4294547798866613,1.3997143642829932
3,1.4375044382189694,1.413610851579871
3,1.4456483356133487,1.4179269227696405
3,1.4538892578924012,1.4287641537586286
3,1.4622301181853967,1.4334249701759072
3,1.4706739649098826,1.4356695671069923
3,1.47922399039324,1.4512175734152153
3,1.4878835401970534,1.4598768850776493
3,1.4966561232144875,1.471475916655473
3,1.5055454226192488,1.4835429752562366
3,1.5145553077541825,1.4856321212411465
3,1.5236898470584141,1.49138166181234
3,1.5329533221443514,1.5216268826221502
3,1.5423502431500729,1.5434949876424422
3,1.55188536550897,1.547025658133085
3,1.561563708297316,1.5519027193152317
3,1.5713905743422025,1.5615098352929369
3,1.5813715722973933,1.5832270022330102
3,1.591512640923928,1.5968249618521253
3,1.6018200758463061,1.6107922546340963
3,1.612300559094845,1.6128349538006201
3,1.622961191791394,1.639320279769491
3,1.6338095303903444,1.6568523741713694
3,1.6448536269514722,1.720601556458346
3,1.656102073997618,1.730314254902901
3,1.667564054601043,1.737620007856573
3,1.6792493984507084,1.7475611753640763
3,1.6911686447824308,1.7577216867268315
3,1.7033331132099754,1.77384836567203
3,1.715754983683681,1.7821217363745734
3,1.7284473870319506,1.7835441442735562
3,1.7414245078200017,1.788299258052386
3,1.7547017016023168,1.7900480024890755
3,1.7682956290667202,1.838266530478267
3,1.7822244100905809,1.9037490753600361
3,1.796507801381234,1.9084103568481767
3,1.8111674021904436,1.924920386357717
3,1.8262268936260444,2.0219274350894545
3,1.8417123183988295,2.0254329787263248
3,1.8576524095291018,2.028992533139532
3,1.874078978717387,2.030013437453065
3,1.8910273779271052,2.0471029972852954
3,1.9085370514696343,2.056293379954488
3,1.9266522008582094,2.080170799767823
3,1.94542259138441,2.163271794217985
3,1.9649045384628592,2.259031643934759
3,1.9851621243067124,2.2593273931676654
3,2.006268712965559,2.324987010439633
3,2.0283088565020284,2.3733711714526753
3,2.0513807207083192,2.4917120148054246
3,2.0755992109775123,2.693323817480157
3,2.101100056996162,2.701062174795928
3,2.128045234184983,2.706645461269584
3,2.1566302865576827,2.8323991169607767
3,2.1870944162461345,2.9146301262272396
3,2.2197347040992437,2.933829767148917
3,2.254926684870381,2.9434442725191645
3,2.2931550415485504,3.0151514858811024
3,2.3350610848080438,3.0356185420320148
3,2.381519469970483,3.056862062457894
3,2.4337689773993825,3.1836874424016535
3,2.493651031608633,3.276407443799124
3,2.5640847689868846,3.5934750690431856
3,2.6501343426056865,3.620288346748616
3,2.761870524366661,3.666939875371821
3,2.924664667246821,4.561182748493555
3,3.2511417631062525,5.109204412573799
4,-3.251141763106243,-4.158154653522692
4,-2.9246646672468115,-3.911395615688134
4,-2.761870524366663,-3.250144406167399
4,-2.6501343426056856,-2.9760886608434385
4,-2.5640847689868815,-2.9689289761905844
4,-2.4936510316086347,-2.9070839618017463
4,-2.4337689773993825,-2.842827122843027
4,-2.3815194699704816,-2.752010782552608
4,-2.3350610848080455,-2.492777742967105
4,-2.2931550415485504,-2.3992595303036923
4,-2.25492668487038,-2.3666979848669554
4,-2.2197347040992454,-2.30944714847189
4,-2.1870944162461354,-2.2987213083125564
4,-2.1566302865576823,-2.264433771324892
4,-2.128045234184984,-2.2568728402390255
4,-2.1011000569961626,-2.245583906865701
4,-2.0755992109775123,-2.192718136678882
4,-2.0513807207083183,-2.1389413750964623
4,-2.0283088565020293,-2.13480628285934
4,-2.006268712965559,-2.043298946486028
4,-1.985162124306712,-2.036381870379919
4,-1.9649045384628596,-1.959942722865106
4,-1.94542259138441,-1.952232615519531
4,-1.9266522008582085,-1.8639587816532486
4,-1.9085370514696347,-1.8581555980788866
4,-1.8910273779271052,-1.8546766964832326
4,-1.8740789787173866,-1.8328286889618803
4,-1.8576524095291025,-1.8276276598667094
4,-1.8417123183988295,-1.791617333534488
4,-1.826226893626044,-1.7505454696392886
4,-1.811167402190444,-1.6795735693189362
4,-1.796507801381234,-1.6593207173089306
4,-1.7822244100905809,-1.6375738325787055
4,-1.7682956290667198,-1.6067903387086173
4,-1.7547017016023168,-1.575905441164492
4,-1.7414245078200017,-1.5326437598147828
4,-1.72844738703195,-1.5309183493666194
4,-1.7157549836836816,-1.5306990815219221
4,-1.7033331132099754,-1.5188942994783643
4,-1.6911686447824303,-1.4627084430223296
4,-1.679249398450709,-1.4336414402627435
4,-1.667564054601043,-1.4265877482351021
4,-1.6561020739976176,-1.420202145985198
4,-1.6448536269514729,-1.406733183052465
4,-1.6338095303903444,-1.39534061926216
4,-1.622961191791394,-1.3794745275476243
4,-1.612300559094845,-1.374017497532776
4,-1.6018200758463061,-1.3679478952180297
4,-1.591512640923928,-1.367108512776619
4,-1.581371572297393,-1.342581910405498
4,-1.5713905743422025,-1.326034817364941
4,-1.561563708297316,-1.325477849026968
4,-1.55188536550897,-1.3216350791934284
4,-1.5423502431500735,-1.3214348938154148
4,-1.5329533221443514,-1.2891572464615377
4,-1.5236898470584141,-1.2813518026874695
4,-1.5145553077541825,-1.2774712806858417
4,-1.5055454226192488,-1.2709297209578958
4,-1.4966561232144875,-1.2633350889621864
4,-1.4878835401970534,-1.2598291979969936
4,-1.47922399039324,-1.257220156147996
4,-1.4706739649098826,-1.2523052482330372
4,-1.4622301181853967,-1.2480578662863386
4,-1.4538892578924012,-1.2437586433122447
4,-1.445648335613348,-1.2422489039166222
4,-1.4375044382189688,-1.2263048625824768
4,-1.4294547798866613,-1.2210134503646763
4,-1.421496694702443,-1.1961786958466114
4,-1.4136276297958117,-1.1893208243471116
4,-1.4058451389619313,-1.1862460334077245
4,-1.3981468767300484,-1.182742884005252
4,-1.3905305928410507,-1.1824864401632451
4,-1.382994127100638,-1.181928042561197
4,-1.3755354045777306,-1.1807701454209956
4,-1.368152431120594,-1.1746988845059734
4,-1.360843289165686,-1.1696821041805123
4,-1.353606133816489,-1.164245042855127
4,-1.3464391891716574,-1.1632778865566755
4,-1.3393407448836026,-1.1552275541077777
4,-1.332309152930328,-1.1551133526567594
4,-1.3253428245847743,-1.1385389895867304
4,-1.318440227567297,-1.128616288180127
4,-1.311599883368101,-1.1267299941131628
4,-1.3048203647275596,-1.1249084523464934
4,-1.2981002932633183,-1.1211742390505302
4,-1.2914383372340221,-1.1159483162140797
4,-1.2848332094302668,-1.10633309509524
4,-1.2782836651841771,-1.0953700348943047
4,-1.2717885004896494,-1.0906547796794486
4,-1.2653465502259253,-1.0854478527914029
4,-1.2589566864777315,-1.0776634143647854
4,-1.2526178169457283,-1.0774265722307805
4,-1.2463288834414736,-1.071131457172167
4,-1.24008886046155,-1.0708822871497585
4,-1.2338967538358898,-1.0672650445434146
4,-1.227751599445688,-1.0611256616521008
4,-1.2216524620066338,-1.0581247641226137
4,-1.215598433913494,-1.0550993663067918
4,-1.2095886341423494,-1.0547504665593739
4,-1.203622207207061,-1.0463859616490676
4,-1.1976983221667605,-1.0395892568977108
4,-1.1918161716813946,-1.0355606957006014
4,-1.185974971112543,-1.0352401671760443
4,-1.1801739576669186,-1.0252016422808092
4,-1.1744123895801335,-1.0199746453042944
4,-1.1686895453384702,-1.0196535234911157
4,-1.1630047229365417,-1.0194475407421364
4,-1.1573572391688702,-1.001549907619114
4,-1.1517464289535289,-0.9914317902488388
4,-1.146171644686111,-0.9856419726959766
4,-1.1406322556224127,-0.982666345206754
4,-1.135127647288292,-0.9634537882090651
4,-1.1296572209152815,-0.959826544004023
4,-1.1242203929006143,-0.958994824720384
4,-1.1188165942903907,-0.9580337754363412
4,-1.1134452702847146,-0.9572965089398519
4,-1.1081058797636727,-0.953171362130454
4,-1.1027978948331099,-0.9520010306361332
4,-1.0975208003892176,-0.9516872305781255
4,-1.092274093700995,-0.949338909302456
4,-1.0870572840097124,-0.9489711608883177
4,-1.0818698921445475,-0.9350351926709151
4,-1.0767114501536117,-0.9259237013622087
4,-1.0715815009496323,-0.9226323009698834
4,-1.0664795979695922,-0.9218998299466683
4,-1.0614053048476715,-0.9216890487614365
4,-1.0563581951008638,-0.91404074094572
4,-1.0513378518266911,-0.9019715831433733
4,-1.0463438674124452,-0.8946377703583279
4,-1.0413758432554436,-0.8941335629285224
4,-1.0364333894937898,-0.8914540967277336
4,-1.0315161247471727,-0.8872651669883843
4,-1.0266236758672576,-0.8772865276234957
4,-1.0217556776972352,-0.8705264820526065
4,-1.0169117728401404,-0.8694671169099941
4,-1.0120916114355434,-0.8694587567957014
4,-1.0072948509442619,-0.8689626268829672
4,-1.0025211559407472,-0.8673433458362437
4,-0.9977701979128079,-0.8673295400146639
4,-0.9930416550683758,-0.8612310516589573
4,-0.9883352121490045,-0.8600125995673135
4,-0.9836505602498274,-0.8582207529776917
4,-0.9789873966457009,-0.8538021041873176
4,-0.9743454246232868,-0.852140207605804
4,-0.9697243533188226,-0.8452027693594795
4,-0.9651238975613528,-0.8428177080390704
4,-0.9605437777212005,-0.8318395418718301
4,-0.9559837195634723,-0.8296371427670581
4,-0.9514434541063869,-0.8293453572178405
4,-0.9469227174842507,-0.821404137809699
4,-0.9424212508148854,-0.8163258536740063
4,-0.9379388000713414,-0.8123731475457563
4,-0.9334751159577281,-0.7919795011973423
4,-0.929029953789006,-0.791496989138919
4,-0.9246030733745816,-0.7823529289218301
4,-0.9201942389055715,-0.7809024238126806
4,-0.9158032188455875,-0.7754888149400163
4,-0.9114297858249173,-0.7747369479292171
4,-0.9070737165379693,-0.7681027105751093
4,-0.9027347916438648,-0.7660094120271926
4,-0.898412795670061,-0.762185903861077
4,-0.8941075169188899,-0.7534630648783598
4,-0.889818747376914,-0.7442060454236882
4,-0.8855462826269906,-0.7424380468415898
4,-0.8812899217629528,-0.7371729746623022
4,-0.8770494673068103,-0.734371548785301
4,-0.8728247251283807,-0.7325046508743733
4,-0.868615504367269,-0.7292582934626806
4,-0.8644216173571089,-0.7208566113471386
4,-0.8602428795519917,-0.7204192587691667
4,-0.8560791094550005,-0.7188372491444802
4,-0.851930128548784,-0.7117952467131045
4,-0.8477957612280971,-0.710761707050727
4,-0.8436758347342409,-0.7090863030132181
4,-0.8395701790913377,-0.7063489868360343
4,-0.8354786270443826,-0.7053854350334013
4,-0.8314010139990077,-0.7047752904585782
4,-0.8273371779629035,-0.7042976462351892
4,-0.823286959488847,-0.7028092087983581
4,-0.8192502016192759,-0.700738505463823
4,-0.8152267498323637,-0.6997366471971739
4,-0.811216451989547,-0.69392371590291
4,-0.8072191582844558,-0.6929825837681982
4,-0.8032347211932014,-0.6917028194584662
4,-0.7992629954259806,-0.6889369312196925
4,-0.7953038378799556,-0.6862863424092849
4,-0.7913571075933618,-0.674518807247422
4,-0.7874226657008152,-0.670224382818326
4,-0.7835003753897741,-0.6602897929032547
4,-0.7795901018581224,-0.6581513004818669
4,-0.7756917122728386,-0.6520474230599088
4,-0.7718050757297188,-0.6483776457418882
4,-0.7679300632141192,-0.6454750248775496
4,-0.7640665475626872,-0.6427919652292892
4,-0.7602144034260551,-0.6349149982636326
4,-0.7563735072324602,-0.6304707978534541
4,-0.7525437371522693,-0.6289735333261866
4,-0.7487249730633804,-0.6253814928756211
4,-0.7449170965174697,-0.6241384324753265
4,-0.7411199907070674,-0.6216577639558148
4,-0.7373335404334295,-0.6216484165385017
4,-0.733557632075192,-0.6215508388360336
4,-0.7297921535577713,-0.6192955012910505
4,-0.7260369943235033,-0.6188247328423073
4,-0.7222920453024916,-0.6161413914176528
4,-0.7185571988841455,-0.6144795795977173
4,-0.7148323488893883,-0.6105287742980644
4,-0.7111173905435206,-0.6097220681366888
4,-0.707412220449714,-0.6062956367473816
4,-0.7037167365631205,-0.6012977856548167
4,-0.7000308381655824,-0.5884321649115452
4,-0.6963544258409218,-0.5868091123409146
4,-0.6926874014507949,-0.5855381744475858
4,-0.6890296681110994,-0.5851006912115052
4,-0.6853811301689137,-0.5653911937657526
4,-0.681741693179955,-0.5627242095802942
4,-0.6781112638865481,-0.5618504468104363
4,-0.6744897501960817,-0.5605099953305059
4,-0.6708770611599455,-0.5603191604301039
4,-0.6672731069529326,-0.5595934642984053
4,-0.6636777988530963,-0.5501161901394428
4,-0.6600910492220476,-0.5458964884734154
4,-0.6565127714856823,-0.5446390019559788
4,-0.6529428801153262,-0.5426266494531826
4,-0.6493812906092894,-0.5420290171026129
4,-0.6458279194748138,-0.5364053205697574
4,-0.6422826842104109,-0.5339837248599845
4,-0.6387455032885732,-0.532263199620677
4,-0.6352162961388527,-0.5305346155067848
4,-0.6316949831312967,-0.5203494374669214
4,-0.6281814855602327,-0.5195017992224432
4,-0.6246757256283897,-0.5169857888115131
4,-0.6211776264313529,-0.5151709944667753
4,-0.6176871119423378,-0.5134379568255752
4,-0.6142041069972816,-0.5133234373548724
4,-0.6107285372802368,-0.5039613902410509
4,-0.6072603293090661,-0.5027189918850489
4,-0.603799410421428,-0.5017225239992473
4,-0.6003457087610449,-0.5014836628025442
4,-0.5968991532642481,-0.5010706351997932
4,-0.5934596736467956,-0.49426773118599154
4,-0.5900272003909488,-0.4927567100834257
4,-0.5866016647328103,-0.4877219063371797
4,-0.5831829986499097,-0.4858093056270804
4,-0.579771134849035,-0.48522576131870454
4,-0.5763660067543033,-0.48281548428699345
4,-0.5729675484954635,-0.4817591837105397
4,-0.5695756948964268,-0.4776977296698395
4,-0.56619038146402,-0.47719433656235155
4,-0.5628115443769539,-0.47495988836039177
4,-0.5594391204750053,-0.47362410908728614
4,-0.5560730472484042,-0.46944242068013836
4,-0.5527132628274228,-0.46754920579528503
4,-0.5493597059721632,-0.46616751670668766
4,-0.5460123160625354,-0.4647928382604774
4,-0.5426710330884247,-0.46412785023765174
4,-0.5393357976400425,-0.45522629808152104
4,-0.5360065508984563,-0.4542339469382508
4,-0.5326832346262954,-0.44826086032099915
4,-0.529365791158628,-0.4434351113143861
4,-0.526054163394004,-0.4418284969315617
4,-0.5227482947856648,-0.441311785415451
4,-0.5194481293329095,-0.4395305344044986
4,-0.5161536115726195,-0.43147116545819286
4,-0.5128646865709358,-0.43090867239478037
4,-0.5095812999150835,-0.42958683493336725
4,-0.5063033977053464,-0.4245256126277809
4,-0.5030309265471801,-0.4175167427168983
4,-0.4997638335434672,-0.4164831758237293
4,-0.4965020662869087,-0.40664281728394946
4,-0.49324557285254844,-0.40477294420525295
4,-0.4899943017904281,-0.40329950148008775
4,-0.48674820211837083,-0.39965404407712696
4,-0.4835072233148885,-0.39917902148067136
4,-0.4802713153122125,-0.3971874417029965
4,-0.47704042848944356,-0.39356355205274335
4,-0.4738145136658175,-0.3915230859155829
4,-0.470593522094088,-0.39045138967541193
4,-0.46737740545401907,-0.38981887744230964
4,-0.4641661158459877,-0.383779297340069
4,-0.46095960578469536,-0.38282666347386574
4,-0.4577578281929818,-0.36471553964458203
4,-0.45456073639574396,-0.3642703598254324
4,-0.4513682841139548,-0.3614721208459716
4,-0.44818042545877956,-0.3590968094945167
4,-0.44499711492579047,-0.35674905495158543
4,-0.44181830738927397,-0.35511105157818296
4,-0.4386439580966312,-0.3515701320155622
4,-0.43547402266286944,-0.34908356768941984
4,-0.4323084570651809,-0.3488176537794727
4,-0.4291472176376099,-0.343332514885163
4,-0.42599026106580345,-0.33503745435112425
4,-0.4228375443818463,-0.33497272965116204
4,-0.4196890249591769,-0.33396448944786145
4,-0.41654466050758343,-0.33389115392519275
4,-0.4134044090682776,-0.3284487255649768
4,-0.4102682290090461,-0.32708820969794256
4,-0.40713607901947574,-0.32644163595695946
4,-0.40400791810625375,-0.32318554561231055
4,-0.40088370558853864,-0.3193632696833941
4,-0.39776340109340197,-0.3189783982777553
4,-0.39464696455134046,-0.3172657466756204
4,-0.3915343561918547,-0.3160054317864115
4,-0.3884255365390939,-0.3084952068658029
4,-0.38532046640756773,-0.306639613025945
4,-0.3822191068979191,-0.30544767040980436
4,-0.37912141939276256,-0.3053493192452052
4,-0.37602736555258137,-0.3041592795952491
4,-0.372936907311686,-0.30343622036775963
4,-0.36985000687423103,-0.30280503415246374
4,-0.3667666267102905,-0.30133150252146823
4,-0.36368672955198805,-0.3009607841123328
4,-0.36061027838968507,-0.3009272932619779
4,-0.35753723646822033,-0.3000344273205988
4,-0.3544675672832058,-0.2962965868971512
4,-0.35140123457737227,-0.2954480067749621
4,-0.3483382023369674,-0.2930242655545
4,-0.34527843478820397,-0.29017576806428835
4,-0.3422218963937575,-0.2901140635142034
4,-0.33916855184931055,-0.28983274630332695
4,-0.33611836608014745,-0.28784966560317476
4,-0.3330713042377915,-0.28614482178113015
4,-0.3300273316966921,-0.2859035789132344
4,-0.32698641405095213,-0.28237985111213953
4,-0.3239485171111023,-0.2780526890863389
4,-0.32091360690091714,-0.27790795104838534
4,-0.3178816496542729,-0.2777334567025971
4,-0.3148526118120469,-0.27756538852039114
4,-0.3118264600190584,-0.27754592158486796
4,-0.3088031611210467,-0.2774319532531144
4,-0.30578268216169124,-0.2763785001809047
4,-0.3027649903796675,-0.27511802686079817
4,-0.2997500532057408,-0.272316336728826
4,-0.29673783825989797,-0.27121198062537066
4,-0.29372831334851424,-0.26972245463652456
4,-0.29072144646155423,-0.26886556598207106
4,-0.2877172057698104,-0.26850666339968976
4,-0.28471555962217243,-0.2683036976739314
4,-0.28171647654293214,-0.2627051825425891
4,-0.2787199252291202,-0.2573590289640814
4,-0.27572587454787406,-0.257213580038198
4,-0.2727342935338394,-0.25402287535145696
4,-0.2697451513866003,-0.25328323753399595
4,-0.26675841746814044,-0.251131095524413
4,-0.2637740613003346,-0.24471510491011547
4,-0.2607920525624676,-0.24371963118558995
4,-0.25781236108878375,-0.2399258668142071
4,-0.25483495686606245,-0.23906749608515085
4,-0.2518598100312219,-0.23753560076006747
4,-0.2488868908689502,-0.23736378723097887
4,-0.24591616980936204,-0.23649644101787812
4,-0.24294761742568094,-0.2329350515921894
4,-0.23998120443194842,-0.231868368760418
4,-0.23701690168075548,-0.2311309764666749
4,-0.2340546801610012,-0.23097791359381625
4,-0.23109451099567302,-0.2299951153089714
4,-0.22813636543965096,-0.22813398210601843
4,-0.22518021487753592,-0.22732336354124652
4,-0.2222260308214988,-0.22703482725547416
4,-0.21927378490915223,-0.22639047742140042
4,-0.2163234489014447,-0.22361552568545415
4,-0.21337499468057428,-0.22241384531825859
4,-0.2104283942479247,-0.2187012300003362
4,-0.20748361972202048,-0.2080005029461887
4,-0.20454064333650201,-0.20462006801706586
4,-0.20159943743812148,-0.20451438311602643
4,-0.1986599744847562,-0.20400189749160086
4,-0.195722227043441,-0.20250782854308427
4,-0.19278616778842028,-0.19780638443203885
4,-0.18985176949921564,-0.19587121254577639
4,-0.18691900505871353,-0.19521952640993245
4,-0.18398784745126825,-0.1942202951239866
4,-0.18105826976082207,-0.19303981106468346
4,-0.17813024516904297,-0.18770555500997088
4,-0.17520374695347707,-0.1794043267314077
4,-0.1722787484857172,-0.17707145675929536
4,-0.16935522322958782,-0.17688178515009223
4,-0.16643314473934323,-0.17671967708541264
4,-0.16351248665788232,-0.17297657440857675
4,-0.16059322271497678,-0.17059702807262747
4,-0.1576753267255129,-0.16710235369167417
4,-0.15475877258774876,-0.16443962741511714
4,-0.15184353428158326,-0.16350977389765578
4,-0.14892958586683885,-0.1604356817686308
4,-0.14601690148155774,-0.1590906705505092
4,-0.1431054553403092,-0.15726667155644777
4,-0.14019522173251076,-0.1555165232359361
4,-0.13728617502076026,-0.153931690906316
4,-0.1343782896391793,-0.1517456588597973
4,-0.13147154009176926,-0.14994362636972522
4,-0.12856590095077752,-0.1491655213018112
4,-0.12566134685507402,-0.14442150728091552
4,-0.12275785250853997,-0.14043892538295627
4,-0.11985539267846462,-0.13788902975380526
4,-0.11695394219395419,-0.1378777550750448
4,-0.11405347594434886,-0.1326952119425942
4,-0.11115396887764951,-0.13160734314896202
4,-0.10825539599895462,-0.13111276872645064
4,-0.10535773236890499,-0.12664124727240647
4,-0.10246095310213689,-0.12568668558248766
4,-0.09956503336574538,-0.12435796615053281
4,-0.09666994837775318,-0.12088632331296176
4,-0.09377567340559002,-0.11890710228181889
4,-0.09088218376457781,-0.10647145380707446
4,-0.08798945481642349,-0.10523504899230765
4,-0.08509746196772024,-0.1036944725908143
4,-0.08220618066845417,-0.1031288396047228
4,-0.07931558641051796,-0.09994847631013805
4,-0.07642565472623211,-0.09832032703022436
4,-0.07353636118687037,-0.0973730675273103
4,-0.07064768140119332,-0.0959305895727516
4,-0.06775959101398606,-0.09418530931574488
4,-0.06487206570460173,-0.0870509796090762
4,-0.06198508118551126,-0.08518029345018824
4,-0.059098613200857054,-0.08388894546161857
4,-0.05621263752501158,-0.08379509910515373
4,-0.05332712996114174,-0.07999327830983448
4,-0.0504420663397757,-0.0798705054603341
4,-0.047557422517375963,-0.07816148367590435
4,-0.04467317437491484,-0.07418854670788548
4,-0.0417892978164538,-0.0706721692344401
4,-0.038905768767727514,-0.06962608468270089
4,-0.03602256317472984,-0.06832175267930798
4,-0.033139657002303084,-0.06761194724481369
4,-0.030257026232731243,-0.0663866863259438
4,-0.02737464686433402,-0.06415606277184488
4,-0.024492494910065214,-0.06353942742851158
4,-0.021610546396111974,-0.060127473101611005
4,-0.018728777360496055,-0.05981777183739263
4,-0.015847163851678107,-0.05975153094664384
4,-0.012965681927162267,-0.05703623260737741
4,-0.010084307652102142,-0.05348553084905599
4,-0.00720301709790932,-0.05146273243349799
4,-0.004321786340860743,-0.05073301230350756
4,-0.0014405914607088892,-0.04560363364026037
4,0.0014405914607088892,-0.0455969168359071
4,0.004321786340860603,-0.042497765663669744
4,0.00720301709790932,-0.040608498038253185
4,0.010084307652102142,-0.03934056407409605
4,0.012965681927162128,-0.03343676494651197
4,0.015847163851678246,-0.03268898564489946
4,0.018728777360496055,-0.03209846795251427
4,0.021610546396111836,-0.024325838836299695
4,0.024492494910065353,-0.02187507089640288
4,0.02737464686433402,-0.021734616039824836
4,0.030257026232731105,-0.020568208587061487
4,0.03313965700230322,-0.019587217166477464
4,0.03602256317472984,-0.016617788066513324
4,0.038905768767727514,-0.003336573509657373
4,0.04178929781645395,0.005497353322431543
4,0.04467317437491484,0.006501834852895677
4,0.047557422517375963,0.006580537182101228
4,0.05044206633977556,0.006811083303662485
4,0.05332712996114174,0.007386121470205408
4,0.05621263752501158,0.010363722967190578
4,0.059098613200856916,0.011221505405406935
4,0.061985081185511395,0.01148670558855198
4,0.06487206570460173,0.012403933007727587
4,0.06775959101398592,0.013523018486077306
4,0.07064768140119346,0.016625158874545215
4,0.07353636118687037,0.016742629763162008
4,0.07642565472623197,0.016767740910784937
4,0.0793155864105181,0.01738085114783395
4,0.08220618066845417,0.017992889407207453
4,0.08509746196772024,0.020047307239770704
4,0.08798945481642363,0.02249353244850354
4,0.09088218376457781,0.02292040929453721
4,0.09377567340559002,0.02408436838054447
4,0.09666994837775304,0.02563590758421675
4,0.09956503336574538,0.02752804024111392
4,0.10246095310213689,0.03083573793145177
4,0.10535773236890485,0.031819804053345904
4,0.10825539599895476,0.03493217891610684
4,0.11115396887764951,0.03967878425849565
4,0.11405347594434871,0.04127729375161356
4,0.11695394219395433,0.04373339486219847
4,0.11985539267846462,0.04429844514921153
4,0.12275785250853984,0.04568755711532343
4,0.12566134685507416,0.04778284328205642
4,0.12856590095077752,0.05156258307651045
4,0.13147154009176926,0.05191402007606769
4,0.13437828963917944,0.05682196095543333
4,0.13728617502076026,0.058838627332178484
4,0.14019522173251076,0.06031718504013711
4,0.14310545534030905,0.06244386636772055
4,0.14601690148155774,0.06373222367954202
4,0.14892958586683885,0.06891934043623532
4,0.15184353428158312,0.07016704989117206
4,0.1547587725877489,0.07023339798733422
4,0.1576753267255129,0.07594532562282777
4,0.16059322271497664,0.08235904489973261
4,0.16351248665788246,0.08376790649791935
4,0.16643314473934323,0.08638851762390057
4,0.16935522322958768,0.08879231509193754
4,0.17227874848571734,0.09017141648111443
4,0.17520374695347707,0.0903391921059609
4,0.17813024516904297,0.09558010844390093
4,0.1810582697608222,0.09629516874262807
4,0.18398784745126825,0.09942836234106799
4,0.18691900505871353,0.10510929666251677
4,0.1898517694992155,0.11099578999944124
4,0.19278616778842028,0.11178081309306737
4,0.195722227043441,0.11214839906785062
4,0.19865997448475603,0.1154257819757333
4,0.20159943743812164,0.11694573080115797
4,0.20454064333650201,0.11831494221618186
4,0.20748361972202028,0.11952468784600187
4,0.21042839424792484,0.12082693451697928
4,0.21337499468057428,0.12180600157351897
4,0.21632344890144453,0.12254640807512761
4,0.21927378490915236,0.12462900254751955
4,0.2222260308214988,0.1246751182959257
4,0.22518021487753592,0.12489502437365077
4,0.22813636543965113,0.12642585611269314
4,0.23109451099567302,0.1269336580999822
4,0.2340546801610012,0.12778655061874353
4,0.23701690168075534,0.13212259761105755
4,0.23998120443194842,0.1366251363832232
4,0.24294761742568094,0.13714556334588499
4,0.2459161698093619,0.13721696833967995
4,0.24888689086895033,0.14143711917438048
4,0.2518598100312219,0.14161976821645506
4,0.25483495686606233,0.1437710178884191
4,0.2578123610887839,0.14389408656647937
4,0.2607920525624676,0.14471567815012593
4,0.2637740613003345,0.1457657979973264
4,0.2667584174681406,0.1460665974006294
4,0.2697451513866003,0.1493881198727215
4,0.2727342935338394,0.14944084485310563
4,0.27572587454787423,0.1503068608485924
4,0.2787199252291202,0.15272546278693924
4,0.28171647654293214,0.15305293284021
4,0.2847155596221723,0.1557492741280128
4,0.2877172057698104,0.15815020923873097
4,0.29072144646155423,0.16191352249113317
4,0.29372831334851407,0.1627583147317234
4,0.29673783825989813,0.1636404515302894
4,0.2997500532057408,0.16521083843197537
4,0.3027649903796673,0.16569688948179076
4,0.30578268216169135,0.16575335929847496
4,0.3088031611210467,0.1675926088124427
4,0.3118264600190582,0.17252106811015253
4,0.314852611812047,0.17892833621290913
4,0.3178816496542729,0.18243167679297037
4,0.32091360690091714,0.18279343568149478
4,0.3239485171111025,0.18793248079407926
4,0.32698641405095213,0.19049047302909491
4,0.3300273316966921,0.19290805156542631
4,0.3330713042377914,0.193822682096366
4,0.33611836608014745,0.19419434994867904
4,0.33916855184931055,0.19538301714040093
4,0.34222189639375733,0.19601041165231553
4,0.34527843478820414,0.19619008835099616
4,0.3483382023369674,0.19731692188357794
4,0.35140123457737216,0.20183168423290432
4,0.3544675672832059,0.20511728724461561
4,0.35753723646822033,0.2058154345011054
4,0.3606102783896849,0.2076794846376762
4,0.3636867295519882,0.21336139892679018
4,0.3667666267102905,0.21539997875006905
4,0.36985000687423103,0.21890717789995282
4,0.3729369073116861,0.21928034848640932
4,0.37602736555258137,0.21962538737567994
4,0.37912141939276256,0.21984588337484098
4,0.38221910689791894,0.22127689503718148
4,0.38532046640756773,0.22487205199157434
4,0.3884255365390939,0.22786534373553763
4,0.3915343561918546,0.2312633032410279
4,0.39464696455134063,0.233368780735348
4,0.39776340109340197,0.23495542194233937
4,0.4008837055885384,0.24230947568713299
4,0.4040079181062539,0.24247641580398932
4,0.40713607901947574,0.24466886755233824
4,0.4102682290090459,0.2451285039626987
4,0.41340440906827775,0.2502153150680659
4,0.41654466050758343,0.25623244148642055
4,0.4196890249591769,0.25898446446578555
4,0.42283754438184645,0.2597551905407096
4,0.42599026106580345,0.2604780706617821
4,0.4291472176376099,0.2635755790729947
4,0.4323084570651808,0.2646009959943446
4,0.43547402266286944,0.26603019729231353
4,0.4386439580966312,0.2691217913155663
4,0.4418183073892738,0.2728750620314941
4,0.4449971149257906,0.27765502663880653
4,0.44818042545877956,0.27824519996091573
4,0.45136828411395463,0.2784496708244978
4,0.45456073639574407,0.28895716850183223
4,0.4577578281929818,0.2913979889254944
4,0.46095960578469525,0.2928132043214959
4,0.4641661158459879,0.29747332446067704
4,0.46737740545401907,0.2979350951448125
4,0.470593522094088,0.2980224100238639
4,0.4738145136658176,0.30173930339682703
4,0.47704042848944356,0.30431315804972414
4,0.4802713153122125,0.30533409816795676
4,0.4835072233148883,0.30770792235438976
4,0.48674820211837083,0.30791295969887555
4,0.4899943017904281,0.30952791521394396
4,0.4932455728525483,0.3121426183455861
4,0.49650206628690885,0.3127169638684833
4,0.4997638335434672,0.31359501438421655
4,0.50303092654718,0.3145152480082808
4,0.5063033977053465,0.31550838371881246
4,0.5095812999150835,0.31785322808851957
4,0.5128646865709355,0.31796711295622027
4,0.5161536115726196,0.32355907126549904
4,0.5194481293329095,0.32699078756545813
4,0.5227482947856648,0.32905982363880315
4,0.5260541633940041,0.33093565388252516
4,0.529365791158628,0.3341659764091981
4,0.5326832346262954,0.3348328807852533
4,0.5360065508984562,0.33695423654148837
4,0.5393357976400425,0.33780663833605507
4,0.5426710330884247,0.33805965369648444
4,0.5460123160625352,0.34180794847674756
4,0.5493597059721634,0.34396428283693564
4,0.5527132628274228,0.3457994421788064
4,0.5560730472484041,0.35100515288067746
4,0.5594391204750055,0.35190225809346504
4,0.5628115443769539,0.3538852787688188
4,0.5661903814640199,0.3555655333222431
4,0.569575694896427,0.3558618175351878
4,0.5729675484954635,0.36469088262610655
4,0.5763660067543033,0.36697868795118566
4,0.5797711348490351,0.3686800113748091
4,0.5831829986499097,0.37421380316977537
4,0.5866016647328103,0.3748056456851367
4,0.5900272003909486,0.3812061589590491
4,0.5934596736467956,0.38262579019731435
4,0.5968991532642481,0.38431494837475993
4,0.6003457087610446,0.38603955092384795
4,0.6037994104214283,0.3861437484636247
4,0.6072603293090661,0.3870097632027896
4,0.6107285372802367,0.3918943431567583
4,0.6142041069972817,0.3949384818030441
4,0.6176871119423378,0.4004650140135722
4,0.6211776264313528,0.4077561803870188
4,0.6246757256283899,0.4110294858230616
4,0.6281814855602327,0.41404286228757226
4,0.6316949831312967,0.4159502849176024
4,0.6352162961388528,0.4219229753936364
4,0.6387455032885732,0.4264323401692009
4,0.6422826842104109,0.4271041541402709
4,0.6458279194748135,0.4277047756877639
4,0.6493812906092894,0.42784744714069395
4,0.6529428801153262,0.4303289246968296
4,0.6565127714856821,0.4333961191967184
4,0.6600910492220478,0.4462670654539812
4,0.6636777988530963,0.44818260738788046
4,0.6672731069529324,0.4515262044986499
4,0.6708770611599456,0.4544389625664437
4,0.6744897501960817,0.45487447236717504
4,0.6781112638865481,0.4589060538643984
4,0.681741693179955,0.46385773198603786
4,0.6853811301689137,0.4643121990881395
4,0.6890296681110994,0.468777304193047
4,0.692687401450795,0.4756669341021481
4,0.6963544258409218,0.4771286891698918
4,0.7000308381655824,0.4883834347118212
4,0.7037167365631207,0.48958125746884495
4,0.707412220449714,0.4901426836844489
4,0.7111173905435206,0.49677035000265457
4,0.7148323488893882,0.49747763067683753
4,0.7185571988841455,0.507664348291267
4,0.7222920453024916,0.5222081875313613
4,0.7260369943235032,0.5303362630193517
4,0.7297921535577713,0.5324557069764231
4,0.733557632075192,0.5422929994201946
4,0.7373335404334295,0.5554045372575218
4,0.7411199907070674,0.5561055507290796
4,0.7449170965174697,0.557531054146056
4,0.7487249730633804,0.5622974653655992
4,0.7525437371522696,0.5650018619594902
4,0.7563735072324602,0.5679249818244203
4,0.7602144034260551,0.578765580047527
4,0.7640665475626874,0.5833530534493953
4,0.7679300632141192,0.5834445851139989
4,0.7718050757297188,0.5973948268683027
4,0.7756917122728384,0.6024500810568171
4,0.7795901018581224,0.6055151420146431
4,0.7835003753897741,0.6181980659968097
4,0.7874226657008149,0.6241256321684542
4,0.7913571075933618,0.6265396175549507
4,0.7953038378799556,0.6287747724361253
4,0.7992629954259806,0.6298931778202905
4,0.8032347211932014,0.6354038899170845
4,0.8072191582844558,0.6356768411305783
4,0.811216451989547,0.6446621653075472
4,0.8152267498323638,0.648437798507462
4,0.8192502016192759,0.6577778724216264
4,0.823286959488847,0.659109741795106
4,0.8273371779629036,0.6598456784163874
4,0.8314010139990077,0.6608255662945697
4,0.8354786270443826,0.6616742304611478
4,0.8395701790913375,0.6633399380952969
4,0.8436758347342409,0.6676570112688333
4,0.8477957612280971,0.6691595609859797
4,0.8519301285487837,0.6708957010831987
4,0.8560791094550005,0.6730060535012155
4,0.8602428795519917,0.6780338799214078
4,0.8644216173571089,0.6813901746667586
4,0.868615504367269,0.6863388509636401
4,0.8728247251283807,0.6874291605624538
4,0.8770494673068103,0.6955322627623771
4,0.8812899217629533,0.6972549418985833
4,0.8855462826269906,0.6979293978871745
4,0.889818747376914,0.7029181837025712
4,0.8941075169188902,0.7052766618298981
4,0.898412795670061,0.7180437104021643
4,0.9027347916438648,0.7185774964553844
4,0.907073716537969,0.724005934882692
4,0.9114297858249173,0.7284238463865177
4,0.9158032188455875,0.7318862228699788
4,0.9201942389055712,0.7326237402267689
4,0.9246030733745816,0.7396756909081685
4,0.929029953789006,0.7428549885318837
4,0.9334751159577281,0.7433122635791048
4,0.9379388000713414,0.7463591553041387
4,0.9424212508148854,0.7485872108304934
4,0.9469227174842507,0.7486373636857849
4,0.9514434541063873,0.7501451089740624
4,0.9559837195634723,0.7717640574893158
4,0.9605437777212005,0.7761001134001906
4,0.9651238975613528,0.780840753668807
4,0.9697243533188226,0.7841246541319727
4,0.9743454246232868,0.7858513871412451
4,0.9789873966457007,0.7873500857960468
4,0.9836505602498274,0.801407620357338
4,0.9883352121490045,0.8157239723756432
4,0.9930416550683755,0.8189264525554422
4,0.9977701979128079,0.8191641918188436
4,1.0025211559407472,0.8206912642558591
4,1.0072948509442619,0.8540860909206285
4,1.0120916114355434,0.8554426416552111
4,1.0169117728401404,0.8572079161092077
4,1.0217556776972352,0.8576091626448183
4,1.0266236758672576,0.8623950151711859
4,1.0315161247471727,0.8641323300640272
4,1.0364333894937898,0.8666416241622125
4,1.0413758432554439,0.8674933713544204
4,1.0463438674124452,0.8729679386309454
4,1.0513378518266911,0.876117922796893
4,1.0563581951008634,0.8807549395327812
4,1.0614053048476715,0.8864145186174248
4,1.0664795979695922,0.8922589763301545
4,1.0715815009496323,0.9118111957662304
4,1.0767114501536117,0.9251904408940317
4,1.0818698921445475,0.9452100792824821
4,1.0870572840097124,0.955986038019619
4,1.092274093700995,0.958208011101003
4,1.0975208003892176,0.9778527010609522
4,1.1027978948331099,0.985228647794427
4,1.1081058797636727,0.9928409177302367
4,1.1134452702847146,0.9932503034412986
4,1.1188165942903907,0.999213885665952
4,1.124220392900615,0.9996053643519931
4,1.129657220915282,1.008102488110611
4,1.1351276472882912,1.0152652747237108
4,1.1406322556224122,1.0159485622191522
4,1.146171644686111,1.0355257158214735
4,1.1517464289535289,1.0594043796588466
4,1.1573572391688702,1.0726179198916885
4,1.1630047229365417,1.0836489683930774
4,1.1686895453384702,1.0862564226928002
4,1.1744123895801335,1.0970965217819157
4,1.1801739576669186,1.1030656607090847
4,1.185974971112543,1.1056223314921287
4,1.191816171681394,1.1079218971700284
4,1.1976983221667605,1.1108513047627093
4,1.203622207207061,1.1109199291753464
4,1.2095886341423494,1.112817709731955
4,1.215598433913494,1.117545357104011
4,1.2216524620066338,1.1196023556427694
4,1.227751599445688,1.1199856279009386
4,1.2338967538358894,1.1227657926423193
4,1.24008886046155,1.1239839334165649
4,1.246328883441473,1.1469727748137393
4,1.2526178169457283,1.1577708947873917
4,1.258956686477732,1.1839472402394338
4,1.2653465502259253,1.1845681337829712
4,1.2717885004896494,1.1952652301554665
4,1.2782836651841776,1.2129647350097417
4,1.2848332094302668,1.215750665812399
4,1.2914383372340221,1.2275099927029656
4,1.2981002932633188,1.2319125581053845
4,1.3048203647275596,1.238787797683645
4,1.311599883368101,1.2425593168010958
4,1.3184402275672977,1.2640872308051436
4,1.3253428245847743,1.2753169796664099
4,1.332309152930328,1.286152884438405
4,1.339340744883602,1.2926442291772329
4,1.3464391891716574,1.2958881870154957
4,1.353606133816489,1.320777817002833
4,1.3608432891656852,1.323221333203305
4,1.368152431120594,1.3281207933471293
4,1.3755354045777306,1.331133754278988
4,1.382994127100638,1.3325885167527682
4,1.3905305928410514,1.3500967642035833
4,1.3981468767300484,1.3742259421546623
4,1.4058451389619313,1.3778595429494132
4,1.4136276297958117,1.3809647646018477
4,1.421496694702443,1.3904871121816964
4,1.4294547798866613,1.3997143642829932
4,1.4375044382189694,1.413610851579871
4,1.4456483356133487,1.4179269227696405
4,1.4538892578924012,1.4287641537586286
4,1.4622301181853967,1.4334249701759072
4,1.4706739649098826,1.4356695671069923
4,1.47922399039324,1.4512175734152153
4,1.4878835401970534,1.4598768850776493
4,1.4966561232144875,1.471475916655473
4,1.5055454226192488,1.4835429752562366
4,1.5145553077541825,1.4856321212411465
4,1.5236898470584141,1.49138166181234
4,1.5329533221443514,1.5216268826221502
4,1.5423502431500729,1.5434949876424422
4,1.55188536550897,1.547025658133085
4,1.561563708297316,1.5519027193152317
4,1.5713905743422025,1.5615098352929369
4,1.5813715722973933,1.5832270022330102
4,1.591512640923928,1.5968249618521253
4,1.6018200758463061,1.6107922546340963
4,1.612300559094845,1.6128349538006201
4,1.622961191791394,1.639320279769491
4,1.6338095303903444,1.6568523741713694
4,1.6448536269514722,1.720601556458346
4,1.656102073997618,1.730314254902901
4,1.667564054601043,1.737620007856573
4,1.6792493984507084,1.7475611753640763
4,1.6911686447824308,1.7577216867268315
4,1.7033331132099754,1.77384836567203
4,1.715754983683681,1.7821217363745734
4,1.7284473870319506,1.7835441442735562
4,1.7414245078200017,1.788299258052386
4,1.7547017016023168,1.7900480024890755
4,1.7682956290667202,1.838266530478267
4,1.7822244100905809,1.9037490753600361
4,1.796507801381234,1.9084103568481767
4,1.8111674021904436,1.924920386357717
4,1.8262268936260444,2.0219274350894545
4,1.8417123183988295,2.0254329787263248
4,1.8576524095291018,2.028992533139532
4,1.874078978717387,2.030013437453065
4,1.8910273779271052,2.0471029972852954
4,1.9085370514696343,2.056293379954488
4,1.9266522008582094,2.080170799767823
4,1.94542259138441,2.163271794217985
4,1.9649045384628592,2.259031643934759
4,1.9851621243067124,2.2593273931676654
4,2.006268712965559,2.324987010439633
4,2.0283088565020284,2.3733711714526753
4,2.0513807207083192,2.4917120148054246
4,2.0755992109775123,2.693323817480157
4,2.101100056996162,2.701062174795928
4,2.128045234184983,2.706645461269584
4,2.1566302865576827,2.8323991169607767
4,2.1870944162461345,2.9146301262272396
4,2.2197347040992437,2.933829767148917
4,2.254926684870381,2.9434442725191645
4,2.2931550415485504,3.0151514858811024
4,2.3350610848080438,3.0356185420320148
4,2.381519469970483,3.056862062457894
4,2.4337689773993825,3.1836874424016535
4,2.493651031608633,3.276407443799124
4,2.5640847689868846,3.5934750690431856
4,2.6501343426056865,3.620288346748616
4,2.761870524366661,3.666939875371821
4,2.924664667246821,4.561182748493555
4,3.2511417631062525,5.109204412573799
5,-3.251141763106243,-4.158154653522692
5,-2.9246646672468115,-3.911395615688134
5,-2.761870524366663,-3.250144406167399
5,-2.6501343426056856,-2.9760886608434385
5,-2.5640847689868815,-2.9689289761905844
5,-2.4936510316086347,-2.9070839618017463
5,-2.4337689773993825,-2.842827122843027
5,-2.3815194699704816,-2.752010782552608
5,-2.3350610848080455,-2.492777742967105
5,-2.2931550415485504,-2.3992595303036923
5,-2.25492668487038,-2.3666979848669554
5,-2.2197347040992454,-2.30944714847189
5,-2.1870944162461354,-2.2987213083125564
5,-2.1566302865576823,-2.264433771324892
5,-2.128045234184984,-2.2568728402390255
5,-2.1011000569961626,-2.245583906865701
5,-2.0755992109775123,-2.192718136678882
5,-2.0513807207083183,-2.1389413750964623
5,-2.0283088565020293,-2.13480628285934
5,-2.006268712965559,-2.043298946486028
5,-1.985162124306712,-2.036381870379919
5,-1.9649045384628596,-1.959942722865106
5,-1.94542259138441,-1.952232615519531
5,-1.9266522008582085,-1.8639587816532486
5,-1.9085370514696347,-1.8581555980788866
5,-1.8910273779271052,-1.8546766964832326
5,-1.8740789787173866,-1.8328286889618803
5,-1.8576524095291025,-1.8276276598667094
5,-1.8417123183988295,-1.791617333534488
5,-1.826226893626044,-1.7505454696392886
5,-1.811167402190444,-1.6795735693189362
5,-1.796507801381234,-1.6593207173089306
5,-1.7822244100905809,-1.6375738325787055
5,-1.7682956290667198,-1.6067903387086173
5,-1.7547017016023168,-1.575905441164492
5,-1.7414245078200017,-1.5326437598147828
5,-1.72844738703195,-1.5309183493666194
5,-1.7157549836836816,-1.5306990815219221
5,-1.7033331132099754,-1.5188942994783643
5,-1.6911686447824303,-1.4627084430223296
5,-1.679249398450709,-1.4336414402627435
5,-1.667564054601043,-1.4265877482351021
5,-1.6561020739976176,-1.420202145985198
5,-1.6448536269514729,-1.406733183052465
5,-1.6338095303903444,-1.39534061926216
5,-1.622961191791394,-1.3794745275476243
5,-1.612300559094845,-1.374017497532776
5,-1.6018200758463061,-1.3679478952180297
5,-1.591512640923928,-1.367108512776619
5,-1.581371572297393,-1.342581910405498
5,-1.5713905743422025,-1.326034817364941
5,-1.561563708297316,-1.325477849026968
5,-1.55188536550897,-1.3216350791934284
5,-1.5423502431500735,-1.3214348938154148
5,-1.5329533221443514,-1.2891572464615377
5,-1.5236898470584141,-1.2813518026874695
5,-1.5145553077541825,-1.2774712806858417
5,-1.5055454226192488,-1.2709297209578958
5,-1.4966561232144875,-1.2633350889621864
5,-1.4878835401970534,-1.2598291979969936
5,-1.47922399039324,-1.257220156147996
5,-1.4706739649098826,-1.2523052482330372
5,-1.4622301181853967,-1.2480578662863386
5,-1.4538892578924012,-1.2437586433122447
5,-1.445648335613348,-1.2422489039166222
5,-1.4375044382189688,-1.2263048625824768
5,-1.4294547798866613,-1.2210134503646763
5,-1.421496694702443,-1.1961786958466114
5,-1.4136276297958117,-1.1893208243471116
5,-1.4058451389619313,-1.1862460334077245
5,-1.3981468767300484,-1.182742884005252
5,-1.3905305928410507,-1.1824864401632451
5,-1.382994127100638,-1.181928042561197
5,-1.3755354045777306,-1.1807701454209956
5,-1.368152431120594,-1.1746988845059734
5,-1.360843289165686,-1.1696821041805123
5,-1.353606133816489,-1.164245042855127
5,-1.3464391891716574,-1.1632778865566755
5,-1.3393407448836026,-1.1552275541077777
5,-1.332309152930328,-1.1551133526567594
5,-1.3253428245847743,-1.1385389895867304
5,-1.318440227567297,-1.128616288180127
5,-1.311599883368101,-1.1267299941131628
5,-1.3048203647275596,-1.1249084523464934
5,-1.2981002932633183,-1.1211742390505302
5,-1.2914383372340221,-1.1159483162140797
5,-1.2848332094302668,-1.10633309509524
5,-1.2782836651841771,-1.0953700348943047
5,-1.2717885004896494,-1.0906547796794486
5,-1.2653465502259253,-1.0854478527914029
5,-1.2589566864777315,-1.0776634143647854
5,-1.2526178169457283,-1.0774265722307805
5,-1.2463288834414736,-1.071131457172167
5,-1.24008886046155,-1.0708822871497585
5,-1.2338967538358898,-1.0672650445434146
5,-1.227751599445688,-1.0611256616521008
5,-1.2216524620066338,-1.0581247641226137
5,-1.215598433913494,-1.0550993663067918
5,-1.2095886341423494,-1.0547504665593739
5,-1.203622207207061,-1.0463859616490676
5,-1.1976983221667605,-1.0395892568977108
5,-1.1918161716813946,-1.0355606957006014
5,-1.185974971112543,-1.0352401671760443
5,-1.1801739576669186,-1.0252016422808092
5,-1.1744123895801335,-1.0199746453042944
5,-1.1686895453384702,-1.0196535234911157
5,-1.1630047229365417,-1.0194475407421364
5,-1.1573572391688702,-1.001549907619114
5,-1.1517464289535289,-0.9914317902488388
5,-1.146171644686111,-0.9856419726959766
5,-1.1406322556224127,-0.982666345206754
5,-1.135127647288292,-0.9634537882090651
5,-1.1296572209152815,-0.959826544004023
5,-1.1242203929006143,-0.958994824720384
5,-1.1188165942903907,-0.9580337754363412
5,-1.1134452702847146,-0.9572965089398519
5,-1.1081058797636727,-0.953171362130454
5,-1.1027978948331099,-0.9520010306361332
5,-1.0975208003892176,-0.9516872305781255
5,-1.092274093700995,-0.949338909302456
5,-1.0870572840097124,-0.9489711608883177
5,-1.0818698921445475,-0.9350351926709151
5,-1.0767114501536117,-0.9259237013622087
5,-1.0715815009496323,-0.9226323009698834
5,-1.0664795979695922,-0.9218998299466683
5,-1.0614053048476715,-0.9216890487614365
5,-1.0563581951008638,-0.91404074094572
5,-1.0513378518266911,-0.9019715831433733
5,-1.0463438674124452,-0.8946377703583279
5,-1.0413758432554436,-0.8941335629285224
5,-1.0364333894937898,-0.8914540967277336
5,-1.0315161247471727,-0.8872651669883843
5,-1.0266236758672576,-0.8772865276234957
5,-1.0217556776972352,-0.8705264820526065
5,-1.0169117728401404,-0.8694671169099941
5,-1.0120916114355434,-0.8694587567957014
5,-1.0072948509442619,-0.8689626268829672
5,-1.0025211559407472,-0.8673433458362437
5,-0.9977701979128079,-0.8673295400146639
5,-0.9930416550683758,-0.8612310516589573
5,-0.9883352121490045,-0.8600125995673135
5,-0.9836505602498274,-0.8582207529776917
5,-0.9789873966457009,-0.8538021041873176
5,-0.9743454246232868,-0.852140207605804
5,-0.9697243533188226,-0.8452027693594795
5,-0.9651238975613528,-0.8428177080390704
5,-0.9605437777212005,-0.8318395418718301
5,-0.9559837195634723,-0.8296371427670581
5,-0.9514434541063869,-0.8293453572178405
5,-0.9469227174842507,-0.821404137809699
5,-0.9424212508148854,-0.8163258536740063
5,-0.9379388000713414,-0.8123731475457563
5,-0.9334751159577281,-0.7919795011973423
5,-0.929029953789006,-0.791496989138919
5,-0.9246030733745816,-0.7823529289218301
5,-0.9201942389055715,-0.7809024238126806
5,-0.9158032188455875,-0.7754888149400163
5,-0.9114297858249173,-0.7747369479292171
5,-0.9070737165379693,-0.7681027105751093
5,-0.9027347916438648,-0.7660094120271926
5,-0.898412795670061,-0.762185903861077
5,-0.8941075169188899,-0.7534630648783598
5,-0.889818747376914,-0.7442060454236882
5,-0.8855462826269906,-0.7424380468415898
5,-0.8812899217629528,-0.7371729746623022
5,-0.8770494673068103,-0.734371548785301
5,-0.8728247251283807,-0.7325046508743733
5,-0.868615504367269,-0.7292582934626806
5,-0.8644216173571089,-0.7208566113471386
5,-0.8602428795519917,-0.7204192587691667
5,-0.8560791094550005,-0.7188372491444802
5,-0.851930128548784,-0.7117952467131045
5,-0.8477957612280971,-0.710761707050727
5,-0.8436758347342409,-0.7090863030132181
5,-0.8395701790913377,-0.7063489868360343
5,-0.8354786270443826,-0.7053854350334013
5,-0.8314010139990077,-0.7047752904585782
5,-0.8273371779629035,-0.7042976462351892
5,-0.823286959488847,-0.7028092087983581
5,-0.8192502016192759,-0.700738505463823
5,-0.8152267498323637,-0.6997366471971739
5,-0.811216451989547,-0.69392371590291
5,-0.8072191582844558,-0.6929825837681982
5,-0.8032347211932014,-0.6917028194584662
5,-0.7992629954259806,-0.6889369312196925
5,-0.7953038378799556,-0.6862863424092849
5,-0.7913571075933618,-0.674518807247422
5,-0.7874226657008152,-0.670224382818326
5,-0.7835003753897741,-0.6602897929032547
5,-0.7795901018581224,-0.6581513004818669
5,-0.7756917122728386,-0.6520474230599088
5,-0.7718050757297188,-0.6483776457418882
5,-0.7679300632141192,-0.6454750248775496
5,-0.7640665475626872,-0.6427919652292892
5,-0.7602144034260551,-0.6349149982636326
5,-0.7563735072324602,-0.6304707978534541
5,-0.7525437371522693,-0.6289735333261866
5,-0.7487249730633804,-0.6253814928756211
5,-0.7449170965174697,-0.6241384324753265
5,-0.7411199907070674,-0.6216577639558148
5,-0.7373335404334295,-0.6216484165385017
5,-0.733557632075192,-0.6215508388360336
5,-0.7297921535577713,-0.6192955012910505
5,-0.7260369943235033,-0.6188247328423073
5,-0.7222920453024916,-0.6161413914176528
5,-0.7185571988841455,-0.6144795795977173
5,-0.7148323488893883,-0.6105287742980644
5,-0.7111173905435206,-0.6097220681366888
5,-0.707412220449714,-0.6062956367473816
5,-0.7037167365631205,-0.6012977856548167
5,-0.7000308381655824,-0.5884321649115452
5,-0.6963544258409218,-0.5868091123409146
5,-0.6926874014507949,-0.5855381744475858
5,-0.6890296681110994,-0.5851006912115052
5,-0.6853811301689137,-0.5653911937657526
5,-0.681741693179955,-0.5627242095802942
5,-0.6781112638865481,-0.5618504468104363
5,-0.6744897501960817,-0.5605099953305059
5,-0.6708770611599455,-0.5603191604301039
5,-0.6672731069529326,-0.5595934642984053
5,-0.6636777988530963,-0.5501161901394428
5,-0.6600910492220476,-0.5458964884734154
5,-0.6565127714856823,-0.5446390019559788
5,-0.6529428801153262,-0.5426266494531826
5,-0.6493812906092894,-0.5420290171026129
5,-0.6458279194748138,-0.5364053205697574
5,-0.6422826842104109,-0.5339837248599845
5,-0.6387455032885732,-0.532263199620677
5,-0.6352162961388527,-0.5305346155067848
5,-0.6316949831312967,-0.5203494374669214
5,-0.6281814855602327,-0.5195017992224432
5,-0.6246757256283897,-0.5169857888115131
5,-0.6211776264313529,-0.5151709944667753
5,-0.6176871119423378,-0.5134379568255752
5,-0.6142041069972816,-0.5133234373548724
5,-0.6107285372802368,-0.5039613902410509
5,-0.6072603293090661,-0.5027189918850489
5,-0.603799410421428,-0.5017225239992473
5,-0.6003457087610449,-0.5014836628025442
5,-0.5968991532642481,-0.5010706351997932
5,-0.5934596736467956,-0.49426773118599154
5,-0.5900272003909488,-0.4927567100834257
5,-0.5866016647328103,-0.4877219063371797
5,-0.5831829986499097,-0.4858093056270804
5,-0.579771134849035,-0.48522576131870454
5,-0.5763660067543033,-0.48281548428699345
5,-0.5729675484954635,-0.4817591837105397
5,-0.5695756948964268,-0.4776977296698395
5,-0.56619038146402,-0.47719433656235155
5,-0.5628115443769539,-0.47495988836039177
5,-0.5594391204750053,-0.47362410908728614
5,-0.5560730472484042,-0.46944242068013836
5,-0.5527132628274228,-0.46754920579528503
5,-0.5493597059721632,-0.46616751670668766
5,-0.5460123160625354,-0.4647928382604774
5,-0.5426710330884247,-0.46412785023765174
5,-0.5393357976400425,-0.45522629808152104
5,-0.5360065508984563,-0.4542339469382508
5,-0.5326832346262954,-0.44826086032099915
5,-0.529365791158628,-0.4434351113143861
5,-0.526054163394004,-0.4418284969315617
5,-0.5227482947856648,-0.441311785415451
5,-0.5194481293329095,-0.4395305344044986
5,-0.5161536115726195,-0.43147116545819286
5,-0.5128646865709358,-0.43090867239478037
5,-0.5095812999150835,-0.42958683493336725
5,-0.5063033977053464,-0.4245256126277809
5,-0.5030309265471801,-0.4175167427168983
5,-0.4997638335434672,-0.4164831758237293
5,-0.4965020662869087,-0.40664281728394946
5,-0.49324557285254844,-0.40477294420525295
5,-0.4899943017904281,-0.40329950148008775
5,-0.48674820211837083,-0.39965404407712696
5,-0.4835072233148885,-0.39917902148067136
5,-0.4802713153122125,-0.3971874417029965
5,-0.47704042848944356,-0.39356355205274335
5,-0.4738145136658175,-0.3915230859155829
5,-0.470593522094088,-0.39045138967541193
5,-0.46737740545401907,-0.38981887744230964
5,-0.4641661158459877,-0.383779297340069
5,-0.46095960578469536,-0.38282666347386574
5,-0.4577578281929818,-0.36471553964458203
5,-0.45456073639574396,-0.3642703598254324
5,-0.4513682841139548,-0.3614721208459716
5,-0.44818042545877956,-0.3590968094945167
5,-0.44499711492579047,-0.35674905495158543
5,-0.44181830738927397,-0.35511105157818296
5,-0.4386439580966312,-0.3515701320155622
5,-0.43547402266286944,-0.34908356768941984
5,-0.4323084570651809,-0.3488176537794727
5,-0.4291472176376099,-0.343332514885163
5,-0.42599026106580345,-0.33503745435112425
5,-0.4228375443818463,-0.33497272965116204
5,-0.4196890249591769,-0.33396448944786145
5,-0.41654466050758343,-0.33389115392519275
5,-0.4134044090682776,-0.3284487255649768
5,-0.4102682290090461,-0.32708820969794256
5,-0.40713607901947574,-0.32644163595695946
5,-0.40400791810625375,-0.32318554561231055
5,-0.40088370558853864,-0.3193632696833941
5,-0.39776340109340197,-0.3189783982777553
5,-0.39464696455134046,-0.3172657466756204
5,-0.3915343561918547,-0.3160054317864115
5,-0.3884255365390939,-0.3084952068658029
5,-0.38532046640756773,-0.306639613025945
5,-0.3822191068979191,-0.30544767040980436
5,-0.37912141939276256,-0.3053493192452052
5,-0.37602736555258137,-0.3041592795952491
5,-0.372936907311686,-0.30343622036775963
5,-0.36985000687423103,-0.30280503415246374
5,-0.3667666267102905,-0.30133150252146823
5,-0.36368672955198805,-0.3009607841123328
5,-0.36061027838968507,-0.3009272932619779
5,-0.35753723646822033,-0.3000344273205988
5,-0.3544675672832058,-0.2962965868971512
5,-0.35140123457737227,-0.2954480067749621
5,-0.3483382023369674,-0.2930242655545
5,-0.34527843478820397,-0.29017576806428835
5,-0.3422218963937575,-0.2901140635142034
5,-0.33916855184931055,-0.28983274630332695
5,-0.33611836608014745,-0.28784966560317476
5,-0.3330713042377915,-0.28614482178113015
5,-0.3300273316966921,-0.2859035789132344
5,-0.32698641405095213,-0.28237985111213953
5,-0.3239485171111023,-0.2780526890863389
5,-0.32091360690091714,-0.27790795104838534
5,-0.3178816496542729,-0.2777334567025971
5,-0.3148526118120469,-0.27756538852039114
5,-0.3118264600190584,-0.27754592158486796
5,-0.3088031611210467,-0.2774319532531144
5,-0.30578268216169124,-0.2763785001809047
5,-0.3027649903796675,-0.27511802686079817
5,-0.2997500532057408,-0.272316336728826
5,-0.29673783825989797,-0.27121198062537066
5,-0.29372831334851424,-0.26972245463652456
5,-0.29072144646155423,-0.26886556598207106
5,-0.2877172057698104,-0.26850666339968976
5,-0.28471555962217243,-0.2683036976739314
5,-0.28171647654293214,-0.2627051825425891
5,-0.2787199252291202,-0.2573590289640814
5,-0.27572587454787406,-0.257213580038198
5,-0.2727342935338394,-0.25402287535145696
5,-0.2697451513866003,-0.25328323753399595
5,-0.26675841746814044,-0.251131095524413
5,-0.2637740613003346,-0.24471510491011547
5,-0.2607920525624676,-0.24371963118558995
5,-0.25781236108878375,-0.2399258668142071
5,-0.25483495686606245,-0.23906749608515085
5,-0.2518598100312219,-0.23753560076006747
5,-0.2488868908689502,-0.23736378723097887
5,-0.24591616980936204,-0.23649644101787812
5,-0.24294761742568094,-0.2329350515921894
5,-0.23998120443194842,-0.231868368760418
5,-0.23701690168075548,-0.2311309764666749
5,-0.2340546801610012,-0.23097791359381625
5,-0.23109451099567302,-0.2299951153089714
5,-0.22813636543965096,-0.22813398210601843
5,-0.22518021487753592,-0.22732336354124652
5,-0.2222260308214988,-0.22703482725547416
5,-0.21927378490915223,-0.22639047742140042
5,-0.2163234489014447,-0.22361552568545415
5,-0.21337499468057428,-0.22241384531825859
5,-0.2104283942479247,-0.2187012300003362
5,-0.20748361972202048,-0.2080005029461887
5,-0.20454064333650201,-0.20462006801706586
5,-0.20159943743812148,-0.20451438311602643
5,-0.1986599744847562,-0.20400189749160086
5,-0.195722227043441,-0.20250782854308427
5,-0.19278616778842028,-0.19780638443203885
5,-0.18985176949921564,-0.19587121254577639
5,-0.18691900505871353,-0.19521952640993245
5,-0.18398784745126825,-0.1942202951239866
5,-0.18105826976082207,-0.19303981106468346
5,-0.17813024516904297,-0.18770555500997088
5,-0.17520374695347707,-0.1794043267314077
5,-0.1722787484857172,-0.17707145675929536
5,-0.16935522322958782,-0.17688178515009223
5,-0.16643314473934323,-0.17671967708541264
5,-0.16351248665788232,-0.17297657440857675
5,-0.16059322271497678,-0.17059702807262747
5,-0.1576753267255129,-0.16710235369167417
5,-0.15475877258774876,-0.16443962741511714
5,-0.15184353428158326,-0.16350977389765578
5,-0.14892958586683885,-0.1604356817686308
5,-0.14601690148155774,-0.1590906705505092
5,-0.1431054553403092,-0.15726667155644777
5,-0.14019522173251076,-0.1555165232359361
5,-0.13728617502076026,-0.153931690906316
5,-0.1343782896391793,-0.1517456588597973
5,-0.13147154009176926,-0.14994362636972522
5,-0.12856590095077752,-0.1491655213018112
5,-0.12566134685507402,-0.14442150728091552
5,-0.12275785250853997,-0.14043892538295627
5,-0.11985539267846462,-0.13788902975380526
5,-0.11695394219395419,-0.1378777550750448
5,-0.11405347594434886,-0.1326952119425942
5,-0.11115396887764951,-0.13160734314896202
5,-0.10825539599895462,-0.13111276872645064
5,-0.10535773236890499,-0.12664124727240647
5,-0.10246095310213689,-0.12568668558248766
5,-0.09956503336574538,-0.12435796615053281
5,-0.09666994837775318,-0.12088632331296176
5,-0.09377567340559002,-0.11890710228181889
5,-0.09088218376457781,-0.10647145380707446
5,-0.08798945481642349,-0.10523504899230765
5,-0.08509746196772024,-0.1036944725908143
5,-0.08220618066845417,-0.1031288396047228
5,-0.07931558641051796,-0.09994847631013805
5,-0.07642565472623211,-0.09832032703022436
5,-0.07353636118687037,-0.0973730675273103
5,-0.07064768140119332,-0.0959305895727516
5,-0.06775959101398606,-0.09418530931574488
5,-0.06487206570460173,-0.0870509796090762
5,-0.06198508118551126,-0.08518029345018824
5,-0.059098613200857054,-0.08388894546161857
5,-0.05621263752501158,-0.08379509910515373
5,-0.05332712996114174,-0.07999327830983448
5,-0.0504420663397757,-0.0798705054603341
5,-0.047557422517375963,-0.07816148367590435
5,-0.04467317437491484,-0.07418854670788548
5,-0.0417892978164538,-0.0706721692344401
5,-0.038905768767727514,-0.06962608468270089
5,-0.03602256317472984,-0.06832175267930798
5,-0.033139657002303084,-0.06761194724481369
5,-0.030257026232731243,-0.0663866863259438
5,-0.02737464686433402,-0.06415606277184488
5,-0.024492494910065214,-0.06353942742851158
5,-0.021610546396111974,-0.060127473101611005
5,-0.018728777360496055,-0.05981777183739263
5,-0.015847163851678107,-0.05975153094664384
5,-0.012965681927162267,-0.05703623260737741
5,-0.010084307652102142,-0.05348553084905599
5,-0.00720301709790932,-0.05146273243349799
5,-0.004321786340860743,-0.05073301230350756
5,-0.0014405914607088892,-0.04560363364026037
5,0.0014405914607088892,-0.0455969168359071
5,0.004321786340860603,-0.042497765663669744
5,0.00720301709790932,-0.040608498038253185
5,0.010084307652102142,-0.03934056407409605
5,0.012965681927162128,-0.03343676494651197
5,0.015847163851678246,-0.03268898564489946
5,0.018728777360496055,-0.03209846795251427
5,0.021610546396111836,-0.024325838836299695
5,0.024492494910065353,-0.02187507089640288
5,0.02737464686433402,-0.021734616039824836
5,0.030257026232731105,-0.020568208587061487
5,0.03313965700230322,-0.019587217166477464
5,0.03602256317472984,-0.016617788066513324
5,0.038905768767727514,-0.003336573509657373
5,0.04178929781645395,0.005497353322431543
5,0.04467317437491484,0.006501834852895677
5,0.047557422517375963,0.006580537182101228
5,0.05044206633977556,0.006811083303662485
5,0.05332712996114174,0.007386121470205408
5,0.05621263752501158,0.010363722967190578
5,0.059098613200856916,0.011221505405406935
5,0.061985081185511395,0.01148670558855198
5,0.06487206570460173,0.012403933007727587
5,0.06775959101398592,0.013523018486077306
5,0.07064768140119346,0.016625158874545215
5,0.07353636118687037,0.016742629763162008
5,0.07642565472623197,0.016767740910784937
5,0.0793155864105181,0.01738085114783395
5,0.08220618066845417,0.017992889407207453
5,0.08509746196772024,0.020047307239770704
5,0.08798945481642363,0.02249353244850354
5,0.09088218376457781,0.02292040929453721
5,0.09377567340559002,0.02408436838054447
5,0.09666994837775304,0.02563590758421675
5,0.09956503336574538,0.02752804024111392
5,0.10246095310213689,0.03083573793145177
5,0.10535773236890485,0.031819804053345904
5,0.10825539599895476,0.03493217891610684
5,0.11115396887764951,0.03967878425849565
5,0.11405347594434871,0.04127729375161356
5,0.11695394219395433,0.04373339486219847
5,0.11985539267846462,0.04429844514921153
5,0.12275785250853984,0.04568755711532343
5,0.12566134685507416,0.04778284328205642
5,0.12856590095077752,0.05156258307651045
5,0.13147154009176926,0.05191402007606769
5,0.13437828963917944,0.05682196095543333
5,0.13728617502076026,0.058838627332178484
5,0.14019522173251076,0.06031718504013711
5,0.14310545534030905,0.06244386636772055
5,0.14601690148155774,0.06373222367954202
5,0.14892958586683885,0.06891934043623532
5,0.15184353428158312,0.07016704989117206
5,0.1547587725877489,0.07023339798733422
5,0.1576753267255129,0.07594532562282777
5,0.16059322271497664,0.08235904489973261
5,0.16351248665788246,0.08376790649791935
5,0.16643314473934323,0.08638851762390057
5,0.16935522322958768,0.08879231509193754
5,0.17227874848571734,0.09017141648111443
5,0.17520374695347707,0.0903391921059609
5,0.17813024516904297,0.09558010844390093
5,0.1810582697608222,0.09629516874262807
5,0.18398784745126825,0.09942836234106799
5,0.18691900505871353,0.10510929666251677
5,0.1898517694992155,0.11099578999944124
5,0.19278616778842028,0.11178081309306737
5,0.195722227043441,0.11214839906785062
5,0.19865997448475603,0.1154257819757333
5,0.20159943743812164,0.11694573080115797
5,0.20454064333650201,0.11831494221618186
5,0.20748361972202028,0.11952468784600187
5,0.21042839424792484,0.12082693451697928
5,0.21337499468057428,0.12180600157351897
5,0.21632344890144453,0.12254640807512761
5,0.21927378490915236,0.12462900254751955
5,0.2222260308214988,0.1246751182959257
5,0.22518021487753592,0.12489502437365077
5,0.22813636543965113,0.12642585611269314
5,0.23109451099567302,0.1269336580999822
5,0.2340546801610012,0.12778655061874353
5,0.23701690168075534,0.13212259761105755
5,0.23998120443194842,0.1366251363832232
5,0.24294761742568094,0.13714556334588499
5,0.2459161698093619,0.13721696833967995
5,0.24888689086895033,0.14143711917438048
5,0.2518598100312219,0.14161976821645506
5,0.25483495686606233,0.1437710178884191
5,0.2578123610887839,0.14389408656647937
5,0.2607920525624676,0.14471567815012593
5,0.2637740613003345,0.1457657979973264
5,0.2667584174681406,0.1460665974006294
5,0.2697451513866003,0.1493881198727215
5,0.2727342935338394,0.14944084485310563
5,0.27572587454787423,0.1503068608485924
5,0.2787199252291202,0.15272546278693924
5,0.28171647654293214,0.15305293284021
5,0.2847155596221723,0.1557492741280128
5,0.2877172057698104,0.15815020923873097
5,0.29072144646155423,0.16191352249113317
5,0.29372831334851407,0.1627583147317234
5,0.29673783825989813,0.1636404515302894
5,0.2997500532057408,0.16521083843197537
5,0.3027649903796673,0.16569688948179076
5,0.30578268216169135,0.16575335929847496
5,0.3088031611210467,0.1675926088124427
5,0.3118264600190582,0.17252106811015253
5,0.314852611812047,0.17892833621290913
5,0.3178816496542729,0.18243167679297037
5,0.32091360690091714,0.18279343568149478
5,0.3239485171111025,0.18793248079407926
5,0.32698641405095213,0.19049047302909491
5,0.3300273316966921,0.19290805156542631
5,0.3330713042377914,0.193822682096366
5,0.33611836608014745,0.19419434994867904
5,0.33916855184931055,0.19538301714040093
5,0.34222189639375733,0.19601041165231553
5,0.34527843478820414,0.19619008835099616
5,0.3483382023369674,0.19731692188357794
5,0.35140123457737216,0.20183168423290432
5,0.3544675672832059,0.20511728724461561
5,0.35753723646822033,0.2058154345011054
5,0.3606102783896849,0.2076794846376762
5,0.3636867295519882,0.21336139892679018
5,0.3667666267102905,0.21539997875006905
5,0.36985000687423103,0.21890717789995282
5,0.3729369073116861,0.21928034848640932
5,0.37602736555258137,0.21962538737567994
5,0.37912141939276256,0.21984588337484098
5,0.38221910689791894,0.22127689503718148
5,0.38532046640756773,0.22487205199157434
5,0.3884255365390939,0.22786534373553763
5,0.3915343561918546,0.2312633032410279
5,0.39464696455134063,0.233368780735348
5,0.39776340109340197,0.23495542194233937
5,0.4008837055885384,0.24230947568713299
5,0.4040079181062539,0.24247641580398932
5,0.40713607901947574,0.24466886755233824
5,0.4102682290090459,0.2451285039626987
5,0.41340440906827775,0.2502153150680659
5,0.41654466050758343,0.25623244148642055
5,0.4196890249591769,0.25898446446578555
5,0.42283754438184645,0.2597551905407096
5,0.42599026106580345,0.2604780706617821
5,0.4291472176376099,0.2635755790729947
5,0.4323084570651808,0.2646009959943446
5,0.43547402266286944,0.26603019729231353
5,0.4386439580966312,0.2691217913155663
5,0.4418183073892738,0.2728750620314941
5,0.4449971149257906,0.27765502663880653
5,0.44818042545877956,0.27824519996091573
5,0.45136828411395463,0.2784496708244978
5,0.45456073639574407,0.28895716850183223
5,0.4577578281929818,0.2913979889254944
5,0.46095960578469525,0.2928132043214959
5,0.4641661158459879,0.29747332446067704
5,0.46737740545401907,0.2979350951448125
5,0.470593522094088,0.2980224100238639
5,0.4738145136658176,0.30173930339682703
5,0.47704042848944356,0.30431315804972414
5,0.4802713153122125,0.30533409816795676
5,0.4835072233148883,0.30770792235438976
5,0.48674820211837083,0.30791295969887555
5,0.4899943017904281,0.30952791521394396
5,0.4932455728525483,0.3121426183455861
5,0.49650206628690885,0.3127169638684833
5,0.4997638335434672,0.31359501438421655
5,0.50303092654718,0.3145152480082808
5,0.5063033977053465,0.31550838371881246
5,0.5095812999150835,0.31785322808851957
5,0.5128646865709355,0.31796711295622027
5,0.5161536115726196,0.32355907126549904
5,0.5194481293329095,0.32699078756545813
5,0.5227482947856648,0.32905982363880315
5,0.5260541633940041,0.33093565388252516
5,0.529365791158628,0.3341659764091981
5,0.5326832346262954,0.3348328807852533
5,0.5360065508984562,0.33695423654148837
5,0.5393357976400425,0.33780663833605507
5,0.5426710330884247,0.33805965369648444
5,0.5460123160625352,0.34180794847674756
5,0.5493597059721634,0.34396428283693564
5,0.5527132628274228,0.3457994421788064
5,0.5560730472484041,0.35100515288067746
5,0.5594391204750055,0.35190225809346504
5,0.5628115443769539,0.3538852787688188
5,0.5661903814640199,0.3555655333222431
5,0.569575694896427,0.3558618175351878
5,0.5729675484954635,0.36469088262610655
5,0.5763660067543033,0.36697868795118566
5,0.5797711348490351,0.3686800113748091
5,0.5831829986499097,0.37421380316977537
5,0.5866016647328103,0.3748056456851367
5,0.5900272003909486,0.3812061589590491
5,0.5934596736467956,0.38262579019731435
5,0.5968991532642481,0.38431494837475993
5,0.6003457087610446,0.38603955092384795
5,0.6037994104214283,0.3861437484636247
5,0.6072603293090661,0.3870097632027896
5,0.6107285372802367,0.3918943431567583
5,0.6142041069972817,0.3949384818030441
5,0.6176871119423378,0.4004650140135722
5,0.6211776264313528,0.4077561803870188
5,0.6246757256283899,0.4110294858230616
5,0.6281814855602327,0.41404286228757226
5,0.6316949831312967,0.4159502849176024
5,0.6352162961388528,0.4219229753936364
5,0.6387455032885732,0.4264323401692009
5,0.6422826842104109,0.4271041541402709
5,0.6458279194748135,0.4277047756877639
5,0.6493812906092894,0.42784744714069395
5,0.6529428801153262,0.4303289246968296
5,0.6565127714856821,0.4333961191967184
5,0.6600910492220478,0.4462670654539812
5,0.6636777988530963,0.44818260738788046
5,0.6672731069529324,0.4515262044986499
5,0.6708770611599456,0.4544389625664437
5,0.6744897501960817,0.45487447236717504
5,0.6781112638865481,0.4589060538643984
5,0.681741693179955,0.46385773198603786
5,0.6853811301689137,0.4643121990881395
5,0.6890296681110994,0.468777304193047
5,0.692687401450795,0.4756669341021481
5,0.6963544258409218,0.4771286891698918
5,0.7000308381655824,0.4883834347118212
5,0.7037167365631207,0.48958125746884495
5,0.707412220449714,0.4901426836844489
5,0.7111173905435206,0.49677035000265457
5,0.7148323488893882,0.49747763067683753
5,0.7185571988841455,0.507664348291267
5,0.7222920453024916,0.5222081875313613
5,0.7260369943235032,0.5303362630193517
5,0.7297921535577713,0.5324557069764231
5,0.733557632075192,0.5422929994201946
5,0.7373335404334295,0.5554045372575218
5,0.7411199907070674,0.5561055507290796
5,0.7449170965174697,0.557531054146056
5,0.7487249730633804,0.5622974653655992
5,0.7525437371522696,0.5650018619594902
5,0.7563735072324602,0.5679249818244203
5,0.7602144034260551,0.578765580047527
5,0.7640665475626874,0.5833530534493953
5,0.7679300632141192,0.5834445851139989
5,0.7718050757297188,0.5973948268683027
5,0.7756917122728384,0.6024500810568171
5,0.7795901018581224,0.6055151420146431
5,0.7835003753897741,0.6181980659968097
5,0.7874226657008149,0.6241256321684542
5,0.7913571075933618,0.6265396175549507
5,0.7953038378799556,0.6287747724361253
5,0.7992629954259806,0.6298931778202905
5,0.8032347211932014,0.6354038899170845
5,0.8072191582844558,0.6356768411305783
5,0.811216451989547,0.6446621653075472
5,0.8152267498323638,0.648437798507462
5,0.8192502016192759,0.6577778724216264
5,0.823286959488847,0.659109741795106
5,0.8273371779629036,0.6598456784163874
5,0.8314010139990077,0.6608255662945697
5,0.8354786270443826,0.6616742304611478
5,0.8395701790913375,0.6633399380952969
5,0.8436758347342409,0.6676570112688333
5,0.8477957612280971,0.6691595609859797
5,0.8519301285487837,0.6708957010831987
5,0.8560791094550005,0.6730060535012155
5,0.8602428795519917,0.6780338799214078
5,0.8644216173571089,0.6813901746667586
5,0.868615504367269,0.6863388509636401
5,0.8728247251283807,0.6874291605624538
5,0.8770494673068103,0.6955322627623771
5,0.8812899217629533,0.6972549418985833
5,0.8855462826269906,0.6979293978871745
5,0.889818747376914,0.7029181837025712
5,0.8941075169188902,0.7052766618298981
5,0.898412795670061,0.7180437104021643
5,0.9027347916438648,0.7185774964553844
5,0.907073716537969,0.724005934882692
5,0.9114297858249173,0.7284238463865177
5,0.9158032188455875,0.7318862228699788
5,0.9201942389055712,0.7326237402267689
5,0.9246030733745816,0.7396756909081685
5,0.929029953789006,0.7428549885318837
5,0.9334751159577281,0.7433122635791048
5,0.9379388000713414,0.7463591553041387
5,0.9424212508148854,0.7485872108304934
5,0.9469227174842507,0.7486373636857849
5,0.9514434541063873,0.7501451089740624
5,0.9559837195634723,0.7717640574893158
5,0.9605437777212005,0.7761001134001906
5,0.9651238975613528,0.780840753668807
5,0.9697243533188226,0.7841246541319727
5,0.9743454246232868,0.7858513871412451
5,0.9789873966457007,0.7873500857960468
5,0.9836505602498274,0.801407620357338
5,0.9883352121490045,0.8157239723756432
5,0.9930416550683755,0.8189264525554422
5,0.9977701979128079,0.8191641918188436
5,1.0025211559407472,0.8206912642558591
5,1.0072948509442619,0.8540860909206285
5,1.0120916114355434,0.8554426416552111
5,1.0169117728401404,0.8572079161092077
5,1.0217556776972352,0.8576091626448183
5,1.0266236758672576,0.8623950151711859
5,1.0315161247471727,0.8641323300640272
5,1.0364333894937898,0.8666416241622125
5,1.0413758432554439,0.8674933713544204
5,1.0463438674124452,0.8729679386309454
5,1.0513378518266911,0.876117922796893
5,1.0563581951008634,0.8807549395327812
5,1.0614053048476715,0.8864145186174248
5,1.0664795979695922,0.8922589763301545
5,1.0715815009496323,0.9118111957662304
5,1.0767114501536117,0.9251904408940317
5,1.0818698921445475,0.9452100792824821
5,1.0870572840097124,0.955986038019619
5,1.092274093700995,0.958208011101003
5,1.0975208003892176,0.9778527010609522
5,1.1027978948331099,0.985228647794427
5,1.1081058797636727,0.9928409177302367
5,1.1134452702847146,0.9932503034412986
5,1.1188165942903907,0.999213885665952
5,1.124220392900615,0.9996053643519931
5,1.129657220915282,1.008102488110611
5,1.1351276472882912,1.0152652747237108
5,1.1406322556224122,1.0159485622191522
5,1.146171644686111,1.0355257158214735
5,1.1517464289535289,1.0594043796588466
5,1.1573572391688702,1.0726179198916885
5,1.1630047229365417,1.0836489683930774
5,1.1686895453384702,1.0862564226928002
5,1.1744123895801335,1.0970965217819157
5,1.1801739576669186,1.1030656607090847
5,1.185974971112543,1.1056223314921287
5,1.191816171681394,1.1079218971700284
5,1.1976983221667605,1.1108513047627093
5,1.203622207207061,1.1109199291753464
5,1.2095886341423494,1.112817709731955
5,1.215598433913494,1.117545357104011
5,1.2216524620066338,1.1196023556427694
5,1.227751599445688,1.1199856279009386
5,1.2338967538358894,1.1227657926423193
5,1.24008886046155,1.1239839334165649
5,1.246328883441473,1.1469727748137393
5,1.2526178169457283,1.1577708947873917
5,1.258956686477732,1.1839472402394338
5,1.2653465502259253,1.1845681337829712
5,1.2717885004896494,1.1952652301554665
5,1.2782836651841776,1.2129647350097417
5,1.2848332094302668,1.215750665812399
5,1.2914383372340221,1.2275099927029656
5,1.2981002932633188,1.2319125581053845
5,1.3048203647275596,1.238787797683645
5,1.311599883368101,1.2425593168010958
5,1.3184402275672977,1.2640872308051436
5,1.3253428245847743,1.2753169796664099
5,1.332309152930328,1.286152884438405
5,1.339340744883602,1.2926442291772329
5,1.3464391891716574,1.2958881870154957
5,1.353606133816489,1.320777817002833
5,1.3608432891656852,1.323221333203305
5,1.368152431120594,1.3281207933471293
5,1.3755354045777306,1.331133754278988
5,1.382994127100638,1.3325885167527682
5,1.3905305928410514,1.3500967642035833
5,1.3981468767300484,1.3742259421546623
5,1.4058451389619313,1.3778595429494132
5,1.4136276297958117,1.3809647646018477
5,1.421496694702443,1.3904871121816964
5,1.4294547798866613,1.3997143642829932
5,1.4375044382189694,1.413610851579871
5,1.4456483356133487,1.4179269227696405
5,1.4538892578924012,1.4287641537586286
5,1.4622301181853967,1.4334249701759072
5,1.4706739649098826,1.4356695671069923
5,1.47922399039324,1.4512175734152153
5,1.4878835401970534,1.4598768850776493
5,1.4966561232144875,1.471475916655473
5,1.5055454226192488,1.4835429752562366
5,1.5145553077541825,1.4856321212411465
5,1.5236898470584141,1.49138166181234
5,1.5329533221443514,1.5216268826221502
5,1.5423502431500729,1.5434949876424422
5,1.55188536550897,1.547025658133085
5,1.561563708297316,1.5519027193152317
5,1.5713905743422025,1.5615098352929369
5,1.5813715722973933,1.5832270022330102
5,1.591512640923928,1.5968249618521253
5,1.6018200758463061,1.6107922546340963
5,1.612300559094845,1.6128349538006201
5,1.622961191791394,1.639320279769491
5,1.6338095303903444,1.6568523741713694
5,1.6448536269514722,1.720601556458346
5,1.656102073997618,1.730314254902901
5,1.667564054601043,1.737620007856573
5,1.6792493984507084,1.7475611753640763
5,1.6911686447824308,1.7577216867268315
5,1.7033331132099754,1.77384836567203
5,1.715754983683681,1.7821217363745734
5,1.7284473870319506,1.7835441442735562
5,1.7414245078200017,1.788299258052386
5,1.7547017016023168,1.7900480024890755
5,1.7682956290667202,1.838266530478267
5,1.7822244100905809,1.9037490753600361
5,1.796507801381234,1.9084103568481767
5,1.8111674021904436,1.924920386357717
5,1.8262268936260444,2.0219274350894545
5,1.8417123183988295,2.0254329787263248
5,1.8576524095291018,2.028992533139532
5,1.874078978717387,2.030013437453065
5,1.8910273779271052,2.0471029972852954
5,1.9085370514696343,2.056293379954488
5,1.9266522008582094,2.080170799767823
5,1.94542259138441,2.163271794217985
5,1.9649045384628592,2.259031643934759
5,1.9851621243067124,2.2593273931676654
5,2.006268712965559,2.324987010439633
5,2.0283088565020284,2.3733711714526753
5,2.0513807207083192,2.4917120148054246
5,2.0755992109775123,2.693323817480157
5,2.101100056996162,2.701062174795928
5,2.128045234184983,2.706645461269584
5,2.1566302865576827,2.8323991169607767
5,2.1870944162461345,2.9146301262272396
5,2.2197347040992437,2.933829767148917
5,2.254926684870381,2.9434442725191645
5,2.2931550415485504,3.0151514858811024
5,2.3350610848080438,3.0356185420320148
5,2.381519469970483,3.056862062457894
5,2.4337689773993825,3.1836874424016535
5,2.493651031608633,3.276407443799124
5,2.5640847689868846,3.5934750690431856
5,2.6501343426056865,3.620288346748616
5,2.761870524366661,3.666939875371821
5,2.924664667246821,4.561182748493555
5,3.2511417631062525,5.109204412573799
