window,theoretical,sample
1,-2.9246646672468115,-2.9323544786359745
1,-2.5640847689868815,-2.528459980390846
1,-2.3815194699704816,-2.054985837783476
1,-2.25492668487038,-2.0354837847944895
1,-2.1566302865576823,-1.9915194775805016
1,-2.0755992109775123,-1.7974359138240528
1,-2.006268712965559,-1.7115012341067966
1,-1.94542259138441,-1.699345933394319
1,-1.8910273779271052,-1.628307725492366
1,-1.8417123183988295,-1.5727389651207357
1,-1.796507801381234,-1.566646028591073
1,-1.7547017016023168,-1.558389543688224
1,-1.7157549836836816,-1.5434250006326693
1,-1.679249398450709,-1.5214449997801407
1,-1.6448536269514729,-1.498681835534571
1,-1.612300559094845,-1.4264301978478708
1,-1.581371572297393,-1.3966974834077805
1,-1.55188536550897,-1.3685000580389408
1,-1.5236898470584141,-1.3613332477919273
1,-1.4966561232144875,-1.3588897135444744
1,-1.4706739649098826,-1.3509353720807507
1,-1.445648335613348,-1.340410605200126
1,-1.421496694702443,-1.3246404762940622
1,-1.3981468767300484,-1.2865377634621733
1,-1.3755354045777306,-1.2511169882034756
1,-1.353606133816489,-1.2419752387562761
1,-1.332309152930328,-1.2252968124377517
1,-1.311599883368101,-1.2225976964285479
1,-1.2914383372340221,-1.2143549785596395
1,-1.2717885004896494,-1.1939445455563014
1,-1.2526178169457283,-1.1784263415663438
1,-1.2338967538358898,-1.1780549300326828
1,-1.215598433913494,-1.169700482460402
1,-1.1976983221667605,-1.1661237757761802
1,-1.1801739576669186,-1.142928171685238
1,-1.1630047229365417,-1.1420486200438131
1,-1.146171644686111,-1.1213926445402251
1,-1.1296572209152815,-1.109330854064513
1,-1.1134452702847146,-1.0896255863664486
1,-1.0975208003892176,-1.0454586887296689
1,-1.0818698921445475,-1.0402560150053648
1,-1.0664795979695922,-1.032174715662786
1,-1.0513378518266911,-1.0305628987316415
1,-1.0364333894937898,-0.9940595582174945
1,-1.0217556776972352,-0.9912506066393171
1,-1.0072948509442619,-0.9581146058807152
1,-0.9930416550683758,-0.9293020188394256
1,-0.9789873966457009,-0.9166047165285216
1,-0.9651238975613528,-0.8695110788065291
1,-0.9514434541063869,-0.848212757846524
1,-0.9379388000713414,-0.8197737706594765
1,-0.9246030733745816,-0.8047826370299082
1,-0.9114297858249173,-0.8043707259839863
1,-0.898412795670061,-0.7874869216302307
1,-0.8855462826269906,-0.7813622975261394
1,-0.8728247251283807,-0.7574448306108218
1,-0.8602428795519917,-0.7474729514396516
1,-0.8477957612280971,-0.7395440508500539
1,-0.8354786270443826,-0.732959590797499
1,-0.823286959488847,-0.7173447949556693
1,-0.811216451989547,-0.7002684162610628
1,-0.7992629954259806,-0.6963216416701962
1,-0.7874226657008152,-0.6881766156102588
1,-0.7756917122728386,-0.6777516263517296
1,-0.7640665475626872,-0.6775581138786694
1,-0.7525437371522693,-0.6691346508911529
1,-0.7411199907070674,-0.6626594761416471
1,-0.7297921535577713,-0.6614464023907721
1,-0.7185571988841455,-0.6496427218767807
1,-0.707412220449714,-0.6444695130757015
1,-0.6963544258409218,-0.6325625353154142
1,-0.6853811301689137,-0.6202572820324407
1,-0.6744897501960817,-0.6034845394635102
1,-0.6636777988530963,-0.5975260051549469
1,-0.6529428801153262,-0.5877576530555314
1,-0.6422826842104109,-0.5545425011851451
1,-0.6316949831312967,-0.552706122734747
1,-0.6211776264313529,-0.5427751052204681
1,-0.6107285372802368,-0.5399720761762475
1,-0.6003457087610449,-0.537114887012752
1,-0.5900272003909488,-0.5288153941220631
1,-0.579771134849035,-0.519539701489338
1,-0.5695756948964268,-0.5121720369187349
1,-0.5594391204750053,-0.5119796867046826
1,-0.5493597059721632,-0.5033354256913982
1,-0.5393357976400425,-0.4986800259583365
1,-0.529365791158628,-0.4853050380232445
1,-0.5194481293329095,-0.4822649675929214
1,-0.5095812999150835,-0.47983836981890676
1,-0.4997638335434672,-0.478680005185679
1,-0.4899943017904281,-0.4765430323019096
1,-0.4802713153122125,-0.4736162344074646
1,-0.470593522094088,-0.45967640960352946
1,-0.46095960578469536,-0.4582734541778051
1,-0.4513682841139548,-0.4332774691960562
1,-0.44181830738927397,-0.40029559967191175
1,-0.4323084570651809,-0.40028437094084157
1,-0.4228375443818463,-0.3816654954030274
1,-0.4134044090682776,-0.38135333214917244
1,-0.40400791810625375,-0.3755544049384971
1,-0.39464696455134046,-0.3746333117794311
1,-0.38532046640756773,-0.3733346041692043
1,-0.37602736555258137,-0.3576760095662584
1,-0.3667666267102905,-0.3515620764140908
1,-0.35753723646822033,-0.34548440372324585
1,-0.3483382023369674,-0.3447839249409193
1,-0.33916855184931055,-0.33992515076295143
1,-0.3300273316966921,-0.3395489063704411
1,-0.32091360690091714,-0.3327592101015615
1,-0.3118264600190584,-0.3276658892129883
1,-0.3027649903796675,-0.32754042924208204
1,-0.29372831334851424,-0.313128258479832
1,-0.28471555962217243,-0.30751376730695934
1,-0.27572587454787406,-0.29918920908463337
1,-0.26675841746814044,-0.24309754903568748
1,-0.25781236108878375,-0.24082962610382666
1,-0.2488868908689502,-0.23595668564029798
1,-0.23998120443194842,-0.2263356989148026
1,-0.23109451099567302,-0.22430052042936272
1,-0.2222260308214988,-0.21056958247150884
1,-0.21337499468057428,-0.1999375159624092
1,-0.20454064333650201,-0.19022755527421897
1,-0.195722227043441,-0.18771681556368305
1,-0.18691900505871353,-0.1755912769831399
1,-0.17813024516904297,-0.16837275785264158
1,-0.16935522322958782,-0.1610539233231043
1,-0.16059322271497678,-0.16030799108099916
1,-0.15184353428158326,-0.15808428836921987
1,-0.1431054553403092,-0.15690501843481808
1,-0.1343782896391793,-0.15534905018204243
1,-0.12566134685507402,-0.1530966514568703
1,-0.11695394219395419,-0.15170608653624199
1,-0.10825539599895462,-0.15066521435112484
1,-0.09956503336574538,-0.13266094835355424
1,-0.09088218376457781,-0.12574104162318234
1,-0.08220618066845417,-0.11306365291065924
1,-0.07353636118687037,-0.11194033514905401
1,-0.06487206570460173,-0.11064461950469605
1,-0.05621263752501158,-0.10952115664287625
1,-0.047557422517375963,-0.10202673121450605
1,-0.038905768767727514,-0.1008428046366146
1,-0.030257026232731243,-0.10059308652841613
1,-0.021610546396111974,-0.10040066542699376
1,-0.012965681927162267,-0.09670982897839338
1,-0.004321786340860743,-0.09359299951455245
1,0.004321786340860603,-0.09277403602695487
1,0.012965681927162128,-0.09250550293918104
1,0.021610546396111836,-0.08829228527236968
1,0.030257026232731105,-0.08648781555492357
1,0.038905768767727514,-0.08389066151033667
1,0.047557422517375963,-0.07795641283153514
1,0.05621263752501158,-0.07104535462770618
1,0.06487206570460173,-0.0647552568243941
1,0.07353636118687037,-0.061234200688153315
1,0.08220618066845417,-0.05162515970799773
1,0.09088218376457781,-0.051156336064835405
1,0.09956503336574538,-0.030360659315411
1,0.10825539599895476,-0.028517710466480467
1,0.11695394219395433,-0.022368191276989455
1,0.12566134685507416,-0.022124827371995337
1,0.13437828963917944,-0.01829698149973002
1,0.14310545534030905,-0.018023183169096468
1,0.15184353428158312,0.0072581296262139855
1,0.16059322271497664,0.036259496613999326
1,0.16935522322958768,0.03771162217329742
1,0.17813024516904297,0.041924100095465974
1,0.18691900505871353,0.04939239672040332
1,0.195722227043441,0.05314667547795487
1,0.20454064333650201,0.07584163969691968
1,0.21337499468057428,0.07793644156003746
1,0.2222260308214988,0.08111289335384135
1,0.23109451099567302,0.08746780373124882
1,0.23998120443194842,0.13089001806151215
1,0.24888689086895033,0.13162443056366402
1,0.2578123610887839,0.1389679927771021
1,0.2667584174681406,0.14067913673807014
1,0.27572587454787423,0.14156622572781688
1,0.2847155596221723,0.14645849432024924
1,0.29372831334851407,0.15843477081623666
1,0.3027649903796673,0.17976617206217962
1,0.3118264600190582,0.1990497586286516
1,0.32091360690091714,0.20520535111869428
1,0.3300273316966921,0.2069529269791947
1,0.33916855184931055,0.2164029537924378
1,0.3483382023369674,0.22374258091270322
1,0.35753723646822033,0.2274214740164721
1,0.3667666267102905,0.23807418599416635
1,0.37602736555258137,0.23919082789222237
1,0.38532046640756773,0.2533055369700682
1,0.39464696455134063,0.2585788454752655
1,0.4040079181062539,0.28592698393115534
1,0.41340440906827775,0.2879425428335841
1,0.42283754438184645,0.2932138972371697
1,0.4323084570651808,0.32050965621655686
1,0.4418183073892738,0.3232158770389927
1,0.45136828411395463,0.32744598989044565
1,0.46095960578469525,0.3323734140733997
1,0.470593522094088,0.33723361548776815
1,0.4802713153122125,0.35163163873954856
1,0.4899943017904281,0.3619275044701579
1,0.4997638335434672,0.36658581150703134
1,0.5095812999150835,0.3725979661404562
1,0.5194481293329095,0.38662988888530336
1,0.529365791158628,0.3989518293432443
1,0.5393357976400425,0.40150508691390047
1,0.5493597059721634,0.42788695721394465
1,0.5594391204750055,0.4315173593049854
1,0.569575694896427,0.4400281469207196
1,0.5797711348490351,0.446389325152416
1,0.5900272003909486,0.4630505941025749
1,0.6003457087610446,0.46596210013384465
1,0.6107285372802367,0.48128499514206885
1,0.6211776264313528,0.48425686555373193
1,0.6316949831312967,0.4866872472472937
1,0.6422826842104109,0.49464121413543166
1,0.6529428801153262,0.5041631095753496
1,0.6636777988530963,0.5057607231530145
1,0.6744897501960817,0.5057755359208767
1,0.6853811301689137,0.5086587486842841
1,0.6963544258409218,0.5168256074682949
1,0.707412220449714,0.5183426184709206
1,0.7185571988841455,0.5253229191861324
1,0.7297921535577713,0.5279697380540234
1,0.7411199907070674,0.5411642921279205
1,0.7525437371522696,0.5602165131179566
1,0.7640665475626874,0.5682395220597728
1,0.7756917122728384,0.5729021677953868
1,0.7874226657008149,0.5752309750579684
1,0.7992629954259806,0.5873431348724315
1,0.811216451989547,0.5916808284270745
1,0.823286959488847,0.6058059420095236
1,0.8354786270443826,0.6532449989941039
1,0.8477957612280971,0.6622779256075844
1,0.8602428795519917,0.6907636980961107
1,0.8728247251283807,0.708946319526617
1,0.8855462826269906,0.7164364958476672
1,0.898412795670061,0.7376993003286891
1,0.9114297858249173,0.7483381377192374
1,0.9246030733745816,0.7490781917690861
1,0.9379388000713414,0.7631295392863117
1,0.9514434541063873,0.7726190889937145
1,0.9651238975613528,0.7828153588809609
1,0.9789873966457007,0.7962859923144557
1,0.9930416550683755,0.8517442539963772
1,1.0072948509442619,0.8633970494687808
1,1.0217556776972352,0.8805806370761773
1,1.0364333894937898,0.8878174992180441
1,1.0513378518266911,0.8950080273443127
1,1.0664795979695922,0.9051019979471517
1,1.0818698921445475,0.9373913371721359
1,1.0975208003892176,0.9389620147743114
1,1.1134452702847146,0.9477430987391678
1,1.129657220915282,0.9624448650318825
1,1.146171644686111,1.0710388560620834
1,1.1630047229365417,1.0822780364052098
1,1.1801739576669186,1.092837445888461
1,1.1976983221667605,1.0930768349332358
1,1.215598433913494,1.100205565816599
1,1.2338967538358894,1.1158260300608436
1,1.2526178169457283,1.1201363520223586
1,1.2717885004896494,1.1677866567549176
1,1.2914383372340221,1.1927188009996228
1,1.311599883368101,1.2295261748746626
1,1.332309152930328,1.2415835838619282
1,1.353606133816489,1.281194100623249
1,1.3755354045777306,1.285395869602797
1,1.3981468767300484,1.3039137159660446
1,1.421496694702443,1.400888912879262
1,1.4456483356133487,1.4016957471292089
1,1.4706739649098826,1.411051286663217
1,1.4966561232144875,1.4397105493231963
1,1.5236898470584141,1.6101240587178418
1,1.55188536550897,1.6331868963284488
1,1.5813715722973933,1.6915131104564272
1,1.612300559094845,1.7908980049231709
1,1.6448536269514722,1.976662639330793
1,1.6792493984507084,1.9945514664729023
1,1.715754983683681,2.104808944756701
1,1.7547017016023168,2.1875077010201074
1,1.796507801381234,2.220505673280497
1,1.8417123183988295,2.2551554102624465
1,1.8910273779271052,2.307637507321933
1,1.94542259138441,2.4070827445201854
1,2.006268712965559,2.4539097052659358
1,2.0755992109775123,2.577679414356423
1,2.1566302865576827,2.7118696234907738
1,2.254926684870381,2.737337569836825
1,2.381519469970483,2.9277998003025
1,2.5640847689868846,4.050188037568634
1,2.924664667246821,4.74177428887567
2,-3.1340460549238336,-3.165845765965233
2,-2.796095349240831,-2.925783262160404
2,-2.626741101840481,-2.592364825438757
2,-2.5101214201853534,-2.588045554266801
2,-2.4200765209647184,-2.4528402599808263
2,-2.346208059725656,-2.339151172688189
2,-2.2832814819177067,-2.0173024451452326
2,-2.228276701991699,-1.9480719504486592
2,-2.1792871283113513,-1.8899774760832617
2,-2.1350292532516084,-1.875239991577806
2,-2.0945962759309356,-1.8232249546908352
2,-2.0573229372569615,-1.7377597621370773
2,-2.0227061905611015,-1.7220298985985827
2,-1.990356082419377,-1.7142092384680783
2,-1.9599639845400545,-1.7076754034196362
2,-1.931281290201915,-1.7067335377135473
2,-1.9041046846629968,-1.696452889777075
2,-1.8782656907734843,-1.6874565276359643
2,-1.853623078738515,-1.6802052912968115
2,-1.830057244918966,-1.6343149100131467
2,-1.807465975336091,-1.615935723116703
2,-1.7857612026806786,-1.6055693394381583
2,-1.7648664890032641,-1.599296876876477
2,-1.7447150470278914,-1.5667971460373549
2,-1.7252481670746929,-1.5620663372498598
2,-1.70641395345845,-1.5076345961101585
2,-1.6881662998538043,-1.4939706692078862
2,-1.6704640512112932,-1.4884545554404685
2,-1.653270312775606,-1.4671374253307554
2,-1.636551876178293,-1.4484839334111648
2,-1.6202787395078175,-1.4415020141772403
2,-1.6044237034179507,-1.438013995596065
2,-1.588962029215856,-1.4243580449425377
2,-1.5738711478196024,-1.3980879892356373
2,-1.5591304107360098,-1.395043731144534
2,-1.5447208759590012,-1.379778571608837
2,-1.5306251230529655,-1.3706095070834348
2,-1.5168270927578344,-1.3469497607775922
2,-1.5033119473013081,-1.3443202029000143
2,-1.4900659482800527,-1.3355296491136597
2,-1.4770763495141495,-1.3160113197959689
2,-1.4643313027167966,-1.286696049141692
2,-1.451819774176458,-1.2700202788016812
2,-1.4395314709384563,-1.2572265359365933
2,-1.4274567752106773,-1.255666248918297
2,-1.4155866859139181,-1.2535703923968784
2,-1.4039127664595688,-1.2366664487532313
2,-1.3924270979721793,-1.228184891357831
2,-1.3811222372871037,-1.2252793172882845
2,-1.3699911791478305,-1.220730301654147
2,-1.3590273221071159,-1.2106320659915624
2,-1.3482244377032044,-1.2106206512531306
2,-1.3375766425393683,-1.2105454435909155
2,-1.3270783729434164,-1.2062175469388374
2,-1.316724361925222,-1.2006587444846872
2,-1.306509618185678,-1.199470715447609
2,-1.296429406960918,-1.1849009123554244
2,-1.2864792325118193,-1.1821879664080008
2,-1.2766548220914116,-1.1818138169931467
2,-1.2669521112424227,-1.1732779704299956
2,-1.2573672302941625,-1.1723304915927015
2,-1.247896491942778,-1.166306018306548
2,-1.2385363798118043,-1.14624578981703
2,-1.229283537901233,-1.1442555093842546
2,-1.2201347608432256,-1.1396658058702123
2,-1.21108698489128,-1.1371040630713107
2,-1.2021372795773155,-1.1348768912746467
2,-1.1932828399778954,-1.1173830790871158
2,-1.1845209795367704,-1.0852932075304333
2,-1.1758491233962005,-1.0729056083034911
2,-1.1672648021942027,-1.0691426622052822
2,-1.1587656462890474,-1.0639989048254546
2,-1.1503493803760079,-1.0579079494158843
2,-1.1420138184647024,-1.0433543621099703
2,-1.133756859188293,-1.0421806217502112
2,-1.1255764814184732,-1.0404567544219243
2,-1.1174707401625192,-1.0386987961662515
2,-1.1094377627208294,-1.0121120042039047
2,-1.1014757450852515,-1.0108704506383055
2,-1.0935829485602606,-1.0075658889375303
2,-1.085757696590548,-1.0041660985506218
2,-1.0779983717800248,-0.9850145837888624
2,-1.0703034130884748,-0.9812694031875555
2,-1.0626713131932553,-0.9712961158698414
2,-1.0551006160044538,-0.96875755832235
2,-1.0475899143228857,-0.9643264482504001
2,-1.0401378476311307,-0.9500718173575511
2,-1.0327431000086083,-0.9488582062782763
2,-1.0254043981623868,-0.941684025789207
2,-1.0181205095660664,-0.9322434428906685
2,-1.0108902406996654,-0.928686197624813
2,-1.0037124353839657,-0.9224618569644917
2,-0.9965859732032806,-0.9145309115198389
2,-0.989509768011034,-0.9060683281065589
2,-0.9824827665129732,-0.8916716715925598
2,-0.9755039469231928,-0.8915488473450566
2,-0.9685723176885143,-0.8744919250408938
2,-0.9616869162770585,-0.8690878340872449
2,-0.9548468080271675,-0.8580780437821732
2,-0.9480510850530744,-0.8552840517464078
2,-0.9412988652039895,-0.8537391852059099
2,-0.9345892910734802,-0.8518208244782218
2,-0.9279215290562494,-0.8487028688543241
2,-0.9212947684495975,-0.8293771576370935
2,-0.9147082205970388,-0.8153182068113999
2,-0.908161118071714,-0.8146149056938851
2,-0.9016527138973812,-0.813916209696338
2,-0.8951822808049228,-0.8084347397660099
2,-0.888749110522432,-0.8056601947372048
2,-0.8823525130970615,-0.8006092069694027
2,-0.8759918162469413,-0.7676123270843804
2,-0.8696663647415641,-0.7637993903352249
2,-0.863375519809146,-0.7566741180326699
2,-0.8571186585695586,-0.7537506170127377
2,-0.850895173491506,-0.7458574210645449
2,-0.8447044718727149,-0.7455210660832137
2,-0.8385459753419597,-0.7363558062057046
2,-0.8324191193818352,-0.7288376061914538
2,-0.8263233528712303,-0.7226551022537856
2,-0.8202581376465385,-0.7212072641642591
2,-0.8142229480806817,-0.7175167073592305
2,-0.8082172706790774,-0.7132435615974542
2,-0.8022406036917402,-0.7114142209005886
2,-0.7962924567407376,-0.707256292989903
2,-0.7903723504622757,-0.7067266268551319
2,-0.7844798161627244,-0.7041213365209795
2,-0.7786143954879328,-0.6978299548513809
2,-0.7727756401052134,-0.6797665217865765
2,-0.7669631113974229,-0.6793825588401966
2,-0.7611763801685737,-0.678333481831138
2,-0.7554150263604693,-0.6657286530935312
2,-0.749678638779853,-0.6656903203355282
2,-0.7439668148356152,-0.6622117413858273
2,-0.7382791602856027,-0.653227294742982
2,-0.7326152889926163,-0.6457278512651234
2,-0.7269748226891904,-0.6457181256372349
2,-0.7213573907507789,-0.6455880747128527
2,-0.7157626299769817,-0.6443567564364131
2,-0.7101901843804738,-0.6442332732876057
2,-0.7046397049833054,-0.6357796012735939
2,-0.6991108496202686,-0.6248274893175385
2,-0.6936032827490297,-0.6215187489144062
2,-0.6881166752667506,-0.619604050157059
2,-0.6826507043329335,-0.6186092417123326
2,-0.6772050531982268,-0.6144718431803818
2,-0.6717794110389601,-0.6116243844669211
2,-0.6663734727971684,-0.6115938293594937
2,-0.6609869390258921,-0.6060251009022386
2,-0.655619515739538,-0.5978389321347394
2,-0.650270914269104,-0.5889354150452286
2,-0.6449408511220758,-0.5866659815845302
2,-0.6396290478468126,-0.5805048691148785
2,-0.6343352309012485,-0.579806466145991
2,-0.6290591315257431,-0.5742802187058289
2,-0.6238004856199215,-0.5729847932729825
2,-0.6185590336233546,-0.5693624921096737
2,-0.6133345203999311,-0.5608902015608016
2,-0.6081266951257851,-0.5603848285616808
2,-0.6029353111806449,-0.554172259193542
2,-0.5977601260424784,-0.5444107785568707
2,-0.5926009011853096,-0.5386569450362501
2,-0.5874574019800943,-0.536675568101525
2,-0.5823293975985399,-0.535043690960472
2,-0.5772166609197653,-0.5270287729399066
2,-0.5721189684396977,-0.5267783779781462
2,-0.5670361001831069,-0.5083756877378023
2,-0.5619678396181853,-0.5076617447181545
2,-0.556913973573583,-0.5059237698882524
2,-0.55187429215781,-0.5058202559496928
2,-0.5468485886809257,-0.5027651588452765
2,-0.5418366595784322,-0.50007111696639
2,-0.5368383043372993,-0.49734387486724374
2,-0.5318533254240444,-0.48183151811924363
2,-0.5268815282147984,-0.4807057890533469
2,-0.5219227209272906,-0.48011425415447456
2,-0.5169767145546864,-0.4786348125924931
2,-0.5120433228012155,-0.47696303666755824
2,-0.5071223620195316,-0.4763051523248212
2,-0.502213651149745,-0.4749135053725357
2,-0.4973170116600724,-0.4714713269944658
2,-0.49243226748905145,-0.470808709710992
2,-0.4875592449892678,-0.46193163850454166
2,-0.48269777287254506,-0.4541588970311915
2,-0.4778476821565518,-0.4394862098868281
2,-0.473008806112777,-0.4390200501030608
2,-0.46818098021583243,-0.4344640620206084
2,-0.46336404209403736,-0.43308218011811117
2,-0.45855783148124635,-0.43211506433026975
2,-0.45376219016987945,-0.4259049716361629
2,-0.4489769619651173,-0.41482614996436723
2,-0.44420199264022425,-0.4146567713700331
2,-0.4394371298929641,-0.41241047455573226
2,-0.43468222330307466,-0.40093355628054067
2,-0.4299371242907679,-0.3930210634512419
2,-0.42520168607622333,-0.392909405291035
2,-0.4204757636400462,-0.3888450708953164
2,-0.4157592136846575,-0.3878551144855375
2,-0.4110518945965903,-0.3784276814490465
2,-0.4063536664096628,-0.37803533852083143
2,-0.40166439076900295,-0.3768971358254075
2,-0.3969839308958972,-0.3683079976245288
2,-0.39231215155344024,-0.367408408139465
2,-0.38764891901296056,-0.36128906245309605
2,-0.3829941010211985,-0.3553452041916743
2,-0.3783475667682156,-0.3417156435244567
2,-0.3737091868560115,-0.3379434948052495
2,-0.36907883326782925,-0.32855368171560917
2,-0.36445637933812736,-0.3235653378975297
2,-0.35984169972320024,-0.3225499446471167
2,-0.35523467037242595,-0.31943497575864566
2,-0.35063516850012455,-0.3098661773165416
2,-0.3460430725580094,-0.3082475219916897
2,-0.3414582622082123,-0.308159337244228
2,-0.33688061829686644,-0.3024651312194702
2,-0.3323100228282332,-0.3023887104599251
2,-0.32774635893935244,-0.3011755710566105
2,-0.3231895108752058,-0.2967722934652278
2,-0.31863936396437514,-0.29665846993451606
2,-0.31409580459518266,-0.2876508103106083
2,-0.30955872019229924,-0.2868802702413895
2,-0.3050279991938068,-0.2845612285435336
2,-0.30050353102870225,-0.2833567016914509
2,-0.2959852060948297,-0.2826272730024603
2,-0.29147291573722883,-0.28207797647006655
2,-0.28696655222688777,-0.28121452665711827
2,-0.2824660087398883,-0.26961015411666617
2,-0.2779711793369326,-0.26634903690641115
2,-0.2734819589432397,-0.2633237003535755
2,-0.26899824332880246,-0.26316780720423616
2,-0.26451992908899336,-0.2631527993253572
2,-0.26004691362550925,-0.2615736646572367
2,-0.2555790951276458,-0.2606181721123765
2,-0.25111637255389174,-0.2594150169728162
2,-0.2466586456138334,-0.25745876254459443
2,-0.24220581475036126,-0.2546978837870192
2,-0.2377577811221687,-0.25335768097473405
2,-0.2333144465865352,-0.252627916895679
2,-0.22887571368238524,-0.247238182736469
2,-0.2244414856136151,-0.2428071928401866
2,-0.22001166623267907,-0.24128875727805751
2,-0.21558616002442804,-0.23710925352823853
2,-0.21116487209019236,-0.23701274140381287
2,-0.20674770813210244,-0.23690444288903037
2,-0.20233457443763794,-0.23606595567804223
2,-0.1979253778644023,-0.2351780993727458
2,-0.19352002582511138,-0.23477405252596958
2,-0.18911842627279252,-0.22709347599258456
2,-0.18472048768618682,-0.22543677234405538
2,-0.18032611905534757,-0.22215424297621508
2,-0.17593522986742968,-0.22023936368096309
2,-0.17154773009266308,-0.21359549235603226
2,-0.1671635301705048,-0.2133155919717907
2,-0.1627825409959635,-0.21288292848065316
2,-0.15840467390609117,-0.20909220691273533
2,-0.15402984066663591,-0.2062883290637291
2,-0.14965795345885083,-0.20510844515110357
2,-0.14528892486645334,-0.20138580516906934
2,-0.14092266786272986,-0.20010698036512592
2,-0.13655909579778075,-0.1980400934916207
2,-0.1321981223858996,-0.1863575572858547
2,-0.12783966169308422,-0.1859874978927334
2,-0.12348362812467135,-0.18120204105467305
2,-0.11912993641309276,-0.17903712906736746
2,-0.11477850160574682,-0.17789923367600063
2,-0.11042923905298141,-0.1762118335052401
2,-0.10608206439618352,-0.17234783577076615
2,-0.10173689355597082,-0.17119772829252947
2,-0.09739364272048129,-0.16748259447902183
2,-0.09305222833375605,-0.16316538736271738
2,-0.08871256708421156,-0.16223438233272283
2,-0.0843745758931967,-0.15741992058408225
2,-0.08003817190363056,-0.15584832846566102
2,-0.0757032724687171,-0.1489266769911723
2,-0.07136979514073237,-0.1446244683785722
2,-0.06703765765988054,-0.13940360437358576
2,-0.06270677794321385,-0.13348082838381237
2,-0.05837707407361475,-0.1323400995639262
2,-0.05404846428883364,-0.1243469860349531
2,-0.049720866970580174,-0.11364575765862737
2,-0.04539420063366378,-0.11035694599902063
2,-0.04106838391517962,-0.10901935319669262
2,-0.03674333556373627,-0.09820361530779353
2,-0.032418974428721374,-0.09121477677825292
2,-0.028095219449601673,-0.09012987085191033
2,-0.023771989645253608,-0.08875059927216926
2,-0.019449204103320954,-0.08446016638434715
2,-0.015126781969595786,-0.07904820328479766
2,-0.010804642437419201,-0.0782545356074718
2,-0.0064827047370981565,-0.07823657475698712
2,-0.002160888125334842,-0.07130220840739875
2,0.002160888125334842,-0.06326566177986093
2,0.006482704737098296,-0.06142789566679065
2,0.010804642437419201,-0.057842171842087765
2,0.015126781969595925,-0.05347804459794157
2,0.019449204103320954,-0.048262656196490616
2,0.023771989645253747,-0.047828097326340684
2,0.028095219449601673,-0.040617363846056104
2,0.03241897442872151,-0.03541032789700687
2,0.03674333556373627,-0.03220950116240194
2,0.04106838391517948,-0.027043651478307396
2,0.04539420063366378,-0.022319567547937548
2,0.049720866970580035,-0.020421509481618284
2,0.05404846428883364,-0.02005794892824455
2,0.05837707407361461,-0.01991147900432439
2,0.06270677794321385,-0.019831352451326677
2,0.0670376576598804,-0.017968531860912296
2,0.07136979514073251,-0.013801554217641643
2,0.0757032724687171,-0.013608583473736249
2,0.0800381719036307,-0.012724546733300732
2,0.0843745758931967,-0.0120374750063153
2,0.0887125670842117,-0.01035811459964994
2,0.09305222833375605,-0.003359859791871239
2,0.09739364272048143,-0.0026969046676632953
2,0.10173689355597082,0.0073644385929209
2,0.10608206439618338,0.008900408086136572
2,0.11042923905298141,0.011690685962379987
2,0.11477850160574668,0.012466490882102948
2,0.11912993641309276,0.018289746245848976
2,0.12348362812467122,0.018756251693532285
2,0.12783966169308422,0.019336268312952633
2,0.13219812238589945,0.019921603560961294
2,0.13655909579778075,0.02186642799414542
2,0.14092266786272986,0.024772651611047424
2,0.14528892486645348,0.026642488119453016
2,0.14965795345885083,0.03393441955309172
2,0.15402984066663605,0.03562235738932585
2,0.15840467390609117,0.037994524038308775
2,0.16278254099596368,0.05258098983160998
2,0.1671635301705048,0.054244186297961655
2,0.17154773009266322,0.0579072471022803
2,0.17593522986742968,0.05790982098061391
2,0.18032611905534743,0.06469202902060588
2,0.18472048768618682,0.07146077347921322
2,0.18911842627279238,0.07404781199856468
2,0.19352002582511138,0.08636073087980878
2,0.19792537786440217,0.08670469477574744
2,0.20233457443763794,0.08939394444553016
2,0.20674770813210228,0.09283202677669398
2,0.2111648720901925,0.10897377548873118
2,0.21558616002442804,0.116858098372885
2,0.2200116662326792,0.11699331252142597
2,0.2244414856136151,0.11912935163774774
2,0.22887571368238538,0.12072611260153493
2,0.2333144465865352,0.1213157337117876
2,0.23775778112216883,0.12430337348976528
2,0.24220581475036126,0.12633520486995142
2,0.24665864561383327,0.1318934030324575
2,0.25111637255389174,0.13570374453824938
2,0.25557909512764565,0.13853048120678985
2,0.26004691362550925,0.13875551963675647
2,0.2645199290889932,0.14043722442215983
2,0.26899824332880246,0.1404907274636992
2,0.2734819589432395,0.14557637440379972
2,0.2779711793369326,0.14622642256722695
2,0.2824660087398883,0.1479605526464013
2,0.2869665522268879,0.1677852646392563
2,0.29147291573722883,0.16803986236110968
2,0.2959852060948298,0.1713530699547334
2,0.30050353102870225,0.17556989600788162
2,0.3050279991938069,0.181298868527805
2,0.30955872019229924,0.18958349559180104
2,0.3140958045951828,0.1899908842487931
2,0.31863936396437514,0.19462572086506097
2,0.32318951087520564,0.20390899765317755
2,0.32774635893935244,0.20996371665531963
2,0.332310022828233,0.23434348420187148
2,0.33688061829686644,0.24461639518750364
2,0.34145826220821207,0.25271353142623
2,0.3460430725580094,0.25771333531425356
2,0.3506351685001244,0.2609246696455897
2,0.35523467037242595,0.26144294268319423
2,0.35984169972320024,0.26638906568398896
2,0.3644563793381275,0.26744837949857236
2,0.36907883326782925,0.2678947713442227
2,0.3737091868560117,0.2681874938502964
2,0.3783475667682156,0.2714560396149571
2,0.38299410102119874,0.2731391100375797
2,0.38764891901296056,0.27981904805470775
2,0.3923121515534404,0.28055548859724794
2,0.3969839308958972,0.2811641942456513
2,0.4016643907690028,0.29115357109888795
2,0.4063536664096628,0.2959424767625387
2,0.4110518945965901,0.29720954012425865
2,0.4157592136846575,0.30044652350553624
2,0.4204757636400461,0.30075143559373035
2,0.42520168607622333,0.30322757076828055
2,0.4299371242907677,0.30415964597087636
2,0.43468222330307477,0.3077476951690886
2,0.4394371298929641,0.32560462342809726
2,0.44420199264022436,0.32635604999831014
2,0.4489769619651173,0.32825930477954446
2,0.45376219016987956,0.3348217017595114
2,0.45855783148124635,0.3385099000201177
2,0.46336404209403753,0.3426674567936924
2,0.46818098021583243,0.3480972543607732
2,0.4730088061127769,0.3522923729749351
2,0.4778476821565518,0.35522374050052324
2,0.48269777287254484,0.35705088037709803
2,0.4875592449892678,0.3592555827360984
2,0.49243226748905133,0.36383310066483726
2,0.4973170116600724,0.3737451870402155
2,0.5022136511497449,0.3834902810716786
2,0.5071223620195316,0.3895098080756754
2,0.5120433228012155,0.39156451582693547
2,0.5169767145546865,0.3919407236771584
2,0.5219227209272906,0.4041267877342917
2,0.5268815282147986,0.4044788711526991
2,0.5318533254240444,0.40732653113053996
2,0.5368383043372994,0.407695824560447
2,0.5418366595784322,0.4080492118355617
2,0.5468485886809258,0.41019916065078293
2,0.55187429215781,0.41082046052792115
2,0.5569139735735829,0.41133348819628984
2,0.5619678396181853,0.41316330966724923
2,0.5670361001831067,0.41984439962468173
2,0.5721189684396977,0.4233665526325772
2,0.5772166609197651,0.4308573373944577
2,0.5823293975985399,0.43185013362515495
2,0.5874574019800942,0.4381139809090147
2,0.5926009011853098,0.43917676368839315
2,0.5977601260424784,0.44597993116912327
2,0.6029353111806451,0.44625382486722287
2,0.6081266951257851,0.44675121871791773
2,0.6133345203999313,0.4562556192763832
2,0.6185590336233546,0.4627952255442728
2,0.6238004856199217,0.4667587334713079
2,0.6290591315257431,0.46998348063885287
2,0.6343352309012484,0.4749110788306612
2,0.6396290478468126,0.4766622109227049
2,0.6449408511220756,0.49842491168284625
2,0.650270914269104,0.4998423864474642
2,0.6556195157395379,0.5032978108516009
2,0.6609869390258921,0.5111314435285467
2,0.6663734727971683,0.5159658332010838
2,0.6717794110389601,0.5212173930159734
2,0.6772050531982268,0.528320537810133
2,0.6826507043329335,0.5288506036558289
2,0.6881166752667506,0.5442606560870268
2,0.6936032827490297,0.5533879156173733
2,0.6991108496202686,0.557541693928215
2,0.7046397049833057,0.558336567395789
2,0.7101901843804738,0.5616481470057515
2,0.7157626299769819,0.5656957815172259
2,0.7213573907507789,0.5669481557972904
2,0.7269748226891902,0.5671258451957271
2,0.7326152889926163,0.5817164225050266
2,0.7382791602856026,0.5911940623671962
2,0.7439668148356152,0.6072744411610937
2,0.749678638779853,0.6260287125961237
2,0.7554150263604693,0.6296132081258281
2,0.7611763801685737,0.6325796843966509
2,0.7669631113974229,0.6329978896733244
2,0.7727756401052134,0.6372333353495829
2,0.7786143954879328,0.6476932542717471
2,0.7844798161627244,0.654704930790875
2,0.7903723504622759,0.6647584628340696
2,0.7962924567407376,0.6652506905649912
2,0.8022406036917403,0.6736955462174209
2,0.8082172706790774,0.6851360569612106
2,0.8142229480806814,0.6875677588280247
2,0.8202581376465385,0.690829172561396
2,0.82632335287123,0.6941614866269381
2,0.8324191193818352,0.6975749907964444
2,0.8385459753419597,0.6979461282221936
2,0.8447044718727149,0.7060251191665405
2,0.850895173491506,0.7229054899749092
2,0.8571186585695586,0.7310882372317111
2,0.863375519809146,0.7370286526258353
2,0.8696663647415641,0.7396156791707391
2,0.8759918162469413,0.7450953383342466
2,0.8823525130970615,0.7476903244965355
2,0.888749110522432,0.7479379055995866
2,0.8951822808049229,0.7507716360052914
2,0.9016527138973812,0.7528030860793493
2,0.9081611180717142,0.7565062382081896
2,0.9147082205970388,0.7570637357869898
2,0.9212947684495972,0.7647730948273236
2,0.9279215290562494,0.7665827150635826
2,0.93458929107348,0.7710671879691176
2,0.9412988652039895,0.7712289101713327
2,0.9480510850530744,0.7779379004397222
2,0.9548468080271675,0.7810328070504657
2,0.9616869162770585,0.7957833745409157
2,0.9685723176885143,0.797180298274657
2,0.9755039469231928,0.7983007775187111
2,0.9824827665129732,0.8078663448716068
2,0.989509768011034,0.8316572479768951
2,0.9965859732032808,0.8322572318183024
2,1.0037124353839657,0.857002449763585
2,1.0108902406996656,0.8700684230293616
2,1.0181205095660664,0.874967932332564
2,1.0254043981623866,0.8773428168609083
2,1.0327431000086083,0.9106795166481637
2,1.0401378476311307,0.9131093786444873
2,1.0475899143228857,0.9172727794378079
2,1.0551006160044538,0.9213529076505312
2,1.0626713131932553,0.9214218212737736
2,1.0703034130884748,0.9316822918692113
2,1.0779983717800248,0.9342197691811756
2,1.085757696590548,0.936312350529885
2,1.0935829485602606,0.9679608548131854
2,1.1014757450852515,0.984188656005697
2,1.1094377627208294,0.9965758969914269
2,1.1174707401625192,1.0093472794729017
2,1.1255764814184732,1.0178044322575672
2,1.133756859188293,1.0299010479038548
2,1.142013818464703,1.046655724806022
2,1.1503493803760079,1.0594375686811839
2,1.1587656462890474,1.0645948005920036
2,1.1672648021942027,1.068953675845601
2,1.1758491233962005,1.0765314306450995
2,1.1845209795367704,1.0861954568406513
2,1.1932828399778954,1.0888202313461277
2,1.2021372795773155,1.0914155421176073
2,1.21108698489128,1.1067150033261757
2,1.2201347608432256,1.1107866468885397
2,1.2292835379012321,1.124824057081662
2,1.2385363798118043,1.127782357279765
2,1.247896491942778,1.1292728428705423
2,1.2573672302941632,1.152384211352473
2,1.2669521112424227,1.1615600277889195
2,1.2766548220914125,1.1743904285422426
2,1.2864792325118193,1.1801080186230466
2,1.2964294069609186,1.1961200353629275
2,1.306509618185678,1.2200362656094044
2,1.3167243619252216,1.2387885134834138
2,1.3270783729434164,1.2455262003397587
2,1.3375766425393683,1.2505277963241646
2,1.3482244377032044,1.2573933265723585
2,1.3590273221071152,1.2579472833404435
2,1.369991179147831,1.2653695251812578
2,1.3811222372871037,1.2902759472887944
2,1.3924270979721796,1.2950760498959442
2,1.4039127664595688,1.303795213807095
2,1.4155866859139188,1.310126658891848
2,1.4274567752106773,1.3257520728209686
2,1.4395314709384563,1.3345232616117684
2,1.451819774176458,1.3419473778672422
2,1.4643313027167966,1.4026178154701303
2,1.4770763495141495,1.423658028718284
2,1.4900659482800522,1.4385295336711177
2,1.5033119473013081,1.4507313869100473
2,1.5168270927578338,1.4512349397722089
2,1.5306251230529655,1.4752152314954485
2,1.5447208759590003,1.4859603655187277
2,1.5591304107360102,1.5836160229560337
2,1.5738711478196024,1.5910833574958545
2,1.588962029215856,1.6120897592142864
2,1.6044237034179507,1.6199059951492334
2,1.620278739507818,1.6214706434565884
2,1.636551876178293,1.6232842861751664
2,1.6532703127756065,1.6735100386371098
2,1.6704640512112932,1.7211626654908283
2,1.688166299853805,1.8050757678772091
2,1.70641395345845,1.833758506196518
2,1.7252481670746935,1.8688990054781078
2,1.7447150470278914,1.8762310094701555
2,1.7648664890032641,1.8924182653274093
2,1.7857612026806786,1.9451206517572874
2,1.8074659753360907,2.049062858129724
2,1.830057244918966,2.053498685796096
2,1.8536230787385144,2.090335951406528
2,1.878265690773485,2.0917802598146573
2,1.904104684662996,2.1067629557276684
2,1.9312812902019152,2.1283123426101973
2,1.959963984540054,2.168198152642016
2,1.9903560824193776,2.1746844788218325
2,2.0227061905611015,2.1957831380194044
2,2.0573229372569624,2.29439515872008
2,2.0945962759309356,2.2978898492386235
2,2.1350292532516093,2.389972317125068
2,2.1792871283113513,2.5130306539392326
2,2.228276701991698,2.5533572332708725
2,2.283281481917707,2.6627116597967206
2,2.3462080597256545,2.787710724190682
2,2.420076520964719,3.0631302808103826
2,2.5101214201853512,3.5025462312750246
2,2.6267411018404823,4.452974233508703
2,2.7960953492408276,4.589854723723593
2,3.1340460549238425,6.589588191686898
3,-3.251141763106243,-3.3512420377968812
3,-2.9246646672468115,-3.184856453680463
3,-2.761870524366663,-2.8743929277546707
3,-2.6501343426056856,-2.7324865042869986
3,-2.5640847689868815,-2.6394430394291613
3,-2.4936510316086347,-2.438686302133091
3,-2.4337689773993825,-2.326423468115153
3,-2.3815194699704816,-2.2269698263659516
3,-2.3350610848080455,-2.154398227516126
3,-2.2931550415485504,-2.1085612098394733
3,-2.25492668487038,-2.0881309225620424
3,-2.2197347040992454,-2.084064259079553
3,-2.1870944162461354,-2.019695634419692
3,-2.1566302865576823,-1.9210061163262748
3,-2.128045234184984,-1.879013284414267
3,-2.1011000569961626,-1.8690494439666876
3,-2.0755992109775123,-1.8375494038931321
3,-2.0513807207083183,-1.8268888463117063
3,-2.0283088565020293,-1.8221528508853522
3,-2.006268712965559,-1.8208401483152725
3,-1.985162124306712,-1.7674894272150827
3,-1.9649045384628596,-1.749518010009512
3,-1.94542259138441,-1.7272337704409022
3,-1.9266522008582085,-1.6891213543165096
3,-1.9085370514696347,-1.6760040786889772
3,-1.8910273779271052,-1.6466035379795088
3,-1.8740789787173866,-1.6450599359541198
3,-1.8576524095291025,-1.6400230461150267
3,-1.8417123183988295,-1.6388687550398207
3,-1.826226893626044,-1.616177438727206
3,-1.811167402190444,-1.6150371640888463
3,-1.796507801381234,-1.605085360426097
3,-1.7822244100905809,-1.589635673071897
3,-1.7682956290667198,-1.5880599182997135
3,-1.7547017016023168,-1.58764617522787
3,-1.7414245078200017,-1.5728232496117975
3,-1.72844738703195,-1.5598354018728426
3,-1.7157549836836816,-1.5576735914631676
3,-1.7033331132099754,-1.545947295401101
3,-1.6911686447824303,-1.539594963522505
3,-1.679249398450709,-1.5138113578930201
3,-1.667564054601043,-1.5079105097218806
3,-1.6561020739976176,-1.5042739704357644
3,-1.6448536269514729,-1.4918595919427637
3,-1.6338095303903444,-1.491615872086653
3,-1.622961191791394,-1.4910668372027949
3,-1.612300559094845,-1.4889629236720288
3,-1.6018200758463061,-1.4871224455731202
3,-1.591512640923928,-1.484410297418144
3,-1.581371572297393,-1.4554403798846034
3,-1.5713905743422025,-1.4383098337340072
3,-1.561563708297316,-1.4267490111374437
3,-1.55188536550897,-1.410185428493596
3,-1.5423502431500735,-1.3933702227454192
3,-1.5329533221443514,-1.3725918723439232
3,-1.5236898470584141,-1.3686767334596261
3,-1.5145553077541825,-1.3565977742354713
3,-1.5055454226192488,-1.3461279166069535
3,-1.4966561232144875,-1.3158949046116863
3,-1.4878835401970534,-1.3079169930244163
3,-1.47922399039324,-1.3050359785762686
3,-1.4706739649098826,-1.2937203503732901
3,-1.4622301181853967,-1.2899359785737057
3,-1.4538892578924012,-1.289548530069925
3,-1.445648335613348,-1.2838111690388136
3,-1.4375044382189688,-1.2788496038656203
3,-1.4294547798866613,-1.2772695557532814
3,-1.421496694702443,-1.2730101568229208
3,-1.4136276297958117,-1.2716345944081642
3,-1.4058451389619313,-1.2696557621506914
3,-1.3981468767300484,-1.2486996515356363
3,-1.3905305928410507,-1.2465249093611919
3,-1.382994127100638,-1.242767237023894
3,-1.3755354045777306,-1.2347562791468156
3,-1.368152431120594,-1.2085662476077788
3,-1.360843289165686,-1.2080166059937927
3,-1.353606133816489,-1.1967624258541463
3,-1.3464391891716574,-1.187648094354501
3,-1.3393407448836026,-1.178475865429599
3,-1.332309152930328,-1.1710295894800766
3,-1.3253428245847743,-1.1698221126826376
3,-1.318440227567297,-1.1618939827363213
3,-1.311599883368101,-1.1426984118093784
3,-1.3048203647275596,-1.1400757169066416
3,-1.2981002932633183,-1.1375585550159686
3,-1.2914383372340221,-1.1317615129297622
3,-1.2848332094302668,-1.128440249367037
3,-1.2782836651841771,-1.1202502353289678
3,-1.2717885004896494,-1.11629712373929
3,-1.2653465502259253,-1.1128737349961964
3,-1.2589566864777315,-1.1098796524171817
3,-1.2526178169457283,-1.109856154359428
3,-1.2463288834414736,-1.1044917244676953
3,-1.24008886046155,-1.0993950652207558
3,-1.2338967538358898,-1.0977170244934247
3,-1.227751599445688,-1.09006845244205
3,-1.2216524620066338,-1.0897245070257437
3,-1.215598433913494,-1.0897158629986923
3,-1.2095886341423494,-1.086551950228731
3,-1.203622207207061,-1.085723675478855
3,-1.1976983221667605,-1.085116583378633
3,-1.1918161716813946,-1.0797532295709533
3,-1.185974971112543,-1.0676095621570953
3,-1.1801739576669186,-1.064075779469782
3,-1.1744123895801335,-1.0628333744504208
3,-1.1686895453384702,-1.0523006219470679
3,-1.1630047229365417,-1.0474784618447481
3,-1.1573572391688702,-1.0426261390607545
3,-1.1517464289535289,-1.0283288958327608
3,-1.146171644686111,-1.0200433564699873
3,-1.1406322556224127,-1.0192225942010176
3,-1.135127647288292,-1.01557762088326
3,-1.1296572209152815,-1.0153703218636136
3,-1.1242203929006143,-1.0151542194368222
3,-1.1188165942903907,-0.9961727425046382
3,-1.1134452702847146,-0.9886150041996246
3,-1.1081058797636727,-0.977475102748213
3,-1.1027978948331099,-0.9764022197316767
3,-1.0975208003892176,-0.9741185481061716
3,-1.092274093700995,-0.9670827155932502
3,-1.0870572840097124,-0.9668079481547808
3,-1.0818698921445475,-0.9600446318782626
3,-1.0767114501536117,-0.956524106487763
3,-1.0715815009496323,-0.9538178139128204
3,-1.0664795979695922,-0.9519515248355384
3,-1.0614053048476715,-0.9446676316812276
3,-1.0563581951008638,-0.9403818364774957
3,-1.0513378518266911,-0.9352385637994912
3,-1.0463438674124452,-0.932107399202431
3,-1.0413758432554436,-0.930086548403216
3,-1.0364333894937898,-0.9264627256150814
3,-1.0315161247471727,-0.9227463964758362
3,-1.0266236758672576,-0.9222529560953964
3,-1.0217556776972352,-0.9194310416123013
3,-1.0169117728401404,-0.9161585307220078
3,-1.0120916114355434,-0.9141345689214185
3,-1.0072948509442619,-0.9133054357191082
3,-1.0025211559407472,-0.9008945611203105
3,-0.9977701979128079,-0.8953127997239759
3,-0.9930416550683758,-0.8880219432160747
3,-0.9883352121490045,-0.8869067056924966
3,-0.9836505602498274,-0.8775193763709118
3,-0.9789873966457009,-0.8735298261680606
3,-0.9743454246232868,-0.8733846771175323
3,-0.9697243533188226,-0.8711681936115179
3,-0.9651238975613528,-0.8440095875294878
3,-0.9605437777212005,-0.8433525589375741
3,-0.9559837195634723,-0.8425561675213581
3,-0.9514434541063869,-0.8410989590302669
3,-0.9469227174842507,-0.837483270264409
3,-0.9424212508148854,-0.8365882396842625
3,-0.9379388000713414,-0.8301236037094062
3,-0.9334751159577281,-0.8272817664555299
3,-0.929029953789006,-0.818552776140619
3,-0.9246030733745816,-0.8056065680027323
3,-0.9201942389055715,-0.8036034053635623
3,-0.9158032188455875,-0.8009469131397708
3,-0.9114297858249173,-0.7992583183849126
3,-0.9070737165379693,-0.796754626629091
3,-0.9027347916438648,-0.7892323265700711
3,-0.898412795670061,-0.7887003648266045
3,-0.8941075169188899,-0.7867510574086359
3,-0.889818747376914,-0.786187626363833
3,-0.8855462826269906,-0.78316032949794
3,-0.8812899217629528,-0.7783585778968822
3,-0.8770494673068103,-0.7782533293790186
3,-0.8728247251283807,-0.7736456732364385
3,-0.868615504367269,-0.7727027622678928
3,-0.8644216173571089,-0.7686161468561951
3,-0.8602428795519917,-0.7674479588618184
3,-0.8560791094550005,-0.7614468532947886
3,-0.851930128548784,-0.7608566857552406
3,-0.8477957612280971,-0.7601371991028276
3,-0.8436758347342409,-0.7571655965400236
3,-0.8395701790913377,-0.7548029712462487
3,-0.8354786270443826,-0.7484328170488952
3,-0.8314010139990077,-0.742934365525512
3,-0.8273371779629035,-0.7405877433444568
3,-0.823286959488847,-0.7371397878132061
3,-0.8192502016192759,-0.729418879167116
3,-0.8152267498323637,-0.7258802888998271
3,-0.811216451989547,-0.7210284938125027
3,-0.8072191582844558,-0.7195764050271702
3,-0.8032347211932014,-0.7151312277424909
3,-0.7992629954259806,-0.7123736188216154
3,-0.7953038378799556,-0.7081436945638618
3,-0.7913571075933618,-0.7059348198898628
3,-0.7874226657008152,-0.6906147050883601
3,-0.7835003753897741,-0.6880811170336036
3,-0.7795901018581224,-0.6821048932937088
3,-0.7756917122728386,-0.6796071013431189
3,-0.7718050757297188,-0.6752868052086315
3,-0.7679300632141192,-0.6749263936887646
3,-0.7640665475626872,-0.6740364399682928
3,-0.7602144034260551,-0.6708854492630245
3,-0.7563735072324602,-0.6684780468579
3,-0.7525437371522693,-0.6672487397761815
3,-0.7487249730633804,-0.6653927557756565
3,-0.7449170965174697,-0.6635381711165456
3,-0.7411199907070674,-0.6600683549578572
3,-0.7373335404334295,-0.6597661150731271
3,-0.733557632075192,-0.6564467642011016
3,-0.7297921535577713,-0.653989500622236
3,-0.7260369943235033,-0.6535685657587377
3,-0.7222920453024916,-0.6492993213753039
3,-0.7185571988841455,-0.6462505492900124
3,-0.7148323488893883,-0.6414062756581328
3,-0.7111173905435206,-0.6381915696150605
3,-0.707412220449714,-0.6323470249859304
3,-0.7037167365631205,-0.6307482805989104
3,-0.7000308381655824,-0.6299277867505763
3,-0.6963544258409218,-0.6281948401529563
3,-0.6926874014507949,-0.6238681418092366
3,-0.6890296681110994,-0.6230402232113517
3,-0.6853811301689137,-0.6227316155848234
3,-0.681741693179955,-0.6197636263688362
3,-0.6781112638865481,-0.6196612526890793
3,-0.6744897501960817,-0.6183449862733402
3,-0.6708770611599455,-0.6169695417397525
3,-0.6672731069529326,-0.6100236875070699
3,-0.6636777988530963,-0.6088152846831376
3,-0.6600910492220476,-0.6086287016243468
3,-0.6565127714856823,-0.5984372429378779
3,-0.6529428801153262,-0.5914085864137996
3,-0.6493812906092894,-0.5842435686708618
3,-0.6458279194748138,-0.584107019451299
3,-0.6422826842104109,-0.5833341539599958
3,-0.6387455032885732,-0.5796880118834892
3,-0.6352162961388527,-0.5719282974105738
3,-0.6316949831312967,-0.5717675016244912
3,-0.6281814855602327,-0.5667483851629088
3,-0.6246757256283897,-0.5661384870119219
3,-0.6211776264313529,-0.560219176815272
3,-0.6176871119423378,-0.5588813503360986
3,-0.6142041069972816,-0.5570950506486557
3,-0.6107285372802368,-0.554809049858615
3,-0.6072603293090661,-0.5548011383865507
3,-0.603799410421428,-0.5547480134480519
3,-0.6003457087610449,-0.5480982438851122
3,-0.5968991532642481,-0.5479950055550921
3,-0.5934596736467956,-0.546436102191847
3,-0.5900272003909488,-0.5453355539706232
3,-0.5866016647328103,-0.5449668458208534
3,-0.5831829986499097,-0.5447521164355468
3,-0.579771134849035,-0.5420296777874403
3,-0.5763660067543033,-0.5414684584258458
3,-0.5729675484954635,-0.5397260563435353
3,-0.5695756948964268,-0.5378273917612281
3,-0.56619038146402,-0.5362830621159059
3,-0.5628115443769539,-0.5353455175543018
3,-0.5594391204750053,-0.529641740061212
3,-0.5560730472484042,-0.5286328189263233
3,-0.5527132628274228,-0.5272703562182189
3,-0.5493597059721632,-0.5259429843406614
3,-0.5460123160625354,-0.5228877472259742
3,-0.5426710330884247,-0.5199939726776227
3,-0.5393357976400425,-0.5179685188512927
3,-0.5360065508984563,-0.5140004584592548
3,-0.5326832346262954,-0.5121637785242272
3,-0.529365791158628,-0.5109966822482348
3,-0.526054163394004,-0.5059116101431133
3,-0.5227482947856648,-0.4938579329618353
3,-0.5194481293329095,-0.4910280637098132
3,-0.5161536115726195,-0.4905182447154102
3,-0.5128646865709358,-0.48873422217329093
3,-0.5095812999150835,-0.48595050244585924
3,-0.5063033977053464,-0.48382443496567207
3,-0.5030309265471801,-0.4803910929031644
3,-0.4997638335434672,-0.47972670254844996
3,-0.4965020662869087,-0.477105237863221
3,-0.49324557285254844,-0.4770022171847077
3,-0.4899943017904281,-0.4762015252867828
3,-0.48674820211837083,-0.47115232326855166
3,-0.4835072233148885,-0.4666055425547497
3,-0.4802713153122125,-0.4660346135211268
3,-0.47704042848944356,-0.46124203549474224
3,-0.4738145136658175,-0.4600676665487694
3,-0.470593522094088,-0.45073045501230474
3,-0.46737740545401907,-0.44459033897837597
3,-0.4641661158459877,-0.4445885318232207
3,-0.46095960578469536,-0.4407607594938416
3,-0.4577578281929818,-0.4354575972558032
3,-0.45456073639574396,-0.43073013364989077
3,-0.4513682841139548,-0.4268277385897885
3,-0.44818042545877956,-0.42558838935472554
3,-0.44499711492579047,-0.4248023279679245
3,-0.44181830738927397,-0.4233129034783058
3,-0.4386439580966312,-0.4206444279311681
3,-0.43547402266286944,-0.4199570474180639
3,-0.4323084570651809,-0.41685504827578634
3,-0.4291472176376099,-0.41572104860571235
3,-0.42599026106580345,-0.4153170334986893
3,-0.4228375443818463,-0.4152187778387071
3,-0.4196890249591769,-0.4099578238233194
3,-0.41654466050758343,-0.4081967777445324
3,-0.4134044090682776,-0.4057285909140665
3,-0.4102682290090461,-0.4055021427937001
3,-0.40713607901947574,-0.38909217218841113
3,-0.40400791810625375,-0.3889212547748483
3,-0.40088370558853864,-0.38861316048347905
3,-0.39776340109340197,-0.3851627586301655
3,-0.39464696455134046,-0.37806015986938796
3,-0.3915343561918547,-0.3720454182999463
3,-0.3884255365390939,-0.3714332890119446
3,-0.38532046640756773,-0.3706693192975502
3,-0.3822191068979191,-0.3661676809938083
3,-0.37912141939276256,-0.36310018759755225
3,-0.37602736555258137,-0.3546200025560822
3,-0.372936907311686,-0.3507846381721165
3,-0.36985000687423103,-0.34978559884772664
3,-0.3667666267102905,-0.3477770446648786
3,-0.36368672955198805,-0.3467451641646127
3,-0.36061027838968507,-0.3460737137879149
3,-0.35753723646822033,-0.3448357372948439
3,-0.3544675672832058,-0.3436871964652565
3,-0.35140123457737227,-0.34274363086548815
3,-0.3483382023369674,-0.33707939794585623
3,-0.34527843478820397,-0.33674090465828865
3,-0.3422218963937575,-0.3337812297337302
3,-0.33916855184931055,-0.3321342477098885
3,-0.33611836608014745,-0.3319608232292839
3,-0.3330713042377915,-0.32935959848441426
3,-0.3300273316966921,-0.32794900234203556
3,-0.32698641405095213,-0.32667388439393064
3,-0.3239485171111023,-0.3249908820404321
3,-0.32091360690091714,-0.32209611539329186
3,-0.3178816496542729,-0.32194655959469737
3,-0.3148526118120469,-0.32161785093112266
3,-0.3118264600190584,-0.3184510406226808
3,-0.3088031611210467,-0.3113606922356798
3,-0.30578268216169124,-0.3099173951069347
3,-0.3027649903796675,-0.30934415566720813
3,-0.2997500532057408,-0.30921613419643323
3,-0.29673783825989797,-0.3063810597213407
3,-0.29372831334851424,-0.30069636656787857
3,-0.29072144646155423,-0.2999432975937669
3,-0.2877172057698104,-0.2978872098071022
3,-0.28471555962217243,-0.29749574690145464
3,-0.28171647654293214,-0.29319076740318595
3,-0.2787199252291202,-0.28795929731898323
3,-0.27572587454787406,-0.28141650633067866
3,-0.2727342935338394,-0.27573797897596636
3,-0.2697451513866003,-0.27472079450441966
3,-0.26675841746814044,-0.27440600888056016
3,-0.2637740613003346,-0.27435838775961413
3,-0.2607920525624676,-0.26732853147915764
3,-0.25781236108878375,-0.2667304997645667
3,-0.25483495686606245,-0.2635935163272448
3,-0.2518598100312219,-0.26016522239146106
3,-0.2488868908689502,-0.2594936234589435
3,-0.24591616980936204,-0.2589322890270712
3,-0.24294761742568094,-0.25588951980777713
3,-0.23998120443194842,-0.2537411815378113
3,-0.23701690168075548,-0.24888353166069185
3,-0.2340546801610012,-0.24388731679618603
3,-0.23109451099567302,-0.24018325237800903
3,-0.22813636543965096,-0.2379323507262115
3,-0.22518021487753592,-0.2376528778320101
3,-0.2222260308214988,-0.23252946960111465
3,-0.21927378490915223,-0.2321337758777199
3,-0.2163234489014447,-0.2320209212922503
3,-0.21337499468057428,-0.2297026094766139
3,-0.2104283942479247,-0.22959392943712173
3,-0.20748361972202048,-0.22902706744383747
3,-0.20454064333650201,-0.22599524929204345
3,-0.20159943743812148,-0.22435782671554325
3,-0.1986599744847562,-0.22200218894573495
3,-0.195722227043441,-0.22185536466860045
3,-0.19278616778842028,-0.221475929945262
3,-0.18985176949921564,-0.22052395709174547
3,-0.18691900505871353,-0.21991337025795615
3,-0.18398784745126825,-0.21454681727854344
3,-0.18105826976082207,-0.21434167123909206
3,-0.17813024516904297,-0.20253429398102893
3,-0.17520374695347707,-0.19752383388982442
3,-0.1722787484857172,-0.1960533003552605
3,-0.16935522322958782,-0.19546753386267088
3,-0.16643314473934323,-0.19302858184849966
3,-0.16351248665788232,-0.1925574772445194
3,-0.16059322271497678,-0.18885989722015922
3,-0.1576753267255129,-0.18828362773395843
3,-0.15475877258774876,-0.18776119366250743
3,-0.15184353428158326,-0.1847762805536227
3,-0.14892958586683885,-0.18336565623456774
3,-0.14601690148155774,-0.18324852036314138
3,-0.1431054553403092,-0.18192142124742344
3,-0.14019522173251076,-0.180670906115207
3,-0.13728617502076026,-0.17662383054267142
3,-0.1343782896391793,-0.1763686631479535
3,-0.13147154009176926,-0.17606857115867727
3,-0.12856590095077752,-0.1680802250131655
3,-0.12566134685507402,-0.1655078398992433
3,-0.12275785250853997,-0.1615019215194008
3,-0.11985539267846462,-0.16026387852006763
3,-0.11695394219395419,-0.15738277997108244
3,-0.11405347594434886,-0.15503653522998626
3,-0.11115396887764951,-0.15273508082153622
3,-0.10825539599895462,-0.1515174766992311
3,-0.10535773236890499,-0.1509556902484835
3,-0.10246095310213689,-0.14894013660636019
3,-0.09956503336574538,-0.14555681058299053
3,-0.09666994837775318,-0.1443909872566391
3,-0.09377567340559002,-0.1442344240248983
3,-0.09088218376457781,-0.14347494536731037
3,-0.08798945481642349,-0.14067046625589638
3,-0.08509746196772024,-0.13783335619747436
3,-0.08220618066845417,-0.13782991947624165
3,-0.07931558641051796,-0.13262827483151676
3,-0.07642565472623211,-0.13244504008950012
3,-0.07353636118687037,-0.1287750280848743
3,-0.07064768140119332,-0.12845725146479567
3,-0.06775959101398606,-0.12756961493988572
3,-0.06487206570460173,-0.12278182563123115
3,-0.06198508118551126,-0.12176709838879371
3,-0.059098613200857054,-0.11752310381047539
3,-0.05621263752501158,-0.11751371907028922
3,-0.05332712996114174,-0.11699746982232391
3,-0.0504420663397757,-0.1153368008996657
3,-0.047557422517375963,-0.10942084412540305
3,-0.04467317437491484,-0.10848980633998642
3,-0.0417892978164538,-0.10508922817959354
3,-0.038905768767727514,-0.10490922865819798
3,-0.03602256317472984,-0.103885029520245
3,-0.033139657002303084,-0.10386509598514279
3,-0.030257026232731243,-0.10319318590822595
3,-0.02737464686433402,-0.1015354837754015
3,-0.024492494910065214,-0.09513265443608815
3,-0.021610546396111974,-0.0901608252054502
3,-0.018728777360496055,-0.08744294636453953
3,-0.015847163851678107,-0.08726313014021746
3,-0.012965681927162267,-0.08669901836308747
3,-0.010084307652102142,-0.0853957284494114
3,-0.00720301709790932,-0.08511946467899023
3,-0.004321786340860743,-0.0850445898618837
3,-0.0014405914607088892,-0.07844833548337748
3,0.0014405914607088892,-0.07642696990751484
3,0.004321786340860603,-0.0761050269653112
3,0.00720301709790932,-0.07609473490548169
3,0.010084307652102142,-0.0720473435422706
3,0.012965681927162128,-0.06896249546456781
3,0.015847163851678246,-0.06610478862018435
3,0.018728777360496055,-0.063740228166388
3,0.021610546396111836,-0.0619473226709216
3,0.024492494910065353,-0.060161336797474194
3,0.02737464686433402,-0.056750127535462866
3,0.030257026232731105,-0.05502993222912944
3,0.03313965700230322,-0.051514578693959125
3,0.03602256317472984,-0.0510697498403405
3,0.038905768767727514,-0.04678495163979933
3,0.04178929781645395,-0.04379900172344586
3,0.04467317437491484,-0.042223860096069384
3,0.047557422517375963,-0.04089551940411447
3,0.05044206633977556,-0.0360300686193461
3,0.05332712996114174,-0.034745477294814316
3,0.05621263752501158,-0.03390380004446356
3,0.059098613200856916,-0.02778523445312261
3,0.061985081185511395,-0.02725546662401999
3,0.06487206570460173,-0.023552318936272
3,0.06775959101398592,-0.022365059576997862
3,0.07064768140119346,-0.02207861317588555
3,0.07353636118687037,-0.020406739030547107
3,0.07642565472623197,-0.012513739395436018
3,0.0793155864105181,-0.010064330089024366
3,0.08220618066845417,-0.007226440698469954
3,0.08509746196772024,-0.0071494968784318646
3,0.08798945481642363,-0.006399307036268239
3,0.09088218376457781,-0.004596784866009416
3,0.09377567340559002,-0.0037488726098218856
3,0.09666994837775304,-0.0032142776724990076
3,0.09956503336574538,-0.0020383972768629574
3,0.10246095310213689,-0.0012406080720415483
3,0.10535773236890485,0.0005097797858025242
3,0.10825539599895476,0.0011168451628665202
3,0.11115396887764951,0.003075447872559195
3,0.11405347594434871,0.004142222667971239
3,0.11695394219395433,0.006770281079322938
3,0.11985539267846462,0.011496910030488005
3,0.12275785250853984,0.01864792603676584
3,0.12566134685507416,0.020875839934095808
3,0.12856590095077752,0.02396782184639419
3,0.13147154009176926,0.028219810722004544
3,0.13437828963917944,0.02987228799125728
3,0.13728617502076026,0.031034116730811905
3,0.14019522173251076,0.03264388291559006
3,0.14310545534030905,0.03546529642415613
3,0.14601690148155774,0.04022562521904217
3,0.14892958586683885,0.04043760329718792
3,0.15184353428158312,0.04055152072280405
3,0.1547587725877489,0.041529965387081536
3,0.1576753267255129,0.04816182879370803
3,0.16059322271497664,0.049734735471286554
3,0.16351248665788246,0.05225850806707305
3,0.16643314473934323,0.052489232268281234
3,0.16935522322958768,0.06358181781551704
3,0.17227874848571734,0.06386001425743597
3,0.17520374695347707,0.06459463060201293
3,0.17813024516904297,0.06552181135476798
3,0.1810582697608222,0.06876926229012707
3,0.18398784745126825,0.07125136067899387
3,0.18691900505871353,0.07174929903175335
3,0.1898517694992155,0.07817809480356341
3,0.19278616778842028,0.07913587065234828
3,0.195722227043441,0.08048689985066036
3,0.19865997448475603,0.08127494189419791
3,0.20159943743812164,0.0824154969536249
3,0.20454064333650201,0.08732884191347384
3,0.20748361972202028,0.08747593129041273
3,0.21042839424792484,0.09524499064493787
3,0.21337499468057428,0.09560068915266934
3,0.21632344890144453,0.09585033045960317
3,0.21927378490915236,0.09779168267744653
3,0.2222260308214988,0.10595197405069617
3,0.22518021487753592,0.1077832982492683
3,0.22813636543965113,0.11102954086222028
3,0.23109451099567302,0.11256290580135213
3,0.2340546801610012,0.11296928851653346
3,0.23701690168075534,0.117884057459726
3,0.23998120443194842,0.11961949523306212
3,0.24294761742568094,0.12170023251087166
3,0.2459161698093619,0.12190336461066283
3,0.24888689086895033,0.1249121318762577
3,0.2518598100312219,0.12520592193998903
3,0.25483495686606233,0.12596036068558591
3,0.2578123610887839,0.12803217781086457
3,0.2607920525624676,0.12875769074889618
3,0.2637740613003345,0.130057032928496
3,0.2667584174681406,0.13047852816954975
3,0.2697451513866003,0.14225403823581212
3,0.2727342935338394,0.14483974833737767
3,0.27572587454787423,0.14579868172555602
3,0.2787199252291202,0.15338076918566532
3,0.28171647654293214,0.16374802793469298
3,0.2847155596221723,0.16783654091167632
3,0.2877172057698104,0.1680661989952357
3,0.29072144646155423,0.16919208288927515
3,0.29372831334851407,0.17414482039277673
3,0.29673783825989813,0.1780600244894987
3,0.2997500532057408,0.1852487590893797
3,0.3027649903796673,0.18677791095138557
3,0.30578268216169135,0.18890914349510746
3,0.3088031611210467,0.19107262024078958
3,0.3118264600190582,0.19185442917214596
3,0.314852611812047,0.19667064336267112
3,0.3178816496542729,0.20315678472638812
3,0.32091360690091714,0.20865828307093162
3,0.3239485171111025,0.2107386815327334
3,0.32698641405095213,0.21129625576419514
3,0.3300273316966921,0.21606860531649869
3,0.3330713042377914,0.21768150284191634
3,0.33611836608014745,0.22159532619469607
3,0.33916855184931055,0.22301327990400985
3,0.34222189639375733,0.22706227734745196
3,0.34527843478820414,0.23611163182998118
3,0.3483382023369674,0.2371020411846979
3,0.35140123457737216,0.23734269613960485
3,0.3544675672832059,0.23781822482472553
3,0.35753723646822033,0.2412102964993863
3,0.3606102783896849,0.24581770809555845
3,0.3636867295519882,0.24636030371013926
3,0.3667666267102905,0.25188177796218497
3,0.36985000687423103,0.2593221710815611
3,0.3729369073116861,0.265396800418306
3,0.37602736555258137,0.26594365670172276
3,0.37912141939276256,0.27054609881122726
3,0.38221910689791894,0.2714224702844087
3,0.38532046640756773,0.2746133892592135
3,0.3884255365390939,0.2755843505576681
3,0.3915343561918546,0.2761102017425732
3,0.39464696455134063,0.27710470147860183
3,0.39776340109340197,0.2827342604633947
3,0.4008837055885384,0.28596300567039085
3,0.4040079181062539,0.28994974205181734
3,0.40713607901947574,0.29293341875217116
3,0.4102682290090459,0.2974396952234413
3,0.41340440906827775,0.29750561092110595
3,0.41654466050758343,0.30076542000372386
3,0.4196890249591769,0.30370669232970837
3,0.42283754438184645,0.30380041688359605
3,0.42599026106580345,0.30579525202773394
3,0.4291472176376099,0.30580791083404973
3,0.4323084570651808,0.31235224587685806
3,0.43547402266286944,0.3204801813494645
3,0.4386439580966312,0.32299723405723285
3,0.4418183073892738,0.32315090152640186
3,0.4449971149257906,0.32500229819864135
3,0.44818042545877956,0.32756620948940035
3,0.45136828411395463,0.33097261363220637
3,0.45456073639574407,0.33368008246556513
3,0.4577578281929818,0.3363732787121328
3,0.46095960578469525,0.33922679180843174
3,0.4641661158459879,0.3396801378441303
3,0.46737740545401907,0.3411119108458931
3,0.470593522094088,0.3473338291305169
3,0.4738145136658176,0.3496603617692139
3,0.47704042848944356,0.34986673140265007
3,0.4802713153122125,0.35135175227735005
3,0.4835072233148883,0.3553112347918705
3,0.48674820211837083,0.35578803783452595
3,0.4899943017904281,0.35646827944039533
3,0.4932455728525483,0.3568224964765366
3,0.49650206628690885,0.35708540360246166
3,0.4997638335434672,0.35725458321896036
3,0.50303092654718,0.3602544217477341
3,0.5063033977053465,0.36284400727212013
3,0.5095812999150835,0.36389527992276927
3,0.5128646865709355,0.3732224233262432
3,0.5161536115726196,0.37384333106056605
3,0.5194481293329095,0.37428299954777045
3,0.5227482947856648,0.374284729399568
3,0.5260541633940041,0.38060440952606645
3,0.529365791158628,0.38435994751127167
3,0.5326832346262954,0.38647893716196574
3,0.5360065508984562,0.39326743287070953
3,0.5393357976400425,0.3962757955574908
3,0.5426710330884247,0.4026073874152395
3,0.5460123160625352,0.40967920727578044
3,0.5493597059721634,0.4133256927694399
3,0.5527132628274228,0.413522700458719
3,0.5560730472484041,0.4145170978486706
3,0.5594391204750055,0.41458965137623777
3,0.5628115443769539,0.4158867819548818
3,0.5661903814640199,0.4303753059904931
3,0.569575694896427,0.4308415569351932
3,0.5729675484954635,0.432310682176341
3,0.5763660067543033,0.4401574300541503
3,0.5797711348490351,0.44351190563102155
3,0.5831829986499097,0.44439757442797273
3,0.5866016647328103,0.45021137235201764
3,0.5900272003909486,0.4508586448956291
3,0.5934596736467956,0.45229915198361015
3,0.5968991532642481,0.4533300509968574
3,0.6003457087610446,0.45443276019781703
3,0.6037994104214283,0.4641667634258319
3,0.6072603293090661,0.465254061126179
3,0.6107285372802367,0.46679799719669257
3,0.6142041069972817,0.4726000206917919
3,0.6176871119423378,0.4746057779869066
3,0.6211776264313528,0.47765057569581193
3,0.6246757256283899,0.48011173626416076
3,0.6281814855602327,0.480123199282859
3,0.6316949831312967,0.49899485018755385
3,0.6352162961388528,0.5004648637130034
3,0.6387455032885732,0.5034290187957298
3,0.6422826842104109,0.5044095109931404
3,0.6458279194748135,0.5073610109057826
3,0.6493812906092894,0.5120059378930275
3,0.6529428801153262,0.5126030085785162
3,0.6565127714856821,0.5143398527036248
3,0.6600910492220478,0.5166362330607257
3,0.6636777988530963,0.5204326323130575
3,0.6672731069529324,0.5254918792321853
3,0.6708770611599456,0.5322256711835789
3,0.6744897501960817,0.5346642416241547
3,0.6781112638865481,0.5377496844587856
3,0.681741693179955,0.5499893067060704
3,0.6853811301689137,0.5513752769226212
3,0.6890296681110994,0.5522949202538493
3,0.692687401450795,0.5567456518022228
3,0.6963544258409218,0.5613534289695523
3,0.7000308381655824,0.5619310415872979
3,0.7037167365631207,0.5620636494165249
3,0.707412220449714,0.5640960892676377
3,0.7111173905435206,0.5650777934518522
3,0.7148323488893882,0.5665487479278606
3,0.7185571988841455,0.5725229592675223
3,0.7222920453024916,0.5785296399555134
3,0.7260369943235032,0.5856991963300044
3,0.7297921535577713,0.5901563455301154
3,0.733557632075192,0.5938733603123542
3,0.7373335404334295,0.609681170279972
3,0.7411199907070674,0.6132003161983285
3,0.7449170965174697,0.6211334490889038
3,0.7487249730633804,0.6217570343671163
3,0.7525437371522696,0.6232516361949221
3,0.7563735072324602,0.624231293689555
3,0.7602144034260551,0.6245297832348053
3,0.7640665475626874,0.6264757814807277
3,0.7679300632141192,0.6353901640030081
3,0.7718050757297188,0.6357344078545016
3,0.7756917122728384,0.6388753406887235
3,0.7795901018581224,0.6450757020207014
3,0.7835003753897741,0.6456062737515393
3,0.7874226657008149,0.6499151017487885
3,0.7913571075933618,0.6510733964563942
3,0.7953038378799556,0.6514903506514219
3,0.7992629954259806,0.6530287875783629
3,0.8032347211932014,0.6597842074083473
3,0.8072191582844558,0.6622851548928124
3,0.811216451989547,0.6637131388266383
3,0.8152267498323638,0.6653664165552998
3,0.8192502016192759,0.6676387387287187
3,0.823286959488847,0.6705671202247004
3,0.8273371779629036,0.673588850079421
3,0.8314010139990077,0.680078900653214
3,0.8354786270443826,0.6826668569004498
3,0.8395701790913375,0.6869654895549302
3,0.8436758347342409,0.6871878596404061
3,0.8477957612280971,0.6876782593764138
3,0.8519301285487837,0.6915112823210304
3,0.8560791094550005,0.6936341271125149
3,0.8602428795519917,0.7016271304951958
3,0.8644216173571089,0.7091785859301856
3,0.868615504367269,0.7166945584857528
3,0.8728247251283807,0.7170626543934947
3,0.8770494673068103,0.7187757266020202
3,0.8812899217629533,0.7262682854378135
3,0.8855462826269906,0.7358805591104158
3,0.889818747376914,0.7360703830717904
3,0.8941075169188902,0.7435147906118514
3,0.898412795670061,0.750057054059499
3,0.9027347916438648,0.7572956450666415
3,0.907073716537969,0.762857196395905
3,0.9114297858249173,0.7630802424759828
3,0.9158032188455875,0.7680466786917259
3,0.9201942389055712,0.7713983887063252
3,0.9246030733745816,0.776532556432603
3,0.929029953789006,0.7792480066262313
3,0.9334751159577281,0.7816088813272909
3,0.9379388000713414,0.7930428091522386
3,0.9424212508148854,0.7931808968655796
3,0.9469227174842507,0.8017880795069603
3,0.9514434541063873,0.8026993590129526
3,0.9559837195634723,0.8094145051405338
3,0.9605437777212005,0.8245075736845705
3,0.9651238975613528,0.826871742724067
3,0.9697243533188226,0.8490018513031922
3,0.9743454246232868,0.8493443453568104
3,0.9789873966457007,0.8518924704089941
3,0.9836505602498274,0.8569720735426974
3,0.9883352121490045,0.859460270629115
3,0.9930416550683755,0.8653281640184605
3,0.9977701979128079,0.8677969934137147
3,1.0025211559407472,0.8691040859606541
3,1.0072948509442619,0.8806351277460377
3,1.0120916114355434,0.8899354803216674
3,1.0169117728401404,0.8967933129025858
3,1.0217556776972352,0.9036905770073188
3,1.0266236758672576,0.9073333983674216
3,1.0315161247471727,0.9114756019016108
3,1.0364333894937898,0.9133716600491784
3,1.0413758432554439,0.9153843611887055
3,1.0463438674124452,0.9212738092561511
3,1.0513378518266911,0.9234896902220353
3,1.0563581951008634,0.9240384526497801
3,1.0614053048476715,0.9401931583597329
3,1.0664795979695922,0.9424859401596171
3,1.0715815009496323,0.9480474838436084
3,1.0767114501536117,0.9517634669980312
3,1.0818698921445475,0.9564669016558928
3,1.0870572840097124,0.9607162879155627
3,1.092274093700995,0.9686760552917748
3,1.0975208003892176,0.9751514597154937
3,1.1027978948331099,0.9853216236649573
3,1.1081058797636727,0.9866675465567503
3,1.1134452702847146,0.9948900706883893
3,1.1188165942903907,0.9949224196072399
3,1.124220392900615,1.004095016325456
3,1.129657220915282,1.0052244816424052
3,1.1351276472882912,1.0075197609457445
3,1.1406322556224122,1.0083054590521037
3,1.146171644686111,1.0097127411686202
3,1.1517464289535289,1.020002571855127
3,1.1573572391688702,1.0200187052087757
3,1.1630047229365417,1.0304694162992285
3,1.1686895453384702,1.0431824655760502
3,1.1744123895801335,1.0469446375990568
3,1.1801739576669186,1.066183335429893
3,1.185974971112543,1.070837851163488
3,1.191816171681394,1.1038039849497403
3,1.1976983221667605,1.1052155501633352
3,1.203622207207061,1.1198755428146927
3,1.2095886341423494,1.1207999044489165
3,1.215598433913494,1.122477628938268
3,1.2216524620066338,1.1232891053073728
3,1.227751599445688,1.132375721091598
3,1.2338967538358894,1.1349572080882473
3,1.24008886046155,1.1358743774986393
3,1.246328883441473,1.1402394856167952
3,1.2526178169457283,1.1512378261276257
3,1.258956686477732,1.151811491119866
3,1.2653465502259253,1.1579773054018554
3,1.2717885004896494,1.1596055627700748
3,1.2782836651841776,1.1724165984545096
3,1.2848332094302668,1.1733648851521625
3,1.2914383372340221,1.1782749552587368
3,1.2981002932633188,1.1844372161111072
3,1.3048203647275596,1.1852671627206537
3,1.311599883368101,1.1875346708698316
3,1.3184402275672977,1.1989886391180906
3,1.3253428245847743,1.2279711406012563
3,1.332309152930328,1.2280335130579267
3,1.339340744883602,1.241884372358449
3,1.3464391891716574,1.2488665352502748
3,1.353606133816489,1.2587734779461008
3,1.3608432891656852,1.2725104215650296
3,1.368152431120594,1.2826650509283377
3,1.3755354045777306,1.2844611508716763
3,1.382994127100638,1.2899516735387533
3,1.3905305928410514,1.2962321862248083
3,1.3981468767300484,1.3110335499001284
3,1.4058451389619313,1.3376036075008848
3,1.4136276297958117,1.339875211031634
3,1.421496694702443,1.3421352176110586
3,1.4294547798866613,1.3479799066788989
3,1.4375044382189694,1.3496635707622635
3,1.4456483356133487,1.350869469462113
3,1.4538892578924012,1.3565805861609899
3,1.4622301181853967,1.3582608015544446
3,1.4706739649098826,1.378908889747144
3,1.47922399039324,1.3921758155397888
3,1.4878835401970534,1.4021091904582874
3,1.4966561232144875,1.4052332788452653
3,1.5055454226192488,1.411344169290062
3,1.5145553077541825,1.4629267858625594
3,1.5236898470584141,1.4661687010364235
3,1.5329533221443514,1.4846515717777249
3,1.5423502431500729,1.5074580408389744
3,1.55188536550897,1.5108265535179222
3,1.561563708297316,1.5172345022125395
3,1.5713905743422025,1.56052044806065
3,1.5813715722973933,1.5647292500987346
3,1.591512640923928,1.5709147388371016
3,1.6018200758463061,1.5754555980440994
3,1.612300559094845,1.634074589209396
3,1.622961191791394,1.6386150686605625
3,1.6338095303903444,1.6429742288727631
3,1.6448536269514722,1.7027076535457353
3,1.656102073997618,1.755405603206621
3,1.667564054601043,1.755604679798525
3,1.6792493984507084,1.770827079730492
3,1.6911686447824308,1.8396482962501242
3,1.7033331132099754,1.8888189079237883
3,1.715754983683681,1.890202248575312
3,1.7284473870319506,1.891008205502765
3,1.7414245078200017,1.9135723916520802
3,1.7547017016023168,1.9259164315761983
3,1.7682956290667202,1.9301879034575553
3,1.7822244100905809,1.9737014665260992
3,1.796507801381234,1.9772848703582366
3,1.8111674021904436,1.9822064691356325
3,1.8262268936260444,2.0008933806237725
3,1.8417123183988295,2.0351639962718107
3,1.8576524095291018,2.0711107150695622
3,1.874078978717387,2.0832479602647904
3,1.8910273779271052,2.1353606051590983
3,1.9085370514696343,2.136927706961699
3,1.9266522008582094,2.1704088797819177
3,1.94542259138441,2.198512697679928
3,1.9649045384628592,2.219950811196749
3,1.9851621243067124,2.2222377278851204
3,2.006268712965559,2.248495259163189
3,2.0283088565020284,2.2504546392342983
3,2.0513807207083192,2.316226878355737
3,2.0755992109775123,2.330316005655557
3,2.101100056996162,2.3817004734847895
3,2.128045234184983,2.4302091706092437
3,2.1566302865576827,2.4701496982760753
3,2.1870944162461345,2.496673515664548
3,2.2197347040992437,2.5278029528314816
3,2.254926684870381,2.6097790647414123
3,2.2931550415485504,2.818134877732867
3,2.3350610848080438,2.8233856480229464
3,2.381519469970483,2.8829069580116045
3,2.4337689773993825,3.0148165213689757
3,2.493651031608633,3.302743010807548
3,2.5640847689868846,4.338321142486439
3,2.6501343426056865,4.495804438013945
3,2.761870524366661,4.5280192554297365
3,2.924664667246821,5.023918842662877
3,3.2511417631062525,6.377637428479675
4,-3.332056034961933,-3.0604467391614896
4,-3.0130683180500704,-2.994853403135295
4,-2.854508720893445,-2.9299826420691915
4,-2.7459017762235924,-2.6298597907045096
4,-2.6623974501718313,-2.6035033879718195
4,-2.594141008424463,-2.4766885240294036
4,-2.5361804634323564,-2.3874893182519608
4,-2.485663024568809,-2.2639385034176605
4,-2.440790040277434,-2.239245477169623
4,-2.4003520539189633,-2.2320364969854447
4,-2.363495463999451,-2.213183827948437
4,-2.3295946307744977,-2.1339899486593876
4,-2.298176877886739,-2.093395722210438
4,-2.2688760907645387,-2.0688816885149386
4,-2.241402727604945,-2.0277523165510307
4,-2.2155237222967146,-2.010784987872625
4,-2.1910485977191914,-2.0099268294696144
4,-2.1678196154263674,-1.9811383534026705
4,-2.145704627990167,-1.9706903236326305
4,-2.124591788386444,-1.9535600000676905
4,-2.1043855646738963,-1.9299462239630698
4,-2.08500369075537,-1.86072215871717
4,-2.0663748005659976,-1.8605658773700096
4,-2.0484365693006286,-1.8007741145259983
4,-2.0311342363051463,-1.7944121810361564
4,-2.0144194190560105,-1.7746764224330318
4,-1.9982491518202397,-1.7745750372272588
4,-1.9825850996473235,-1.7285892714325506
4,-1.9673929105662964,-1.7268487397949606
4,-1.9526416777373723,-1.7213144800102036
4,-1.9383034898353289,-1.7162443005924841
4,-1.9243530527985546,-1.711476787003839
4,-1.9107673697301406,-1.704416434990148
4,-1.8975254685117893,-1.694061904771952
4,-1.8846081688184233,-1.6859193847908598
4,-1.87199788186646,-1.667897100481739
4,-1.8596784375114008,-1.6077363366293453
4,-1.8476349343181915,-1.5814463261981373
4,-1.83585360902531,-1.5649295910823484
4,-1.8243217224589574,-1.5578478231203983
4,-1.8130274594631866,-1.5526730268349183
4,-1.8019598408228041,-1.5475271641639319
4,-1.791108645489299,-1.5456555632506492
4,-1.7804643416920256,-1.5403465155944367
4,-1.7700180257398803,-1.5240859003990033
4,-1.7597613675024162,-1.5229949390950257
4,-1.749686561711444,-1.5198677359002506
4,-1.739786284350604,-1.5057887800872438
4,-1.7300536535059858,-1.5008001342507755
4,-1.7204821941393564,-1.49900258007646
4,-1.7110658063200808,-1.4969461683683472
4,-1.7017987365147198,-1.496304531284973
4,-1.6926755515866243,-1.4925809491893407
4,-1.6836911152032332,-1.4879707410445342
4,-1.674840566387472,-1.4861335765548758
4,-1.6661192999828134,-1.483090634276138
4,-1.6575229488299967,-1.453382318253359
4,-1.6490473674779251,-1.4349019019472116
4,-1.6406886172723925,-1.4343389711101973
4,-1.6324429526846433,-1.4331659510294559
4,-1.6243068087576367,-1.4270747401743025
4,-1.61627678956175,-1.420932443445952
4,-1.6083496575637117,-1.4179496334090764
4,-1.6005223238231259,-1.408570413203854
4,-1.5927918389401798,-1.4073895525252338
4,-1.5851553846862638,-1.4064702028362273
4,-1.5776102662563787,-1.405169462418211
4,-1.570153905088507,-1.3935518339096296
4,-1.5627838322007006,-1.38438175182262
4,-1.5554976820015671,-1.3822031798780254
4,-1.5482931865342096,-1.3808937518627833
4,-1.541168170117565,-1.3804103490168638
4,-1.5341205443525463,-1.3784829536246894
4,-1.5271483034634747,-1.3780402955165671
4,-1.520249519948052,-1.3731719024687687
4,-1.513422340511569,-1.3685428443610037
4,-1.5066649822632874,-1.3636835255063506
4,-1.4999757291548685,-1.363504034916018
4,-1.4933529286425447,-1.3625115777754362
4,-1.4867949885563048,-1.3549702850119232
4,-1.4803003741608243,-1.3512865379161931
4,-1.4738676053941544,-1.344995862558233
4,-1.467495254271386,-1.3352425923975688
4,-1.461181942441545,-1.3275200492432224
4,-1.4549263388869629,-1.3227349865625455
4,-1.4487271577552192,-1.3147194224949696
4,-1.4425831563145604,-1.3145651199492017
4,-1.4364931330244248,-1.31027786326836
4,-1.4304559257133467,-1.302931469869012
4,-1.4244704098571226,-1.3021423008467996
4,-1.4185354969506663,-1.2916661741759004
4,-1.4126501329674752,-1.2871422533873942
4,-1.4068132969010925,-1.2841348870989189
4,-1.4010239993833566,-1.2814675565073574
4,-1.3952812813746298,-1.2813257582677908
4,-1.3895842129215166,-1.2797090077643303
4,-1.3839318919779453,-1.2739011960683182
4,-1.378323443285744,-1.2681583733861896
4,-1.3727580173111362,-1.2588611646343144
4,-1.3672347892338224,-1.2587462342789761
4,-1.3617529579855454,-1.2561264187679462
4,-1.3563117453352471,-1.2519714183105446
4,-1.35091039501813,-1.2435033095678885
4,-1.345548171906098,-1.2415089398377086
4,-1.340224361217241,-1.2378084988571891
4,-1.334938267762158,-1.2329054715413028
4,-1.3296892152250832,-1.208280910386088
4,-1.3244765454778857,-1.207566863702627
4,-1.3192996179251482,-1.204645932195521
4,-1.3141578088786505,-1.1952854387107363
4,-1.3090505109596808,-1.1920335266016022
4,-1.3039771325276814,-1.184010436607386
4,-1.2989370971338632,-1.176658663566053
4,-1.2939298429984742,-1.1716134222436092
4,-1.2889548225105025,-1.1675281480839346
4,-1.2840115017486566,-1.1671412821597296
4,-1.27909936002255,-1.1580322595608665
4,-1.2742178894330738,-1.155803585621441
4,-1.2693665944509844,-1.1527476338289675
4,-1.2645449915128208,-1.1496979097919238
4,-1.2597526086332866,-1.1438420317313673
4,-1.2549889850333054,-1.142546663842989
4,-1.2502536707829845,-1.1399078619880718
4,-1.2455462264587753,-1.1206956385716462
4,-1.2408662228141534,-1.1173928094381083
4,-1.23621324046319,-1.1132226538591496
4,-1.2315868695763936,-1.1082868683020188
4,-1.2269867095882732,-1.1038227659022428
4,-1.2224123689160655,-1.0919479339854927
4,-1.2178634646891306,-1.0902467208569988
4,-1.213339622488518,-1.0853634832919894
4,-1.2088404760962614,-1.0806475187591051
4,-1.2043656672539536,-1.0742322577649008
4,-1.1999148454301973,-1.0671875046156234
4,-1.1954876675965431,-1.0617641885014961
4,-1.1910837980115372,-1.0606554196171316
4,-1.1867029080125364,-1.0537364526191841
4,-1.182344675814948,-1.0515563929574565
4,-1.178008786318582,-1.0469900085517192
4,-1.1736949309208156,-1.0463678956386535
4,-1.1694028073362768,-1.0430714024938221
4,-1.1651321194227822,-1.030326568378431
4,-1.1608825770132647,-1.0283327158733597
4,-1.1566538957534442,-1.027568456765243
4,-1.152445796945015,-1.0273171486924426
4,-1.1482580073941049,-1.0224397875620581
4,-1.144090259264821,-1.0210445000301807
4,-1.1399422899376568,-1.0178212132192548
4,-1.1358138418725752,-1.012139827433401
4,-1.1317046624765847,-1.0090305992276924
4,-1.1276145039756234,-1.0084728744636136
4,-1.1235431232905997,-1.008292376764019
4,-1.1194902819174035,-1.0081292890391222
4,-1.1154557458107623,-1.0048025232776183
4,-1.111439285271774,-1.0016413413248257
4,-1.1074406748389893,-0.9866372422691528
4,-1.1034596931829,-0.9801874163725762
4,-1.0994961230037184,-0.9764771116195755
4,-1.0955497509323089,-0.9753277803126358
4,-1.0916203674341678,-0.9741837063735639
4,-1.087707766716338,-0.9668168384477958
4,-1.083811746637138,-0.9656245728223691
4,-1.0799321086186235,-0.962685151207769
4,-1.0760686575616667,-0.9620195863269831
4,-1.0722212017635644,-0.9453531673934163
4,-1.0683895528380878,-0.9363808355090412
4,-1.064573525637883,-0.9316922718369482
4,-1.0607729381791398,-0.9290934142655973
4,-1.0569876115684536,-0.9262282822555802
4,-1.0532173699317975,-0.9260430092485951
4,-1.049462040345537,-0.9250018111848928
4,-1.045721452769414,-0.9229450742599729
4,-1.041995439981432,-0.918965815813613
4,-1.0382838375145829,-0.9157856376229524
4,-1.034586483595345,-0.9151618365890551
4,-1.0309032190838998,-0.9112471859114599
4,-1.0272338874160076,-0.9063254649340098
4,-1.0235783345464842,-0.9040939463524961
4,-1.0199364088942289,-0.9025976461129495
4,-1.0163079612887533,-0.9006398199313971
4,-1.0126928449181591,-0.8916593858164169
4,-1.0090909152785175,-0.8861860498323075
4,-1.00550203012461,-0.8861283407225512
4,-1.0019260494219802,-0.8856028117410545
4,-0.998362835300258,-0.883630761453683
4,-0.9948122520077156,-0.8788314540257892
4,-0.9912741658670196,-0.8786817108387394
4,-0.9877484452321296,-0.8766793041553442
4,-0.984234960446325,-0.8759587762013715
4,-0.980733583801309,-0.8714637790309024
4,-0.977244189497368,-0.8686542376619525
4,-0.9737666536045445,-0.866657690063855
4,-0.9703008540247996,-0.8652389940251078
4,-0.9668466704551318,-0.8631048294656727
4,-0.9634039843516229,-0.861472120587079
4,-0.9599726788943846,-0.8585540249534362
4,-0.9565526389533759,-0.8507411725506525
4,-0.9531437510550695,-0.8504324135983824
4,-0.9497459033499367,-0.844192758006644
4,-0.9463589855807332,-0.8423874624283687
4,-0.9429828890515551,-0.8384745276479173
4,-0.939617506597647,-0.832385793058996
4,-0.9362627325559398,-0.8295603676973311
4,-0.932918462736298,-0.8295478875073357
4,-0.9295845943934494,-0.8255019833573215
4,-0.9262610261995888,-0.8240897390094648
4,-0.9229476582176251,-0.8238171843099447
4,-0.9196443918750641,-0.8194257891284357
4,-0.9163511299384989,-0.814972316366054
4,-0.9130677764886972,-0.8145885596738852
4,-0.9097942368962684,-0.8128859983507638
4,-0.906530417797892,-0.8084583570063711
4,-0.9032762270730927,-0.8042080205972697
4,-0.9000315738215471,-0.8041636343870376
4,-0.8967963683409081,-0.7962631010143753
4,-0.8935705221051312,-0.7941926876292098
4,-0.8903539477432916,-0.7915240375388456
4,-0.887146559018876,-0.7884376703477045
4,-0.8839482708095366,-0.7877558060025773
4,-0.8807589990872983,-0.787159598638423
4,-0.8775786608992021,-0.7799377546424138
4,-0.8744071743483783,-0.7796502124382813
4,-0.87124445857553,-0.775871118056898
4,-0.8680904337408276,-0.7758505386863745
4,-0.8649450210061932,-0.775528082384888
4,-0.86180814251797,-0.7749694149835258
4,-0.8586797213899646,-0.768451374118604
4,-0.8555596816868551,-0.764866623607506
4,-0.8524479484079511,-0.7633266939359133
4,-0.8493444474713024,-0.7603124514199049
4,-0.8462491056981418,-0.7591270165406635
4,-0.8431618507976574,-0.7583812524516884
4,-0.8400826113520825,-0.7560689581609791
4,-0.8370113168021022,-0.7554379992184657
4,-0.8339478974325576,-0.7552053895540435
4,-0.8308922843584505,-0.7537844300377894
4,-0.8278444095112348,-0.7515967054753708
4,-0.8248042056253923,-0.7503518802624921
4,-0.8217716062252793,-0.7503321288422613
4,-0.8187465456122446,-0.7492235358986322
4,-0.815728958852006,-0.7419574121185374
4,-0.8127187817622858,-0.7413507993202211
4,-0.8097159509006909,-0.7381258680477731
4,-0.8067204035528373,-0.7365705261881786
4,-0.8037320777207125,-0.7300589367707941
4,-0.800750912111268,-0.7234519954865039
4,-0.7977768461252381,-0.7207522238115657
4,-0.7948098198461789,-0.7195240106968358
4,-0.7918497740297211,-0.7179558103210565
4,-0.7888966500930348,-0.717369226737901
4,-0.7859503901044994,-0.7167542732747838
4,-0.7830109367735719,-0.714254420142316
4,-0.7800782334408515,-0.7101371064966762
4,-0.7771522240683366,-0.7091231801536529
4,-0.7742328532298668,-0.708665249971634
4,-0.7713200661017483,-0.7077477856884228
4,-0.7684138084535562,-0.7069867285945445
4,-0.7655140266391118,-0.7050721049122659
4,-0.7626206675876306,-0.7042878582400888
4,-0.7597336787950342,-0.7036665483798951
4,-0.7568530083154277,-0.7030530685936429
4,-0.7539786047527326,-0.7006413410615046
4,-0.7511104172524778,-0.6939816350945321
4,-0.7482483954937412,-0.6938443537192088
4,-0.7453924896812393,-0.6935641722855992
4,-0.7425426505375611,-0.6927988057461643
4,-0.7396988292955464,-0.6917996699254609
4,-0.7368609776908018,-0.6852779362852582
4,-0.7340290479543503,-0.6847989827468527
4,-0.731202992805416,-0.6845790212915174
4,-0.7283827654443378,-0.6785424592202648
4,-0.7255683195456105,-0.6750525840027144
4,-0.7227596092510505,-0.6738383373348666
4,-0.7199565891630801,-0.6675927633517043
4,-0.7171592143381356,-0.6651415564851342
4,-0.7143674402801876,-0.6574537993161969
4,-0.711581222934378,-0.6553670518765752
4,-0.7088005186807672,-0.6544294677087772
4,-0.7060252843281902,-0.6540728647946671
4,-0.7032554771082202,-0.6520436532186511
4,-0.7004910546692373,-0.6479052884289689
4,-0.6977319750705986,-0.6463199039478321
4,-0.6949781967769082,-0.6431219266035295
4,-0.6922296786523869,-0.6425392338702259
4,-0.6894863799553377,-0.6376224130526957
4,-0.6867482603327039,-0.6374590034843646
4,-0.6840152798147213,-0.6331118834024763
4,-0.6812873988096594,-0.6281131799187636
4,-0.6785645780986526,-0.6194714825034288
4,-0.6758467788306164,-0.6151555584343142
4,-0.6731339625172493,-0.6140145055660511
4,-0.6704260910281185,-0.6135025799670122
4,-0.6677231265858259,-0.6134982073972871
4,-0.6650250317612544,-0.6112444315853922
4,-0.6623317694688938,-0.607151392556391
4,-0.659643302962241,-0.6056643768648156
4,-0.6569595958292778,-0.6051501725949144
4,-0.6542806119880201,-0.6047847408175393
4,-0.651606315682142,-0.6038114690666028
4,-0.648936671476668,-0.6010253864828118
4,-0.6462716442537363,-0.5981792468229717
4,-0.6436111992084307,-0.596635045345406
4,-0.6409553018446765,-0.5958449838056616
4,-0.6383039179712057,-0.5955672397536389
4,-0.6356570136975827,-0.5915585712422169
4,-0.6330145554302954,-0.5913377387240305
4,-0.6303765098689069,-0.587411565408942
4,-0.6277428440022691,-0.5840227867967598
4,-0.6251135251047923,-0.5831372982029615
4,-0.6224885207327783,-0.5814681437384098
4,-0.619867798720805,-0.5809167204002009
4,-0.6172513271781721,-0.5771016647461554
4,-0.6146390744853975,-0.5729982434819849
4,-0.6120310092907714,-0.5714029695690368
4,-0.6094271005069601,-0.5711467149002291
4,-0.606827317307664,-0.5708803121265678
4,-0.6042316291243263,-0.5708201576290483
4,-0.6016400056428897,-0.5676236388603394
4,-0.5990524168006054,-0.5665248449466769
4,-0.5964688327828879,-0.5633784364792414
4,-0.593889224020218,-0.5626588167613964
4,-0.5913135611850919,-0.554999339121317
4,-0.5887418151890169,-0.5543672372134041
4,-0.5861739571795497,-0.5529298306198067
4,-0.5836099585373814,-0.5512955332222922
4,-0.5810497908734633,-0.5503507379103733
4,-0.5784934260261769,-0.5496447829659752
4,-0.5759408360585436,-0.5486016667120435
4,-0.573391993255477,-0.5474949025562328
4,-0.5708468701210737,-0.5381934515692763
4,-0.5683054393759461,-0.5337326643492928
4,-0.56576767395459,-0.5315749695564996
4,-0.5632335470027938,-0.5270427903786143
4,-0.5607030318750833,-0.5252564874326168
4,-0.5581761021322028,-0.5237920250511565
4,-0.5556527315386338,-0.5225639426601841
4,-0.5531328940601477,-0.520326019302944
4,-0.5506165638613933,-0.5165123549511682
4,-0.54810371530352,-0.5163944872033048
4,-0.5455943229418322,-0.5155523384535098
4,-0.5430883615234786,-0.511590902396739
4,-0.5405858059851734,-0.5100758148257886
4,-0.538086631450948,-0.500080306602471
4,-0.5355908132299371,-0.49804072046682146
4,-0.5330983268141912,-0.49787281814924755
4,-0.5306091478765242,-0.497641303666329
4,-0.5281232522683863,-0.49459730319194456
4,-0.5256406160177686,-0.4908564490191359
4,-0.5231612153271366,-0.48658739129581796
4,-0.5206850265713899,-0.48407679135804577
4,-0.5182120262958523,-0.48342693461113
4,-0.5157421912142859,-0.4832669637614283
4,-0.5132754982069361,-0.48123559072286337
4,-0.5108119243185986,-0.48112469398140434
4,-0.5083514467567161,-0.4753757142743614
4,-0.5058940428894974,-0.4752069826522593
4,-0.5034396902440645,-0.47442978178500306
4,-0.5009883665046213,-0.47439784127389145
4,-0.49854004951064923,-0.47351654435813695
4,-0.4960947172551247,-0.47223202674466186
4,-0.4936523478827615,-0.4714282917137121
4,-0.4912129196882748,-0.46443702613290944
4,-0.4887764111146695,-0.46301093040316704
4,-0.4863428007515491,-0.4613553137196188
4,-0.48391206733344777,-0.45777055654808735
4,-0.4814841897381838,-0.4554232244853142
4,-0.47905914698523344,-0.4509439351737081
4,-0.47663691823412724,-0.4487356897722826
4,-0.4742174827828645,-0.4454670325320342
4,-0.47180082006635116,-0.44102227673146555
4,-0.46938690965485397,-0.43987093498760627
4,-0.4669757312524776,-0.4366999898530835
4,-0.4645672646956583,-0.43655809875667545
4,-0.46216148995167833,-0.4358882708051669
4,-0.45975838711719796,-0.43498241620967015
4,-0.4573579364168065,-0.4328982826586197
4,-0.45496011820159066,-0.43242756854563935
4,-0.4525649129477219,-0.43236339501814514
4,-0.450172301255059,-0.43001558048363914
4,-0.4477822638457711,-0.4297243745166403
4,-0.4453947815629744,-0.42574599078850667
4,-0.44300983536938754,-0.42420966184056397
4,-0.4406274063460032,-0.42365096561608506
4,-0.43824747569077466,-0.4224096691063129
4,-0.43587002471732,-0.42109822449916856
4,-0.43349503485364005,-0.41813397678315406
4,-0.4311224876408538,-0.4178564773722264
4,-0.4287523647319467,-0.4135245275385982
4,-0.4263846478905366,-0.40850318251738904
4,-0.4240193189896512,-0.40801405925545176
4,-0.42165636001052287,-0.40676257402046717
4,-0.419295753041396,-0.4065216839000121
4,-0.4169374802763492,-0.40523893809704103
4,-0.4145815240141304,-0.40500469187787563
4,-0.41222786665700695,-0.40251687580830564
4,-0.40987649070962767,-0.40108904686269564
4,-0.40752737877789863,-0.4009279266089095
4,-0.4051805135678731,-0.39942696870623945
4,-0.4028358778846518,-0.39725761057144443
4,-0.4004934546312983,-0.39314586638377974
4,-0.3981532268077646,-0.39229659818643264
4,-0.3958151775098313,-0.39228615960152313
4,-0.39347928992805714,-0.3909647776190706
4,-0.39114554734674317,-0.3892373432753021
4,-0.3888139331429056,-0.3865962004140672
4,-0.38648443078526334,-0.38321400147733947
4,-0.38415702383323397,-0.38072667825236245
4,-0.38183169593594307,-0.3797071480371052
4,-0.37950843083124286,-0.37963249659089676
4,-0.37718721234474323,-0.3794129557539446
4,-0.3748680243888516,-0.3791274831426842
4,-0.3725508509618255,-0.3762258335305918
4,-0.3702356761468333,-0.37560172377837164
4,-0.3679224841110264,-0.3744675009032094
4,-0.36561125910462183,-0.3735948369850515
4,-0.363301985459993,-0.3727735241845511
4,-0.3609946475907723,-0.3726654013392929
4,-0.3586892299909617,-0.36998929552994303
4,-0.3563857172340537,-0.3629847942325237
4,-0.35408409397216095,-0.3625452479408317
4,-0.35178434493515626,-0.36132771791068047
4,-0.34948645492981945,-0.36074685137575946
4,-0.347190408838996,-0.36066125954551664
4,-0.3448961916207617,-0.35994859601088436
4,-0.34260378830759813,-0.3595454173983601
4,-0.3403131840055748,-0.3554371916840182
4,-0.3380243638935421,-0.3536232529341574
4,-0.3357373132223295,-0.35314629248919877
4,-0.3334520173139541,-0.3524647293589983
4,-0.3311684615608373,-0.35189869165295906
4,-0.3288866314250274,-0.3515466918031561
4,-0.32660651243743266,-0.3474605996538823
4,-0.32432809019705944,-0.3469491542269758
4,-0.32205135037026034,-0.34428346194934123
4,-0.3197762786899874,-0.3424033561317938
4,-0.3175028609550554,-0.3411164795318223
4,-0.31523108302940933,-0.33936383361264527
4,-0.3129609308414023,-0.337573798760236
4,-0.31069239038307706,-0.3357861082762523
4,-0.3084254477094577,-0.3336299669430113
4,-0.30616008893784563,-0.3334868662333878
4,-0.3038963002471243,-0.33280292370312836
4,-0.30163406787706865,-0.33123352729358047
4,-0.2993733781276631,-0.3309350765245513
4,-0.2971142173584244,-0.33007201210756015
4,-0.29485657198773113,-0.3287311996238561
4,-0.2926004284921609,-0.32696489581881627
4,-0.2903457734058314,-0.323771441809374
4,-0.2880925933197497,-0.3229718437108143
4,-0.2858408748811656,-0.32281202930790226
4,-0.28359060479293313,-0.32097215818623603
4,-0.2813417698128753,-0.31872193878357946
4,-0.2790943567531572,-0.31680771545411057
4,-0.2768483524796622,-0.31650052387150307
4,-0.2746037439113765,-0.3127889915866983
4,-0.2723605180197762,-0.31264344273923145
4,-0.27011866182822236,-0.3119805107748219
4,-0.2678781624113597,-0.31174211090018095
4,-0.2656390068945217,-0.3097147664890726
4,-0.2634011824531398,-0.3093965325478788
4,-0.2611646763121585,-0.3052616713480482
4,-0.25892947574545566,-0.3049154554332331
4,-0.25669556807526656,-0.301631226452841
4,-0.2544629406716146,-0.2887365088059454
4,-0.2522315809517448,-0.2854868781075646
4,-0.2500014763795642,-0.2788585632743199
4,-0.24777261446508494,-0.2731134076082777
4,-0.24554498276387357,-0.27157239054695076
4,-0.2433185688765034,-0.27076023682779454
4,-0.2410933604480132,-0.2695736904095634
4,-0.2388693451673679,-0.2679093261904394
4,-0.23664651076692625,-0.2605202305654995
4,-0.23442484502191024,-0.2579245269535821
4,-0.23220433574988106,-0.25584796416949557
4,-0.22998497081021713,-0.2547254699982541
4,-0.227766738103598,-0.2515347832698629
4,-0.22554962557149077,-0.24936990597286215
4,-0.22333362119564149,-0.247119673629947
4,-0.22111871299757055,-0.24458629647683322
4,-0.21890488903807054,-0.2407428431793482
4,-0.21669213741670998,-0.23862444162548269
4,-0.2144804462713387,-0.2355850698052916
4,-0.21226980377759877,-0.2353091646295922
4,-0.2100601981484372,-0.23413514778209857
4,-0.20785161763362436,-0.22851802771315294
4,-0.2056440505192733,-0.22696742459940303
4,-0.20343748512736542,-0.22639785599421225
4,-0.20123190981527675,-0.2261318213829879
4,-0.19902731297531004,-0.22532373631469313
4,-0.19682368303422793,-0.22435062762817212
4,-0.1946210084527915,-0.22430405329769226
4,-0.19241927772530018,-0.22398049394963163
4,-0.19021847937913575,-0.22348394353708267
4,-0.1880186019743099,-0.2230610675084551
4,-0.18581963410301308,-0.22116268204948258
4,-0.18362156438916882,-0.22013815406152154
4,-0.18142438148798837,-0.21891447691785657
4,-0.1792280740855307,-0.21296188209506148
4,-0.17703263089826318,-0.2115928432035955
4,-0.1748380406726271,-0.21072175896367865
4,-0.17264429218460384,-0.21054354094037583
4,-0.1704513742392861,-0.21033546224631283
4,-0.1682592756704493,-0.2088410858465568
4,-0.16606798534012807,-0.20834888923536343
4,-0.1638774921381931,-0.2081773731373332
4,-0.1616877849819326,-0.2073374644874224
4,-0.15949885281563397,-0.20573487498761217
4,-0.1573106846101707,-0.20056692659791417
4,-0.15512326936258877,-0.19678406926034714
4,-0.1529365960956975,-0.19315972262093192
4,-0.1507506538576624,-0.19223032819310096
4,-0.148565431721599,-0.19135562666792783
4,-0.14638091878517093,-0.1892236088556898
4,-0.1441971041701882,-0.18828230897729106
4,-0.14201397702220964,-0.1846289763836532
4,-0.1398315265101454,-0.18460906695786253
4,-0.13764974182586365,-0.1793357447552952
4,-0.13546861218379722,-0.17930862606544687
4,-0.13328812682055438,-0.17477319985006406
4,-0.13110827499452943,-0.17465309906909146
4,-0.1289290459855175,-0.1737886897462068
4,-0.12675042909432888,-0.1731427165248049
4,-0.12457241364240754,-0.17183469367247847
4,-0.12239498897144932,-0.17148210181075813
4,-0.12021814444302395,-0.17069153265020115
4,-0.11804186943819692,-0.1704660470453206
4,-0.11586615335715433,-0.17007511623049612
4,-0.11369098561882954,-0.16815377956008223
4,-0.1115163556605299,-0.1675923803269054
4,-0.1093422529375675,-0.16731601466861618
4,-0.10716866692288883,-0.1636334947519523
4,-0.10499558710670859,-0.1581314066459377
4,-0.10282300299614268,-0.15783418768654592
4,-0.1006509041148447,-0.15243694724423784
4,-0.09847928000264201,-0.15195905668942036
4,-0.09630812021517514,-0.14897326753756734
4,-0.0941374143235364,-0.1472317132242905
4,-0.09196715191391219,-0.14364005434525523
4,-0.08979732258722439,-0.14004146353394747
4,-0.087627915958775,-0.13817485656528672
4,-0.08545892165789025,-0.1372535344397422
4,-0.08329032932756711,-0.13561294851625225
4,-0.08112212862412113,-0.13545670101685084
4,-0.07895430921683391,-0.13528734604730686
4,-0.07678686078760391,-0.1308529348268522
4,-0.0746197730305959,-0.1273939196030885
4,-0.07245303565189398,-0.12728748771860743
4,-0.07028663836915323,-0.12400200685345808
4,-0.06812057091125454,-0.12293140059776096
4,-0.06595482301795831,-0.12040998011520684
4,-0.06378938443956127,-0.11808730476216414
4,-0.06162424493655185,-0.11685507809290621
4,-0.05945939427926888,-0.11612362116814065
4,-0.05729482224755871,-0.1147439841503423
4,-0.05513051863043545,-0.11298173493295294
4,-0.0529664732257398,-0.11182541139265993
4,-0.050802675839800755,-0.11120465504981965
4,-0.04863911628709609,-0.11042542880775455
4,-0.0464757843899148,-0.10766775850083384
4,-0.0443126699780203,-0.10761093878060446
4,-0.0421497628883128,-0.10508750823323601
4,-0.03998705296449444,-0.10386489681657245
4,-0.037824530056732725,-0.10372523570066558
4,-0.03566218402132678,-0.10088086477171225
4,-0.03350000472037186,-0.0978450371536365
4,-0.03133798202142662,-0.09523232283601112
4,-0.029176105797178567,-0.09499879572340555
4,-0.02701436592511225,-0.09437985702013366
4,-0.024852752287175563,-0.09004883311965123
4,-0.0226912547694487,-0.08966761503528674
4,-0.02052986326181119,-0.0860501107511081
4,-0.018368567657611523,-0.08565730578279736
4,-0.01620735785333497,-0.08479826180031044
4,-0.01404622374827304,-0.08347303071865964
4,-0.011885155244193207,-0.08094921022356867
4,-0.00972414224500743,-0.08031035147229526
4,-0.007563174656442956,-0.07613491699233708
4,-0.0054022423857110445,-0.06632017135260286
4,-0.003241335341178046,-0.06528070803300669
4,-0.0010804434320343535,-0.064372784476577
4,0.0010804434320343535,-0.06403222500085784
4,0.003241335341177907,-0.06274272345067614
4,0.005402242385711184,-0.06213671204723917
4,0.007563174656442956,-0.0612853937758023
4,0.00972414224500743,-0.060348366966950465
4,0.011885155244193068,-0.05867300680444115
4,0.01404622374827318,-0.05691825044404135
4,0.01620735785333497,-0.056184573280877934
4,0.018368567657611523,-0.054124167568697805
4,0.02052986326181119,-0.053297399198387566
4,0.02269125476944856,-0.047887790626032066
4,0.024852752287175702,-0.047084776201807496
4,0.02701436592511225,-0.04475691765213007
4,0.029176105797178567,-0.04454081324876895
4,0.03133798202142648,-0.04353342082952049
4,0.033500004720372,-0.040863738070072084
4,0.03566218402132678,-0.040647595136749266
4,0.037824530056732725,-0.04059633943866669
4,0.0399870529644943,-0.03944686930082292
4,0.04214976288831294,-0.038276782971604674
4,0.0443126699780203,-0.03695301710945699
4,0.0464757843899148,-0.027269232514132446
4,0.04863911628709595,-0.024104363481897467
4,0.050802675839800894,-0.01802031426073447
4,0.05296647322573994,-0.01591289472636506
4,0.05513051863043545,-0.014974109541183344
4,0.05729482224755871,-0.014270502770437584
4,0.05945939427926874,-0.013663015654166761
4,0.06162424493655199,-0.01064728706665387
4,0.06378938443956127,-0.009507516140978844
4,0.06595482301795831,-0.006087140787953309
4,0.0681205709112544,-0.0024004695739505573
4,0.07028663836915337,-0.0009282414991366357
4,0.07245303565189398,-0.00023286427662845045
4,0.0746197730305959,0.003295010501529238
4,0.07678686078760377,0.005505683341603049
4,0.07895430921683405,0.010769606751501052
4,0.08112212862412113,0.012485433163172752
4,0.08329032932756711,0.014384345330571686
4,0.08545892165789011,0.015233573904104323
4,0.08762791595877487,0.016781403704809343
4,0.08979732258722453,0.018281773850973897
4,0.09196715191391219,0.018781053519173495
4,0.0941374143235364,0.0220415090322946
4,0.096308120215175,0.022241036281218256
4,0.09847928000264215,0.022610195364517492
4,0.1006509041148447,0.023315949333413934
4,0.10282300299614268,0.02510841978066033
4,0.10499558710670845,0.02804506266287129
4,0.10716866692288897,0.02839129161408755
4,0.1093422529375675,0.028761203199219293
4,0.1115163556605299,0.029175577848144483
4,0.1136909856188294,0.03058526292580184
4,0.11586615335715449,0.03087204942575459
4,0.11804186943819692,0.03224368512247523
4,0.12021814444302395,0.032603743366627594
4,0.12239498897144932,0.03281289706458513
4,0.1245724136424074,0.032874791105176396
4,0.12675042909432901,0.03354258296436461
4,0.1289290459855175,0.035146899839317854
4,0.13110827499452943,0.043120690574768854
4,0.13328812682055424,0.04663602783327637
4,0.13546861218379735,0.04758867580733527
4,0.13764974182586365,0.047625241193080634
4,0.1398315265101454,0.04786891524962341
4,0.1420139770222095,0.04923850736870294
4,0.14419710417018833,0.055884445641841904
4,0.14638091878517093,0.057898611460088546
4,0.148565431721599,0.0604417177870954
4,0.15075065385766226,0.06333503557775909
4,0.15293659609569765,0.06364439650179952
4,0.15512326936258877,0.06452722503949504
4,0.1573106846101707,0.06657297500904391
4,0.15949885281563397,0.06897526681052617
4,0.16168778498193245,0.06914825302801045
4,0.16387749213819325,0.07157315156065729
4,0.16606798534012807,0.0718778851184311
4,0.1682592756704493,0.07275833208819936
4,0.17045137423928597,0.07874230670820942
4,0.17264429218460398,0.07881161990776583
4,0.1748380406726271,0.07969246563381432
4,0.17703263089826318,0.0797352684846209
4,0.17922807408553057,0.08105499259926162
4,0.1814243814879885,0.08321024662266475
4,0.18362156438916882,0.08502731353885871
4,0.18581963410301308,0.08699617234740767
4,0.18801860197430975,0.08930919087089229
4,0.19021847937913589,0.09524551551983032
4,0.19241927772530018,0.09740554565883895
4,0.1946210084527915,0.09768736512754093
4,0.19682368303422793,0.09957153227335488
4,0.1990273129753099,0.10130905072185105
4,0.2012319098152769,0.10183043067601076
4,0.20343748512736542,0.1036423729457692
4,0.2056440505192733,0.10748293215263705
4,0.20785161763362417,0.10960918450347756
4,0.21006019814843735,0.11008451471121684
4,0.21226980377759877,0.11156699344427874
4,0.2144804462713387,0.11249602795133411
4,0.21669213741670984,0.11433211688684275
4,0.21890488903807068,0.11540014353871168
4,0.22111871299757055,0.11728285562980294
4,0.22333362119564149,0.12043195715039341
4,0.22554962557149064,0.12242341119488007
4,0.22776673810359813,0.12849173323293006
4,0.22998497081021727,0.12923509263532829
4,0.23220433574988106,0.13004458444761863
4,0.23442484502191024,0.1307017656056457
4,0.2366465107669261,0.13814656210471987
4,0.23886934516736805,0.13845249559020834
4,0.2410933604480132,0.14026251243181753
4,0.2433185688765034,0.1413548003990982
4,0.24554498276387343,0.14254113490508824
4,0.24777261446508508,0.14284298453629152
4,0.2500014763795642,0.14680168085931003
4,0.2522315809517448,0.15099988789788069
4,0.25446294067161446,0.15289945659163612
4,0.2566955680752667,0.15852552989256424
4,0.25892947574545566,0.1645840603134974
4,0.2611646763121585,0.16517058473158286
4,0.26340118245313965,0.16590611236130984
4,0.2656390068945215,0.16792335679133372
4,0.2678781624113598,0.16854279658940086
4,0.27011866182822236,0.16948713034916735
4,0.2723605180197762,0.1699178054481203
4,0.2746037439113764,0.17168373197196687
4,0.2768483524796624,0.17215169352591872
4,0.2790943567531572,0.17750171144827911
4,0.2813417698128753,0.17834767823479614
4,0.28359060479293297,0.1787681902018896
4,0.2858408748811657,0.18463248777850988
4,0.2880925933197497,0.18808504068297013
4,0.2903457734058314,0.18839670143811033
4,0.2926004284921608,0.18933092628976494
4,0.29485657198773124,0.19140709877468756
4,0.2971142173584244,0.1964258611204397
4,0.2993733781276631,0.1969928136017685
4,0.30163406787706865,0.19746354946021738
4,0.30389630024712416,0.19785923702272518
4,0.30616008893784574,0.1981890987276173
4,0.3084254477094577,0.2022215500004556
4,0.31069239038307706,0.2064473105747835
4,0.3129609308414022,0.20714483087341715
4,0.31523108302940955,0.20755029147822926
4,0.3175028609550554,0.2084292092196491
4,0.3197762786899874,0.2085922662734783
4,0.3220513503702601,0.2092252084524526
4,0.32432809019705955,0.20926951733240634
4,0.32660651243743266,0.21141630337266135
4,0.3288866314250274,0.2133041380458751
4,0.33116846156083707,0.21356473265967985
4,0.3334520173139542,0.21810832062846125
4,0.3357373132223295,0.22225117335496183
4,0.3380243638935421,0.226110263776793
4,0.3403131840055748,0.2279456020556674
4,0.3426037883075979,0.2280344893336132
4,0.3448961916207618,0.2281825753810706
4,0.347190408838996,0.2289141009590255
4,0.34948645492981945,0.22979641368499837
4,0.3517843449351561,0.2335877746515424
4,0.3540840939721612,0.23494858868882024
4,0.3563857172340537,0.23522656914873302
4,0.3586892299909617,0.23538943345464983
4,0.3609946475907722,0.23615812849554113
4,0.36330198545999315,0.24076750236576872
4,0.36561125910462183,0.24201589456478648
4,0.3679224841110264,0.24408516674646683
4,0.37023567614683317,0.24736354109614406
4,0.37255085096182566,0.2497143176002238
4,0.37486802438885175,0.2539411398640412
4,0.37718721234474323,0.2540630863717656
4,0.37950843083124286,0.2540866632887662
4,0.3818316959359429,0.2551547482130837
4,0.3841570238332341,0.25716726910134813
4,0.38648443078526334,0.25766601549338825
4,0.3888139331429056,0.2580011875801504
4,0.39114554734674295,0.2650005873404875
4,0.39347928992805736,0.2667064180535915
4,0.3958151775098313,0.26758202552772686
4,0.3981532268077646,0.2700900026633509
4,0.40049345463129815,0.2708521131158701
4,0.4028358778846519,0.2719404396821394
4,0.4051805135678731,0.2790682429833245
4,0.40752737877789863,0.27976990263031115
4,0.40987649070962745,0.2820688391424431
4,0.4122278666570068,0.283083394550534
4,0.4145815240141305,0.28596318261831927
4,0.4169374802763492,0.28611514966161994
4,0.419295753041396,0.28638668283501056
4,0.42165636001052276,0.2868872413901151
4,0.4240193189896513,0.2889845177724655
4,0.4263846478905366,0.2904875532241709
4,0.4287523647319467,0.2905216330758558
4,0.4311224876408536,0.29101914618615915
4,0.43349503485364016,0.29198368210165676
4,0.43587002471732,0.29573845163112
4,0.43824747569077466,0.2961124529397387
4,0.44062740634600306,0.2989822380929687
4,0.4430098353693877,0.2995669467645034
4,0.4453947815629744,0.2997222654499501
4,0.4477822638457711,0.30009857070883356
4,0.450172301255059,0.3018776425334445
4,0.4525649129477217,0.30521475490581707
4,0.4549601182015909,0.3061331979399027
4,0.4573579364168065,0.3080447523669441
4,0.45975838711719796,0.31583864308015547
4,0.4621614899516782,0.3165713171655675
4,0.4645672646956584,0.3224938652157929
4,0.4669757312524776,0.323703680092042
4,0.46938690965485397,0.3242964272058694
4,0.471800820066351,0.32944995570036173
4,0.4742174827828647,0.3322649391361919
4,0.47663691823412724,0.3326885201632455
4,0.47905914698523344,0.33436472385588306
4,0.4814841897381837,0.3362299464206107
4,0.48391206733344794,0.3367796773113501
4,0.4863428007515491,0.33978441766397555
4,0.4887764111146695,0.3425527019082399
4,0.4912129196882748,0.3428891190725451
4,0.49365234788276136,0.3489575194591886
4,0.4960947172551249,0.3506368817389815
4,0.49854004951064923,0.3507983920854618
4,0.5009883665046213,0.35086132650711516
4,0.5034396902440644,0.3519927236192005
4,0.5058940428894976,0.36190954296316696
4,0.5083514467567161,0.3716439179100955
4,0.5108119243185986,0.3738766190303508
4,0.513275498206936,0.3741277366366867
4,0.5157421912142861,0.37636254731300434
4,0.5182120262958523,0.3795945263431227
4,0.5206850265713899,0.38174601379867223
4,0.5231612153271363,0.38409950345776417
4,0.5256406160177688,0.38505711543778576
4,0.5281232522683863,0.3883131192070613
4,0.5306091478765242,0.38993214976233553
4,0.5330983268141912,0.3908170277522009
4,0.5355908132299368,0.3920110876256456
4,0.5380866314509483,0.3927200204817688
4,0.5405858059851734,0.3944793021538433
4,0.5430883615234786,0.3963303326024541
4,0.5455943229418321,0.3965399533653121
4,0.5481037153035201,0.39705950032930437
4,0.5506165638613933,0.39759285904791297
4,0.5531328940601477,0.40123344089058877
4,0.5556527315386337,0.403982547985452
4,0.5581761021322029,0.4041259151249048
4,0.5607030318750833,0.40709233988371457
4,0.5632335470027938,0.408414731372574
4,0.5657676739545899,0.41134420986077025
4,0.5683054393759464,0.41290130903134237
4,0.5708468701210738,0.41480878327657217
4,0.573391993255477,0.4268594384120315
4,0.5759408360585436,0.42980909633526676
4,0.5784934260261768,0.4308647123106131
4,0.5810497908734634,0.4327302818591363
4,0.5836099585373814,0.43318938932232737
4,0.5861739571795497,0.4346076799765074
4,0.5887418151890167,0.43841860897057455
4,0.591313561185092,0.439999827420123
4,0.593889224020218,0.44079952561300945
4,0.5964688327828879,0.44476845459953174
4,0.5990524168006053,0.44731307364018863
4,0.6016400056428898,0.45034064620533726
4,0.6042316291243263,0.4597139595797117
4,0.606827317307664,0.4617642560934415
4,0.6094271005069599,0.46348528900025027
4,0.6120310092907713,0.46460118438345255
4,0.6146390744853977,0.47092956510794093
4,0.6172513271781721,0.4720268338765041
4,0.619867798720805,0.4735926169557487
4,0.6224885207327782,0.4744832889146918
4,0.6251135251047925,0.47598644457522704
4,0.6277428440022691,0.4765787018597035
4,0.6303765098689069,0.48010087582922756
4,0.6330145554302952,0.4872603740144879
4,0.6356570136975828,0.48728201404755866
4,0.6383039179712057,0.49451408858217805
4,0.6409553018446765,0.49534438930824115
4,0.6436111992084305,0.5017217921321456
4,0.6462716442537364,0.5026542721002775
4,0.648936671476668,0.5090234578722577
4,0.651606315682142,0.5090393745243361
4,0.6542806119880201,0.5119755380678676
4,0.6569595958292777,0.5148690770609725
4,0.6596433029622412,0.5161623524067257
4,0.6623317694688938,0.5174312878179947
4,0.6650250317612544,0.5182815002831291
4,0.6677231265858258,0.5209440927770187
4,0.6704260910281187,0.5229055246898934
4,0.6731339625172493,0.5246465278591799
4,0.6758467788306164,0.5248854079760025
4,0.6785645780986526,0.5264049989729465
4,0.6812873988096596,0.5292698580868219
4,0.6840152798147213,0.5358402123706446
4,0.6867482603327039,0.5361906319491643
4,0.6894863799553377,0.5370288175774631
4,0.6922296786523873,0.5394485877523882
4,0.6949781967769082,0.5398928696061621
4,0.6977319750705986,0.5404611853599539
4,0.7004910546692373,0.5413252079556463
4,0.7032554771082199,0.5436527933475493
4,0.7060252843281902,0.5524074888908835
4,0.7088005186807672,0.5572935658765436
4,0.711581222934378,0.5580335218535807
4,0.7143674402801873,0.5582791765636154
4,0.7171592143381356,0.5662752888421774
4,0.7199565891630801,0.5670308182832532
4,0.7227596092510505,0.5679042544924754
4,0.7255683195456105,0.5706995816746104
4,0.7283827654443379,0.5737520859493596
4,0.731202992805416,0.5745981702591119
4,0.7340290479543503,0.5749432232057294
4,0.7368609776908018,0.5750775969735024
4,0.7396988292955468,0.5791212058912936
4,0.7425426505375611,0.5817131621147325
4,0.7453924896812393,0.584975108592089
4,0.7482483954937412,0.5925336534232722
4,0.7511104172524777,0.5954781806400831
4,0.7539786047527326,0.5981750651817521
4,0.7568530083154277,0.598671274509085
4,0.7597336787950342,0.6013048369768091
4,0.7626206675876305,0.6075111617885163
4,0.7655140266391119,0.6116941489509883
4,0.7684138084535562,0.6123314005831378
4,0.7713200661017483,0.6155963591382223
4,0.7742328532298668,0.6283699082983016
4,0.7771522240683367,0.6310605589502315
4,0.7800782334408515,0.6406243106626509
4,0.7830109367735719,0.6477162213194019
4,0.7859503901044994,0.6547505324731718
4,0.7888966500930347,0.6574074316958569
4,0.7918497740297211,0.6582732798051528
4,0.7948098198461789,0.6595261834667348
4,0.7977768461252381,0.6612516866392987
4,0.8007509121112678,0.6666597593477939
4,0.8037320777207125,0.6668693459929506
4,0.8067204035528373,0.6672245322800251
4,0.8097159509006909,0.6679094723276484
4,0.8127187817622858,0.6681273389000038
4,0.8157289588520064,0.6724904460583082
4,0.8187465456122446,0.6735513550576998
4,0.8217716062252793,0.6783937855901049
4,0.8248042056253923,0.679197897062464
4,0.8278444095112351,0.6825928873003569
4,0.8308922843584505,0.6827487640047244
4,0.8339478974325576,0.6835571779489917
4,0.8370113168021022,0.6845961729043548
4,0.8400826113520822,0.6872168245420927
4,0.8431618507976574,0.6904398641329237
4,0.8462491056981418,0.6914326423168639
4,0.8493444474713024,0.6990547475254951
4,0.8524479484079509,0.7053958749063565
4,0.8555596816868551,0.7058645695404736
4,0.8586797213899646,0.7201588912314815
4,0.86180814251797,0.7226299478272968
4,0.8649450210061932,0.7243101357057425
4,0.8680904337408277,0.7246519118301037
4,0.87124445857553,0.7248918641037595
4,0.8744071743483783,0.7255905107159472
4,0.8775786608992021,0.7265680022903314
4,0.8807589990872983,0.7297955618362307
4,0.8839482708095366,0.7301314667535672
4,0.887146559018876,0.7354021051259114
4,0.8903539477432916,0.738260785633267
4,0.8935705221051311,0.7477715017625053
4,0.8967963683409081,0.7482176060589403
4,0.9000315738215471,0.7577088741138243
4,0.9032762270730927,0.7597938054056756
4,0.9065304177978919,0.759940508171141
4,0.9097942368962684,0.7643228817629729
4,0.9130677764886972,0.7653854866155964
4,0.9163511299384989,0.766905267681809
4,0.9196443918750641,0.7673738605450652
4,0.9229476582176254,0.7674707105004414
4,0.9262610261995888,0.7683470974950647
4,0.9295845943934494,0.771118280681394
4,0.932918462736298,0.7759646490742894
4,0.9362627325559403,0.7799276047206402
4,0.939617506597647,0.7843196864700135
4,0.9429828890515551,0.8021860729417782
4,0.9463589855807332,0.8023510609306954
4,0.9497459033499366,0.8054015170786202
4,0.9531437510550695,0.809536674950992
4,0.9565526389533759,0.81189721425293
4,0.9599726788943846,0.8125622480540133
4,0.9634039843516228,0.8152226010538786
4,0.9668466704551318,0.815525071700039
4,0.9703008540247996,0.8162589940896657
4,0.9737666536045445,0.8165682798445887
4,0.977244189497368,0.8270014953431283
4,0.9807335838013093,0.8273508424240751
4,0.984234960446325,0.8291958506953825
4,0.9877484452321296,0.8328305311118528
4,0.9912741658670196,0.8340918588274223
4,0.9948122520077161,0.8386175001536694
4,0.998362835300258,0.8401696292900915
4,1.0019260494219802,0.8413307081976944
4,1.00550203012461,0.8419793435296494
4,1.009090915278517,0.8423815441796967
4,1.0126928449181591,0.8426311976457848
4,1.0163079612887533,0.8493235306618518
4,1.0199364088942289,0.850547332666912
4,1.023578334546484,0.8542057144262951
4,1.0272338874160079,0.8599418083731392
4,1.0309032190838998,0.8618247616134448
4,1.034586483595345,0.8658826679295883
4,1.0382838375145829,0.8692635298813407
4,1.0419954399814324,0.87041742091015
4,1.045721452769414,0.8715901098465682
4,1.049462040345537,0.8721713851619487
4,1.0532173699317975,0.874536358402519
4,1.0569876115684533,0.8811309459468871
4,1.0607729381791398,0.8824778333358143
4,1.064573525637883,0.8905128400568678
4,1.0683895528380878,0.9067039074682186
4,1.0722212017635642,0.9090566787433618
4,1.0760686575616667,0.9107640455048382
4,1.0799321086186235,0.9112947824524295
4,1.083811746637138,0.9160744111813465
4,1.087707766716338,0.918154631601002
4,1.0916203674341685,0.9198722900158057
4,1.0955497509323089,0.9216113873392265
4,1.0994961230037184,0.9417122942403191
4,1.1034596931829,0.9504060666945623
4,1.1074406748389893,0.9557781779424452
4,1.111439285271774,0.9620059327248365
4,1.1154557458107623,0.9631398901208242
4,1.1194902819174035,0.9731240723724823
4,1.1235431232905992,0.9760734014085697
4,1.1276145039756234,0.9797658473038806
4,1.1317046624765847,0.9831913500539687
4,1.1358138418725752,0.9849448660473529
4,1.1399422899376568,0.98501700490366
4,1.144090259264821,0.9912573204994218
4,1.1482580073941049,0.9927656790970679
4,1.152445796945015,0.9945086485872536
4,1.1566538957534442,0.9978112151913213
4,1.1608825770132647,1.011123859953099
4,1.1651321194227822,1.012829776952912
4,1.1694028073362768,1.0265970099024941
4,1.1736949309208156,1.027316466145994
4,1.1780087863185829,1.0294781107784028
4,1.182344675814948,1.041934246730921
4,1.1867029080125364,1.0467625534207994
4,1.1910837980115367,1.0494331528814125
4,1.1954876675965431,1.053181336360909
4,1.199914845430198,1.0579555482829048
4,1.2043656672539536,1.0580624485312868
4,1.2088404760962614,1.0714066271163862
4,1.2133396224885171,1.0735250861012307
4,1.2178634646891306,1.0746425653334277
4,1.222412368916066,1.0916290712821577
4,1.2269867095882732,1.093020188479029
4,1.2315868695763936,1.0936104606002122
4,1.23621324046319,1.095101961137049
4,1.2408662228141538,1.0980065128431942
4,1.2455462264587753,1.098583358850685
4,1.2502536707829845,1.1005577599138945
4,1.2549889850333056,1.1040001532048245
4,1.2597526086332866,1.1104850087302234
4,1.2645449915128208,1.1203941351472848
4,1.2693665944509844,1.1239845724656232
4,1.2742178894330738,1.1347172588571113
4,1.27909936002255,1.136209845822393
4,1.2840115017486566,1.1449139660085095
4,1.2889548225105025,1.1483289590459898
4,1.2939298429984742,1.1607712320064745
4,1.2989370971338632,1.164940690640409
4,1.3039771325276814,1.1654574234338606
4,1.3090505109596808,1.1853709909564074
4,1.3141578088786505,1.1913485679778844
4,1.3192996179251482,1.1928273767800048
4,1.3244765454778857,1.1939936330758012
4,1.3296892152250832,1.1957038835682752
4,1.334938267762157,1.1958641122204436
4,1.3402243612172402,1.1989799645821182
4,1.3455481719060987,1.2266031515437974
4,1.35091039501813,1.238164052202829
4,1.3563117453352471,1.2570821601975244
4,1.3617529579855447,1.261940980311822
4,1.367234789233823,1.272945972647308
4,1.3727580173111362,1.279485560974084
4,1.3783234432857436,1.3330934952639586
4,1.3839318919779453,1.3349452691654302
4,1.389584212921517,1.3407116538847645
4,1.3952812813746298,1.352859935160397
4,1.4010239993833566,1.3651496860634014
4,1.4068132969010918,1.365303100383569
4,1.4126501329674752,1.3653657198216933
4,1.4185354969506663,1.3733303912218795
4,1.4244704098571226,1.3799441937314805
4,1.4304559257133467,1.3909649160096282
4,1.4364931330244244,1.397833858375133
4,1.4425831563145604,1.399097733670959
4,1.4487271577552192,1.4033036706789976
4,1.4549263388869629,1.4184156867105318
4,1.4611819424415442,1.4232348559462562
4,1.467495254271386,1.4274290710348811
4,1.4738676053941544,1.4315036713100782
4,1.4803003741608243,1.4317089218733132
4,1.486794988556304,1.4320851973166457
4,1.4933529286425447,1.462385647510996
4,1.4999757291548692,1.4691032037671656
4,1.5066649822632874,1.4766579173111098
4,1.5134223405115683,1.5051260514783673
4,1.5202495199480524,1.5171634900020008
4,1.5271483034634752,1.5295150805996682
4,1.5341205443525463,1.5530573165233321
4,1.541168170117565,1.5726210486503516
4,1.548293186534209,1.582697513142129
4,1.5554976820015671,1.5889873625114148
4,1.5627838322007006,1.598982378909818
4,1.5701539050885065,1.5999900461866754
4,1.5776102662563782,1.607927375590389
4,1.5851553846862638,1.6141300413099129
4,1.5927918389401803,1.636244785192858
4,1.6005223238231254,1.6363437301685253
4,1.608349657563711,1.6387561976232035
4,1.6162767895617505,1.6460744610215106
4,1.624306808757637,1.6688295156841675
4,1.6324429526846433,1.677852464148402
4,1.6406886172723922,1.6991323966349279
4,1.6490473674779256,1.7131082024675341
4,1.6575229488299974,1.7271731300875006
4,1.6661192999828134,1.7344549447788398
4,1.6748405663874717,1.7517318903395358
4,1.6836911152032321,1.7539883317524558
4,1.692675551586625,1.7674802130267695
4,1.7017987365147198,1.7757179183489682
4,1.7110658063200808,1.7896929409341067
4,1.7204821941393558,1.8322977956636846
4,1.7300536535059863,1.8341962758915438
4,1.739786284350604,1.8362105300096772
4,1.749686561711443,1.8865274849606801
4,1.7597613675024162,1.90668046522269
4,1.7700180257398808,1.9418259378049654
4,1.7804643416920256,1.9562984058672344
4,1.791108645489299,1.9689371268497282
4,1.8019598408228035,2.0081944975513353
4,1.813027459463187,2.0360218370682106
4,1.824321722458958,2.0451701154960036
4,1.83585360902531,2.0522536571659917
4,1.8476349343181908,2.056069794327216
4,1.8596784375114002,2.073432682946476
4,1.8719978818664604,2.1084683420157884
4,1.8846081688184237,2.120650023880292
4,1.8975254685117893,2.1317319675888418
4,1.9107673697301397,2.144291645141227
4,1.9243530527985555,2.184504132859217
4,1.9383034898353289,2.200578319449587
4,1.9526416777373719,2.2669527053342575
4,1.967392910566296,2.278799180812578
4,1.9825850996473247,2.284880836151542
4,1.9982491518202403,2.3050309149838517
4,2.01441941905601,2.3313620617116997
4,2.031134236305146,2.3396454588073854
4,2.0484365693006272,2.374527342387619
4,2.0663748005659985,2.402131202796408
4,2.08500369075537,2.421597841483076
4,2.104385564673896,2.434926475306257
4,2.124591788386443,2.4790256594762234
4,2.1457046279901677,2.482040132518473
4,2.1678196154263687,2.533786735198358
4,2.191048597719191,2.575841288905006
4,2.2155237222967132,2.7308719268831076
4,2.241402727604947,2.7402066892150976
4,2.268876090764539,2.7975016065426366
4,2.2981768778867386,2.8040717888474123
4,2.329594630774496,2.960736084795458
4,2.363495463999453,3.0751168677765066
4,2.4003520539189642,3.227199692661234
4,2.440790040277434,3.303636106280268
4,2.485663024568808,3.4377904719399504
4,2.5361804634323537,4.0155788683508
4,2.594141008424465,4.038871326138984
4,2.6623974501718317,4.3145644330917134
4,2.74590177622359,4.743849035210029
4,2.854508720893438,5.527124710544268
4,3.01306831805008,5.56053700147722
4,3.3320560349619415,5.7089650148325335
5,-3.332056034961933,-3.0604467391614896
5,-3.0130683180500704,-2.994853403135295
5,-2.854508720893445,-2.9299826420691915
5,-2.7459017762235924,-2.6298597907045096
5,-2.6623974501718313,-2.6035033879718195
5,-2.594141008424463,-2.4766885240294036
5,-2.5361804634323564,-2.3874893182519608
5,-2.485663024568809,-2.2639385034176605
5,-2.440790040277434,-2.239245477169623
5,-2.4003520539189633,-2.2320364969854447
5,-2.363495463999451,-2.213183827948437
5,-2.3295946307744977,-2.1339899486593876
5,-2.298176877886739,-2.093395722210438
5,-2.2688760907645387,-2.0688816885149386
5,-2.241402727604945,-2.0277523165510307
5,-2.2155237222967146,-2.010784987872625
5,-2.1910485977191914,-2.0099268294696144
5,-2.1678196154263674,-1.9811383534026705
5,-2.145704627990167,-1.9706903236326305
5,-2.124591788386444,-1.9535600000676905
5,-2.1043855646738963,-1.9299462239630698
5,-2.08500369075537,-1.86072215871717
5,-2.0663748005659976,-1.8605658773700096
5,-2.0484365693006286,-1.8007741145259983
5,-2.0311342363051463,-1.7944121810361564
5,-2.0144194190560105,-1.7746764224330318
5,-1.9982491518202397,-1.7745750372272588
5,-1.9825850996473235,-1.7285892714325506
5,-1.9673929105662964,-1.7268487397949606
5,-1.9526416777373723,-1.7213144800102036
5,-1.9383034898353289,-1.7162443005924841
5,-1.9243530527985546,-1.711476787003839
5,-1.9107673697301406,-1.704416434990148
5,-1.8975254685117893,-1.694061904771952
5,-1.8846081688184233,-1.6859193847908598
5,-1.87199788186646,-1.667897100481739
5,-1.8596784375114008,-1.6077363366293453
5,-1.8476349343181915,-1.5814463261981373
5,-1.83585360902531,-1.5649295910823484
5,-1.8243217224589574,-1.5578478231203983
5,-1.8130274594631866,-1.5526730268349183
5,-1.8019598408228041,-1.5475271641639319
5,-1.791108645489299,-1.5456555632506492
5,-1.7804643416920256,-1.5403465155944367
5,-1.7700180257398803,-1.5240859003990033
5,-1.7597613675024162,-1.5229949390950257
5,-1.749686561711444,-1.5198677359002506
5,-1.739786284350604,-1.5057887800872438
5,-1.7300536535059858,-1.5008001342507755
5,-1.7204821941393564,-1.49900258007646
5,-1.7110658063200808,-1.4969461683683472
5,-1.7017987365147198,-1.496304531284973
5,-1.6926755515866243,-1.4925809491893407
5,-1.6836911152032332,-1.4879707410445342
5,-1.674840566387472,-1.4861335765548758
5,-1.6661192999828134,-1.483090634276138
5,-1.6575229488299967,-1.453382318253359
5,-1.6490473674779251,-1.4349019019472116
5,-1.6406886172723925,-1.4343389711101973
5,-1.6324429526846433,-1.4331659510294559
5,-1.6243068087576367,-1.4270747401743025
5,-1.61627678956175,-1.420932443445952
5,-1.6083496575637117,-1.4179496334090764
5,-1.6005223238231259,-1.408570413203854
5,-1.5927918389401798,-1.4073895525252338
5,-1.5851553846862638,-1.4064702028362273
5,-1.5776102662563787,-1.405169462418211
5,-1.570153905088507,-1.3935518339096296
5,-1.5627838322007006,-1.38438175182262
5,-1.5554976820015671,-1.3822031798780254
5,-1.5482931865342096,-1.3808937518627833
5,-1.541168170117565,-1.3804103490168638
5,-1.5341205443525463,-1.3784829536246894
5,-1.5271483034634747,-1.3780402955165671
5,-1.520249519948052,-1.3731719024687687
5,-1.513422340511569,-1.3685428443610037
5,-1.5066649822632874,-1.3636835255063506
5,-1.4999757291548685,-1.363504034916018
5,-1.4933529286425447,-1.3625115777754362
5,-1.4867949885563048,-1.3549702850119232
5,-1.4803003741608243,-1.3512865379161931
5,-1.4738676053941544,-1.344995862558233
5,-1.467495254271386,-1.3352425923975688
5,-1.461181942441545,-1.3275200492432224
5,-1.4549263388869629,-1.3227349865625455
5,-1.4487271577552192,-1.3147194224949696
5,-1.4425831563145604,-1.3145651199492017
5,-1.4364931330244248,-1.31027786326836
5,-1.4304559257133467,-1.302931469869012
5,-1.4244704098571226,-1.3021423008467996
5,-1.4185354969506663,-1.2916661741759004
5,-1.4126501329674752,-1.2871422533873942
5,-1.4068132969010925,-1.2841348870989189
5,-1.4010239993833566,-1.2814675565073574
5,-1.3952812813746298,-1.2813257582677908
5,-1.3895842129215166,-1.2797090077643303
5,-1.3839318919779453,-1.2739011960683182
5,-1.378323443285744,-1.2681583733861896
5,-1.3727580173111362,-1.2588611646343144
5,-1.3672347892338224,-1.2587462342789761
5,-1.3617529579855454,-1.2561264187679462
5,-1.3563117453352471,-1.2519714183105446
5,-1.35091039501813,-1.2435033095678885
5,-1.345548171906098,-1.2415089398377086
5,-1.340224361217241,-1.2378084988571891
5,-1.334938267762158,-1.2329054715413028
5,-1.3296892152250832,-1.208280910386088
5,-1.3244765454778857,-1.207566863702627
5,-1.3192996179251482,-1.204645932195521
5,-1.3141578088786505,-1.1952854387107363
5,-1.3090505109596808,-1.1920335266016022
5,-1.3039771325276814,-1.184010436607386
5,-1.2989370971338632,-1.176658663566053
5,-1.2939298429984742,-1.1716134222436092
5,-1.2889548225105025,-1.1675281480839346
5,-1.2840115017486566,-1.1671412821597296
5,-1.27909936002255,-1.1580322595608665
5,-1.2742178894330738,-1.155803585621441
5,-1.2693665944509844,-1.1527476338289675
5,-1.2645449915128208,-1.1496979097919238
5,-1.2597526086332866,-1.1438420317313673
5,-1.2549889850333054,-1.142546663842989
5,-1.2502536707829845,-1.1399078619880718
5,-1.2455462264587753,-1.1206956385716462
5,-1.2408662228141534,-1.1173928094381083
5,-1.23621324046319,-1.1132226538591496
5,-1.2315868695763936,-1.1082868683020188
5,-1.2269867095882732,-1.1038227659022428
5,-1.2224123689160655,-1.0919479339854927
5,-1.2178634646891306,-1.0902467208569988
5,-1.213339622488518,-1.0853634832919894
5,-1.2088404760962614,-1.0806475187591051
5,-1.2043656672539536,-1.0742322577649008
5,-1.1999148454301973,-1.0671875046156234
5,-1.1954876675965431,-1.0617641885014961
5,-1.1910837980115372,-1.0606554196171316
5,-1.1867029080125364,-1.0537364526191841
5,-1.182344675814948,-1.0515563929574565
5,-1.178008786318582,-1.0469900085517192
5,-1.1736949309208156,-1.0463678956386535
5,-1.1694028073362768,-1.0430714024938221
5,-1.1651321194227822,-1.030326568378431
5,-1.1608825770132647,-1.0283327158733597
5,-1.1566538957534442,-1.027568456765243
5,-1.152445796945015,-1.0273171486924426
5,-1.1482580073941049,-1.0224397875620581
5,-1.144090259264821,-1.0210445000301807
5,-1.1399422899376568,-1.0178212132192548
5,-1.1358138418725752,-1.012139827433401
5,-1.1317046624765847,-1.0090305992276924
5,-1.1276145039756234,-1.0084728744636136
5,-1.1235431232905997,-1.008292376764019
5,-1.1194902819174035,-1.0081292890391222
5,-1.1154557458107623,-1.0048025232776183
5,-1.111439285271774,-1.0016413413248257
5,-1.1074406748389893,-0.9866372422691528
5,-1.1034596931829,-0.9801874163725762
5,-1.0994961230037184,-0.9764771116195755
5,-1.0955497509323089,-0.9753277803126358
5,-1.0916203674341678,-0.9741837063735639
5,-1.087707766716338,-0.9668168384477958
5,-1.083811746637138,-0.9656245728223691
5,-1.0799321086186235,-0.962685151207769
5,-1.0760686575616667,-0.9620195863269831
5,-1.0722212017635644,-0.9453531673934163
5,-1.0683895528380878,-0.9363808355090412
5,-1.064573525637883,-0.9316922718369482
5,-1.0607729381791398,-0.9290934142655973
5,-1.0569876115684536,-0.9262282822555802
5,-1.0532173699317975,-0.9260430092485951
5,-1.049462040345537,-0.9250018111848928
5,-1.045721452769414,-0.9229450742599729
5,-1.041995439981432,-0.918965815813613
5,-1.0382838375145829,-0.9157856376229524
5,-1.034586483595345,-0.9151618365890551
5,-1.0309032190838998,-0.9112471859114599
5,-1.0272338874160076,-0.9063254649340098
5,-1.0235783345464842,-0.9040939463524961
5,-1.0199364088942289,-0.9025976461129495
5,-1.0163079612887533,-0.9006398199313971
5,-1.0126928449181591,-0.8916593858164169
5,-1.0090909152785175,-0.8861860498323075
5,-1.00550203012461,-0.8861283407225512
5,-1.0019260494219802,-0.8856028117410545
5,-0.998362835300258,-0.883630761453683
5,-0.9948122520077156,-0.8788314540257892
5,-0.9912741658670196,-0.8786817108387394
5,-0.9877484452321296,-0.8766793041553442
5,-0.984234960446325,-0.8759587762013715
5,-0.980733583801309,-0.8714637790309024
5,-0.977244189497368,-0.8686542376619525
5,-0.9737666536045445,-0.866657690063855
5,-0.9703008540247996,-0.8652389940251078
5,-0.9668466704551318,-0.8631048294656727
5,-0.9634039843516229,-0.861472120587079
5,-0.9599726788943846,-0.8585540249534362
5,-0.9565526389533759,-0.8507411725506525
5,-0.9531437510550695,-0.8504324135983824
5,-0.9497459033499367,-0.844192758006644
5,-0.9463589855807332,-0.8423874624283687
5,-0.9429828890515551,-0.8384745276479173
5,-0.939617506597647,-0.832385793058996
5,-0.9362627325559398,-0.8295603676973311
5,-0.932918462736298,-0.8295478875073357
5,-0.9295845943934494,-0.8255019833573215
5,-0.9262610261995888,-0.8240897390094648
5,-0.9229476582176251,-0.8238171843099447
5,-0.9196443918750641,-0.8194257891284357
5,-0.9163511299384989,-0.814972316366054
5,-0.9130677764886972,-0.8145885596738852
5,-0.9097942368962684,-0.8128859983507638
5,-0.906530417797892,-0.8084583570063711
5,-0.9032762270730927,-0.8042080205972697
5,-0.9000315738215471,-0.8041636343870376
5,-0.8967963683409081,-0.7962631010143753
5,-0.8935705221051312,-0.7941926876292098
5,-0.8903539477432916,-0.7915240375388456
5,-0.887146559018876,-0.7884376703477045
5,-0.8839482708095366,-0.7877558060025773
5,-0.8807589990872983,-0.787159598638423
5,-0.8775786608992021,-0.7799377546424138
5,-0.8744071743483783,-0.7796502124382813
5,-0.87124445857553,-0.775871118056898
5,-0.8680904337408276,-0.7758505386863745
5,-0.8649450210061932,-0.775528082384888
5,-0.86180814251797,-0.7749694149835258
5,-0.8586797213899646,-0.768451374118604
5,-0.8555596816868551,-0.764866623607506
5,-0.8524479484079511,-0.7633266939359133
5,-0.8493444474713024,-0.7603124514199049
5,-0.8462491056981418,-0.7591270165406635
5,-0.8431618507976574,-0.7583812524516884
5,-0.8400826113520825,-0.7560689581609791
5,-0.8370113168021022,-0.7554379992184657
5,-0.8339478974325576,-0.7552053895540435
5,-0.8308922843584505,-0.7537844300377894
5,-0.8278444095112348,-0.7515967054753708
5,-0.8248042056253923,-0.7503518802624921
5,-0.8217716062252793,-0.7503321288422613
5,-0.8187465456122446,-0.7492235358986322
5,-0.815728958852006,-0.7419574121185374
5,-0.8127187817622858,-0.7413507993202211
5,-0.8097159509006909,-0.7381258680477731
5,-0.8067204035528373,-0.7365705261881786
5,-0.8037320777207125,-0.7300589367707941
5,-0.800750912111268,-0.7234519954865039
5,-0.7977768461252381,-0.7207522238115657
5,-0.7948098198461789,-0.7195240106968358
5,-0.7918497740297211,-0.7179558103210565
5,-0.7888966500930348,-0.717369226737901
5,-0.7859503901044994,-0.7167542732747838
5,-0.7830109367735719,-0.714254420142316
5,-0.7800782334408515,-0.7101371064966762
5,-0.7771522240683366,-0.7091231801536529
5,-0.7742328532298668,-0.708665249971634
5,-0.7713200661017483,-0.7077477856884228
5,-0.7684138084535562,-0.7069867285945445
5,-0.7655140266391118,-0.7050721049122659
5,-0.7626206675876306,-0.7042878582400888
5,-0.7597336787950342,-0.7036665483798951
5,-0.7568530083154277,-0.7030530685936429
5,-0.7539786047527326,-0.7006413410615046
5,-0.7511104172524778,-0.6939816350945321
5,-0.7482483954937412,-0.6938443537192088
5,-0.7453924896812393,-0.6935641722855992
5,-0.7425426505375611,-0.6927988057461643
5,-0.7396988292955464,-0.6917996699254609
5,-0.7368609776908018,-0.6852779362852582
5,-0.7340290479543503,-0.6847989827468527
5,-0.731202992805416,-0.6845790212915174
5,-0.7283827654443378,-0.6785424592202648
5,-0.7255683195456105,-0.6750525840027144
5,-0.7227596092510505,-0.6738383373348666
5,-0.7199565891630801,-0.6675927633517043
5,-0.7171592143381356,-0.6651415564851342
5,-0.7143674402801876,-0.6574537993161969
5,-0.711581222934378,-0.6553670518765752
5,-0.7088005186807672,-0.6544294677087772
5,-0.7060252843281902,-0.6540728647946671
5,-0.7032554771082202,-0.6520436532186511
5,-0.7004910546692373,-0.6479052884289689
5,-0.6977319750705986,-0.6463199039478321
5,-0.6949781967769082,-0.6431219266035295
5,-0.6922296786523869,-0.6425392338702259
5,-0.6894863799553377,-0.6376224130526957
5,-0.6867482603327039,-0.6374590034843646
5,-0.6840152798147213,-0.6331118834024763
5,-0.6812873988096594,-0.6281131799187636
5,-0.6785645780986526,-0.6194714825034288
5,-0.6758467788306164,-0.6151555584343142
5,-0.6731339625172493,-0.6140145055660511
5,-0.6704260910281185,-0.6135025799670122
5,-0.6677231265858259,-0.6134982073972871
5,-0.6650250317612544,-0.6112444315853922
5,-0.6623317694688938,-0.607151392556391
5,-0.659643302962241,-0.6056643768648156
5,-0.6569595958292778,-0.6051501725949144
5,-0.6542806119880201,-0.6047847408175393
5,-0.651606315682142,-0.6038114690666028
5,-0.648936671476668,-0.6010253864828118
5,-0.6462716442537363,-0.5981792468229717
5,-0.6436111992084307,-0.596635045345406
5,-0.6409553018446765,-0.5958449838056616
5,-0.6383039179712057,-0.5955672397536389
5,-0.6356570136975827,-0.5915585712422169
5,-0.6330145554302954,-0.5913377387240305
5,-0.6303765098689069,-0.587411565408942
5,-0.6277428440022691,-0.5840227867967598
5,-0.6251135251047923,-0.5831372982029615
5,-0.6224885207327783,-0.5814681437384098
5,-0.619867798720805,-0.5809167204002009
5,-0.6172513271781721,-0.5771016647461554
5,-0.6146390744853975,-0.5729982434819849
5,-0.6120310092907714,-0.5714029695690368
5,-0.6094271005069601,-0.5711467149002291
5,-0.606827317307664,-0.5708803121265678
5,-0.6042316291243263,-0.5708201576290483
5,-0.6016400056428897,-0.5676236388603394
5,-0.5990524168006054,-0.5665248449466769
5,-0.5964688327828879,-0.5633784364792414
5,-0.593889224020218,-0.5626588167613964
5,-0.5913135611850919,-0.554999339121317
5,-0.5887418151890169,-0.5543672372134041
5,-0.5861739571795497,-0.5529298306198067
5,-0.5836099585373814,-0.5512955332222922
5,-0.5810497908734633,-0.5503507379103733
5,-0.5784934260261769,-0.5496447829659752
5,-0.5759408360585436,-0.5486016667120435
5,-0.573391993255477,-0.5474949025562328
5,-0.5708468701210737,-0.5381934515692763
5,-0.5683054393759461,-0.5337326643492928
5,-0.56576767395459,-0.5315749695564996
5,-0.5632335470027938,-0.5270427903786143
5,-0.5607030318750833,-0.5252564874326168
5,-0.5581761021322028,-0.5237920250511565
5,-0.5556527315386338,-0.5225639426601841
5,-0.5531328940601477,-0.520326019302944
5,-0.5506165638613933,-0.5165123549511682
5,-0.54810371530352,-0.5163944872033048
5,-0.5455943229418322,-0.5155523384535098
5,-0.5430883615234786,-0.511590902396739
5,-0.5405858059851734,-0.5100758148257886
5,-0.538086631450948,-0.500080306602471
5,-0.5355908132299371,-0.49804072046682146
5,-0.5330983268141912,-0.49787281814924755
5,-0.5306091478765242,-0.497641303666329
5,-0.5281232522683863,-0.49459730319194456
5,-0.5256406160177686,-0.4908564490191359
5,-0.5231612153271366,-0.48658739129581796
5,-0.5206850265713899,-0.48407679135804577
5,-0.5182120262958523,-0.48342693461113
5,-0.5157421912142859,-0.4832669637614283
5,-0.5132754982069361,-0.48123559072286337
5,-0.5108119243185986,-0.48112469398140434
5,-0.5083514467567161,-0.4753757142743614
5,-0.5058940428894974,-0.4752069826522593
5,-0.5034396902440645,-0.47442978178500306
5,-0.5009883665046213,-0.47439784127389145
5,-0.49854004951064923,-0.47351654435813695
5,-0.4960947172551247,-0.47223202674466186
5,-0.4936523478827615,-0.4714282917137121
5,-0.4912129196882748,-0.46443702613290944
5,-0.4887764111146695,-0.46301093040316704
5,-0.4863428007515491,-0.4613553137196188
5,-0.48391206733344777,-0.45777055654808735
5,-0.4814841897381838,-0.4554232244853142
5,-0.47905914698523344,-0.4509439351737081
5,-0.47663691823412724,-0.4487356897722826
5,-0.4742174827828645,-0.4454670325320342
5,-0.47180082006635116,-0.44102227673146555
5,-0.46938690965485397,-0.43987093498760627
5,-0.4669757312524776,-0.4366999898530835
5,-0.4645672646956583,-0.43655809875667545
5,-0.46216148995167833,-0.4358882708051669
5,-0.45975838711719796,-0.43498241620967015
5,-0.4573579364168065,-0.4328982826586197
5,-0.45496011820159066,-0.43242756854563935
5,-0.4525649129477219,-0.43236339501814514
5,-0.450172301255059,-0.43001558048363914
5,-0.4477822638457711,-0.4297243745166403
5,-0.4453947815629744,-0.42574599078850667
5,-0.44300983536938754,-0.42420966184056397
5,-0.4406274063460032,-0.42365096561608506
5,-0.43824747569077466,-0.4224096691063129
5,-0.43587002471732,-0.42109822449916856
5,-0.43349503485364005,-0.41813397678315406
5,-0.4311224876408538,-0.4178564773722264
5,-0.4287523647319467,-0.4135245275385982
5,-0.4263846478905366,-0.40850318251738904
5,-0.4240193189896512,-0.40801405925545176
5,-0.42165636001052287,-0.40676257402046717
5,-0.419295753041396,-0.4065216839000121
5,-0.4169374802763492,-0.40523893809704103
5,-0.4145815240141304,-0.40500469187787563
5,-0.41222786665700695,-0.40251687580830564
5,-0.40987649070962767,-0.40108904686269564
5,-0.40752737877789863,-0.4009279266089095
5,-0.4051805135678731,-0.39942696870623945
5,-0.4028358778846518,-0.39725761057144443
5,-0.4004934546312983,-0.39314586638377974
5,-0.3981532268077646,-0.39229659818643264
5,-0.3958151775098313,-0.39228615960152313
5,-0.39347928992805714,-0.3909647776190706
5,-0.39114554734674317,-0.3892373432753021
5,-0.3888139331429056,-0.3865962004140672
5,-0.38648443078526334,-0.38321400147733947
5,-0.38415702383323397,-0.38072667825236245
5,-0.38183169593594307,-0.3797071480371052
5,-0.37950843083124286,-0.37963249659089676
5,-0.37718721234474323,-0.3794129557539446
5,-0.3748680243888516,-0.3791274831426842
5,-0.3725508509618255,-0.3762258335305918
5,-0.3702356761468333,-0.37560172377837164
5,-0.3679224841110264,-0.3744675009032094
5,-0.36561125910462183,-0.3735948369850515
5,-0.363301985459993,-0.3727735241845511
5,-0.3609946475907723,-0.3726654013392929
5,-0.3586892299909617,-0.36998929552994303
5,-0.3563857172340537,-0.3629847942325237
5,-0.35408409397216095,-0.3625452479408317
5,-0.35178434493515626,-0.36132771791068047
5,-0.34948645492981945,-0.36074685137575946
5,-0.347190408838996,-0.36066125954551664
5,-0.3448961916207617,-0.35994859601088436
5,-0.34260378830759813,-0.3595454173983601
5,-0.3403131840055748,-0.3554371916840182
5,-0.3380243638935421,-0.3536232529341574
5,-0.3357373132223295,-0.35314629248919877
5,-0.3334520173139541,-0.3524647293589983
5,-0.3311684615608373,-0.35189869165295906
5,-0.3288866314250274,-0.3515466918031561
5,-0.32660651243743266,-0.3474605996538823
5,-0.32432809019705944,-0.3469491542269758
5,-0.32205135037026034,-0.34428346194934123
5,-0.3197762786899874,-0.3424033561317938
5,-0.3175028609550554,-0.3411164795318223
5,-0.31523108302940933,-0.33936383361264527
5,-0.3129609308414023,-0.337573798760236
5,-0.31069239038307706,-0.3357861082762523
5,-0.3084254477094577,-0.3336299669430113
5,-0.30616008893784563,-0.3334868662333878
5,-0.3038963002471243,-0.33280292370312836
5,-0.30163406787706865,-0.33123352729358047
5,-0.2993733781276631,-0.3309350765245513
5,-0.2971142173584244,-0.33007201210756015
5,-0.29485657198773113,-0.3287311996238561
5,-0.2926004284921609,-0.32696489581881627
5,-0.2903457734058314,-0.323771441809374
5,-0.2880925933197497,-0.3229718437108143
5,-0.2858408748811656,-0.32281202930790226
5,-0.28359060479293313,-0.32097215818623603
5,-0.2813417698128753,-0.31872193878357946
5,-0.2790943567531572,-0.31680771545411057
5,-0.2768483524796622,-0.31650052387150307
5,-0.2746037439113765,-0.3127889915866983
5,-0.2723605180197762,-0.31264344273923145
5,-0.27011866182822236,-0.3119805107748219
5,-0.2678781624113597,-0.31174211090018095
5,-0.2656390068945217,-0.3097147664890726
5,-0.2634011824531398,-0.3093965325478788
5,-0.2611646763121585,-0.3052616713480482
5,-0.25892947574545566,-0.3049154554332331
5,-0.25669556807526656,-0.301631226452841
5,-0.2544629406716146,-0.2887365088059454
5,-0.2522315809517448,-0.2854868781075646
5,-0.2500014763795642,-0.2788585632743199
5,-0.24777261446508494,-0.2731134076082777
5,-0.24554498276387357,-0.27157239054695076
5,-0.2433185688765034,-0.27076023682779454
5,-0.2410933604480132,-0.2695736904095634
5,-0.2388693451673679,-0.2679093261904394
5,-0.23664651076692625,-0.2605202305654995
5,-0.23442484502191024,-0.2579245269535821
5,-0.23220433574988106,-0.25584796416949557
5,-0.22998497081021713,-0.2547254699982541
5,-0.227766738103598,-0.2515347832698629
5,-0.22554962557149077,-0.24936990597286215
5,-0.22333362119564149,-0.247119673629947
5,-0.22111871299757055,-0.24458629647683322
5,-0.21890488903807054,-0.2407428431793482
5,-0.21669213741670998,-0.23862444162548269
5,-0.2144804462713387,-0.2355850698052916
5,-0.21226980377759877,-0.2353091646295922
5,-0.2100601981484372,-0.23413514778209857
5,-0.20785161763362436,-0.22851802771315294
5,-0.2056440505192733,-0.22696742459940303
5,-0.20343748512736542,-0.22639785599421225
5,-0.20123190981527675,-0.2261318213829879
5,-0.19902731297531004,-0.22532373631469313
5,-0.19682368303422793,-0.22435062762817212
5,-0.1946210084527915,-0.22430405329769226
5,-0.19241927772530018,-0.22398049394963163
5,-0.19021847937913575,-0.22348394353708267
5,-0.1880186019743099,-0.2230610675084551
5,-0.18581963410301308,-0.22116268204948258
5,-0.18362156438916882,-0.22013815406152154
5,-0.18142438148798837,-0.21891447691785657
5,-0.1792280740855307,-0.21296188209506148
5,-0.17703263089826318,-0.2115928432035955
5,-0.1748380406726271,-0.21072175896367865
5,-0.17264429218460384,-0.21054354094037583
5,-0.1704513742392861,-0.21033546224631283
5,-0.1682592756704493,-0.2088410858465568
5,-0.16606798534012807,-0.20834888923536343
5,-0.1638774921381931,-0.2081773731373332
5,-0.1616877849819326,-0.2073374644874224
5,-0.15949885281563397,-0.20573487498761217
5,-0.1573106846101707,-0.20056692659791417
5,-0.15512326936258877,-0.19678406926034714
5,-0.1529365960956975,-0.19315972262093192
5,-0.1507506538576624,-0.19223032819310096
5,-0.148565431721599,-0.19135562666792783
5,-0.14638091878517093,-0.1892236088556898
5,-0.1441971041701882,-0.18828230897729106
5,-0.14201397702220964,-0.1846289763836532
5,-0.1398315265101454,-0.18460906695786253
5,-0.13764974182586365,-0.1793357447552952
5,-0.13546861218379722,-0.17930862606544687
5,-0.13328812682055438,-0.17477319985006406
5,-0.13110827499452943,-0.17465309906909146
5,-0.1289290459855175,-0.1737886897462068
5,-0.12675042909432888,-0.1731427165248049
5,-0.12457241364240754,-0.17183469367247847
5,-0.12239498897144932,-0.17148210181075813
5,-0.12021814444302395,-0.17069153265020115
5,-0.11804186943819692,-0.1704660470453206
5,-0.11586615335715433,-0.17007511623049612
5,-0.11369098561882954,-0.16815377956008223
5,-0.1115163556605299,-0.1675923803269054
5,-0.1093422529375675,-0.16731601466861618
5,-0.10716866692288883,-0.1636334947519523
5,-0.10499558710670859,-0.1581314066459377
5,-0.10282300299614268,-0.15783418768654592
5,-0.1006509041148447,-0.15243694724423784
5,-0.09847928000264201,-0.15195905668942036
5,-0.09630812021517514,-0.14897326753756734
5,-0.0941374143235364,-0.1472317132242905
5,-0.09196715191391219,-0.14364005434525523
5,-0.08979732258722439,-0.14004146353394747
5,-0.087627915958775,-0.13817485656528672
5,-0.08545892165789025,-0.1372535344397422
5,-0.08329032932756711,-0.13561294851625225
5,-0.08112212862412113,-0.13545670101685084
5,-0.07895430921683391,-0.13528734604730686
5,-0.07678686078760391,-0.1308529348268522
5,-0.0746197730305959,-0.1273939196030885
5,-0.07245303565189398,-0.12728748771860743
5,-0.07028663836915323,-0.12400200685345808
5,-0.06812057091125454,-0.12293140059776096
5,-0.06595482301795831,-0.12040998011520684
5,-0.06378938443956127,-0.11808730476216414
5,-0.06162424493655185,-0.11685507809290621
5,-0.05945939427926888,-0.11612362116814065
5,-0.05729482224755871,-0.1147439841503423
5,-0.05513051863043545,-0.11298173493295294
5,-0.0529664732257398,-0.11182541139265993
5,-0.050802675839800755,-0.11120465504981965
5,-0.04863911628709609,-0.11042542880775455
5,-0.0464757843899148,-0.10766775850083384
5,-0.0443126699780203,-0.10761093878060446
5,-0.0421497628883128,-0.10508750823323601
5,-0.03998705296449444,-0.10386489681657245
5,-0.037824530056732725,-0.10372523570066558
5,-0.03566218402132678,-0.10088086477171225
5,-0.03350000472037186,-0.0978450371536365
5,-0.03133798202142662,-0.09523232283601112
5,-0.029176105797178567,-0.09499879572340555
5,-0.02701436592511225,-0.09437985702013366
5,-0.024852752287175563,-0.09004883311965123
5,-0.0226912547694487,-0.08966761503528674
5,-0.02052986326181119,-0.0860501107511081
5,-0.018368567657611523,-0.08565730578279736
5,-0.01620735785333497,-0.08479826180031044
5,-0.01404622374827304,-0.08347303071865964
5,-0.011885155244193207,-0.08094921022356867
5,-0.00972414224500743,-0.08031035147229526
5,-0.007563174656442956,-0.07613491699233708
5,-0.0054022423857110445,-0.06632017135260286
5,-0.003241335341178046,-0.06528070803300669
5,-0.0010804434320343535,-0.064372784476577
5,0.0010804434320343535,-0.06403222500085784
5,0.003241335341177907,-0.06274272345067614
5,0.005402242385711184,-0.06213671204723917
5,0.007563174656442956,-0.0612853937758023
5,0.00972414224500743,-0.060348366966950465
5,0.011885155244193068,-0.05867300680444115
5,0.01404622374827318,-0.05691825044404135
5,0.01620735785333497,-0.056184573280877934
5,0.018368567657611523,-0.054124167568697805
5,0.02052986326181119,-0.053297399198387566
5,0.02269125476944856,-0.047887790626032066
5,0.024852752287175702,-0.047084776201807496
5,0.02701436592511225,-0.04475691765213007
5,0.029176105797178567,-0.04454081324876895
5,0.03133798202142648,-0.04353342082952049
5,0.033500004720372,-0.040863738070072084
5,0.03566218402132678,-0.040647595136749266
5,0.037824530056732725,-0.04059633943866669
5,0.0399870529644943,-0.03944686930082292
5,0.04214976288831294,-0.038276782971604674
5,0.0443126699780203,-0.03695301710945699
5,0.0464757843899148,-0.027269232514132446
5,0.04863911628709595,-0.024104363481897467
5,0.050802675839800894,-0.01802031426073447
5,0.05296647322573994,-0.01591289472636506
5,0.05513051863043545,-0.014974109541183344
5,0.05729482224755871,-0.014270502770437584
5,0.05945939427926874,-0.013663015654166761
5,0.06162424493655199,-0.01064728706665387
5,0.06378938443956127,-0.009507516140978844
5,0.06595482301795831,-0.006087140787953309
5,0.0681205709112544,-0.0024004695739505573
5,0.07028663836915337,-0.0009282414991366357
5,0.07245303565189398,-0.00023286427662845045
5,0.0746197730305959,0.003295010501529238
5,0.07678686078760377,0.005505683341603049
5,0.07895430921683405,0.010769606751501052
5,0.08112212862412113,0.012485433163172752
5,0.08329032932756711,0.014384345330571686
5,0.08545892165789011,0.015233573904104323
5,0.08762791595877487,0.016781403704809343
5,0.08979732258722453,0.018281773850973897
5,0.09196715191391219,0.018781053519173495
5,0.0941374143235364,0.0220415090322946
5,0.096308120215175,0.022241036281218256
5,0.09847928000264215,0.022610195364517492
5,0.1006509041148447,0.023315949333413934
5,0.10282300299614268,0.02510841978066033
5,0.10499558710670845,0.02804506266287129
5,0.10716866692288897,0.02839129161408755
5,0.1093422529375675,0.028761203199219293
5,0.1115163556605299,0.029175577848144483
5,0.1136909856188294,0.03058526292580184
5,0.11586615335715449,0.03087204942575459
5,0.11804186943819692,0.03224368512247523
5,0.12021814444302395,0.032603743366627594
5,0.12239498897144932,0.03281289706458513
5,0.1245724136424074,0.032874791105176396
5,0.12675042909432901,0.03354258296436461
5,0.1289290459855175,0.035146899839317854
5,0.13110827499452943,0.043120690574768854
5,0.13328812682055424,0.04663602783327637
5,0.13546861218379735,0.04758867580733527
5,0.13764974182586365,0.047625241193080634
5,0.1398315265101454,0.04786891524962341
5,0.1420139770222095,0.04923850736870294
5,0.14419710417018833,0.055884445641841904
5,0.14638091878517093,0.057898611460088546
5,0.148565431721599,0.0604417177870954
5,0.15075065385766226,0.06333503557775909
5,0.15293659609569765,0.06364439650179952
5,0.15512326936258877,0.06452722503949504
5,0.1573106846101707,0.06657297500904391
5,0.15949885281563397,0.06897526681052617
5,0.16168778498193245,0.06914825302801045
5,0.16387749213819325,0.07157315156065729
5,0.16606798534012807,0.0718778851184311
5,0.1682592756704493,0.07275833208819936
5,0.17045137423928597,0.07874230670820942
5,0.17264429218460398,0.07881161990776583
5,0.1748380406726271,0.07969246563381432
5,0.17703263089826318,0.0797352684846209
5,0.17922807408553057,0.08105499259926162
5,0.1814243814879885,0.08321024662266475
5,0.18362156438916882,0.08502731353885871
5,0.18581963410301308,0.08699617234740767
5,0.18801860197430975,0.08930919087089229
5,0.19021847937913589,0.09524551551983032
5,0.19241927772530018,0.09740554565883895
5,0.1946210084527915,0.09768736512754093
5,0.19682368303422793,0.09957153227335488
5,0.1990273129753099,0.10130905072185105
5,0.2012319098152769,0.10183043067601076
5,0.20343748512736542,0.1036423729457692
5,0.2056440505192733,0.10748293215263705
5,0.20785161763362417,0.10960918450347756
5,0.21006019814843735,0.11008451471121684
5,0.21226980377759877,0.11156699344427874
5,0.2144804462713387,0.11249602795133411
5,0.21669213741670984,0.11433211688684275
5,0.21890488903807068,0.11540014353871168
5,0.22111871299757055,0.11728285562980294
5,0.22333362119564149,0.12043195715039341
5,0.22554962557149064,0.12242341119488007
5,0.22776673810359813,0.12849173323293006
5,0.22998497081021727,0.12923509263532829
5,0.23220433574988106,0.13004458444761863
5,0.23442484502191024,0.1307017656056457
5,0.2366465107669261,0.13814656210471987
5,0.23886934516736805,0.13845249559020834
5,0.2410933604480132,0.14026251243181753
5,0.2433185688765034,0.1413548003990982
5,0.24554498276387343,0.14254113490508824
5,0.24777261446508508,0.14284298453629152
5,0.2500014763795642,0.14680168085931003
5,0.2522315809517448,0.15099988789788069
5,0.25446294067161446,0.15289945659163612
5,0.2566955680752667,0.15852552989256424
5,0.25892947574545566,0.1645840603134974
5,0.2611646763121585,0.16517058473158286
5,0.26340118245313965,0.16590611236130984
5,0.2656390068945215,0.16792335679133372
5,0.2678781624113598,0.16854279658940086
5,0.27011866182822236,0.16948713034916735
5,0.2723605180197762,0.1699178054481203
5,0.2746037439113764,0.17168373197196687
5,0.2768483524796624,0.17215169352591872
5,0.2790943567531572,0.17750171144827911
5,0.2813417698128753,0.17834767823479614
5,0.28359060479293297,0.1787681902018896
5,0.2858408748811657,0.18463248777850988
5,0.2880925933197497,0.18808504068297013
5,0.2903457734058314,0.18839670143811033
5,0.2926004284921608,0.18933092628976494
5,0.29485657198773124,0.19140709877468756
5,0.2971142173584244,0.1964258611204397
5,0.2993733781276631,0.1969928136017685
5,0.30163406787706865,0.19746354946021738
5,0.30389630024712416,0.19785923702272518
5,0.30616008893784574,0.1981890987276173
5,0.3084254477094577,0.2022215500004556
5,0.31069239038307706,0.2064473105747835
5,0.3129609308414022,0.20714483087341715
5,0.31523108302940955,0.20755029147822926
5,0.3175028609550554,0.2084292092196491
5,0.3197762786899874,0.2085922662734783
5,0.3220513503702601,0.2092252084524526
5,0.32432809019705955,0.20926951733240634
5,0.32660651243743266,0.21141630337266135
5,0.3288866314250274,0.2133041380458751
5,0.33116846156083707,0.21356473265967985
5,0.3334520173139542,0.21810832062846125
5,0.3357373132223295,0.22225117335496183
5,0.3380243638935421,0.226110263776793
5,0.3403131840055748,0.2279456020556674
5,0.3426037883075979,0.2280344893336132
5,0.3448961916207618,0.2281825753810706
5,0.347190408838996,0.2289141009590255
5,0.34948645492981945,0.22979641368499837
5,0.3517843449351561,0.2335877746515424
5,0.3540840939721612,0.23494858868882024
5,0.3563857172340537,0.23522656914873302
5,0.3586892299909617,0.23538943345464983
5,0.3609946475907722,0.23615812849554113
5,0.36330198545999315,0.24076750236576872
5,0.36561125910462183,0.24201589456478648
5,0.3679224841110264,0.24408516674646683
5,0.37023567614683317,0.24736354109614406
5,0.37255085096182566,0.2497143176002238
5,0.37486802438885175,0.2539411398640412
5,0.37718721234474323,0.2540630863717656
5,0.37950843083124286,0.2540866632887662
5,0.3818316959359429,0.2551547482130837
5,0.3841570238332341,0.25716726910134813
5,0.38648443078526334,0.25766601549338825
5,0.3888139331429056,0.2580011875801504
5,0.39114554734674295,0.2650005873404875
5,0.39347928992805736,0.2667064180535915
5,0.3958151775098313,0.26758202552772686
5,0.3981532268077646,0.2700900026633509
5,0.40049345463129815,0.2708521131158701
5,0.4028358778846519,0.2719404396821394
5,0.4051805135678731,0.2790682429833245
5,0.40752737877789863,0.27976990263031115
5,0.40987649070962745,0.2820688391424431
5,0.4122278666570068,0.283083394550534
5,0.4145815240141305,0.28596318261831927
5,0.4169374802763492,0.28611514966161994
5,0.419295753041396,0.28638668283501056
5,0.42165636001052276,0.2868872413901151
5,0.4240193189896513,0.2889845177724655
5,0.4263846478905366,0.2904875532241709
5,0.4287523647319467,0.2905216330758558
5,0.4311224876408536,0.29101914618615915
5,0.43349503485364016,0.29198368210165676
5,0.43587002471732,0.29573845163112
5,0.43824747569077466,0.2961124529397387
5,0.44062740634600306,0.2989822380929687
5,0.4430098353693877,0.2995669467645034
5,0.4453947815629744,0.2997222654499501
5,0.4477822638457711,0.30009857070883356
5,0.450172301255059,0.3018776425334445
5,0.4525649129477217,0.30521475490581707
5,0.4549601182015909,0.3061331979399027
5,0.4573579364168065,0.3080447523669441
5,0.45975838711719796,0.31583864308015547
5,0.4621614899516782,0.3165713171655675
5,0.4645672646956584,0.3224938652157929
5,0.4669757312524776,0.323703680092042
5,0.46938690965485397,0.3242964272058694
5,0.471800820066351,0.32944995570036173
5,0.4742174827828647,0.3322649391361919
5,0.47663691823412724,0.3326885201632455
5,0.47905914698523344,0.33436472385588306
5,0.4814841897381837,0.3362299464206107
5,0.48391206733344794,0.3367796773113501
5,0.4863428007515491,0.33978441766397555
5,0.4887764111146695,0.3425527019082399
5,0.4912129196882748,0.3428891190725451
5,0.49365234788276136,0.3489575194591886
5,0.4960947172551249,0.3506368817389815
5,0.49854004951064923,0.3507983920854618
5,0.5009883665046213,0.35086132650711516
5,0.5034396902440644,0.3519927236192005
5,0.5058940428894976,0.36190954296316696
5,0.5083514467567161,0.3716439179100955
5,0.5108119243185986,0.3738766190303508
5,0.513275498206936,0.3741277366366867
5,0.5157421912142861,0.37636254731300434
5,0.5182120262958523,0.3795945263431227
5,0.5206850265713899,0.38174601379867223
5,0.5231612153271363,0.38409950345776417
5,0.5256406160177688,0.38505711543778576
5,0.5281232522683863,0.3883131192070613
5,0.5306091478765242,0.38993214976233553
5,0.5330983268141912,0.3908170277522009
5,0.5355908132299368,0.3920110876256456
5,0.5380866314509483,0.3927200204817688
5,0.5405858059851734,0.3944793021538433
5,0.5430883615234786,0.3963303326024541
5,0.5455943229418321,0.3965399533653121
5,0.5481037153035201,0.39705950032930437
5,0.5506165638613933,0.39759285904791297
5,0.5531328940601477,0.40123344089058877
5,0.5556527315386337,0.403982547985452
5,0.5581761021322029,0.4041259151249048
5,0.5607030318750833,0.40709233988371457
5,0.5632335470027938,0.408414731372574
5,0.5657676739545899,0.41134420986077025
5,0.5683054393759464,0.41290130903134237
5,0.5708468701210738,0.41480878327657217
5,0.573391993255477,0.4268594384120315
5,0.5759408360585436,0.42980909633526676
5,0.5784934260261768,0.4308647123106131
5,0.5810497908734634,0.4327302818591363
5,0.5836099585373814,0.43318938932232737
5,0.5861739571795497,0.4346076799765074
5,0.5887418151890167,0.43841860897057455
5,0.591313561185092,0.439999827420123
5,0.593889224020218,0.44079952561300945
5,0.5964688327828879,0.44476845459953174
5,0.5990524168006053,0.44731307364018863
5,0.6016400056428898,0.45034064620533726
5,0.6042316291243263,0.4597139595797117
5,0.606827317307664,0.4617642560934415
5,0.6094271005069599,0.46348528900025027
5,0.6120310092907713,0.46460118438345255
5,0.6146390744853977,0.47092956510794093
5,0.6172513271781721,0.4720268338765041
5,0.619867798720805,0.4735926169557487
5,0.6224885207327782,0.4744832889146918
5,0.6251135251047925,0.47598644457522704
5,0.6277428440022691,0.4765787018597035
5,0.6303765098689069,0.48010087582922756
5,0.6330145554302952,0.4872603740144879
5,0.6356570136975828,0.48728201404755866
5,0.6383039179712057,0.49451408858217805
5,0.6409553018446765,0.49534438930824115
5,0.6436111992084305,0.5017217921321456
5,0.6462716442537364,0.5026542721002775
5,0.648936671476668,0.5090234578722577
5,0.651606315682142,0.5090393745243361
5,0.6542806119880201,0.5119755380678676
5,0.6569595958292777,0.5148690770609725
5,0.6596433029622412,0.5161623524067257
5,0.6623317694688938,0.5174312878179947
5,0.6650250317612544,0.5182815002831291
5,0.6677231265858258,0.5209440927770187
5,0.6704260910281187,0.5229055246898934
5,0.6731339625172493,0.5246465278591799
5,0.6758467788306164,0.5248854079760025
5,0.6785645780986526,0.5264049989729465
5,0.6812873988096596,0.5292698580868219
5,0.6840152798147213,0.5358402123706446
5,0.6867482603327039,0.5361906319491643
5,0.6894863799553377,0.5370288175774631
5,0.6922296786523873,0.5394485877523882
5,0.6949781967769082,0.5398928696061621
5,0.6977319750705986,0.5404611853599539
5,0.7004910546692373,0.5413252079556463
5,0.7032554771082199,0.5436527933475493
5,0.7060252843281902,0.5524074888908835
5,0.7088005186807672,0.5572935658765436
5,0.711581222934378,0.5580335218535807
5,0.7143674402801873,0.5582791765636154
5,0.7171592143381356,0.5662752888421774
5,0.7199565891630801,0.5670308182832532
5,0.7227596092510505,0.5679042544924754
5,0.7255683195456105,0.5706995816746104
5,0.7283827654443379,0.5737520859493596
5,0.731202992805416,0.5745981702591119
5,0.7340290479543503,0.5749432232057294
5,0.7368609776908018,0.5750775969735024
5,0.7396988292955468,0.5791212058912936
5,0.7425426505375611,0.5817131621147325
5,0.7453924896812393,0.584975108592089
5,0.7482483954937412,0.5925336534232722
5,0.7511104172524777,0.5954781806400831
5,0.7539786047527326,0.5981750651817521
5,0.7568530083154277,0.598671274509085
5,0.7597336787950342,0.6013048369768091
5,0.7626206675876305,0.6075111617885163
5,0.7655140266391119,0.6116941489509883
5,0.7684138084535562,0.6123314005831378
5,0.7713200661017483,0.6155963591382223
5,0.7742328532298668,0.6283699082983016
5,0.7771522240683367,0.6310605589502315
5,0.7800782334408515,0.6406243106626509
5,0.7830109367735719,0.6477162213194019
5,0.7859503901044994,0.6547505324731718
5,0.7888966500930347,0.6574074316958569
5,0.7918497740297211,0.6582732798051528
5,0.7948098198461789,0.6595261834667348
5,0.7977768461252381,0.6612516866392987
5,0.8007509121112678,0.6666597593477939
5,0.8037320777207125,0.6668693459929506
5,0.8067204035528373,0.6672245322800251
5,0.8097159509006909,0.6679094723276484
5,0.8127187817622858,0.6681273389000038
5,0.8157289588520064,0.6724904460583082
5,0.8187465456122446,0.6735513550576998
5,0.8217716062252793,0.6783937855901049
5,0.8248042056253923,0.679197897062464
5,0.8278444095112351,0.6825928873003569
5,0.8308922843584505,0.6827487640047244
5,0.8339478974325576,0.6835571779489917
5,0.8370113168021022,0.6845961729043548
5,0.8400826113520822,0.6872168245420927
5,0.8431618507976574,0.6904398641329237
5,0.8462491056981418,0.6914326423168639
5,0.8493444474713024,0.6990547475254951
5,0.8524479484079509,0.7053958749063565
5,0.8555596816868551,0.7058645695404736
5,0.8586797213899646,0.7201588912314815
5,0.86180814251797,0.7226299478272968
5,0.8649450210061932,0.7243101357057425
5,0.8680904337408277,0.7246519118301037
5,0.87124445857553,0.7248918641037595
5,0.8744071743483783,0.7255905107159472
5,0.8775786608992021,0.7265680022903314
5,0.8807589990872983,0.7297955618362307
5,0.8839482708095366,0.7301314667535672
5,0.887146559018876,0.7354021051259114
5,0.8903539477432916,0.738260785633267
5,0.8935705221051311,0.7477715017625053
5,0.8967963683409081,0.7482176060589403
5,0.9000315738215471,0.7577088741138243
5,0.9032762270730927,0.7597938054056756
5,0.9065304177978919,0.759940508171141
5,0.9097942368962684,0.7643228817629729
5,0.9130677764886972,0.7653854866155964
5,0.9163511299384989,0.766905267681809
5,0.9196443918750641,0.7673738605450652
5,0.9229476582176254,0.7674707105004414
5,0.9262610261995888,0.7683470974950647
5,0.9295845943934494,0.771118280681394
5,0.932918462736298,0.7759646490742894
5,0.9362627325559403,0.7799276047206402
5,0.939617506597647,0.7843196864700135
5,0.9429828890515551,0.8021860729417782
5,0.9463589855807332,0.8023510609306954
5,0.9497459033499366,0.8054015170786202
5,0.9531437510550695,0.809536674950992
5,0.9565526389533759,0.81189721425293
5,0.9599726788943846,0.8125622480540133
5,0.9634039843516228,0.8152226010538786
5,0.9668466704551318,0.815525071700039
5,0.9703008540247996,0.8162589940896657
5,0.9737666536045445,0.8165682798445887
5,0.977244189497368,0.8270014953431283
5,0.9807335838013093,0.8273508424240751
5,0.984234960446325,0.8291958506953825
5,0.9877484452321296,0.8328305311118528
5,0.9912741658670196,0.8340918588274223
5,0.9948122520077161,0.8386175001536694
5,0.998362835300258,0.8401696292900915
5,1.0019260494219802,0.8413307081976944
5,1.00550203012461,0.8419793435296494
5,1.009090915278517,0.8423815441796967
5,1.0126928449181591,0.8426311976457848
5,1.0163079612887533,0.8493235306618518
5,1.0199364088942289,0.850547332666912
5,1.023578334546484,0.8542057144262951
5,1.0272338874160079,0.8599418083731392
5,1.0309032190838998,0.8618247616134448
5,1.034586483595345,0.8658826679295883
5,1.0382838375145829,0.8692635298813407
5,1.0419954399814324,0.87041742091015
5,1.045721452769414,0.8715901098465682
5,1.049462040345537,0.8721713851619487
5,1.0532173699317975,0.874536358402519
5,1.0569876115684533,0.8811309459468871
5,1.0607729381791398,0.8824778333358143
5,1.064573525637883,0.8905128400568678
5,1.0683895528380878,0.9067039074682186
5,1.0722212017635642,0.9090566787433618
5,1.0760686575616667,0.9107640455048382
5,1.0799321086186235,0.9112947824524295
5,1.083811746637138,0.9160744111813465
5,1.087707766716338,0.918154631601002
5,1.0916203674341685,0.9198722900158057
5,1.0955497509323089,0.9216113873392265
5,1.0994961230037184,0.9417122942403191
5,1.1034596931829,0.9504060666945623
5,1.1074406748389893,0.9557781779424452
5,1.111439285271774,0.9620059327248365
5,1.1154557458107623,0.9631398901208242
5,1.1194902819174035,0.9731240723724823
5,1.1235431232905992,0.9760734014085697
5,1.1276145039756234,0.9797658473038806
5,1.1317046624765847,0.9831913500539687
5,1.1358138418725752,0.9849448660473529
5,1.1399422899376568,0.98501700490366
5,1.144090259264821,0.9912573204994218
5,1.1482580073941049,0.9927656790970679
5,1.152445796945015,0.9945086485872536
5,1.1566538957534442,0.9978112151913213
5,1.1608825770132647,1.011123859953099
5,1.1651321194227822,1.012829776952912
5,1.1694028073362768,1.0265970099024941
5,1.1736949309208156,1.027316466145994
5,1.1780087863185829,1.0294781107784028
5,1.182344675814948,1.041934246730921
5,1.1867029080125364,1.0467625534207994
5,1.1910837980115367,1.0494331528814125
5,1.1954876675965431,1.053181336360909
5,1.199914845430198,1.0579555482829048
5,1.2043656672539536,1.0580624485312868
5,1.2088404760962614,1.0714066271163862
5,1.2133396224885171,1.0735250861012307
5,1.2178634646891306,1.0746425653334277
5,1.222412368916066,1.0916290712821577
5,1.2269867095882732,1.093020188479029
5,1.2315868695763936,1.0936104606002122
5,1.23621324046319,1.095101961137049
5,1.2408662228141538,1.0980065128431942
5,1.2455462264587753,1.098583358850685
5,1.2502536707829845,1.1005577599138945
5,1.2549889850333056,1.1040001532048245
5,1.2597526086332866,1.1104850087302234
5,1.2645449915128208,1.1203941351472848
5,1.2693665944509844,1.1239845724656232
5,1.2742178894330738,1.1347172588571113
5,1.27909936002255,1.136209845822393
5,1.2840115017486566,1.1449139660085095
5,1.2889548225105025,1.1483289590459898
5,1.2939298429984742,1.1607712320064745
5,1.2989370971338632,1.164940690640409
5,1.3039771325276814,1.1654574234338606
5,1.3090505109596808,1.1853709909564074
5,1.3141578088786505,1.1913485679778844
5,1.3192996179251482,1.1928273767800048
5,1.3244765454778857,1.1939936330758012
5,1.3296892152250832,1.1957038835682752
5,1.334938267762157,1.1958641122204436
5,1.3402243612172402,1.1989799645821182
5,1.3455481719060987,1.2266031515437974
5,1.35091039501813,1.238164052202829
5,1.3563117453352471,1.2570821601975244
5,1.3617529579855447,1.261940980311822
5,1.367234789233823,1.272945972647308
5,1.3727580173111362,1.279485560974084
5,1.3783234432857436,1.3330934952639586
5,1.3839318919779453,1.3349452691654302
5,1.389584212921517,1.3407116538847645
5,1.3952812813746298,1.352859935160397
5,1.4010239993833566,1.3651496860634014
5,1.4068132969010918,1.365303100383569
5,1.4126501329674752,1.3653657198216933
5,1.4185354969506663,1.3733303912218795
5,1.4244704098571226,1.3799441937314805
5,1.4304559257133467,1.3909649160096282
5,1.4364931330244244,1.397833858375133
5,1.4425831563145604,1.399097733670959
5,1.4487271577552192,1.4033036706789976
5,1.4549263388869629,1.4184156867105318
5,1.4611819424415442,1.4232348559462562
5,1.467495254271386,1.4274290710348811
5,1.4738676053941544,1.4315036713100782
5,1.4803003741608243,1.4317089218733132
5,1.486794988556304,1.4320851973166457
5,1.4933529286425447,1.462385647510996
5,1.4999757291548692,1.4691032037671656
5,1.5066649822632874,1.4766579173111098
5,1.5134223405115683,1.5051260514783673
5,1.5202495199480524,1.5171634900020008
5,1.5271483034634752,1.5295150805996682
5,1.5341205443525463,1.5530573165233321
5,1.541168170117565,1.5726210486503516
5,1.548293186534209,1.582697513142129
5,1.5554976820015671,1.5889873625114148
5,1.5627838322007006,1.598982378909818
5,1.5701539050885065,1.5999900461866754
5,1.5776102662563782,1.607927375590389
5,1.5851553846862638,1.6141300413099129
5,1.5927918389401803,1.636244785192858
5,1.6005223238231254,1.6363437301685253
5,1.608349657563711,1.6387561976232035
5,1.6162767895617505,1.6460744610215106
5,1.624306808757637,1.6688295156841675
5,1.6324429526846433,1.677852464148402
5,1.6406886172723922,1.6991323966349279
5,1.6490473674779256,1.7131082024675341
5,1.6575229488299974,1.7271731300875006
5,1.6661192999828134,1.7344549447788398
5,1.6748405663874717,1.7517318903395358
5,1.6836911152032321,1.7539883317524558
5,1.692675551586625,1.7674802130267695
5,1.7017987365147198,1.7757179183489682
5,1.7110658063200808,1.7896929409341067
5,1.7204821941393558,1.8322977956636846
5,1.7300536535059863,1.8341962758915438
5,1.739786284350604,1.8362105300096772
5,1.749686561711443,1.8865274849606801
5,1.7597613675024162,1.90668046522269
5,1.7700180257398808,1.9418259378049654
5,1.7804643416920256,1.9562984058672344
5,1.791108645489299,1.9689371268497282
5,1.8019598408228035,2.0081944975513353
5,1.813027459463187,2.0360218370682106
5,1.824321722458958,2.0451701154960036
5,1.83585360902531,2.0522536571659917
5,1.8476349343181908,2.056069794327216
5,1.8596784375114002,2.073432682946476
5,1.8719978818664604,2.1084683420157884
5,1.8846081688184237,2.120650023880292
5,1.8975254685117893,2.1317319675888418
5,1.9107673697301397,2.144291645141227
5,1.9243530527985555,2.184504132859217
5,1.9383034898353289,2.200578319449587
5,1.9526416777373719,2.2669527053342575
5,1.967392910566296,2.278799180812578
5,1.9825850996473247,2.284880836151542
5,1.9982491518202403,2.3050309149838517
5,2.01441941905601,2.3313620617116997
5,2.031134236305146,2.3396454588073854
5,2.0484365693006272,2.374527342387619
5,2.0663748005659985,2.402131202796408
5,2.08500369075537,2.421597841483076
5,2.104385564673896,2.434926475306257
5,2.124591788386443,2.4790256594762234
5,2.1457046279901677,2.482040132518473
5,2.1678196154263687,2.533786735198358
5,2.191048597719191,2.575841288905006
5,2.2155237222967132,2.7308719268831076
5,2.241402727604947,2.7402066892150976
5,2.268876090764539,2.7975016065426366
5,2.2981768778867386,2.8040717888474123
5,2.329594630774496,2.960736084795458
5,2.363495463999453,3.0751168677765066
5,2.4003520539189642,3.227199692661234
5,2.440790040277434,3.303636106280268
5,2.485663024568808,3.4377904719399504
5,2.5361804634323537,4.0155788683508
5,2.594141008424465,4.038871326138984
5,2.6623974501718317,4.3145644330917134
5,2.74590177622359,4.743849035210029
5,2.854508720893438,5.527124710544268
5,3.01306831805008,5.56053700147722
5,3.3320560349619415,5.7089650148325335
